timestamp,data_source,imu_accel_x,imu_accel_y,imu_accel_z,gyro_x,gyro_y,gyro_z,barometric_pressure,latitude,longitude,gps_altitude,gps_fix,gps_satellites,temperature,battery_voltage,separation_detected
0.000,SYNTHETIC,0.007,0.030,9.789,0.001,-0.101,-0.091,101323.2,,,,0,3,24.07,4.101,0
0.020,SYNTHETIC,0.033,0.088,9.815,0.130,-0.077,0.045,101321.9,,,,,,,,0
0.040,SYNTHETIC,-0.012,0.068,9.788,-0.170,-0.027,0.037,101324.1,,,,,,,,0
0.060,SYNTHETIC,-0.013,0.030,9.809,0.074,-0.089,0.058,101322.2,,,,,,,,0
0.080,SYNTHETIC,0.002,-0.026,9.892,0.123,0.027,0.122,101325.0,,,,,,,,0
0.100,SYNTHETIC,0.081,-0.026,9.824,0.004,-0.193,-0.197,101323.6,,,,,,,,0
0.120,SYNTHETIC,0.013,-0.011,9.804,-0.085,-0.120,0.008,101326.0,,,,,,,,0
0.140,SYNTHETIC,0.022,0.017,9.798,-0.086,0.025,-0.191,101330.6,,,,,,,,0
0.160,SYNTHETIC,0.092,-0.019,9.771,0.020,0.102,-0.017,101322.1,,,,,,,,0
0.180,SYNTHETIC,0.020,0.068,9.842,-0.049,0.017,-0.192,101327.4,,,,,,,,0
0.200,SYNTHETIC,-0.026,-0.063,9.865,-0.037,0.103,-0.022,101324.9,,,,,,,,0
0.220,SYNTHETIC,0.010,0.010,9.808,-0.036,-0.174,-0.093,101324.2,,,,,,,,0
0.240,SYNTHETIC,0.077,0.024,9.729,0.181,0.047,0.023,101322.8,,,,,,,,0
0.260,SYNTHETIC,0.036,-0.037,9.793,-0.140,0.007,-0.102,101328.0,,,,,,,,0
0.280,SYNTHETIC,0.060,-0.007,9.823,0.132,-0.009,0.205,101320.9,,,,,,,,0
0.300,SYNTHETIC,0.096,-0.037,9.861,-0.169,-0.071,0.014,101321.9,,,,,,,,0
0.320,SYNTHETIC,0.036,0.117,9.791,0.019,0.050,0.050,101325.6,,,,,,,,0
0.340,SYNTHETIC,-0.079,0.095,9.827,0.139,-0.083,-0.044,101326.0,,,,,,,,0
0.360,SYNTHETIC,-0.022,0.049,9.799,0.132,-0.083,0.070,101322.9,,,,,,,,0
0.380,SYNTHETIC,0.045,-0.011,9.744,-0.082,0.104,-0.190,101328.1,,,,,,,,0
0.400,SYNTHETIC,-0.047,-0.031,9.847,0.071,0.051,0.004,101324.9,,,,,,,,0
0.420,SYNTHETIC,-0.090,0.009,9.800,-0.038,-0.024,0.038,101328.0,,,,,,,,0
0.440,SYNTHETIC,-0.044,-0.032,9.878,0.094,0.125,0.076,101321.9,,,,,,,,0
0.460,SYNTHETIC,0.069,0.141,9.786,-0.036,-0.068,-0.034,101318.7,,,,,,,,0
0.480,SYNTHETIC,0.046,-0.039,9.802,0.146,0.141,0.071,101322.2,,,,,,,,0
0.500,SYNTHETIC,-0.019,0.140,9.823,0.090,-0.030,0.118,101321.3,,,,,,,,0
0.520,SYNTHETIC,0.003,0.038,9.806,-0.126,0.065,-0.049,101323.8,,,,,,,,0
0.540,SYNTHETIC,-0.142,0.030,9.877,-0.115,0.056,-0.157,101324.3,,,,,,,,0
0.560,SYNTHETIC,0.007,-0.057,9.828,-0.052,-0.040,0.028,101325.4,,,,,,,,0
0.580,SYNTHETIC,0.039,-0.022,9.775,0.024,0.012,-0.060,101323.8,,,,,,,,0
0.600,SYNTHETIC,-0.060,0.023,9.866,-0.049,0.165,-0.047,101325.2,,,,,,,,0
0.620,SYNTHETIC,-0.003,0.100,9.796,-0.075,-0.047,0.147,101332.0,,,,,,,,0
0.640,SYNTHETIC,0.003,-0.053,9.739,0.026,0.063,-0.114,101322.3,,,,,,,,0
0.660,SYNTHETIC,-0.015,-0.016,9.733,0.077,-0.093,-0.094,101325.4,,,,,,,,0
0.680,SYNTHETIC,-0.059,-0.048,9.752,-0.030,-0.022,0.013,101329.3,,,,,,,,0
0.700,SYNTHETIC,0.083,0.003,9.749,-0.282,-0.024,-0.041,101316.2,,,,,,,,0
0.720,SYNTHETIC,0.087,0.018,9.864,0.053,-0.153,-0.169,101322.4,,,,,,,,0
0.740,SYNTHETIC,-0.096,0.010,9.778,0.005,-0.138,-0.008,101326.1,,,,,,,,0
0.760,SYNTHETIC,0.009,0.019,9.811,0.082,0.096,0.022,101326.6,,,,,,,,0
0.780,SYNTHETIC,0.033,0.119,9.810,0.082,-0.029,0.075,101328.0,,,,,,,,0
0.800,SYNTHETIC,0.023,-0.017,9.817,0.073,-0.226,0.063,101327.1,,,,,,,,0
0.820,SYNTHETIC,0.080,0.011,9.826,-0.070,0.048,-0.031,101327.6,,,,,,,,0
0.840,SYNTHETIC,-0.052,-0.004,9.802,0.009,-0.017,0.071,101327.5,,,,,,,,0
0.860,SYNTHETIC,-0.013,-0.012,9.809,-0.006,-0.098,-0.006,101324.0,,,,,,,,0
0.880,SYNTHETIC,0.029,0.090,9.719,-0.144,0.175,0.019,101324.5,,,,,,,,0
0.900,SYNTHETIC,-0.026,-0.044,9.811,0.222,-0.016,-0.046,101330.2,,,,,,,,0
0.920,SYNTHETIC,-0.001,0.035,9.740,-0.208,-0.090,-0.055,101327.2,,,,,,,,0
0.940,SYNTHETIC,-0.086,-0.082,9.777,0.005,0.059,0.099,101322.8,,,,,,,,0
0.960,SYNTHETIC,0.016,0.068,9.919,-0.048,0.115,0.111,101320.6,,,,,,,,0
0.980,SYNTHETIC,0.018,0.049,9.815,0.062,-0.040,0.142,101328.6,,,,,,,,0
1.000,SYNTHETIC,0.045,-0.118,9.769,-0.067,0.022,0.020,101326.5,,,,0,3,23.97,4.101,0
1.020,SYNTHETIC,-0.011,0.032,9.831,-0.010,0.074,-0.112,101327.6,,,,,,,,0
1.040,SYNTHETIC,0.055,0.041,9.760,-0.094,-0.114,0.019,101324.9,,,,,,,,0
1.060,SYNTHETIC,-0.076,-0.074,9.777,-0.057,-0.039,-0.168,101318.1,,,,,,,,0
1.080,SYNTHETIC,-0.016,0.031,9.737,0.066,0.100,-0.029,101322.4,,,,,,,,0
1.100,SYNTHETIC,0.036,0.002,9.739,-0.084,-0.023,-0.031,101323.6,,,,,,,,0
1.120,SYNTHETIC,0.012,0.027,9.778,0.154,-0.043,-0.208,101327.6,,,,,,,,0
1.140,SYNTHETIC,-0.017,-0.045,9.791,-0.078,-0.257,-0.042,101327.0,,,,,,,,0
1.160,SYNTHETIC,0.007,0.055,9.855,-0.138,0.223,0.026,101321.4,,,,,,,,0
1.180,SYNTHETIC,0.019,-0.017,9.757,0.090,-0.047,-0.045,101325.3,,,,,,,,0
1.200,SYNTHETIC,-0.044,0.048,9.760,0.026,0.164,0.000,101326.8,,,,,,,,0
1.220,SYNTHETIC,-0.032,0.045,9.821,0.078,-0.171,0.020,101328.0,,,,,,,,0
1.240,SYNTHETIC,-0.114,0.063,9.803,-0.223,0.058,-0.086,101318.1,,,,,,,,0
1.260,SYNTHETIC,0.064,0.073,9.766,-0.062,0.143,0.053,101324.3,,,,,,,,0
1.280,SYNTHETIC,0.059,-0.006,9.837,0.045,0.006,-0.089,101323.7,,,,,,,,0
1.300,SYNTHETIC,0.066,0.045,9.843,0.012,0.105,0.024,101322.8,,,,,,,,0
1.320,SYNTHETIC,-0.008,0.025,9.778,-0.090,-0.042,-0.094,101324.3,,,,,,,,0
1.340,SYNTHETIC,0.088,0.046,9.845,0.021,-0.200,-0.041,101325.8,,,,,,,,0
1.360,SYNTHETIC,0.029,0.022,9.883,0.017,0.035,0.060,101323.0,,,,,,,,0
1.380,SYNTHETIC,-0.031,0.056,9.914,-0.095,0.196,0.029,101328.6,,,,,,,,0
1.400,SYNTHETIC,0.046,0.013,9.759,0.123,0.123,-0.076,101323.3,,,,,,,,0
1.420,SYNTHETIC,-0.017,-0.017,9.770,-0.079,-0.029,0.032,101321.9,,,,,,,,0
1.440,SYNTHETIC,-0.014,-0.067,9.760,0.100,-0.071,-0.045,101326.4,,,,,,,,0
1.460,SYNTHETIC,-0.039,0.092,9.714,0.001,-0.036,-0.035,101325.9,,,,,,,,0
1.480,SYNTHETIC,0.050,0.019,9.868,-0.080,0.057,-0.075,101325.3,,,,,,,,0
1.500,SYNTHETIC,0.086,0.026,9.788,0.232,-0.132,0.053,101321.9,,,,,,,,0
1.520,SYNTHETIC,0.038,-0.066,9.777,-0.077,0.250,-0.013,101322.9,,,,,,,,0
1.540,SYNTHETIC,-0.033,0.048,9.843,-0.036,-0.144,-0.070,101326.0,,,,,,,,0
1.560,SYNTHETIC,-0.015,0.045,9.854,0.162,0.176,-0.024,101322.0,,,,,,,,0
1.580,SYNTHETIC,-0.027,0.032,9.803,0.018,-0.067,-0.020,101331.2,,,,,,,,0
1.600,SYNTHETIC,0.092,-0.064,9.929,-0.169,-0.096,-0.103,101325.5,,,,,,,,0
1.620,SYNTHETIC,-0.090,0.143,9.829,-0.029,-0.057,-0.048,101322.0,,,,,,,,0
1.640,SYNTHETIC,0.044,0.032,9.825,-0.100,0.043,0.021,101322.6,,,,,,,,0
1.660,SYNTHETIC,0.042,0.018,9.776,-0.194,-0.151,0.025,101329.7,,,,,,,,0
1.680,SYNTHETIC,0.006,-0.016,9.810,-0.056,-0.041,0.043,101329.0,,,,,,,,0
1.700,SYNTHETIC,-0.007,0.061,9.804,-0.031,-0.050,0.336,101326.4,,,,,,,,0
1.720,SYNTHETIC,0.045,0.009,9.838,0.010,-0.020,0.075,101324.6,,,,,,,,0
1.740,SYNTHETIC,0.024,0.050,9.743,-0.051,0.043,-0.123,101325.6,,,,,,,,0
1.760,SYNTHETIC,-0.042,-0.044,9.774,-0.055,0.068,0.001,101328.8,,,,,,,,0
1.780,SYNTHETIC,0.053,-0.137,9.754,0.014,0.035,-0.041,101324.3,,,,,,,,0
1.800,SYNTHETIC,-0.087,-0.010,9.763,0.117,-0.175,0.030,101324.7,,,,,,,,0
1.820,SYNTHETIC,-0.053,-0.027,9.807,-0.100,0.167,0.115,101327.1,,,,,,,,0
1.840,SYNTHETIC,0.094,-0.012,9.798,-0.078,0.052,0.051,101325.5,,,,,,,,0
1.860,SYNTHETIC,-0.001,-0.004,9.881,0.145,-0.019,-0.024,101324.1,,,,,,,,0
1.880,SYNTHETIC,-0.026,0.053,9.752,-0.067,-0.062,0.035,101322.0,,,,,,,,0
1.900,SYNTHETIC,0.000,-0.015,9.843,-0.254,-0.106,0.006,101326.1,,,,,,,,0
1.920,SYNTHETIC,0.060,0.068,9.874,0.099,0.120,-0.039,101326.5,,,,,,,,0
1.940,SYNTHETIC,0.003,0.032,9.853,0.047,-0.090,0.067,101324.2,,,,,,,,0
1.960,SYNTHETIC,0.073,0.031,9.789,0.051,0.000,-0.040,101323.8,,,,,,,,0
1.980,SYNTHETIC,-0.084,-0.037,9.766,0.022,-0.035,0.105,101327.4,,,,,,,,0
2.000,SYNTHETIC,0.010,0.011,nan,0.088,0.008,-0.090,101324.2,-0.0000263,0.0000240,2.4,3,9,23.85,4.105,0
2.020,SYNTHETIC,0.064,-0.098,9.808,0.026,0.166,0.002,101323.7,,,,,,,,0
2.040,SYNTHETIC,-0.052,-0.049,9.887,0.074,0.011,0.080,101325.5,,,,,,,,0
2.060,SYNTHETIC,-0.001,-0.006,9.831,-0.131,-0.068,-0.113,101324.0,,,,,,,,0
2.080,SYNTHETIC,-0.076,0.021,9.813,-0.090,0.060,-0.107,101327.0,,,,,,,,0
2.100,SYNTHETIC,0.065,-0.035,9.844,-0.019,0.024,-0.033,101323.4,,,,,,,,0
2.120,SYNTHETIC,-0.019,0.027,9.827,0.004,-0.023,0.043,101322.0,,,,,,,,0
2.140,SYNTHETIC,-0.013,-0.110,9.708,-0.170,0.045,-0.001,101322.6,,,,,,,,0
2.160,SYNTHETIC,-0.006,0.079,9.691,0.107,0.009,0.061,101322.9,,,,,,,,0
2.180,SYNTHETIC,0.088,-0.036,9.746,0.151,0.016,0.021,101325.8,,,,,,,,0
2.200,SYNTHETIC,-0.033,-0.069,9.824,-0.212,0.006,0.068,101327.9,,,,,,,,0
2.220,SYNTHETIC,0.035,-0.070,9.820,-0.005,0.098,0.116,101319.7,,,,,,,,0
2.240,SYNTHETIC,-0.033,0.047,9.790,-0.082,-0.050,0.077,101321.8,,,,,,,,0
2.260,SYNTHETIC,0.044,0.001,9.872,-0.060,-0.081,0.047,101325.9,,,,,,,,0
2.280,SYNTHETIC,-0.088,0.077,9.853,0.040,-0.110,-0.134,101324.1,,,,,,,,0
2.300,SYNTHETIC,0.083,-0.027,9.780,-0.217,0.210,-0.031,101328.2,,,,,,,,0
2.320,SYNTHETIC,0.006,0.023,9.801,-0.044,-0.028,0.066,101324.6,,,,,,,,0
2.340,SYNTHETIC,-0.077,-0.069,9.844,0.070,-0.047,-0.002,101326.7,,,,,,,,0
2.360,SYNTHETIC,-0.048,-0.089,9.833,-0.066,0.148,0.017,101321.5,,,,,,,,0
2.380,SYNTHETIC,0.060,-0.038,9.831,-0.110,0.165,0.119,101321.4,,,,,,,,0
2.400,SYNTHETIC,0.008,-0.033,9.819,0.119,0.105,-0.131,101323.6,,,,,,,,0
2.420,SYNTHETIC,-0.037,-0.062,9.853,-0.032,0.041,0.097,101328.3,,,,,,,,0
2.440,SYNTHETIC,-0.037,0.060,9.860,-0.001,-0.103,-0.021,101318.7,,,,,,,,0
2.460,SYNTHETIC,-0.034,-0.030,9.842,-0.078,-0.072,-0.012,101327.4,,,,,,,,0
2.480,SYNTHETIC,-0.042,0.059,9.751,0.114,-0.074,0.016,101321.2,,,,,,,,0
2.500,SYNTHETIC,0.019,-0.107,9.786,-0.038,0.200,-0.043,101323.8,,,,,,,,0
2.520,SYNTHETIC,-0.048,0.008,9.828,0.118,0.084,-0.042,101324.6,,,,,,,,0
2.540,SYNTHETIC,-0.079,-0.111,9.824,-0.070,-0.048,-0.125,101327.8,,,,,,,,0
2.560,SYNTHETIC,-0.017,-0.050,9.920,0.067,0.026,0.229,101331.5,,,,,,,,0
2.580,SYNTHETIC,-0.090,0.004,9.826,0.115,0.209,0.044,101327.6,,,,,,,,0
2.600,SYNTHETIC,0.003,0.089,9.773,-0.031,-0.038,0.016,101328.0,,,,,,,,0
2.620,SYNTHETIC,-0.082,-0.001,9.727,-0.088,0.054,0.150,101323.7,,,,,,,,0
2.640,SYNTHETIC,0.007,0.005,9.802,-0.041,0.149,0.223,101327.1,,,,,,,,0
2.660,SYNTHETIC,0.024,0.001,9.683,-0.118,-0.194,0.144,101324.0,,,,,,,,0
2.680,SYNTHETIC,0.146,-0.034,9.811,-0.117,-0.137,-0.062,101326.5,,,,,,,,0
2.700,SYNTHETIC,-0.028,-0.012,9.808,0.207,-0.101,-0.021,101330.6,,,,,,,,0
2.720,SYNTHETIC,-0.042,-0.069,9.846,0.011,0.029,0.016,101322.9,,,,,,,,0
2.740,SYNTHETIC,0.030,0.006,9.778,-0.177,0.008,0.017,101326.3,,,,,,,,0
2.760,SYNTHETIC,0.017,0.078,9.801,-0.008,-0.113,0.076,101327.0,,,,,,,,0
2.780,SYNTHETIC,0.055,-0.032,9.831,0.062,0.038,0.114,101321.6,,,,,,,,0
2.800,SYNTHETIC,-0.054,-0.019,9.868,0.044,-0.009,-0.116,101331.3,,,,,,,,0
2.820,SYNTHETIC,-0.015,0.036,9.871,-0.004,-0.016,-0.109,101322.6,,,,,,,,0
2.840,SYNTHETIC,0.006,-0.078,9.820,0.183,-0.125,-0.035,101320.3,,,,,,,,0
2.860,SYNTHETIC,-0.002,0.094,9.793,0.019,0.227,0.090,101322.2,,,,,,,,0
2.880,SYNTHETIC,0.020,0.006,9.736,0.131,-0.196,0.105,101322.4,,,,,,,,0
2.900,SYNTHETIC,-0.070,0.022,9.848,0.095,-0.238,0.066,101324.0,,,,,,,,0
2.920,SYNTHETIC,0.012,0.019,9.793,-0.044,-0.183,0.045,101324.1,,,,,,,,0
2.940,SYNTHETIC,0.123,-0.105,9.841,0.046,-0.164,0.003,101327.4,,,,,,,,0
2.960,SYNTHETIC,0.007,0.018,9.733,0.020,-0.007,-0.040,101322.2,,,,,,,,0
2.980,SYNTHETIC,-0.011,-0.051,9.816,0.086,-0.192,-0.068,101320.7,,,,,,,,0
3.000,SYNTHETIC,-0.007,0.011,9.822,-0.077,0.001,-0.009,101325.9,0.0000010,0.0000012,3.3,3,9,23.82,4.103,0
3.020,SYNTHETIC,0.011,0.082,9.879,0.056,-0.061,-0.218,101325.4,,,,,,,,0
3.040,SYNTHETIC,-0.052,0.039,9.841,-0.028,0.055,0.077,101331.4,,,,,,,,0
3.060,SYNTHETIC,0.015,0.088,9.816,0.069,0.142,-0.128,101324.6,,,,,,,,0
3.080,SYNTHETIC,0.072,-0.050,9.830,-0.019,0.053,0.193,101330.0,,,,,,,,0
3.100,SYNTHETIC,-0.077,0.003,9.762,0.124,-0.069,-0.051,101330.3,,,,,,,,0
3.120,SYNTHETIC,-0.095,0.100,9.772,-0.031,-0.073,0.021,101323.5,,,,,,,,0
3.140,SYNTHETIC,0.038,0.011,9.755,-0.018,-0.126,0.017,101328.2,,,,,,,,0
3.160,SYNTHETIC,0.023,-0.099,9.809,-0.008,-0.057,-0.108,101322.5,,,,,,,,0
3.180,SYNTHETIC,0.055,0.043,9.795,-0.005,0.014,-0.146,101325.5,,,,,,,,0
3.200,SYNTHETIC,-0.002,-0.066,9.790,0.082,0.015,-0.004,101326.6,,,,,,,,0
3.220,SYNTHETIC,-0.074,-0.029,9.811,0.027,0.126,-0.044,101326.3,,,,,,,,0
3.240,SYNTHETIC,0.046,-0.002,9.821,0.032,-0.071,-0.086,101326.8,,,,,,,,0
3.260,SYNTHETIC,-0.037,-0.012,9.868,-0.009,0.049,-0.063,101329.9,,,,,,,,0
3.280,SYNTHETIC,-0.055,-0.046,9.779,-0.137,-0.075,-0.133,101327.0,,,,,,,,0
3.300,SYNTHETIC,0.011,-0.009,9.816,-0.001,0.134,0.090,101325.0,,,,,,,,0
3.320,SYNTHETIC,0.014,-0.028,9.875,0.211,-0.092,-0.110,101325.7,,,,,,,,0
3.340,SYNTHETIC,-0.044,0.053,9.797,0.051,0.001,-0.148,101329.1,,,,,,,,0
3.360,SYNTHETIC,0.076,-0.014,9.776,-0.075,-0.299,0.059,101327.8,,,,,,,,0
3.380,SYNTHETIC,0.022,-0.050,9.806,0.148,-0.124,-0.016,101331.3,,,,,,,,0
3.400,SYNTHETIC,0.022,0.095,9.826,-0.004,0.059,0.071,101325.5,,,,,,,,0
3.420,SYNTHETIC,0.028,-0.080,9.729,-0.022,-0.092,-0.105,101324.8,,,,,,,,0
3.440,SYNTHETIC,-0.107,0.053,9.713,-0.011,0.061,0.043,101325.5,,,,,,,,0
3.460,SYNTHETIC,0.021,-0.029,9.757,-0.051,0.068,-0.083,101326.1,,,,,,,,0
3.480,SYNTHETIC,0.043,0.010,9.742,0.243,0.016,0.069,101331.8,,,,,,,,0
3.500,SYNTHETIC,0.001,-0.030,9.718,0.059,0.032,-0.078,101324.7,,,,,,,,0
3.520,SYNTHETIC,-0.001,0.009,9.753,0.046,-0.079,0.042,101326.8,,,,,,,,0
3.540,SYNTHETIC,-0.064,0.011,9.878,-0.024,-0.040,0.001,101323.4,,,,,,,,0
3.560,SYNTHETIC,-0.087,-0.016,9.783,-0.085,-0.028,0.160,101326.0,,,,,,,,0
3.580,SYNTHETIC,0.048,-0.004,9.813,0.067,0.078,0.101,101324.0,,,,,,,,0
3.600,SYNTHETIC,-0.073,0.019,9.791,0.049,-0.082,0.016,101331.2,,,,,,,,0
3.620,SYNTHETIC,0.009,-0.031,9.860,0.125,0.037,0.037,101318.6,,,,,,,,0
3.640,SYNTHETIC,-0.036,0.005,9.887,-0.054,0.129,-0.155,101328.2,,,,,,,,0
3.660,SYNTHETIC,0.128,-0.048,9.848,0.165,-0.008,-0.055,101324.6,,,,,,,,0
3.680,SYNTHETIC,-0.003,0.034,9.847,-0.117,-0.164,-0.134,101320.8,,,,,,,,0
3.700,SYNTHETIC,0.081,0.084,9.841,-0.146,0.102,0.095,101328.4,,,,,,,,0
3.720,SYNTHETIC,-0.011,-0.016,9.755,-0.125,-0.035,0.067,101325.5,,,,,,,,0
3.740,SYNTHETIC,-0.011,0.007,9.799,-0.023,0.065,-0.127,101318.9,,,,,,,,0
3.760,SYNTHETIC,0.031,-0.037,9.824,-0.103,-0.049,-0.089,101327.0,,,,,,,,0
3.780,SYNTHETIC,0.048,-0.025,9.755,-0.176,0.124,-0.015,101322.7,,,,,,,,0
3.800,SYNTHETIC,0.065,0.000,9.825,0.135,-0.010,0.193,101325.8,,,,,,,,0
3.820,SYNTHETIC,-0.043,0.058,9.736,-0.043,0.065,0.157,101321.9,,,,,,,,0
3.840,SYNTHETIC,-0.014,0.018,9.671,0.103,-0.002,-0.087,101328.9,,,,,,,,0
3.860,SYNTHETIC,-0.047,-0.074,9.761,-0.031,-0.124,-0.072,101326.6,,,,,,,,0
3.880,SYNTHETIC,-0.016,-0.032,9.839,-0.073,0.094,-0.180,101331.2,,,,,,,,0
3.900,SYNTHETIC,-0.070,0.130,9.798,0.076,-0.110,0.009,101328.0,,,,,,,,0
3.920,SYNTHETIC,0.054,-0.009,9.808,0.024,0.109,0.119,101324.2,,,,,,,,0
3.940,SYNTHETIC,-0.035,0.021,9.802,-0.083,-0.023,-0.013,101317.0,,,,,,,,0
3.960,SYNTHETIC,-0.002,-0.067,9.789,0.210,-0.089,-0.008,101327.4,,,,,,,,0
3.980,SYNTHETIC,-0.016,-0.010,9.720,-0.008,-0.168,0.162,101324.8,,,,,,,,0
4.000,SYNTHETIC,0.064,0.056,9.795,0.054,-0.120,-0.066,101325.7,-0.0000054,0.0000041,-3.8,3,9,23.73,4.099,0
4.020,SYNTHETIC,-0.048,-0.029,9.811,-0.063,-0.080,0.037,101327.0,,,,,,,,0
4.040,SYNTHETIC,0.040,-0.051,9.773,0.095,-0.150,-0.103,101321.3,,,,,,,,0
4.060,SYNTHETIC,0.003,0.042,9.838,-0.008,-0.096,0.028,101329.2,,,,,,,,0
4.080,SYNTHETIC,-0.067,-0.009,9.832,0.103,0.076,-0.044,101328.0,,,,,,,,0
4.100,SYNTHETIC,0.078,-0.012,9.691,0.076,0.025,0.054,101328.2,,,,,,,,0
4.120,SYNTHETIC,-0.033,-0.027,9.804,-0.232,-0.046,0.102,101324.7,,,,,,,,0
4.140,SYNTHETIC,0.011,-0.041,9.899,0.058,-0.012,0.022,101322.9,,,,,,,,0
4.160,SYNTHETIC,-0.010,-0.021,9.841,-0.067,0.028,0.003,101321.4,,,,,,,,0
4.180,SYNTHETIC,-0.015,-0.059,9.860,0.081,-0.052,-0.041,101323.3,,,,,,,,0
4.200,SYNTHETIC,-0.035,0.020,9.758,0.039,0.088,0.050,101322.2,,,,,,,,0
4.220,SYNTHETIC,0.028,0.019,9.807,0.051,0.093,0.021,101323.8,,,,,,,,0
4.240,SYNTHETIC,0.047,-0.056,9.831,0.111,0.020,0.001,101323.0,,,,,,,,0
4.260,SYNTHETIC,-0.054,0.016,9.778,-0.090,-0.123,-0.106,101322.8,,,,,,,,0
4.280,SYNTHETIC,-0.007,-0.020,9.786,-0.067,0.085,0.083,101324.8,,,,,,,,0
4.300,SYNTHETIC,-0.025,0.009,9.701,0.155,-0.024,0.036,101325.5,,,,,,,,0
4.320,SYNTHETIC,0.009,-0.081,9.773,-0.016,0.058,-0.026,101329.4,,,,,,,,0
4.340,SYNTHETIC,0.049,-0.077,9.815,0.029,0.032,-0.080,101330.1,,,,,,,,0
4.360,SYNTHETIC,-0.032,0.013,9.825,-0.025,0.028,-0.105,101322.0,,,,,,,,0
4.380,SYNTHETIC,-0.015,-0.023,9.778,0.106,-0.046,0.142,101325.3,,,,,,,,0
4.400,SYNTHETIC,-0.032,-0.072,9.775,0.112,-0.078,0.099,101323.9,,,,,,,,0
4.420,SYNTHETIC,-0.075,0.063,9.857,-0.050,-0.366,-0.012,101324.7,,,,,,,,0
4.440,SYNTHETIC,0.040,0.040,9.786,-0.037,0.058,-0.189,101325.7,,,,,,,,0
4.460,SYNTHETIC,-0.062,0.019,9.812,-0.093,-0.061,-0.029,101323.9,,,,,,,,0
4.480,SYNTHETIC,0.052,-0.030,9.809,0.055,0.036,0.007,101325.4,,,,,,,,0
4.500,SYNTHETIC,0.018,0.032,9.837,0.028,0.032,0.020,101329.3,,,,,,,,0
4.520,SYNTHETIC,0.006,-0.037,9.761,0.170,0.104,0.012,101322.7,,,,,,,,0
4.540,SYNTHETIC,0.045,0.028,9.909,0.019,0.039,-0.110,101326.4,,,,,,,,0
4.560,SYNTHETIC,0.025,0.115,9.844,-0.012,0.033,0.108,101330.5,,,,,,,,0
4.580,SYNTHETIC,-0.049,0.103,9.805,0.094,0.032,0.191,101326.7,,,,,,,,0
4.600,SYNTHETIC,0.064,-0.037,9.814,0.030,0.115,-0.082,101326.8,,,,,,,,0
4.620,SYNTHETIC,-0.020,0.016,9.777,-0.107,-0.011,0.041,101324.7,,,,,,,,0
4.640,SYNTHETIC,0.036,0.032,9.845,-0.063,-0.212,0.042,101326.7,,,,,,,,0
4.660,SYNTHETIC,0.023,0.059,9.821,-0.031,0.085,-0.044,101326.7,,,,,,,,0
4.680,SYNTHETIC,0.060,0.007,9.755,0.028,0.118,-0.052,101318.5,,,,,,,,0
4.700,SYNTHETIC,-0.007,0.043,9.806,-0.140,-0.040,0.008,101319.1,,,,,,,,0
4.720,SYNTHETIC,0.051,-0.021,9.734,-0.047,0.092,-0.044,101328.7,,,,,,,,0
4.740,SYNTHETIC,-0.024,-0.066,9.844,0.033,0.065,-0.051,101323.3,,,,,,,,0
4.760,SYNTHETIC,0.014,-0.042,9.793,-0.059,-0.034,0.062,101323.7,,,,,,,,0
4.780,SYNTHETIC,-0.036,-0.002,9.728,-0.088,0.119,0.040,101321.5,,,,,,,,0
4.800,SYNTHETIC,-0.046,-0.023,9.708,0.077,0.099,0.134,101332.6,,,,,,,,0
4.820,SYNTHETIC,-0.019,0.038,9.822,0.064,0.053,0.035,101327.1,,,,,,,,0
4.840,SYNTHETIC,-0.073,-0.088,9.877,-0.032,0.089,0.006,101323.4,,,,,,,,0
4.860,SYNTHETIC,-0.046,-0.027,9.803,-0.021,-0.030,0.011,101323.4,,,,,,,,0
4.880,SYNTHETIC,-0.011,0.001,9.838,-0.048,-0.180,0.029,101324.0,,,,,,,,0
4.900,SYNTHETIC,-0.013,0.043,9.875,0.066,-0.023,-0.125,101326.1,,,,,,,,0
4.920,SYNTHETIC,0.066,0.084,9.795,0.111,0.108,-0.077,101321.8,,,,,,,,0
4.940,SYNTHETIC,-0.024,0.014,9.792,-0.012,0.083,-0.031,101325.5,,,,,,,,0
4.960,SYNTHETIC,0.075,-0.045,9.718,0.182,-0.067,0.099,101323.3,,,,,,,,0
4.980,SYNTHETIC,-0.129,-0.021,9.857,0.119,-0.077,-0.077,101323.7,,,,,,,,0
5.000,SYNTHETIC,0.086,-0.006,9.819,0.102,0.114,0.077,101326.0,-0.0000031,-0.0000121,3.5,3,9,23.67,4.094,0
5.020,SYNTHETIC,-0.126,0.350,55.092,-0.096,0.063,0.030,101326.3,,,,,,,,0
5.040,SYNTHETIC,-0.169,0.406,55.640,-0.083,-0.143,0.216,101322.6,,,,,,,,0
5.060,SYNTHETIC,0.121,0.081,54.611,0.085,-0.069,-0.149,101326.0,,,,,,,,0
5.080,SYNTHETIC,-0.021,0.480,55.013,-0.147,0.123,0.169,101321.5,,,,,,,,0
5.100,SYNTHETIC,-0.171,0.837,55.201,-0.068,-0.004,-0.015,101323.4,,,,,,,,0
5.120,SYNTHETIC,0.538,0.036,54.754,0.073,-0.177,-0.098,101326.8,,,,,,,,0
5.140,SYNTHETIC,-0.219,-0.039,54.548,-0.117,-0.094,-0.109,101320.1,,,,,,,,0
5.160,SYNTHETIC,0.693,-0.082,55.728,0.039,-0.139,0.023,101320.5,,,,,,,,0
5.180,SYNTHETIC,-0.564,-0.625,54.019,-0.111,-0.216,0.032,101318.7,,,,,,,,0
5.200,SYNTHETIC,-0.419,-0.176,54.949,-0.115,-0.142,-0.088,101315.8,,,,,,,,0
5.220,SYNTHETIC,-0.045,-0.388,55.200,-0.094,-0.040,0.156,101310.4,,,,,,,,0
5.240,SYNTHETIC,0.655,0.847,54.691,-0.015,-0.120,-0.061,101309.4,,,,,,,,0
5.260,SYNTHETIC,-0.336,0.735,55.113,0.065,-0.072,0.076,101302.2,,,,,,,,0
5.280,SYNTHETIC,0.332,0.042,55.844,0.106,0.069,-0.001,101301.2,,,,,,,,0
5.300,SYNTHETIC,0.060,0.860,54.513,0.060,-0.053,-0.146,101299.8,,,,,,,,0
5.320,SYNTHETIC,-0.224,-0.224,53.368,-0.060,0.128,0.135,101303.8,,,,,,,,0
5.340,SYNTHETIC,0.835,-0.696,55.230,0.094,-0.126,0.106,101292.5,,,,,,,,0
5.360,SYNTHETIC,-0.149,0.426,54.821,-0.095,0.135,0.008,101294.0,,,,,,,,0
5.380,SYNTHETIC,0.251,-0.035,54.190,0.004,0.058,0.033,101287.8,,,,,,,,0
5.400,SYNTHETIC,-0.597,-0.536,54.231,0.017,-0.131,-0.033,101283.7,,,,,,,,0
5.420,SYNTHETIC,-0.276,-0.999,54.594,-0.187,-0.074,-0.098,101276.6,,,,,,,,0
5.440,SYNTHETIC,0.109,-0.302,54.105,0.004,-0.123,-0.070,101271.5,,,,,,,,0
5.460,SYNTHETIC,-0.415,-0.476,54.719,-0.068,0.024,-0.027,101266.0,,,,,,,,0
5.480,SYNTHETIC,-0.311,0.359,54.648,-0.029,-0.020,-0.104,101267.0,,,,,,,,0
5.500,SYNTHETIC,0.385,0.164,54.420,-0.067,0.001,-0.015,101256.5,,,,,,,,0
5.520,SYNTHETIC,0.040,-0.119,53.902,-0.006,-0.090,0.042,101251.1,,,,,,,,0
5.540,SYNTHETIC,-0.022,0.106,53.833,-0.016,0.115,-0.248,101242.5,,,,,,,,0
5.560,SYNTHETIC,0.207,-0.771,53.936,0.040,-0.005,0.125,101238.5,,,,,,,,0
5.580,SYNTHETIC,0.520,-0.491,53.727,0.039,-0.054,0.021,101235.2,,,,,,,,0
5.600,SYNTHETIC,-1.067,0.666,52.824,-0.007,-0.106,-0.184,101227.2,,,,,,,,0
5.620,SYNTHETIC,0.021,0.503,54.177,0.045,-0.027,0.133,101221.3,,,,,,,,0
5.640,SYNTHETIC,0.421,0.008,54.032,0.219,0.025,0.082,101214.8,,,,,,,,0
5.660,SYNTHETIC,-0.919,0.367,54.283,0.088,0.010,-0.039,101209.8,,,,,,,,0
5.680,SYNTHETIC,-0.699,0.606,53.689,0.070,-0.086,-0.101,101195.0,,,,,,,,0
5.700,SYNTHETIC,-0.066,-0.483,53.515,0.049,0.107,-0.134,101193.0,,,,,,,,0
5.720,SYNTHETIC,-0.362,0.248,53.336,0.078,-0.013,0.137,101183.0,,,,,,,,0
5.740,SYNTHETIC,-1.062,0.090,53.415,-0.146,0.082,0.165,101171.7,,,,,,,,0
5.760,SYNTHETIC,0.150,-0.535,54.309,-0.085,-0.024,-0.083,101166.9,,,,,,,,0
5.780,SYNTHETIC,-0.193,0.172,52.830,-0.070,0.042,-0.189,101165.9,,,,,,,,0
5.800,SYNTHETIC,-0.191,-0.382,53.442,0.052,0.013,0.066,101153.3,,,,,,,,0
5.820,SYNTHETIC,0.215,0.696,53.041,0.025,0.152,-0.166,101142.7,,,,,,,,0
5.840,SYNTHETIC,0.591,0.056,53.349,0.015,-0.106,-0.042,101135.0,,,,,,,,0
5.860,SYNTHETIC,-0.712,-0.946,52.826,0.128,0.058,-0.079,101124.7,,,,,,,,0
5.880,SYNTHETIC,-0.256,-0.293,53.501,0.051,0.186,-0.028,101114.3,,,,,,,,0
5.900,SYNTHETIC,-0.218,0.537,53.273,0.032,0.118,0.012,101110.9,,,,,,,,0
5.920,SYNTHETIC,0.216,0.065,52.096,0.133,0.162,-0.123,101095.2,,,,,,,,0
5.940,SYNTHETIC,-0.139,0.318,52.404,-0.130,-0.100,0.000,101086.6,,,,,,,,0
5.960,SYNTHETIC,0.856,0.390,52.248,-0.015,-0.052,-0.029,101078.2,,,,,,,,0
5.980,SYNTHETIC,-0.016,0.719,52.562,0.075,0.332,0.144,101066.2,,,,,,,,0
6.000,SYNTHETIC,0.191,-0.299,52.671,0.023,-0.040,0.075,101058.4,,,,,,23.56,4.095,0
6.020,SYNTHETIC,0.306,0.377,52.158,-0.061,0.166,-0.037,101048.7,,,,,,,,0
6.040,SYNTHETIC,-0.240,0.162,52.213,0.062,0.106,-0.021,101035.1,,,,,,,,0
6.060,SYNTHETIC,0.198,0.365,52.176,-0.168,0.058,0.324,101022.0,,,,,,,,0
6.080,SYNTHETIC,-0.185,0.222,52.189,0.049,0.241,-0.018,101009.8,,,,,,,,0
6.100,SYNTHETIC,-0.021,-0.065,52.669,-0.082,0.133,-0.097,100997.9,,,,,,,,0
6.120,SYNTHETIC,-1.124,0.143,52.481,0.034,-0.048,0.116,100986.0,,,,,,,,0
6.140,SYNTHETIC,-0.539,-0.736,52.065,0.019,-0.013,-0.020,100976.7,,,,,,,,0
6.160,SYNTHETIC,-0.223,0.024,52.873,0.097,0.190,-0.208,100960.8,,,,,,,,0
6.180,SYNTHETIC,-0.093,-0.251,51.797,-0.012,-0.169,0.194,100955.1,,,,,,,,0
6.200,SYNTHETIC,-0.571,-0.656,51.354,-0.018,0.066,-0.058,100940.7,,,,,,,,0
6.220,SYNTHETIC,0.200,0.155,52.077,-0.096,-0.055,0.116,100925.9,,,,,,,,0
6.240,SYNTHETIC,0.872,-0.099,51.654,0.067,-0.130,-0.119,100915.1,,,,,,,,0
6.260,SYNTHETIC,0.171,0.195,51.639,0.046,0.172,-0.123,100900.2,,,,,,,,0
6.280,SYNTHETIC,0.371,-0.321,51.273,0.070,-0.013,0.237,100885.5,,,,,,,,0
6.300,SYNTHETIC,-0.005,0.182,51.225,-0.041,-0.024,-0.108,100876.8,,,,,,,,0
6.320,SYNTHETIC,-0.216,-0.273,49.851,0.078,-0.008,-0.095,100861.7,,,,,,,,0
6.340,SYNTHETIC,-1.003,-0.727,51.175,-0.052,0.117,-0.036,100846.2,,,,,,,,0
6.360,SYNTHETIC,0.378,-0.106,51.324,-0.026,-0.028,-0.050,100833.6,,,,,,,,0
6.380,SYNTHETIC,-0.558,0.723,50.243,-0.096,0.018,0.066,100818.1,,,,,,,,0
6.400,SYNTHETIC,0.046,0.520,50.432,0.006,-0.082,-0.132,100805.6,,,,,,,,0
6.420,SYNTHETIC,0.342,0.170,50.742,0.037,-0.122,0.023,100789.6,,,,,,,,0
6.440,SYNTHETIC,0.043,-0.438,50.446,-0.114,-0.087,0.216,100777.3,,,,,,,,0
6.460,SYNTHETIC,0.434,0.737,50.790,0.104,-0.018,0.009,100760.9,,,,,,,,0
6.480,SYNTHETIC,0.051,0.480,50.111,-0.005,0.069,0.060,100739.8,,,,,,,,0
6.500,SYNTHETIC,0.031,-0.518,49.824,0.129,0.053,0.222,100728.8,,,,,,,,0
6.520,SYNTHETIC,-0.004,-0.004,-39.917,-0.074,-0.011,-0.074,100710.8,,,,,,,,0
6.540,SYNTHETIC,0.013,0.082,-38.678,0.112,0.070,0.115,100697.8,,,,,,,,0
6.560,SYNTHETIC,0.017,-0.060,-37.471,-0.135,0.032,-0.030,100683.7,,,,,,,,0
6.580,SYNTHETIC,-0.058,-0.076,-36.411,-0.008,-0.155,0.096,100666.1,,,,,,,,0
6.600,SYNTHETIC,-0.040,-0.029,-35.418,0.013,-0.108,0.015,100652.0,,,,,,,,0
6.620,SYNTHETIC,-0.029,-0.019,-34.272,0.048,0.118,-0.048,100639.0,,,,,,,,0
6.640,SYNTHETIC,-0.036,0.039,-33.245,0.123,-0.151,0.057,100624.1,,,,,,,,0
6.660,SYNTHETIC,-0.048,0.025,-32.266,-0.071,-0.081,0.013,100611.2,,,,,,,,0
6.680,SYNTHETIC,0.019,-0.015,-31.301,0.159,0.030,0.042,100599.5,,,,,,,,0
6.700,SYNTHETIC,-0.014,-0.009,-30.485,0.028,-0.185,0.048,100580.5,,,,,,,,0
6.720,SYNTHETIC,0.049,-0.052,-29.681,-0.127,0.079,-0.084,100570.2,,,,,,,,0
6.740,SYNTHETIC,-0.177,-0.038,-28.775,0.072,0.030,0.024,100559.3,,,,,,,,0
6.760,SYNTHETIC,0.065,0.027,-27.886,0.006,-0.014,-0.019,100541.6,,,,,,,,0
6.780,SYNTHETIC,0.017,-0.092,-27.267,0.034,-0.046,-0.130,100534.1,,,,,,,,0
6.800,SYNTHETIC,-0.014,-0.062,-26.485,0.030,0.108,-0.137,100517.3,,,,,,,,0
6.820,SYNTHETIC,-0.043,-0.105,-25.712,-0.018,0.042,-0.016,100504.2,,,,,,,,0
6.840,SYNTHETIC,-0.001,-0.085,-25.094,-0.024,0.032,0.102,100492.7,,,,,,,,0
6.860,SYNTHETIC,0.085,0.025,-24.473,0.030,-0.007,0.051,100480.4,,,,,,,,0
6.880,SYNTHETIC,0.023,-0.040,-23.724,0.108,-0.105,0.030,100469.2,,,,,,,,0
6.900,SYNTHETIC,0.007,-0.068,-23.130,0.016,-0.130,0.096,100457.7,,,,,,,,0
6.920,SYNTHETIC,0.020,-0.023,-22.487,0.001,-0.013,0.075,100447.5,,,,,,,,0
6.940,SYNTHETIC,-0.009,0.084,-21.964,-0.050,-0.063,0.075,100437.6,,,,,,,,0
6.960,SYNTHETIC,-0.001,0.033,-21.380,0.037,0.042,-0.078,100419.2,,,,,,,,0
6.980,SYNTHETIC,-0.128,0.020,-20.795,-0.184,0.004,0.097,100411.6,,,,,,,,0
7.000,SYNTHETIC,-0.011,0.008,-20.275,0.088,-0.098,-0.029,100399.7,,,,,,23.48,4.094,0
7.020,SYNTHETIC,0.093,0.011,-19.691,0.096,-0.052,-0.019,100388.8,,,,,,,,0
7.040,SYNTHETIC,-0.044,-0.047,-19.255,0.127,0.004,-0.167,100376.6,,,,,,,,0
7.060,SYNTHETIC,-0.092,-0.035,-18.770,0.143,-0.119,-0.121,100367.2,,,,,,,,0
7.080,SYNTHETIC,0.003,-0.049,-18.249,-0.076,0.029,-0.052,100359.0,,,,,,,,0
7.100,SYNTHETIC,0.034,-0.020,-17.787,0.023,0.111,0.040,100346.5,,,,,,,,0
7.120,SYNTHETIC,0.038,-0.023,-17.304,-0.195,-0.016,0.015,100333.0,,,,,,,,0
7.140,SYNTHETIC,0.035,0.020,-17.004,-0.094,-0.216,0.107,100327.9,,,,,,,,0
7.160,SYNTHETIC,0.024,-0.059,-16.447,0.129,0.049,-0.028,100321.9,,,,,,,,0
7.180,SYNTHETIC,0.113,-0.004,-16.043,0.000,-0.042,-0.020,100308.6,,,,,,,,0
7.200,SYNTHETIC,-0.041,-0.029,-15.644,0.058,0.042,-0.100,100297.1,,,,,,,,0
7.220,SYNTHETIC,-0.031,0.005,-15.288,0.054,0.109,0.017,100293.5,,,,,,,,0
7.240,SYNTHETIC,0.020,0.067,-14.906,-0.011,-0.009,0.124,100280.6,,,,,,,,0
7.260,SYNTHETIC,-0.041,-0.136,-14.609,-0.041,0.096,-0.245,100269.7,,,,,,,,0
7.280,SYNTHETIC,0.065,-0.011,-14.192,0.057,0.144,0.105,100257.2,,,,,,,,0
7.300,SYNTHETIC,-0.058,0.020,-13.798,0.072,-0.073,-0.066,100256.6,,,,,,,,0
7.320,SYNTHETIC,0.039,-0.036,-13.508,0.179,-0.024,-0.044,100244.6,,,,,,,,0
7.340,SYNTHETIC,0.001,0.002,-13.065,-0.116,-0.167,-0.041,100235.4,,,,,,,,0
7.360,SYNTHETIC,-0.041,0.020,-12.920,0.174,-0.228,-0.129,100222.0,,,,,,,,0
7.380,SYNTHETIC,0.053,-0.033,-12.451,-0.078,-0.056,0.008,100218.7,,,,,,,,0
7.400,SYNTHETIC,0.102,-0.037,-12.131,-0.002,-0.088,-0.111,100210.5,,,,,,,,0
7.420,SYNTHETIC,-0.057,-0.091,-11.890,-0.012,0.075,-0.121,100198.7,,,,,,,,0
7.440,SYNTHETIC,-0.102,-0.032,-11.693,-0.057,0.062,0.053,100191.3,,,,,,,,0
7.460,SYNTHETIC,-0.047,0.037,-11.382,-0.006,0.066,-0.022,100184.6,,,,,,,,0
7.480,SYNTHETIC,0.003,0.024,-11.036,-0.054,0.101,-0.081,100169.4,,,,,,,,0
7.500,SYNTHETIC,0.067,-0.003,-10.731,0.009,-0.050,-0.014,100168.0,,,,,,,,0
7.520,SYNTHETIC,0.025,0.127,-10.619,-0.155,0.016,0.079,100157.6,,,,,,,,0
7.540,SYNTHETIC,0.013,-0.021,-10.193,0.018,-0.023,0.017,100147.6,,,,,,,,0
7.560,SYNTHETIC,0.023,-0.012,-10.067,-0.007,0.155,0.124,100143.6,,,,,,,,0
7.580,SYNTHETIC,0.012,-0.040,-9.765,0.127,0.061,0.071,100133.2,,,,,,,,0
7.600,SYNTHETIC,0.023,0.032,-9.567,-0.036,0.148,-0.169,100125.8,,,,,,,,0
7.620,SYNTHETIC,-0.071,-0.017,-9.333,0.020,0.102,-0.124,100125.2,,,,,,,,0
7.640,SYNTHETIC,0.011,-0.113,-9.080,0.012,-0.075,0.188,100110.9,,,,,,,,0
7.660,SYNTHETIC,-0.033,-0.007,-8.840,-0.029,-0.025,-0.045,100105.8,,,,,,,,0
7.680,SYNTHETIC,0.070,0.110,-8.673,0.001,0.023,-0.038,100098.2,,,,,,,,0
7.700,SYNTHETIC,-0.040,-0.018,-8.421,0.028,-0.060,0.102,100090.3,,,,,,,,0
7.720,SYNTHETIC,0.061,0.039,-8.266,-0.273,0.124,0.141,100088.8,,,,,,,,0
7.740,SYNTHETIC,0.025,-0.035,-8.072,-0.145,0.004,0.005,100077.2,,,,,,,,0
7.760,SYNTHETIC,-0.015,-0.038,-7.919,0.058,0.037,-0.059,100071.8,,,,,,,,0
7.780,SYNTHETIC,0.027,-0.007,-7.621,-0.074,-0.129,-0.009,100067.4,,,,,,,,0
7.800,SYNTHETIC,-0.031,-0.036,-7.485,0.147,-0.034,-0.054,100062.1,,,,,,,,0
7.820,SYNTHETIC,0.021,-0.012,-7.350,0.190,-0.034,0.032,100049.0,,,,,,,,0
7.840,SYNTHETIC,-0.002,-0.003,-7.067,0.020,-0.104,-0.022,100043.5,,,,,,,,0
7.860,SYNTHETIC,-0.006,0.053,-6.956,-0.013,-0.005,-0.001,100043.2,,,,,,,,0
7.880,SYNTHETIC,0.034,-0.033,-6.758,-0.001,-0.040,-0.074,100034.5,,,,,,,,0
7.900,SYNTHETIC,-0.037,-0.048,-6.583,-0.051,-0.074,0.040,100022.2,,,,,,,,0
7.920,SYNTHETIC,0.059,-0.005,-6.348,-0.047,-0.052,0.074,100017.1,,,,,,,,0
7.940,SYNTHETIC,-0.088,-0.037,-6.178,0.149,0.005,0.099,100011.8,,,,,,,,0
7.960,SYNTHETIC,0.047,0.025,-6.160,-0.207,0.140,0.018,100008.9,,,,,,,,0
7.980,SYNTHETIC,0.006,-0.058,-5.933,0.013,-0.099,0.024,99999.3,,,,,,,,0
8.000,SYNTHETIC,-0.060,-0.016,-5.807,0.131,0.010,0.061,99998.1,,,,,,23.48,4.092,0
8.020,SYNTHETIC,-0.046,-0.028,-5.641,-0.213,-0.014,0.096,99986.5,,,,,,,,0
8.040,SYNTHETIC,-0.040,-0.012,-5.599,0.224,-0.090,0.059,99976.1,,,,,,,,0
8.060,SYNTHETIC,0.006,0.008,-5.355,0.149,0.084,-0.100,99980.3,,,,,,,,0
8.080,SYNTHETIC,0.007,-0.047,-5.204,0.144,0.019,0.052,99973.1,,,,,,,,0
8.100,SYNTHETIC,0.001,0.024,-5.071,-0.067,-0.196,-0.047,99968.6,,,,,,,,0
8.120,SYNTHETIC,0.081,-0.012,-5.011,0.110,-0.012,0.239,99958.4,,,,,,,,0
8.140,SYNTHETIC,0.033,0.031,-4.843,0.113,-0.046,0.015,99957.4,,,,,,,,0
8.160,SYNTHETIC,-0.001,-0.143,-4.669,-0.173,0.034,0.082,99954.2,,,,,,,,0
8.180,SYNTHETIC,0.016,-0.032,-4.631,0.041,-0.002,0.073,99947.9,,,,,,,,0
8.200,SYNTHETIC,0.058,-0.003,-4.458,-0.125,-0.145,-0.083,99942.5,,,,,,,,0
8.220,SYNTHETIC,-0.022,0.107,-4.409,-0.002,0.068,-0.091,99935.0,,,,,,,,0
8.240,SYNTHETIC,0.009,-0.003,-4.214,-0.166,-0.171,-0.011,99930.8,,,,,,,,0
8.260,SYNTHETIC,0.014,-0.041,-4.283,0.022,0.006,0.030,99925.0,,,,,,,,0
8.280,SYNTHETIC,0.008,-0.004,-4.035,0.093,-0.213,0.091,99917.8,,,,,,,,0
8.300,SYNTHETIC,-0.135,0.032,-3.880,0.022,-0.039,-0.025,99913.9,,,,,,,,0
8.320,SYNTHETIC,0.073,0.007,-3.766,-0.044,0.060,-0.051,99912.0,,,,,,,,0
8.340,SYNTHETIC,-0.097,0.025,-3.583,0.081,0.137,-0.065,99906.4,,,,,,,,0
8.360,SYNTHETIC,0.098,-0.039,-3.650,0.069,-0.020,-0.064,99893.4,,,,,,,,0
8.380,SYNTHETIC,-0.003,0.030,-3.443,-0.076,-0.040,-0.132,99895.6,,,,,,,,0
8.400,SYNTHETIC,-0.093,-0.014,-3.404,-0.042,0.023,0.006,99891.0,,,,,,,,0
8.420,SYNTHETIC,0.054,-0.007,-3.289,0.117,-0.065,-0.007,99886.6,,,,,,,,0
8.440,SYNTHETIC,-0.015,-0.030,-3.181,0.183,0.073,0.011,99877.0,,,,,,,,0
8.460,SYNTHETIC,0.004,0.054,-3.115,0.098,-0.117,0.117,99876.4,,,,,,,,0
8.480,SYNTHETIC,-0.081,-0.016,-3.002,-0.012,0.184,0.087,99874.7,,,,,,,,0
8.500,SYNTHETIC,0.041,0.019,-2.947,0.065,0.090,0.094,99867.7,,,,,,,,0
8.520,SYNTHETIC,-0.065,0.007,-2.915,0.035,0.231,0.246,99860.7,,,,,,,,0
8.540,SYNTHETIC,0.023,-0.062,-2.816,-0.049,-0.029,-0.017,99857.5,,,,,,,,0
8.560,SYNTHETIC,-0.068,-0.098,-2.620,0.023,0.264,0.027,99854.7,,,,,,,,0
8.580,SYNTHETIC,-0.020,0.005,-2.626,0.189,0.078,0.111,99854.3,,,,,,,,0
8.600,SYNTHETIC,0.012,-0.057,-2.468,0.174,-0.095,-0.162,99850.0,,,,,,,,0
8.620,SYNTHETIC,-0.042,0.000,-2.487,-0.098,0.110,0.053,99849.0,,,,,,,,0
8.640,SYNTHETIC,-0.097,0.016,-2.407,-0.101,0.002,0.037,99847.2,,,,,,,,0
8.660,SYNTHETIC,-0.016,-0.041,-2.301,0.134,-0.044,-0.165,99843.1,,,,,,,,0
8.680,SYNTHETIC,0.010,-0.001,-2.222,0.031,0.095,-0.050,99835.6,,,,,,,,0
8.700,SYNTHETIC,0.095,-0.027,-2.198,-0.110,-0.280,0.024,99830.1,,,,,,,,0
8.720,SYNTHETIC,0.022,-0.024,-2.126,0.106,0.130,-0.013,99824.8,,,,,,,,0
8.740,SYNTHETIC,0.038,-0.001,-2.020,0.287,0.025,-0.039,99822.9,,,,,,,,0
8.760,SYNTHETIC,0.008,0.074,-1.967,-0.064,-0.229,-0.101,99821.6,,,,,,,,0
8.780,SYNTHETIC,0.034,0.045,-1.873,0.028,0.147,-0.121,99816.3,,,,,,,,0
8.800,SYNTHETIC,0.013,0.079,-1.905,0.008,-0.017,-0.006,99810.7,,,,,,,,0
8.820,SYNTHETIC,0.057,-0.064,-1.753,-0.219,-0.087,0.056,99813.0,,,,,,,,0
8.840,SYNTHETIC,-0.026,0.002,-1.650,0.020,0.036,-0.024,99811.9,,,,,,,,0
8.860,SYNTHETIC,-0.008,0.005,-1.737,0.034,-0.039,0.037,99807.7,,,,,,,,0
8.880,SYNTHETIC,-0.155,-0.030,-1.631,0.161,-0.116,-0.165,99802.4,,,,,,,,0
8.900,SYNTHETIC,0.025,-0.071,-1.539,-0.037,0.003,-0.065,99802.1,,,,,,,,0
8.920,SYNTHETIC,-0.025,-0.041,-1.540,-0.111,-0.002,0.022,99794.1,,,,,,,,0
8.940,SYNTHETIC,0.012,0.016,-1.481,0.195,0.041,-0.019,99791.8,,,,,,,,0
8.960,SYNTHETIC,0.015,0.056,-1.414,-0.037,-0.099,0.063,99788.2,,,,,,,,0
8.980,SYNTHETIC,-0.062,-0.027,-1.351,0.182,-0.070,-0.073,99791.3,,,,,,,,0
9.000,SYNTHETIC,-0.046,-0.042,-1.317,-0.197,-0.021,-0.183,99782.8,0.0000309,0.0000657,126.4,3,9,23.36,4.089,0
9.020,SYNTHETIC,-0.030,-0.053,-1.279,0.090,0.078,0.068,99781.8,,,,,,,,0
9.040,SYNTHETIC,0.027,0.014,-1.252,0.071,0.231,-0.205,99780.8,,,,,,,,0
9.060,SYNTHETIC,-0.033,-0.046,-1.102,0.000,0.141,-0.038,99776.1,,,,,,,,0
9.080,SYNTHETIC,0.011,0.027,-1.147,0.266,-0.010,0.095,99774.4,,,,,,,,0
9.100,SYNTHETIC,0.089,-0.015,-1.141,-0.152,-0.162,-0.017,99768.8,,,,,,,,0
9.120,SYNTHETIC,-0.013,-0.014,-1.039,0.056,-0.093,0.076,99766.6,,,,,,,,0
9.140,SYNTHETIC,-0.039,-0.045,-0.962,0.114,0.064,-0.107,99766.0,,,,,,,,0
9.160,SYNTHETIC,-0.006,-0.027,-0.993,-0.183,-0.161,-0.010,99762.2,,,,,,,,0
9.180,SYNTHETIC,0.024,0.046,-0.832,-0.097,0.238,-0.047,99758.9,,,,,,,,0
9.200,SYNTHETIC,0.073,-0.021,-0.948,-0.012,-0.300,0.126,99761.5,,,,,,,,0
9.220,SYNTHETIC,-0.019,-0.026,-0.854,0.059,-0.119,0.022,99759.3,,,,,,,,0
9.240,SYNTHETIC,0.000,0.058,-0.777,-0.159,-0.020,-0.023,99757.2,,,,,,,,0
9.260,SYNTHETIC,-0.004,-0.099,-0.695,-0.058,0.024,0.174,99752.0,,,,,,,,0
9.280,SYNTHETIC,0.002,-0.004,-0.772,0.078,0.182,-0.036,99751.2,,,,,,,,0
9.300,SYNTHETIC,-0.049,0.036,-0.687,-0.104,0.056,0.000,99749.2,,,,,,,,0
9.320,SYNTHETIC,-0.020,-0.101,-0.601,0.064,-0.180,0.065,99746.6,,,,,,,,0
9.340,SYNTHETIC,0.051,0.043,-0.629,-0.013,0.053,-0.120,99745.2,,,,,,,,0
9.360,SYNTHETIC,0.043,0.023,-0.617,0.062,0.042,0.041,99735.7,,,,,,,,0
9.380,SYNTHETIC,0.021,-0.057,-0.554,0.024,-0.103,0.067,99739.3,,,,,,,,0
9.400,SYNTHETIC,0.023,-0.015,-0.486,-0.036,0.251,0.154,99738.7,,,,,,,,0
9.420,SYNTHETIC,0.018,0.031,-0.450,-0.192,-0.060,-0.028,99740.5,,,,,,,,0
9.440,SYNTHETIC,-0.101,-0.019,-0.406,-0.101,0.021,-0.251,99733.3,,,,,,,,0
9.460,SYNTHETIC,0.055,0.040,-0.423,-0.018,-0.031,0.083,99732.8,,,,,,,,0
9.480,SYNTHETIC,0.003,-0.070,-0.363,0.230,0.069,-0.031,99731.0,,,,,,,,0
9.500,SYNTHETIC,-0.024,0.046,-0.426,0.042,0.133,0.139,99730.1,,,,,,,,0
9.520,SYNTHETIC,-0.097,-0.005,-0.333,0.083,-0.058,-0.049,99727.6,,,,,,,,0
9.540,SYNTHETIC,-0.055,0.014,-0.314,-0.092,-0.014,0.088,99728.4,,,,,,,,0
9.560,SYNTHETIC,0.003,-0.041,-0.269,0.150,0.097,-0.059,99728.4,,,,,,,,0
9.580,SYNTHETIC,0.092,0.039,-0.331,-0.137,-0.036,-0.051,99728.3,,,,,,,,0
9.600,SYNTHETIC,0.010,-0.085,-0.275,-0.283,-0.005,0.049,99718.3,,,,,,,,0
9.620,SYNTHETIC,-0.016,-0.037,-0.196,0.031,0.126,0.030,99730.3,,,,,,,,0
9.640,SYNTHETIC,0.078,-0.024,-0.327,0.137,-0.069,0.047,99725.9,,,,,,,,0
9.660,SYNTHETIC,0.063,0.028,-0.292,-0.085,-0.085,-0.106,99730.0,,,,,,,,0
9.680,SYNTHETIC,0.028,0.000,-0.256,0.135,-0.052,0.033,99718.3,,,,,,,,0
9.700,SYNTHETIC,-0.072,0.024,-0.163,0.053,-0.056,-0.084,99722.5,,,,,,,,0
9.720,SYNTHETIC,-0.042,0.022,-0.133,-0.010,0.133,0.086,99720.7,,,,,,,,0
9.740,SYNTHETIC,-0.027,0.010,-0.086,-0.014,-0.021,-0.014,99717.5,,,,,,,,0
9.760,SYNTHETIC,-0.094,0.052,-0.142,-0.060,0.110,0.063,99719.1,,,,,,,,0
9.780,SYNTHETIC,0.057,-0.024,-0.136,0.000,0.107,-0.123,99715.0,,,,,,,,0
9.800,SYNTHETIC,0.093,-0.049,-0.142,0.070,0.015,-0.028,99719.4,,,,,,,,0
9.820,SYNTHETIC,-0.041,-0.022,-0.108,-0.014,-0.038,0.002,99710.2,,,,,,,,0
9.840,SYNTHETIC,-0.021,0.007,-0.107,0.023,0.003,0.124,99717.0,,,,,,,,0
9.860,SYNTHETIC,-0.018,0.048,-0.097,-0.052,-0.069,0.098,99713.8,,,,,,,,0
9.880,SYNTHETIC,0.001,-0.055,-0.228,0.004,0.079,0.024,99715.1,,,,,,,,0
9.900,SYNTHETIC,0.050,-0.002,-0.110,-0.200,0.176,0.018,99709.9,,,,,,,,0
9.920,SYNTHETIC,0.032,-0.028,-0.085,0.048,0.002,-0.257,99710.2,,,,,,,,0
9.940,SYNTHETIC,0.011,0.012,-0.047,-0.131,0.010,0.119,99711.9,,,,,,,,0
9.960,SYNTHETIC,0.020,0.012,-0.075,-0.052,0.057,-0.017,99708.3,,,,,,,,0
9.980,SYNTHETIC,-0.063,0.062,-0.011,0.025,0.034,-0.067,99707.2,,,,,,,,0
10.000,SYNTHETIC,0.038,-0.024,-0.032,0.006,0.072,-0.063,99708.8,0.0000591,0.0000685,137.1,3,9,23.28,4.087,0
10.020,SYNTHETIC,0.062,-0.020,0.056,-0.083,-0.088,-0.015,99715.4,,,,,,,,0
10.040,SYNTHETIC,0.126,0.087,-0.002,-0.075,0.059,-0.065,99706.3,,,,,,,,0
10.060,SYNTHETIC,-0.038,0.031,-0.058,0.016,-0.143,-0.025,99703.7,,,,,,,,0
10.080,SYNTHETIC,-0.059,-0.050,-0.001,0.139,0.045,-0.011,99708.5,,,,,,,,0
10.100,SYNTHETIC,0.021,-0.002,-0.064,0.202,0.144,0.249,99708.9,,,,,,,,0
10.120,SYNTHETIC,-0.070,0.013,0.011,0.180,0.229,0.010,99708.2,,,,,,,,0
10.140,SYNTHETIC,-0.063,-0.014,1.211,0.017,-0.210,0.013,99700.6,,,,,,,,0
10.160,SYNTHETIC,8.981,0.092,4.031,0.154,-0.017,9.724,99709.0,,,,,,,,0
10.180,SYNTHETIC,9.009,0.000,3.843,-0.098,-0.008,10.855,99711.0,,,,,,,,0
10.200,SYNTHETIC,9.091,0.016,3.750,-0.175,-0.068,11.993,99717.3,,,,,,,,0
10.220,SYNTHETIC,9.069,0.040,3.709,-0.065,-0.024,13.215,99708.6,,,,,,,,0
10.240,SYNTHETIC,9.093,-0.012,3.558,-0.059,-0.093,14.129,99716.3,,,,,,,,0
10.260,SYNTHETIC,9.199,-0.034,3.538,0.035,0.050,15.353,99718.8,,,,,,,,0
10.280,SYNTHETIC,9.245,-0.017,3.412,-0.040,-0.016,16.155,99722.2,,,,,,,,0
10.300,SYNTHETIC,9.313,-0.071,3.339,0.052,-0.013,17.206,99721.3,,,,,,,,0
10.320,SYNTHETIC,9.294,0.043,3.259,0.045,-0.012,17.816,99714.4,,,,,,,,0
10.340,SYNTHETIC,9.402,-0.052,3.211,-0.038,-0.072,18.939,99719.8,,,,,,,,0
10.360,SYNTHETIC,9.309,0.056,3.083,-0.018,-0.183,19.638,99720.2,,,,,,,,0
10.380,SYNTHETIC,9.425,0.046,3.085,0.027,0.011,20.610,99725.5,,,,,,,,0
10.400,SYNTHETIC,9.335,-0.020,2.925,-0.052,0.067,21.001,99724.5,,,,,,,,0
10.420,SYNTHETIC,9.406,-0.047,2.988,-0.072,0.077,21.732,99723.7,,,,,,,,0
10.440,SYNTHETIC,9.425,-0.041,2.863,0.065,0.100,22.587,99719.9,,,,,,,,1
10.460,SYNTHETIC,9.533,0.060,2.729,-0.018,-0.012,22.946,99719.4,,,,,,,,1
10.480,SYNTHETIC,9.430,-0.007,2.737,0.033,-0.084,23.333,99723.5,,,,,,,,1
10.500,SYNTHETIC,9.407,0.028,2.693,0.075,-0.114,23.761,99733.9,,,,,,,,1
10.520,SYNTHETIC,9.505,0.060,2.612,0.049,0.014,24.107,99729.4,,,,,,,,1
10.540,SYNTHETIC,9.405,-0.022,2.631,-0.072,-0.077,24.440,99735.9,,,,,,,,1
10.560,SYNTHETIC,9.415,0.056,2.678,-0.021,0.156,24.655,99728.0,,,,,,,,1
10.580,SYNTHETIC,9.361,-0.038,2.554,0.124,0.063,24.886,99737.4,,,,,,,,1
10.600,SYNTHETIC,9.487,-0.051,2.495,0.067,-0.070,25.155,99743.1,,,,,,,,1
10.620,SYNTHETIC,9.462,-0.065,2.497,0.124,0.096,25.121,99743.4,,,,,,,,1
10.640,SYNTHETIC,9.545,0.029,2.624,-0.017,-0.083,25.032,99734.7,,,,,,,,1
10.660,SYNTHETIC,9.546,-0.080,2.510,0.063,-0.175,25.053,99741.0,,,,,,,,1
10.680,SYNTHETIC,9.515,-0.011,2.572,-0.009,-0.076,24.605,99741.2,,,,,,,,1
10.700,SYNTHETIC,9.463,-0.050,2.613,0.128,-0.154,24.600,99747.4,,,,,,,,1
10.720,SYNTHETIC,9.490,0.017,2.562,-0.002,0.119,24.318,99736.9,,,,,,,,1
10.740,SYNTHETIC,9.470,-0.020,2.632,-0.095,0.135,24.028,99743.8,,,,,,,,1
10.760,SYNTHETIC,9.419,-0.025,2.722,-0.076,0.038,23.657,99742.5,,,,,,,,1
10.780,SYNTHETIC,9.380,-0.037,2.597,-0.053,-0.038,23.314,99744.3,,,,,,,,1
10.800,SYNTHETIC,9.450,0.115,2.748,0.153,0.016,22.612,99748.3,,,,,,,,1
10.820,SYNTHETIC,9.285,0.089,2.802,0.010,-0.017,22.099,99748.2,,,,,,,,1
10.840,SYNTHETIC,9.344,-0.024,2.854,0.237,0.039,21.295,99756.8,,,,,,,,1
10.860,SYNTHETIC,9.366,-0.017,2.951,0.034,-0.210,20.733,99753.6,,,,,,,,1
10.880,SYNTHETIC,9.336,-0.047,2.955,0.141,-0.082,20.043,99758.0,,,,,,,,1
10.900,SYNTHETIC,9.339,-0.004,3.067,0.029,0.045,19.253,99754.1,,,,,,,,1
10.920,SYNTHETIC,9.241,-0.009,3.153,0.064,0.010,18.471,99752.5,,,,,,,,1
10.940,SYNTHETIC,9.205,-0.015,3.294,0.030,0.283,17.673,99756.8,,,,,,,,1
10.960,SYNTHETIC,9.210,0.014,3.323,-0.048,0.066,16.751,99754.4,,,,,,,,1
10.980,SYNTHETIC,9.144,0.010,3.448,0.106,-0.047,15.643,99760.1,,,,,,,,1
11.000,SYNTHETIC,9.201,0.065,3.541,-0.161,-0.026,14.791,250000.0,0.0000652,0.0001279,131.7,3,9,23.16,4.090,1
11.020,SYNTHETIC,9.139,-0.021,3.625,-0.119,-0.007,13.721,99758.0,,,,,,,,1
11.040,SYNTHETIC,9.057,-0.012,3.695,-0.066,0.016,12.578,99759.0,,,,,,,,1
11.060,SYNTHETIC,8.963,-0.058,3.872,-0.025,-0.056,11.327,99760.3,,,,,,,,1
11.080,SYNTHETIC,8.951,0.113,3.943,0.004,-0.149,10.298,99767.9,,,,,,,,1
11.100,SYNTHETIC,8.893,-0.013,4.030,0.114,0.040,9.079,99764.9,,,,,,,,1
11.120,SYNTHETIC,8.926,0.084,4.113,-0.045,0.043,8.089,99764.9,,,,,,,,1
11.140,SYNTHETIC,8.758,0.004,4.255,-0.069,0.147,6.928,99769.9,,,,,,,,1
11.160,SYNTHETIC,8.647,-0.020,4.423,0.068,-0.077,5.638,99772.0,,,,,,,,1
11.180,SYNTHETIC,8.703,-0.031,4.502,-0.115,-0.062,4.496,99768.4,,,,,,,,1
11.200,SYNTHETIC,8.692,0.025,4.654,-0.023,-0.056,3.112,99771.5,,,,,,,,1
11.220,SYNTHETIC,8.584,0.047,4.736,0.148,-0.141,1.838,99772.2,,,,,,,,1
11.240,SYNTHETIC,8.584,-0.100,4.924,-0.211,0.080,0.727,99773.8,,,,,,,,1
11.260,SYNTHETIC,8.431,-0.013,4.993,-0.046,0.043,-0.563,99774.4,,,,,,,,1
11.280,SYNTHETIC,8.324,-0.004,5.045,-0.174,0.240,-1.871,99775.4,,,,,,,,1
11.300,SYNTHETIC,8.230,0.013,5.209,-0.037,0.064,-3.294,99781.4,,,,,,,,1
11.320,SYNTHETIC,8.281,-0.061,5.290,-0.027,-0.018,-4.199,99775.0,,,,,,,,1
11.340,SYNTHETIC,8.181,0.070,5.363,0.026,0.018,-5.589,99775.3,,,,,,,,1
11.360,SYNTHETIC,8.119,-0.011,5.463,-0.008,-0.122,-6.625,99783.0,,,,,,,,1
11.380,SYNTHETIC,8.015,-0.019,5.709,0.203,-0.038,-8.000,99783.7,,,,,,,,1
11.400,SYNTHETIC,7.969,-0.008,5.686,-0.169,-0.143,-9.216,99782.6,,,,,,,,1
11.420,SYNTHETIC,7.960,-0.068,5.820,0.011,0.139,-10.568,99783.9,,,,,,,,1
11.440,SYNTHETIC,7.724,0.097,5.919,-0.107,0.186,-11.611,99787.9,,,,,,,,1
11.460,SYNTHETIC,7.774,0.053,5.871,-0.055,0.040,-12.550,99786.0,,,,,,,,1
11.480,SYNTHETIC,7.795,-0.031,6.102,-0.129,-0.020,-13.660,99787.7,,,,,,,,1
11.500,SYNTHETIC,7.675,0.104,6.122,-0.025,0.156,-14.674,99794.4,,,,,,,,1
11.520,SYNTHETIC,7.590,0.004,6.180,-0.040,0.097,-15.611,99785.8,,,,,,,,1
11.540,SYNTHETIC,7.504,-0.080,6.333,0.095,-0.163,-16.602,99788.6,,,,,,,,1
11.560,SYNTHETIC,7.517,0.038,6.422,-0.017,0.063,-17.435,99791.5,,,,,,,,1
11.580,SYNTHETIC,7.466,-0.002,6.460,0.098,0.144,-18.461,99794.8,,,,,,,,1
11.600,SYNTHETIC,7.271,0.004,6.485,0.021,-0.111,-19.195,99794.0,,,,,,,,1
11.620,SYNTHETIC,7.308,-0.003,6.570,-0.047,-0.021,-19.913,99801.4,,,,,,,,1
11.640,SYNTHETIC,7.173,0.010,6.596,0.179,-0.191,-20.726,99799.1,,,,,,,,1
11.660,SYNTHETIC,7.112,-0.005,6.739,0.078,0.126,-21.500,99793.9,,,,,,,,1
11.680,SYNTHETIC,7.183,0.015,6.763,-0.118,0.017,-21.966,99797.4,,,,,,,,1
11.700,SYNTHETIC,7.089,-0.077,6.813,0.083,-0.068,-22.686,99800.4,,,,,,,,1
11.720,SYNTHETIC,7.111,0.032,6.805,-0.007,-0.015,-23.116,99801.6,,,,,,,,1
11.740,SYNTHETIC,7.105,-0.116,6.834,-0.020,-0.004,-23.519,99804.6,,,,,,,,1
11.760,SYNTHETIC,7.083,0.013,6.848,-0.017,0.025,-24.074,99807.3,,,,,,,,1
11.780,SYNTHETIC,7.099,-0.023,6.890,0.055,0.085,-24.230,99804.0,,,,,,,,1
11.800,SYNTHETIC,7.032,0.018,6.889,-0.057,0.101,-24.534,99812.2,,,,,,,,1
11.820,SYNTHETIC,6.905,-0.097,6.977,-0.015,-0.054,-24.713,99807.4,,,,,,,,1
11.840,SYNTHETIC,6.927,0.012,6.914,0.063,-0.065,-24.855,99810.2,,,,,,,,1
11.860,SYNTHETIC,6.959,-0.018,6.897,0.020,0.084,-25.153,99811.6,,,,,,,,1
11.880,SYNTHETIC,6.910,0.038,6.976,-0.137,0.006,-25.092,99815.7,,,,,,,,1
11.900,SYNTHETIC,6.918,-0.097,6.907,0.004,0.054,-24.990,99810.3,,,,,,,,1
11.920,SYNTHETIC,6.931,-0.085,6.903,-0.075,-0.189,-24.908,99812.9,,,,,,,,1
11.940,SYNTHETIC,6.863,0.056,6.909,0.166,-0.137,-24.708,99815.0,,,,,,,,1
11.960,SYNTHETIC,6.967,-0.065,6.892,0.128,-0.179,-24.495,99823.3,,,,,,,,1
11.980,SYNTHETIC,7.073,0.001,6.842,0.163,0.067,-24.206,99811.5,,,,,,,,1
12.000,SYNTHETIC,6.955,-0.025,6.839,0.009,-0.153,-23.900,99818.9,0.0000387,0.0001195,125.7,3,9,23.16,4.098,1
12.020,SYNTHETIC,7.002,0.032,6.793,0.123,-0.006,-23.350,99822.2,,,,,,,,1
12.040,SYNTHETIC,7.058,0.022,6.722,0.103,0.054,-22.821,99822.9,,,,,,,,1
12.060,SYNTHETIC,7.072,-0.043,6.751,0.162,0.146,-22.271,99829.0,,,,,,,,1
12.080,SYNTHETIC,7.250,-0.029,6.765,-0.012,-0.039,-21.637,99823.4,,,,,,,,1
12.100,SYNTHETIC,7.249,-0.037,6.693,-0.244,-0.018,-21.171,99825.1,,,,,,,,1
12.120,SYNTHETIC,7.237,-0.010,6.637,0.147,-0.044,-20.419,99827.9,,,,,,,,1
12.140,SYNTHETIC,7.293,-0.037,6.569,-0.044,0.110,-19.627,99827.1,,,,,,,,1
12.160,SYNTHETIC,7.407,-0.064,6.415,0.205,0.050,-18.883,99832.8,,,,,,,,1
12.180,SYNTHETIC,7.448,-0.105,6.349,0.070,0.005,-17.938,99830.3,,,,,,,,1
12.200,SYNTHETIC,7.413,-0.019,6.372,0.189,-0.019,-17.175,99832.0,,,,,,,,1
12.220,SYNTHETIC,7.576,-0.084,6.354,0.071,0.086,-16.132,99823.6,,,,,,,,1
12.240,SYNTHETIC,7.662,-0.013,6.217,-0.036,0.057,-15.308,99829.8,,,,,,,,1
12.260,SYNTHETIC,7.684,-0.114,6.079,-0.199,-0.071,-14.156,99838.9,,,,,,,,1
12.280,SYNTHETIC,7.686,0.018,5.964,-0.035,0.238,-13.071,99834.1,,,,,,,,1
12.300,SYNTHETIC,7.797,-0.030,5.989,0.143,-0.175,-12.084,99840.2,,,,,,,,1
12.320,SYNTHETIC,7.878,0.067,5.871,0.027,0.146,-10.942,99835.6,,,,,,,,1
12.340,SYNTHETIC,7.934,-0.076,5.633,-0.168,-0.015,-9.727,99837.9,,,,,,,,1
12.360,SYNTHETIC,7.927,0.054,5.674,0.073,0.053,-8.652,99842.0,,,,,,,,1
12.380,SYNTHETIC,8.084,0.001,5.591,-0.064,-0.001,-7.471,99844.1,,,,,,,,1
12.400,SYNTHETIC,8.202,-0.010,5.466,0.111,0.102,-6.016,99843.2,,,,,,,,1
12.420,SYNTHETIC,8.278,-0.035,5.382,0.021,-0.113,-5.000,99847.0,,,,,,,,1
12.440,SYNTHETIC,8.284,-0.063,5.272,0.079,-0.230,-3.811,99844.7,,,,,,,,1
12.460,SYNTHETIC,8.372,-0.037,5.205,0.039,-0.026,-2.352,99849.2,,,,,,,,1
12.480,SYNTHETIC,8.491,-0.069,4.986,-0.006,-0.048,-1.169,99844.9,,,,,,,,1
12.500,SYNTHETIC,8.500,-0.018,4.923,-0.051,-0.150,-0.054,99846.0,,,,,,,,1
12.520,SYNTHETIC,8.574,0.041,4.813,-0.180,-0.049,1.222,99856.6,,,,,,,,1
12.540,SYNTHETIC,8.557,0.012,4.739,-0.209,0.108,2.490,99847.0,,,,,,,,1
12.560,SYNTHETIC,8.680,-0.003,4.574,-0.334,0.053,3.816,99854.8,,,,,,,,1
12.580,SYNTHETIC,8.831,-0.021,4.407,-0.025,0.056,5.121,99857.9,,,,,,,,1
12.600,SYNTHETIC,8.702,-0.031,4.375,0.069,-0.217,6.299,99854.7,,,,,,,,1
12.620,SYNTHETIC,8.747,0.073,4.236,-0.041,0.239,7.300,99853.1,,,,,,,,1
12.640,SYNTHETIC,8.926,0.055,4.150,-0.007,0.105,8.565,99859.5,,,,,,,,1
12.660,SYNTHETIC,9.017,-0.077,4.018,-0.147,0.180,9.741,99851.2,,,,,,,,1
12.680,SYNTHETIC,9.056,-0.002,3.913,0.057,0.110,11.107,99855.6,,,,,,,,1
12.700,SYNTHETIC,8.988,-0.059,3.745,0.193,0.054,11.874,99861.9,,,,,,,,1
12.720,SYNTHETIC,9.168,0.032,3.685,-0.117,0.166,13.118,99861.3,,,,,,,,1
12.740,SYNTHETIC,9.054,0.039,3.600,0.139,-0.042,14.081,99863.6,,,,,,,,1
12.760,SYNTHETIC,9.194,-0.021,3.502,0.016,-0.076,15.206,99866.2,,,,,,,,1
12.780,SYNTHETIC,9.159,0.015,3.438,-0.052,-0.002,16.233,99860.6,,,,,,,,1
12.800,SYNTHETIC,9.224,0.038,3.326,0.101,0.015,17.217,99861.3,,,,,,,,1
12.820,SYNTHETIC,9.202,0.081,3.346,-0.052,0.146,18.112,99864.8,,,,,,,,1
12.840,SYNTHETIC,9.271,0.076,3.006,0.124,-0.076,18.744,99868.4,,,,,,,,1
12.860,SYNTHETIC,9.266,-0.137,3.073,-0.102,0.204,19.656,99872.0,,,,,,,,1
12.880,SYNTHETIC,9.358,0.004,3.115,-0.062,-0.070,20.401,99868.9,,,,,,,,1
12.900,SYNTHETIC,9.373,0.069,2.890,0.030,0.005,21.130,99870.4,,,,,,,,1
12.920,SYNTHETIC,9.348,-0.088,2.898,0.147,-0.219,21.801,99875.7,,,,,,,,1
12.940,SYNTHETIC,9.441,0.010,2.736,-0.100,-0.068,22.450,99873.8,,,,,,,,1
12.960,SYNTHETIC,9.429,0.049,2.719,-0.202,-0.151,22.782,99870.5,,,,,,,,1
12.980,SYNTHETIC,9.446,-0.029,2.760,0.043,-0.025,23.368,99880.7,,,,,,,,1
13.000,SYNTHETIC,9.482,0.011,2.619,0.014,0.039,23.827,99883.6,0.0000756,0.0001498,119.7,3,9,23.08,4.092,1
13.020,SYNTHETIC,9.386,-0.015,2.664,0.077,-0.135,24.022,99875.5,,,,,,,,1
13.040,SYNTHETIC,9.367,-0.064,2.580,-0.168,-0.030,24.513,99879.7,,,,,,,,1
13.060,SYNTHETIC,9.398,0.020,2.598,-0.111,-0.248,24.921,99883.1,,,,,,,,1
13.080,SYNTHETIC,9.511,-0.003,2.583,0.064,0.044,24.833,99881.0,,,,,,,,1
13.100,SYNTHETIC,9.345,0.103,2.572,-0.198,-0.081,24.942,99884.0,,,,,,,,1
13.120,SYNTHETIC,9.485,-0.031,2.584,0.063,-0.118,24.838,99886.7,,,,,,,,1
13.140,SYNTHETIC,9.420,0.024,2.554,0.036,0.124,25.040,99884.1,,,,,,,,1
13.160,SYNTHETIC,9.499,-0.017,2.508,-0.167,0.054,24.874,99883.3,,,,,,,,1
13.180,SYNTHETIC,9.519,-0.066,2.533,0.056,0.234,24.827,99888.7,,,,,,,,1
13.200,SYNTHETIC,9.422,-0.082,2.619,0.047,-0.011,24.481,99893.6,,,,,,,,1
13.220,SYNTHETIC,9.459,0.027,2.700,-0.054,-0.149,24.320,99893.9,,,,,,,,1
13.240,SYNTHETIC,9.453,0.034,2.618,0.048,0.059,23.877,99891.7,,,,,,,,1
13.260,SYNTHETIC,9.516,-0.003,2.625,-0.021,-0.088,23.627,99894.0,,,,,,,,1
13.280,SYNTHETIC,9.425,0.036,2.677,0.022,-0.038,23.133,99894.0,,,,,,,,1
13.300,SYNTHETIC,9.433,0.094,2.708,-0.044,0.215,22.687,99896.8,,,,,,,,1
13.320,SYNTHETIC,9.424,0.040,2.815,-0.026,0.204,22.130,99896.7,,,,,,,,1
13.340,SYNTHETIC,9.291,-0.019,2.989,-0.031,0.080,21.347,99897.4,,,,,,,,1
13.360,SYNTHETIC,9.328,-0.023,2.922,0.075,0.152,20.713,99896.8,,,,,,,,1
13.380,SYNTHETIC,9.295,-0.091,2.974,-0.137,-0.010,20.028,99898.8,,,,,,,,1
13.400,SYNTHETIC,9.448,-0.043,3.062,-0.013,0.154,19.246,99900.5,,,,,,,,1
13.420,SYNTHETIC,9.286,0.016,3.156,-0.009,0.073,18.362,99901.2,,,,,,,,1
13.440,SYNTHETIC,9.205,0.046,3.296,-0.094,-0.058,17.636,99904.6,,,,,,,,1
13.460,SYNTHETIC,9.216,-0.013,3.354,-0.064,0.055,16.723,99914.6,,,,,,,,1
13.480,SYNTHETIC,9.124,-0.171,3.416,0.025,0.104,15.621,99907.0,,,,,,,,1
13.500,SYNTHETIC,9.142,-0.017,3.519,-0.030,-0.123,14.730,99910.6,,,,,,,,1
13.520,SYNTHETIC,8.998,0.067,3.715,-0.105,0.057,13.778,99913.4,,,,,,,,1
13.540,SYNTHETIC,9.180,-0.035,3.770,-0.121,-0.013,12.553,99907.7,,,,,,,,1
13.560,SYNTHETIC,8.993,-0.041,3.851,-0.113,0.047,11.461,99903.7,,,,,,,,1
13.580,SYNTHETIC,8.989,0.020,3.951,-0.044,-0.009,10.366,99917.2,,,,,,,,1
13.600,SYNTHETIC,8.922,0.048,4.152,-0.033,0.071,9.149,99912.1,,,,,,,,1
13.620,SYNTHETIC,8.884,0.043,4.156,-0.087,0.119,8.008,99916.7,,,,,,,,1
13.640,SYNTHETIC,8.821,0.067,4.302,-0.097,0.113,6.802,99914.0,,,,,,,,1
13.660,SYNTHETIC,8.753,0.007,4.456,-0.137,0.059,5.589,99918.8,,,,,,,,1
13.680,SYNTHETIC,8.814,-0.015,4.463,-0.114,-0.110,4.603,99919.9,,,,,,,,1
13.700,SYNTHETIC,8.693,0.057,4.622,-0.165,0.024,3.095,99921.6,,,,,,,,1
13.720,SYNTHETIC,8.608,0.029,4.671,0.210,0.008,1.861,99921.5,,,,,,,,1
13.740,SYNTHETIC,8.583,-0.054,4.717,0.051,-0.077,0.640,99923.1,,,,,,,,1
13.760,SYNTHETIC,8.407,-0.037,5.025,-0.088,0.198,-0.607,99921.6,,,,,,,,1
13.780,SYNTHETIC,8.406,-0.014,5.138,0.121,-0.249,-1.945,99927.2,,,,,,,,1
13.800,SYNTHETIC,8.273,0.048,5.102,-0.068,0.007,-2.968,99921.5,,,,,,,,1
13.820,SYNTHETIC,8.219,0.107,5.332,0.092,-0.039,-4.480,99929.3,,,,,,,,1
13.840,SYNTHETIC,8.226,-0.005,5.380,0.020,0.135,-5.614,99924.3,,,,,,,,1
13.860,SYNTHETIC,8.164,0.106,5.466,0.223,-0.104,-6.787,99927.6,,,,,,,,1
13.880,SYNTHETIC,8.050,-0.001,5.644,0.086,0.040,-8.018,99932.5,,,,,,,,1
13.900,SYNTHETIC,7.977,-0.052,5.693,0.257,0.086,-9.021,99933.9,,,,,,,,1
13.920,SYNTHETIC,7.988,0.034,5.797,-0.115,-0.032,-10.293,99926.3,,,,,,,,1
13.940,SYNTHETIC,7.816,0.084,5.818,0.018,0.237,-11.444,99934.8,,,,,,,,1
13.960,SYNTHETIC,7.801,-0.025,5.931,0.140,0.100,-12.553,99932.2,,,,,,,,1
13.980,SYNTHETIC,7.715,0.037,6.052,-0.037,0.207,-13.658,99935.4,,,,,,,,1
14.000,SYNTHETIC,7.589,0.013,6.142,-0.207,0.005,-14.634,99938.9,0.0000676,0.0001841,110.5,3,9,22.97,4.089,1
14.020,SYNTHETIC,7.571,0.012,6.251,0.023,-0.038,-15.586,99937.1,,,,,,,,1
14.040,SYNTHETIC,7.525,-0.052,6.229,0.057,0.000,-16.670,99935.0,,,,,,,,1
14.060,SYNTHETIC,7.410,0.061,6.309,-0.014,-0.082,-17.506,99942.3,,,,,,,,1
14.080,SYNTHETIC,7.434,0.001,6.448,0.111,-0.069,-18.257,99943.6,,,,,,,,1
14.100,SYNTHETIC,7.427,0.073,6.542,0.133,-0.089,-19.262,99947.3,,,,,,,,1
14.120,SYNTHETIC,7.221,-0.060,6.605,0.064,0.156,-20.091,99950.1,,,,,,,,1
14.140,SYNTHETIC,7.342,-0.003,6.609,-0.124,-0.092,-20.827,99942.8,,,,,,,,1
14.160,SYNTHETIC,7.170,0.020,6.714,0.209,0.007,-21.266,99946.8,,,,,,,,1
14.180,SYNTHETIC,7.193,0.058,6.792,-0.034,0.157,-21.952,99952.6,,,,,,,,1
14.200,SYNTHETIC,7.181,0.002,6.820,0.088,0.090,-22.738,99949.3,,,,,,,,1
14.220,SYNTHETIC,6.977,0.012,6.802,0.034,-0.043,-23.290,99952.1,,,,,,,,1
14.240,SYNTHETIC,6.999,-0.014,6.936,-0.129,0.060,-23.426,99953.2,,,,,,,,1
14.260,SYNTHETIC,7.000,0.046,6.963,0.044,-0.005,-23.889,99958.2,,,,,,,,1
14.280,SYNTHETIC,7.066,0.028,6.828,0.101,-0.043,-24.174,99954.7,,,,,,,,1
14.300,SYNTHETIC,6.895,0.044,6.869,0.033,0.046,-24.496,99956.4,,,,,,,,1
14.320,SYNTHETIC,6.863,-0.045,6.948,0.093,0.062,-24.750,99953.5,,,,,,,,1
14.340,SYNTHETIC,6.979,0.035,6.965,0.076,-0.055,-24.957,99960.3,,,,,,,,1
14.360,SYNTHETIC,6.973,0.018,6.864,-0.001,0.057,-24.925,99949.4,,,,,,,,1
14.380,SYNTHETIC,6.904,0.040,6.839,0.064,-0.031,-25.064,99959.8,,,,,,,,1
14.400,SYNTHETIC,6.936,-0.036,6.884,-0.018,0.085,-24.873,99962.5,,,,,,,,1
14.420,SYNTHETIC,6.934,0.011,6.878,0.073,0.133,-24.945,99960.5,,,,,,,,1
14.440,SYNTHETIC,6.946,-0.057,6.925,0.047,-0.011,-24.562,99963.7,,,,,,,,1
14.460,SYNTHETIC,7.003,-0.027,6.960,-0.080,0.047,-24.344,99964.6,,,,,,,,1
14.480,SYNTHETIC,7.088,0.062,6.835,0.121,-0.135,-24.317,99964.6,,,,,,,,1
14.500,SYNTHETIC,6.994,0.078,6.867,-0.026,0.038,-23.937,99968.5,,,,,,,,1
14.520,SYNTHETIC,7.067,0.058,6.876,0.153,0.076,-23.270,99967.7,,,,,,,,1
14.540,SYNTHETIC,7.154,-0.035,6.763,0.027,0.090,-22.895,99970.2,,,,,,,,1
14.560,SYNTHETIC,7.085,-0.038,6.747,0.069,0.009,-22.485,99970.4,,,,,,,,1
14.580,SYNTHETIC,7.132,0.020,6.713,-0.047,-0.173,-21.650,99976.2,,,,,,,,1
14.600,SYNTHETIC,7.155,-0.023,6.595,0.115,-0.008,-21.092,99970.4,,,,,,,,1
14.620,SYNTHETIC,7.270,0.033,6.530,-0.047,-0.022,-20.433,99975.6,,,,,,,,1
14.640,SYNTHETIC,7.353,0.025,6.529,-0.062,0.094,-19.602,99973.7,,,,,,,,1
14.660,SYNTHETIC,7.383,0.017,6.394,-0.035,-0.121,-18.925,99978.8,,,,,,,,1
14.680,SYNTHETIC,7.470,0.040,6.369,-0.025,-0.091,-18.013,99979.2,,,,,,,,1
14.700,SYNTHETIC,7.533,-0.028,6.250,0.073,0.086,-16.974,99977.1,,,,,,,,1
14.720,SYNTHETIC,7.537,0.011,6.310,0.044,0.163,-16.040,99979.0,,,,,,,,1
14.740,SYNTHETIC,7.546,-0.014,6.205,-0.120,-0.043,-15.193,99981.3,,,,,,,,1
14.760,SYNTHETIC,7.742,-0.012,6.150,0.285,-0.023,-14.339,99986.5,,,,,,,,1
14.780,SYNTHETIC,7.741,-0.086,6.141,0.026,0.026,-13.167,99986.9,,,,,,,,1
14.800,SYNTHETIC,7.854,0.116,5.933,0.044,0.096,-12.148,99986.7,,,,,,,,1
14.820,SYNTHETIC,7.834,0.093,5.853,0.045,0.074,-11.055,99978.0,,,,,,,,1
14.840,SYNTHETIC,7.964,0.021,5.651,-0.003,0.043,-9.709,99984.2,,,,,,,,1
14.860,SYNTHETIC,8.065,-0.132,5.663,0.062,-0.014,-8.717,99983.8,,,,,,,,1
14.880,SYNTHETIC,8.077,-0.155,5.602,0.071,0.028,-7.521,99988.9,,,,,,,,1
14.900,SYNTHETIC,8.148,0.030,5.438,0.104,-0.084,-6.176,99993.5,,,,,,,,1
14.920,SYNTHETIC,8.217,0.025,5.313,0.183,-0.137,-4.989,99995.0,,,,,,,,1
14.940,SYNTHETIC,8.327,-0.058,5.279,-0.004,-0.025,-3.687,99994.0,,,,,,,,1
14.960,SYNTHETIC,8.354,0.120,5.147,-0.034,0.206,-2.501,99990.0,,,,,,,,1
14.980,SYNTHETIC,8.385,0.013,4.967,0.052,-0.085,-1.214,99992.0,,,,,,,,1
15.000,SYNTHETIC,8.528,-0.014,4.878,0.007,-0.140,0.142,99996.7,0.0001147,0.0001842,114.9,3,9,22.88,4.086,1
15.020,SYNTHETIC,8.564,-0.004,4.776,0.020,-0.079,1.129,99996.3,,,,,,,,1
15.040,SYNTHETIC,8.614,0.010,4.685,0.068,-0.102,2.559,100004.3,,,,,,,,1
15.060,SYNTHETIC,8.648,-0.058,4.648,0.079,-0.126,4.005,99999.1,,,,,,,,1
15.080,SYNTHETIC,8.797,-0.088,4.422,-0.034,0.137,5.060,100000.9,,,,,,,,1
15.100,SYNTHETIC,8.864,-0.027,4.350,-0.095,0.088,6.344,100003.6,,,,,,,,1
15.120,SYNTHETIC,8.806,0.063,4.112,0.154,0.003,7.465,100004.0,,,,,,,,1
15.140,SYNTHETIC,8.843,0.005,4.089,0.191,-0.105,8.665,100006.0,,,,,,,,1
15.160,SYNTHETIC,9.026,0.019,4.076,-0.076,-0.098,9.932,100007.5,,,,,,,,1
15.180,SYNTHETIC,9.059,-0.065,3.915,-0.057,-0.012,10.843,100008.4,,,,,,,,1
15.200,SYNTHETIC,9.036,0.007,3.794,-0.045,0.004,12.037,100010.1,,,,,,,,1
15.220,SYNTHETIC,9.014,0.054,3.686,0.073,0.128,13.147,100003.3,,,,,,,,1
15.240,SYNTHETIC,9.132,0.095,3.541,0.025,-0.101,14.297,100009.3,,,,,,,,1
15.260,SYNTHETIC,9.151,-0.054,3.564,-0.132,-0.059,15.141,100011.9,,,,,,,,1
15.280,SYNTHETIC,9.302,-0.051,3.380,0.218,0.033,16.340,100011.0,,,,,,,,1
15.300,SYNTHETIC,9.238,0.015,3.327,-0.049,-0.056,17.045,100009.4,,,,,,,,1
15.320,SYNTHETIC,9.244,-0.001,3.127,-0.107,0.092,17.971,100012.8,,,,,,,,1
15.340,SYNTHETIC,9.293,-0.036,3.132,-0.002,-0.076,18.881,100023.1,,,,,,,,1
15.360,SYNTHETIC,9.313,-0.102,3.062,-0.079,0.079,19.622,100024.0,,,,,,,,1
15.380,SYNTHETIC,9.320,-0.049,2.973,-0.182,0.003,20.361,100026.0,,,,,,,,1
15.400,SYNTHETIC,9.361,-0.037,2.833,0.100,-0.103,21.200,100020.0,,,,,,,,1
15.420,SYNTHETIC,9.523,-0.039,2.807,0.140,0.083,21.832,100019.2,,,,,,,,1
15.440,SYNTHETIC,9.359,0.032,2.817,-0.056,-0.112,22.197,100027.2,,,,,,,,1
15.460,SYNTHETIC,9.349,0.002,2.832,-0.050,-0.077,22.867,100025.2,,,,,,,,1
15.480,SYNTHETIC,9.447,0.029,2.677,0.191,0.027,23.437,100029.3,,,,,,,,1
15.500,SYNTHETIC,9.405,-0.034,2.654,-0.016,0.027,23.644,100031.4,,,,,,,,1
15.520,SYNTHETIC,9.394,0.033,2.515,0.055,-0.135,24.099,100028.2,,,,,,,,1
15.540,SYNTHETIC,9.429,0.023,2.638,-0.084,0.070,24.537,100029.2,,,,,,,,1
15.560,SYNTHETIC,9.446,0.021,2.640,0.132,-0.106,24.580,100023.9,,,,,,,,1
15.580,SYNTHETIC,9.444,-0.020,2.568,0.052,-0.021,24.735,100031.5,,,,,,,,1
15.600,SYNTHETIC,9.462,0.034,2.555,0.142,-0.027,24.969,100034.1,,,,,,,,1
15.620,SYNTHETIC,9.363,0.002,2.525,-0.040,0.099,25.093,100037.3,,,,,,,,1
15.640,SYNTHETIC,9.405,0.000,2.614,0.003,0.134,25.150,100037.3,,,,,,,,1
15.660,SYNTHETIC,9.425,0.050,2.526,0.076,0.074,24.908,100033.5,,,,,,,,1
15.680,SYNTHETIC,9.449,0.054,2.462,0.028,0.067,24.827,100038.8,,,,,,,,1
15.700,SYNTHETIC,9.479,-0.043,2.708,0.142,0.175,24.497,100035.3,,,,,,,,1
15.720,SYNTHETIC,9.369,-0.033,2.609,0.037,0.018,24.221,100037.5,,,,,,,,1
15.740,SYNTHETIC,9.411,0.072,2.593,-0.038,-0.062,23.931,100039.7,,,,,,,,1
15.760,SYNTHETIC,9.440,-0.007,2.757,-0.112,0.049,23.567,100042.4,,,,,,,,1
15.780,SYNTHETIC,9.384,-0.042,2.783,-0.020,-0.006,23.187,100044.2,,,,,,,,1
15.800,SYNTHETIC,9.396,-0.016,2.754,0.164,0.000,22.489,100046.7,,,,,,,,1
15.820,SYNTHETIC,9.403,-0.009,2.955,-0.066,-0.078,22.145,100048.8,,,,,,,,1
15.840,SYNTHETIC,9.354,-0.004,2.899,-0.176,0.172,21.331,100046.0,,,,,,,,1
15.860,SYNTHETIC,9.335,0.000,2.927,0.079,-0.013,20.923,100045.8,,,,,,,,1
15.880,SYNTHETIC,9.265,-0.082,3.029,0.001,0.137,19.975,100045.3,,,,,,,,1
15.900,SYNTHETIC,9.338,0.065,3.065,0.043,-0.041,18.977,100047.5,,,,,,,,1
15.920,SYNTHETIC,9.316,0.054,3.162,-0.014,0.011,18.497,100053.2,,,,,,,,1
15.940,SYNTHETIC,9.292,0.024,3.229,0.033,0.170,17.742,100051.1,,,,,,,,1
15.960,SYNTHETIC,9.217,0.066,3.255,0.043,0.106,16.671,100056.9,,,,,,,,1
15.980,SYNTHETIC,9.205,-0.031,3.442,-0.011,-0.108,15.635,100059.0,,,,,,,,1
16.000,SYNTHETIC,9.089,-0.072,3.544,-0.135,0.086,14.833,100059.4,0.0000885,0.0002042,103.2,3,9,22.86,4.087,1
16.020,SYNTHETIC,9.143,-0.002,3.630,0.003,0.090,13.589,100058.3,,,,,,,,1
16.040,SYNTHETIC,9.075,0.122,3.710,-0.041,-0.217,12.513,100055.4,,,,,,,,1
16.060,SYNTHETIC,8.938,0.021,3.945,0.025,0.119,11.344,100062.2,,,,,,,,1
16.080,SYNTHETIC,8.958,0.048,3.975,0.060,-0.101,10.404,100061.2,,,,,,,,1
16.100,SYNTHETIC,8.952,-0.040,4.029,-0.133,0.030,9.140,100061.0,,,,,,,,1
16.120,SYNTHETIC,8.941,-0.074,4.149,0.138,-0.024,8.134,100064.4,,,,,,,,1
16.140,SYNTHETIC,8.806,-0.026,4.334,0.051,0.167,6.899,100064.8,,,,,,,,1
16.160,SYNTHETIC,8.715,0.007,4.409,0.331,-0.007,5.624,100067.1,,,,,,,,1
16.180,SYNTHETIC,8.641,-0.077,4.475,0.166,0.143,4.474,100069.6,,,,,,,,1
16.200,SYNTHETIC,8.634,0.003,4.743,-0.086,0.027,3.260,100069.9,,,,,,,,1
16.220,SYNTHETIC,8.599,0.034,4.770,-0.041,0.094,1.780,100067.7,,,,,,,,1
16.240,SYNTHETIC,8.555,0.010,4.768,-0.207,0.083,0.539,100070.3,,,,,,,,1
16.260,SYNTHETIC,8.452,-0.095,4.932,-0.195,0.142,-0.673,100071.6,,,,,,,,1
16.280,SYNTHETIC,8.395,-0.039,4.998,-0.102,-0.008,-2.048,100073.8,,,,,,,,1
16.300,SYNTHETIC,8.366,-0.035,5.175,-0.153,-0.072,-2.959,100074.2,,,,,,,,1
16.320,SYNTHETIC,8.256,-0.042,5.241,0.009,0.045,-4.255,100078.1,,,,,,,,1
16.340,SYNTHETIC,8.256,-0.028,5.502,0.142,-0.094,-5.645,100075.1,,,,,,,,1
16.360,SYNTHETIC,8.176,0.076,5.548,-0.071,-0.027,-6.812,100073.0,,,,,,,,1
16.380,SYNTHETIC,8.029,-0.062,5.578,0.016,0.052,-8.024,100075.9,,,,,,,,1
16.400,SYNTHETIC,7.996,-0.065,5.805,-0.054,-0.055,-9.226,100079.3,,,,,,,,1
16.420,SYNTHETIC,7.942,0.046,5.781,0.025,0.045,-10.330,100079.3,,,,,,,,1
16.440,SYNTHETIC,7.844,0.064,5.939,-0.013,-0.080,-11.684,100081.2,,,,,,,,1
16.460,SYNTHETIC,7.793,0.072,6.015,0.097,0.002,-12.583,100081.9,,,,,,,,1
16.480,SYNTHETIC,7.695,0.048,6.037,0.033,-0.259,-13.600,100082.1,,,,,,,,1
16.500,SYNTHETIC,7.679,-0.033,6.076,-0.131,-0.091,-14.506,100085.0,,,,,,,,1
16.520,SYNTHETIC,7.619,-0.123,6.251,-0.025,-0.113,-15.700,100088.7,,,,,,,,1
16.540,SYNTHETIC,7.553,0.034,6.384,-0.031,0.026,-16.403,100090.7,,,,,,,,1
16.560,SYNTHETIC,7.524,0.086,6.346,-0.031,-0.073,-17.614,100084.2,,,,,,,,1
16.580,SYNTHETIC,7.418,0.067,6.414,-0.030,-0.021,-18.390,100085.3,,,,,,,,1
16.600,SYNTHETIC,7.359,-0.098,6.531,0.095,0.050,-19.205,100092.1,,,,,,,,1
16.620,SYNTHETIC,7.339,0.012,6.469,-0.054,0.001,-19.870,100092.0,,,,,,,,1
16.640,SYNTHETIC,7.204,-0.014,6.671,-0.068,0.064,-20.793,100095.7,,,,,,,,1
16.660,SYNTHETIC,7.210,-0.061,6.668,-0.114,-0.076,-21.377,100098.4,,,,,,,,1
16.680,SYNTHETIC,7.107,0.009,6.603,-0.029,0.113,-21.816,100098.9,,,,,,,,1
16.700,SYNTHETIC,7.048,0.033,6.762,0.120,0.117,-22.624,100099.2,,,,,,,,1
16.720,SYNTHETIC,7.083,-0.011,6.836,-0.146,-0.011,-23.120,100100.1,,,,,,,,1
16.740,SYNTHETIC,6.906,0.039,6.885,0.120,0.046,-23.629,100100.9,,,,,,,,1
16.760,SYNTHETIC,7.009,0.110,6.859,0.105,-0.141,-23.961,100098.1,,,,,,,,1
16.780,SYNTHETIC,6.921,-0.040,6.851,-0.005,-0.278,-24.057,100106.1,,,,,,,,1
16.800,SYNTHETIC,7.034,-0.091,6.947,-0.004,-0.086,-24.656,100104.8,,,,,,,,1
16.820,SYNTHETIC,6.937,-0.019,6.894,0.004,-0.030,-24.699,100102.0,,,,,,,,1
16.840,SYNTHETIC,6.959,0.000,6.940,0.037,0.052,-24.885,100101.2,,,,,,,,1
16.860,SYNTHETIC,7.010,0.032,6.931,-0.097,-0.004,-24.935,100112.6,,,,,,,,1
16.880,SYNTHETIC,6.921,0.003,6.979,-0.029,-0.003,-25.056,100108.2,,,,,,,,1
16.900,SYNTHETIC,6.956,0.028,6.914,-0.013,-0.046,-24.882,100112.9,,,,,,,,1
16.920,SYNTHETIC,6.974,-0.024,6.937,-0.001,-0.084,-24.760,100109.3,,,,,,,,1
16.940,SYNTHETIC,6.868,-0.073,6.947,-0.041,-0.060,-24.674,100110.2,,,,,,,,1
16.960,SYNTHETIC,6.917,0.069,6.852,0.060,0.231,-24.215,100107.0,,,,,,,,1
16.980,SYNTHETIC,6.958,0.040,6.871,-0.097,-0.008,-24.038,100118.9,,,,,,,,1
17.000,SYNTHETIC,6.976,0.005,6.810,0.111,0.119,-23.560,100114.4,0.0000967,0.0002405,99.5,3,9,22.78,4.085,1
17.020,SYNTHETIC,7.058,0.008,6.826,0.059,-0.160,-23.366,100118.2,,,,,,,,1
17.040,SYNTHETIC,6.998,-0.109,6.784,0.070,-0.191,-22.749,100121.2,,,,,,,,1
17.060,SYNTHETIC,7.147,-0.003,6.751,-0.040,-0.081,-22.217,100119.9,,,,,,,,1
17.080,SYNTHETIC,7.142,-0.048,6.822,0.102,-0.136,-21.680,100120.8,,,,,,,,1
17.100,SYNTHETIC,7.241,-0.045,6.696,0.052,-0.079,-21.009,100119.6,,,,,,,,1
17.120,SYNTHETIC,7.307,-0.022,6.649,0.061,-0.009,-20.265,100122.3,,,,,,,,1
17.140,SYNTHETIC,7.321,-0.003,6.490,-0.006,-0.086,-19.667,100130.5,,,,,,,,1
17.160,SYNTHETIC,7.398,0.041,6.477,-0.074,0.062,-18.812,100128.2,,,,,,,,1
17.180,SYNTHETIC,7.526,0.032,6.385,0.053,0.063,-18.063,100129.8,,,,,,,,1
17.200,SYNTHETIC,7.496,-0.026,6.384,-0.013,-0.217,-17.182,100130.1,,,,,,,,1
17.220,SYNTHETIC,7.531,-0.068,6.209,-0.161,-0.129,-16.261,100126.3,,,,,,,,1
17.240,SYNTHETIC,7.724,0.050,6.167,-0.011,0.098,-15.174,100130.4,,,,,,,,1
17.260,SYNTHETIC,7.661,-0.017,6.120,0.125,0.058,-14.212,100128.5,,,,,,,,1
17.280,SYNTHETIC,7.742,-0.021,5.996,-0.147,-0.068,-12.972,100128.0,,,,,,,,1
17.300,SYNTHETIC,7.854,-0.054,5.944,0.021,-0.095,-11.972,100130.2,,,,,,,,1
17.320,SYNTHETIC,7.946,-0.017,5.872,0.061,0.010,-11.063,100131.8,,,,,,,,1
17.340,SYNTHETIC,7.808,0.072,5.765,0.080,-0.035,-9.800,100139.4,,,,,,,,1
17.360,SYNTHETIC,8.044,0.000,5.607,-0.127,0.070,-8.583,100136.5,,,,,,,,1
17.380,SYNTHETIC,8.102,-0.003,5.524,0.039,0.008,-7.388,100135.8,,,,,,,,1
17.400,SYNTHETIC,8.114,0.039,5.447,-0.047,-0.141,-6.364,100137.2,,,,,,,,1
17.420,SYNTHETIC,8.203,0.035,5.392,-0.067,0.072,-4.763,100139.4,,,,,,,,1
17.440,SYNTHETIC,8.243,-0.035,5.247,-0.112,0.045,-3.752,100143.1,,,,,,,,1
17.460,SYNTHETIC,8.408,-0.036,5.120,-0.006,-0.167,-2.638,100141.7,,,,,,,,1
17.480,SYNTHETIC,8.505,-0.104,5.133,-0.102,-0.185,-1.387,100142.6,,,,,,,,1
17.500,SYNTHETIC,8.368,-0.063,4.929,0.050,-0.044,0.246,100146.2,,,,,,,,1
17.520,SYNTHETIC,8.561,-0.037,4.769,0.002,0.159,1.340,100144.0,,,,,,,,1
17.540,SYNTHETIC,8.493,0.011,4.685,0.159,0.059,2.457,100147.4,,,,,,,,1
17.560,SYNTHETIC,8.673,-0.045,4.549,0.060,0.155,3.728,100149.7,,,,,,,,1
17.580,SYNTHETIC,8.694,-0.014,4.413,-0.054,-0.029,4.932,100149.1,,,,,,,,1
17.600,SYNTHETIC,8.940,-0.012,4.343,0.098,0.013,6.252,100145.6,,,,,,,,1
17.620,SYNTHETIC,8.862,-0.014,4.279,0.075,0.006,7.525,100156.3,,,,,,,,1
17.640,SYNTHETIC,8.792,0.053,4.131,0.128,-0.036,8.679,100152.0,,,,,,,,1
17.660,SYNTHETIC,8.945,0.058,3.960,-0.073,0.259,9.733,100155.7,,,,,,,,1
17.680,SYNTHETIC,8.928,0.070,3.836,-0.052,-0.020,11.129,100151.5,,,,,,,,1
17.700,SYNTHETIC,9.098,0.054,3.749,-0.117,-0.012,12.046,100157.6,,,,,,,,1
17.720,SYNTHETIC,9.071,-0.040,3.719,0.093,0.077,13.147,100163.7,,,,,,,,1
17.740,SYNTHETIC,9.104,-0.010,3.670,-0.189,0.031,14.165,100164.1,,,,,,,,1
17.760,SYNTHETIC,9.221,-0.016,3.428,0.061,0.067,15.199,100159.9,,,,,,,,1
17.780,SYNTHETIC,9.174,0.023,3.393,0.038,-0.186,16.086,100167.2,,,,,,,,1
17.800,SYNTHETIC,9.202,0.011,3.326,-0.044,0.002,17.197,100160.3,,,,,,,,1
17.820,SYNTHETIC,9.219,-0.019,3.305,-0.023,0.000,17.986,100160.4,,,,,,,,1
17.840,SYNTHETIC,9.342,0.031,3.120,-0.071,0.042,18.829,100162.0,,,,,,,,1
17.860,SYNTHETIC,9.371,0.056,3.053,-0.086,0.078,19.764,100165.0,,,,,,,,1
17.880,SYNTHETIC,9.365,0.062,2.983,-0.048,-0.128,20.519,100163.8,,,,,,,,1
17.900,SYNTHETIC,9.385,-0.014,2.923,-0.120,0.280,21.093,100170.5,,,,,,,,1
17.920,SYNTHETIC,9.355,0.029,2.897,0.016,0.000,21.765,100164.3,,,,,,,,1
17.940,SYNTHETIC,9.412,-0.031,2.782,0.025,-0.117,22.304,100172.4,,,,,,,,1
17.960,SYNTHETIC,9.427,0.064,2.694,0.081,-0.001,22.945,100180.0,,,,,,,,1
17.980,SYNTHETIC,9.399,-0.006,2.718,-0.152,0.184,23.413,100174.6,,,,,,,,1
18.000,SYNTHETIC,9.428,-0.006,2.693,-0.135,-0.112,23.933,100174.1,0.0000917,0.0002244,101.9,3,9,22.71,4.088,1
18.020,SYNTHETIC,9.502,0.045,2.635,0.300,0.109,24.007,100171.0,,,,,,,,1
18.040,SYNTHETIC,9.466,-0.034,2.515,0.019,0.152,24.162,100173.4,,,,,,,,1
18.060,SYNTHETIC,9.473,0.011,2.622,0.000,0.094,24.594,100181.9,,,,,,,,1
18.080,SYNTHETIC,9.395,-0.027,2.495,0.027,0.010,24.750,100178.5,,,,,,,,1
18.100,SYNTHETIC,9.506,0.021,2.509,-0.071,-0.060,25.129,100174.2,,,,,,,,1
18.120,SYNTHETIC,9.432,0.072,2.653,0.181,-0.049,25.001,100184.5,,,,,,,,1
18.140,SYNTHETIC,9.532,-0.014,2.580,0.050,0.156,24.755,100182.9,,,,,,,,1
18.160,SYNTHETIC,9.569,-0.030,2.587,-0.066,0.181,24.687,100187.0,,,,,,,,1
18.180,SYNTHETIC,9.376,-0.073,2.523,0.019,-0.013,24.829,100185.4,,,,,,,,1
18.200,SYNTHETIC,9.500,-0.023,2.522,0.153,-0.009,24.512,100186.6,,,,,,,,1
18.220,SYNTHETIC,9.503,-0.068,2.606,0.142,-0.046,24.323,100187.8,,,,,,,,1
18.240,SYNTHETIC,9.407,-0.020,2.576,0.134,0.060,23.958,100189.5,,,,,,,,1
18.260,SYNTHETIC,9.421,0.059,2.642,0.091,0.045,23.513,100192.7,,,,,,,,1
18.280,SYNTHETIC,9.351,0.021,2.740,0.065,-0.054,23.085,100194.8,,,,,,,,1
18.300,SYNTHETIC,9.438,-0.008,2.792,0.093,-0.140,22.603,100199.7,,,,,,,,1
18.320,SYNTHETIC,9.347,0.051,2.864,0.032,0.244,22.078,100194.0,,,,,,,,1
18.340,SYNTHETIC,9.439,0.015,2.847,0.013,-0.076,21.333,100196.9,,,,,,,,1
18.360,SYNTHETIC,9.317,0.078,2.953,0.176,-0.149,20.856,100195.7,,,,,,,,1
18.380,SYNTHETIC,9.358,-0.022,3.056,0.005,0.090,20.063,100197.8,,,,,,,,1
18.400,SYNTHETIC,9.399,0.010,3.165,-0.078,-0.056,19.365,100197.4,,,,,,,,1
18.420,SYNTHETIC,9.258,-0.009,3.277,-0.019,0.111,18.351,100203.9,,,,,,,,1
18.440,SYNTHETIC,9.225,-0.065,3.297,-0.040,0.026,17.564,100199.0,,,,,,,,1
18.460,SYNTHETIC,9.168,0.034,3.364,0.104,0.152,16.682,100206.0,,,,,,,,1
18.480,SYNTHETIC,9.097,-0.076,3.490,0.000,0.024,15.566,100202.2,,,,,,,,1
18.500,SYNTHETIC,9.151,0.023,3.553,0.019,-0.052,14.716,100208.4,,,,,,,,1
18.520,SYNTHETIC,9.128,0.001,3.606,-0.158,-0.147,13.810,100206.4,,,,,,,,1
18.540,SYNTHETIC,9.114,-0.054,3.822,0.136,0.051,12.347,100211.7,,,,,,,,1
18.560,SYNTHETIC,8.986,0.011,3.899,-0.056,-0.021,11.385,100207.5,,,,,,,,1
18.580,SYNTHETIC,8.965,-0.025,3.998,0.061,-0.018,10.486,100207.9,,,,,,,,1
18.600,SYNTHETIC,8.892,0.094,4.120,0.000,-0.030,9.353,100211.7,,,,,,,,1
18.620,SYNTHETIC,8.938,0.042,4.212,-0.139,-0.033,8.045,100209.2,,,,,,,,1
18.640,SYNTHETIC,8.839,-0.031,4.221,-0.229,0.071,6.730,100217.7,,,,,,,,1
18.660,SYNTHETIC,8.715,-0.064,4.351,-0.067,0.085,5.658,100216.8,,,,,,,,1
18.680,SYNTHETIC,8.763,-0.008,4.503,0.033,-0.052,4.311,100214.8,,,,,,,,1
18.700,SYNTHETIC,8.697,0.005,4.654,0.028,-0.060,3.297,100217.7,,,,,,,,1
18.720,SYNTHETIC,8.592,0.003,4.731,0.168,-0.080,1.780,100214.4,,,,,,,,1
18.740,SYNTHETIC,8.416,0.100,4.809,-0.108,0.173,0.514,100217.1,,,,,,,,1
18.760,SYNTHETIC,8.460,0.012,4.864,-0.183,-0.016,-0.551,100217.7,,,,,,,,1
18.780,SYNTHETIC,8.375,-0.024,5.005,0.056,-0.119,-1.846,100225.4,,,,,,,,1
18.800,SYNTHETIC,8.331,0.026,5.133,0.140,0.099,-3.277,100228.5,,,,,,,,1
18.820,SYNTHETIC,8.323,0.014,5.242,-0.097,0.050,-4.272,100227.8,,,,,,,,1
18.840,SYNTHETIC,8.180,0.049,5.347,-0.018,-0.106,-5.604,100223.1,,,,,,,,1
18.860,SYNTHETIC,8.232,-0.111,5.465,0.052,-0.035,-6.874,100225.4,,,,,,,,1
18.880,SYNTHETIC,8.007,-0.009,5.598,0.033,0.131,-7.963,100227.2,,,,,,,,1
18.900,SYNTHETIC,8.066,-0.017,5.763,-0.033,-0.121,-9.134,100228.6,,,,,,,,1
18.920,SYNTHETIC,7.897,0.093,5.782,-0.063,-0.099,-10.351,100231.5,,,,,,,,1
18.940,SYNTHETIC,7.785,0.014,5.868,0.314,-0.210,-11.454,100229.9,,,,,,,,1
18.960,SYNTHETIC,7.740,0.061,5.941,0.055,0.108,-12.376,100233.6,,,,,,,,1
18.980,SYNTHETIC,7.652,-0.010,6.144,0.227,0.092,-13.569,100234.9,,,,,,,,1
19.000,SYNTHETIC,7.483,-0.112,6.155,0.007,-0.109,-14.653,100231.0,0.0001194,0.0002399,88.8,3,9,22.60,4.088,1
19.020,SYNTHETIC,7.565,-0.038,6.203,-0.096,-0.172,-15.824,100231.8,,,,,,,,1
19.040,SYNTHETIC,7.451,-0.049,6.319,0.131,0.152,-16.689,100236.7,,,,,,,,1
19.060,SYNTHETIC,7.304,-0.020,6.419,-0.078,-0.024,-17.719,100245.9,,,,,,,,1
19.080,SYNTHETIC,7.385,0.073,6.434,-0.015,0.028,-18.455,100242.1,,,,,,,,1
19.100,SYNTHETIC,7.307,0.076,6.458,-0.011,0.274,-19.295,100240.8,,,,,,,,1
19.120,SYNTHETIC,7.250,-0.034,6.628,-0.059,0.138,-20.083,100235.5,,,,,,,,1
19.140,SYNTHETIC,7.195,-0.062,6.637,0.106,0.135,-20.844,100237.9,,,,,,,,1
19.160,SYNTHETIC,7.158,-0.007,6.704,0.027,-0.069,-21.389,100243.4,,,,,,,,1
19.180,SYNTHETIC,7.148,0.010,6.642,0.220,-0.145,-22.044,100236.7,,,,,,,,1
19.200,SYNTHETIC,7.067,-0.031,6.777,0.088,0.005,-22.716,100246.7,,,,,,,,1
19.220,SYNTHETIC,7.075,-0.041,6.820,0.031,0.006,-23.158,100249.6,,,,,,,,1
19.240,SYNTHETIC,7.022,0.008,6.775,-0.055,-0.053,-23.313,100261.3,,,,,,,,1
19.260,SYNTHETIC,6.972,0.013,6.898,-0.021,0.224,-24.004,100247.1,,,,,,,,1
19.280,SYNTHETIC,7.001,0.002,6.917,-0.054,-0.120,-24.119,100250.3,,,,,,,,1
19.300,SYNTHETIC,6.936,0.019,6.928,-0.030,0.019,-24.488,100256.9,,,,,,,,1
19.320,SYNTHETIC,6.956,-0.024,6.904,-0.037,0.106,-24.829,100247.6,,,,,,,,1
19.340,SYNTHETIC,7.041,0.030,6.862,-0.016,-0.065,-25.010,100257.6,,,,,,,,1
19.360,SYNTHETIC,6.843,-0.031,6.973,0.013,-0.118,-24.963,100252.4,,,,,,,,1
19.380,SYNTHETIC,6.929,0.082,6.918,-0.066,0.043,-25.121,100263.7,,,,,,,,1
19.400,SYNTHETIC,6.760,-0.049,6.913,-0.029,-0.080,-25.153,100258.8,,,,,,,,1
19.420,SYNTHETIC,6.880,-0.017,6.853,0.049,0.032,-24.707,100257.5,,,,,,,,1
19.440,SYNTHETIC,6.871,0.036,6.829,0.139,-0.042,-24.723,100264.7,,,,,,,,1
19.460,SYNTHETIC,6.970,0.081,6.872,0.121,0.033,-24.493,100260.7,,,,,,,,1
19.480,SYNTHETIC,6.898,-0.033,6.837,0.076,-0.166,-24.255,100267.9,,,,,,,,1
19.500,SYNTHETIC,7.082,-0.017,6.879,-0.103,-0.108,-23.693,100266.1,,,,,,,,1
19.520,SYNTHETIC,7.073,-0.064,6.886,-0.065,0.005,-23.350,100265.6,,,,,,,,1
19.540,SYNTHETIC,7.123,-0.013,6.809,-0.113,-0.191,-22.964,100269.0,,,,,,,,1
19.560,SYNTHETIC,7.183,-0.104,6.710,-0.095,0.280,-22.306,100275.3,,,,,,,,1
19.580,SYNTHETIC,7.105,-0.033,6.791,0.016,0.094,-21.757,100267.9,,,,,,,,1
19.600,SYNTHETIC,7.188,-0.021,6.552,-0.201,-0.058,-21.001,100270.7,,,,,,,,1
19.620,SYNTHETIC,7.361,0.023,6.628,0.097,-0.115,-20.445,100271.8,,,,,,,,1
19.640,SYNTHETIC,7.321,0.069,6.519,-0.048,0.156,-19.588,100269.3,,,,,,,,1
19.660,SYNTHETIC,7.378,0.092,6.467,-0.043,-0.058,-18.630,100273.9,,,,,,,,1
19.680,SYNTHETIC,7.438,-0.095,6.455,0.064,-0.098,-17.983,100275.4,,,,,,,,1
19.700,SYNTHETIC,7.452,-0.038,6.238,-0.062,-0.058,-17.252,100275.7,,,,,,,,1
19.720,SYNTHETIC,7.539,-0.004,6.335,0.115,0.065,-16.321,100277.0,,,,,,,,1
19.740,SYNTHETIC,7.567,-0.004,6.336,-0.082,0.016,-15.254,100276.6,,,,,,,,1
19.760,SYNTHETIC,7.626,0.011,6.146,0.003,0.062,-14.226,100275.9,,,,,,,,1
19.780,SYNTHETIC,7.711,-0.015,6.052,-0.092,-0.057,-13.337,100280.0,,,,,,,,1
19.800,SYNTHETIC,7.745,0.095,5.954,-0.122,0.115,-11.986,100283.2,,,,,,,,1
19.820,SYNTHETIC,7.924,0.064,5.786,-0.012,0.039,-10.998,100281.6,,,,,,,,1
19.840,SYNTHETIC,7.881,-0.007,5.682,-0.145,0.064,-9.801,100282.5,,,,,,,,1
19.860,SYNTHETIC,8.041,-0.041,5.723,-0.121,-0.023,-8.568,100287.3,,,,,,,,1
19.880,SYNTHETIC,8.122,-0.116,5.596,0.031,-0.056,-7.554,100289.2,,,,,,,,1
19.900,SYNTHETIC,8.212,-0.046,5.467,0.015,0.048,-6.050,100290.0,,,,,,,,1
19.920,SYNTHETIC,8.295,0.066,5.389,-0.013,0.040,-4.846,100290.8,,,,,,,,1
19.940,SYNTHETIC,8.338,-0.013,5.171,0.079,-0.097,-3.741,100292.7,,,,,,,,1
19.960,SYNTHETIC,8.399,-0.059,5.193,0.125,0.117,-2.397,100292.4,,,,,,,,1
19.980,SYNTHETIC,8.415,-0.089,4.975,-0.106,0.125,-1.242,100292.8,,,,,,,,1
20.000,SYNTHETIC,8.506,-0.052,4.863,-0.026,-0.028,-0.157,100299.7,0.0001401,0.0002700,82.4,3,9,,4.082,1
20.020,SYNTHETIC,8.634,0.016,4.752,-0.156,0.075,1.295,100295.0,,,,,,,,1
20.040,SYNTHETIC,8.492,0.071,4.714,0.070,0.085,2.423,100295.9,,,,,,,,1
20.060,SYNTHETIC,8.589,0.082,4.567,-0.056,-0.077,3.711,100296.0,,,,,,,,1
20.080,SYNTHETIC,8.630,-0.009,4.441,0.080,0.093,5.069,100302.2,,,,,,,,1
20.100,SYNTHETIC,8.826,0.061,4.345,0.010,0.034,6.125,100301.0,,,,,,,,1
20.120,SYNTHETIC,8.942,0.008,4.256,-0.021,-0.083,7.343,100302.1,,,,,,,,1
20.140,SYNTHETIC,8.924,0.074,4.110,0.044,-0.033,8.622,100307.7,,,,,,,,1
20.160,SYNTHETIC,8.925,-0.036,3.952,0.048,0.086,9.921,100303.8,,,,,,,,1
20.180,SYNTHETIC,9.000,0.059,3.908,0.177,-0.124,10.816,100305.4,,,,,,,,1
20.200,SYNTHETIC,9.057,0.061,3.808,-0.023,0.175,11.920,100308.1,,,,,,,,1
20.220,SYNTHETIC,9.032,0.013,3.654,-0.016,-0.036,13.137,100311.2,,,,,,,,1
20.240,SYNTHETIC,9.094,-0.098,3.554,0.047,-0.076,14.257,100305.6,,,,,,,,1
20.260,SYNTHETIC,9.097,0.020,3.463,-0.194,0.090,15.235,100314.0,,,,,,,,1
20.280,SYNTHETIC,9.182,-0.014,3.332,0.028,-0.008,16.472,100315.3,,,,,,,,1
20.300,SYNTHETIC,9.253,0.003,3.334,-0.008,0.052,17.134,100313.1,,,,,,,,1
20.320,SYNTHETIC,9.398,0.072,3.297,0.105,0.015,17.980,100312.8,,,,,,,,1
20.340,SYNTHETIC,9.264,-0.116,3.201,0.016,-0.114,18.948,100313.9,,,,,,,,1
20.360,SYNTHETIC,9.377,0.058,3.093,0.198,-0.039,19.605,100318.7,,,,,,,,1
20.380,SYNTHETIC,9.427,0.104,3.002,0.008,-0.082,20.380,100314.9,,,,,,,,1
20.400,SYNTHETIC,9.390,-0.014,2.913,0.077,-0.025,21.134,100317.0,,,,,,,,1
20.420,SYNTHETIC,9.390,-0.037,2.872,0.185,0.143,21.715,100321.0,,,,,,,,1
20.440,SYNTHETIC,9.422,0.009,2.876,0.052,0.059,22.263,100322.9,,,,,,,,1
20.460,SYNTHETIC,9.366,-0.004,2.735,-0.210,-0.049,23.041,100323.6,,,,,,,,1
20.480,SYNTHETIC,9.388,-0.001,2.738,-0.016,0.080,23.249,100320.1,,,,,,,,1
20.500,SYNTHETIC,9.442,-0.086,2.612,0.209,-0.191,23.858,100323.1,,,,,,,,1
20.520,SYNTHETIC,9.540,0.068,2.636,0.028,0.033,24.352,100325.2,,,,,,,,1
20.540,SYNTHETIC,9.408,0.051,2.698,0.204,-0.040,24.444,100323.4,,,,,,,,1
20.560,SYNTHETIC,9.604,-0.020,2.580,-0.001,0.170,24.680,100327.4,,,,,,,,1
20.580,SYNTHETIC,9.418,-0.026,2.535,0.116,0.057,24.692,100332.3,,,,,,,,1
20.600,SYNTHETIC,9.438,0.062,2.505,0.018,-0.053,24.941,100330.2,,,,,,,,1
20.620,SYNTHETIC,9.498,-0.056,2.546,-0.111,-0.072,24.978,100331.4,,,,,,,,1
20.640,SYNTHETIC,9.562,-0.029,2.547,0.086,-0.042,25.023,100331.5,,,,,,,,1
20.660,SYNTHETIC,9.446,0.039,2.570,0.001,0.063,24.927,100336.6,,,,,,,,1
20.680,SYNTHETIC,9.439,0.004,2.604,-0.001,-0.257,24.844,100335.0,,,,,,,,1
20.700,SYNTHETIC,9.485,0.032,2.625,-0.022,0.114,24.591,100334.3,,,,,,,,1
20.720,SYNTHETIC,9.543,-0.034,2.520,-0.097,0.037,24.144,100337.0,,,,,,,,1
20.740,SYNTHETIC,9.355,0.057,2.639,-0.105,-0.042,23.839,100344.6,,,,,,,,1
20.760,SYNTHETIC,9.487,-0.058,2.675,-0.064,-0.059,23.554,100343.4,,,,,,,,1
20.780,SYNTHETIC,9.376,0.047,2.738,0.043,0.102,23.039,100340.9,,,,,,,,1
20.800,SYNTHETIC,9.389,-0.010,2.732,-0.099,-0.049,22.728,100338.7,,,,,,,,1
20.820,SYNTHETIC,9.342,0.016,2.797,-0.003,-0.119,22.168,100346.3,,,,,,,,1
20.840,SYNTHETIC,9.310,-0.027,2.864,-0.026,-0.042,21.567,100345.6,,,,,,,,1
20.860,SYNTHETIC,9.341,-0.031,2.954,-0.031,0.097,20.826,100343.8,,,,,,,,1
20.880,SYNTHETIC,9.243,-0.013,3.037,-0.144,0.092,20.006,100351.3,,,,,,,,1
20.900,SYNTHETIC,9.297,0.043,3.104,-0.086,-0.036,19.371,100345.3,,,,,,,,1
20.920,SYNTHETIC,9.195,-0.024,3.192,-0.029,-0.129,18.507,100348.4,,,,,,,,1
20.940,SYNTHETIC,9.239,-0.055,3.241,-0.171,-0.015,17.799,100350.0,,,,,,,,1
20.960,SYNTHETIC,9.166,-0.061,3.411,-0.086,-0.031,16.541,100350.2,,,,,,,,1
20.980,SYNTHETIC,9.184,0.061,3.435,-0.145,-0.060,15.552,100350.6,,,,,,,,1
21.000,SYNTHETIC,9.097,0.061,3.501,0.002,-0.134,14.636,100353.8,0.0001495,0.0002702,80.5,3,9,,4.083,1
21.020,SYNTHETIC,9.249,-0.048,3.699,-0.008,-0.050,13.635,100351.1,,,,,,,,1
21.040,SYNTHETIC,9.173,0.032,3.795,0.011,0.014,12.712,100355.4,,,,,,,,1
21.060,SYNTHETIC,8.995,-0.052,3.888,0.164,-0.167,11.539,100359.2,,,,,,,,1
21.080,SYNTHETIC,8.887,0.027,3.964,-0.120,0.047,10.227,100360.6,,,,,,,,1
21.100,SYNTHETIC,8.939,-0.090,4.051,-0.146,0.072,9.101,100363.2,,,,,,,,1
21.120,SYNTHETIC,8.871,-0.028,4.101,-0.003,0.008,8.028,100359.5,,,,,,,,1
21.140,SYNTHETIC,8.788,-0.030,4.307,-0.169,-0.115,6.992,100355.9,,,,,,,,1
21.160,SYNTHETIC,8.798,-0.026,4.318,0.116,0.011,5.660,100362.4,,,,,,,,1
21.180,SYNTHETIC,8.782,0.011,4.501,0.128,0.078,4.391,100366.9,,,,,,,,1
21.200,SYNTHETIC,8.675,-0.050,4.666,-0.045,-0.205,3.229,100365.3,,,,,,,,1
21.220,SYNTHETIC,8.652,-0.005,4.698,0.024,-0.008,1.962,100368.5,,,,,,,,1
21.240,SYNTHETIC,8.616,-0.064,4.874,-0.086,0.086,0.798,100367.6,,,,,,,,1
21.260,SYNTHETIC,8.445,0.014,4.973,-0.127,0.030,-0.498,100369.8,,,,,,,,1
21.280,SYNTHETIC,8.447,0.002,5.146,-0.056,-0.019,-1.787,100369.3,,,,,,,,1
21.300,SYNTHETIC,8.388,0.036,5.122,-0.131,0.186,-3.188,100371.7,,,,,,,,1
21.320,SYNTHETIC,8.347,-0.024,5.244,0.040,0.103,-4.347,100370.0,,,,,,,,1
21.340,SYNTHETIC,8.225,0.057,5.346,-0.072,0.101,-5.733,100374.7,,,,,,,,1
21.360,SYNTHETIC,8.205,-0.055,5.484,-0.190,-0.075,-6.877,100374.4,,,,,,,,1
21.380,SYNTHETIC,8.163,0.034,5.589,-0.039,0.079,-8.127,100377.2,,,,,,,,1
21.400,SYNTHETIC,7.955,0.027,5.641,0.093,0.123,-9.113,100380.4,,,,,,,,1
21.420,SYNTHETIC,7.851,0.024,5.811,-0.054,-0.102,-10.407,100385.0,,,,,,,,1
21.440,SYNTHETIC,7.855,-0.048,5.915,0.040,0.035,-11.486,100378.6,,,,,,,,1
21.460,SYNTHETIC,7.812,0.008,6.024,-0.058,0.145,-12.705,100386.0,,,,,,,,1
21.480,SYNTHETIC,7.676,-0.048,6.039,0.098,-0.116,-13.540,100385.8,,,,,,,,1
21.500,SYNTHETIC,7.601,-0.019,6.107,0.052,-0.097,-14.534,100378.5,,,,,,,,1
21.520,SYNTHETIC,7.582,-0.062,6.287,-0.059,0.146,-15.737,100382.0,,,,,,,,1
21.540,SYNTHETIC,7.559,0.000,6.218,0.051,0.087,-16.608,100384.7,,,,,,,,1
21.560,SYNTHETIC,7.496,0.004,6.342,-0.041,0.160,-17.425,100382.6,,,,,,,,1
21.580,SYNTHETIC,7.430,0.017,6.343,0.187,-0.024,-18.575,100386.0,,,,,,,,1
21.600,SYNTHETIC,7.284,-0.065,6.420,0.067,0.073,-19.161,100393.5,,,,,,,,1
21.620,SYNTHETIC,7.278,-0.128,6.580,-0.132,-0.070,-20.007,100388.7,,,,,,,,1
21.640,SYNTHETIC,7.275,0.041,6.712,-0.031,0.116,-20.818,100395.9,,,,,,,,1
21.660,SYNTHETIC,7.181,0.148,6.693,-0.171,0.002,-21.470,100386.8,,,,,,,,1
21.680,SYNTHETIC,7.108,0.048,6.732,-0.069,-0.021,-22.138,100399.6,,,,,,,,1
21.700,SYNTHETIC,7.184,-0.012,6.745,0.044,0.095,-22.525,100398.7,,,,,,,,1
21.720,SYNTHETIC,7.011,0.135,6.711,-0.045,-0.147,-23.029,100395.8,,,,,,,,1
21.740,SYNTHETIC,7.118,-0.084,6.768,0.114,0.069,-23.553,100397.9,,,,,,,,1
21.760,SYNTHETIC,6.923,0.046,6.806,-0.217,0.144,-23.996,100394.7,,,,,,,,1
21.780,SYNTHETIC,7.001,-0.016,6.834,-0.192,-0.060,-24.501,100399.0,,,,,,,,1
21.800,SYNTHETIC,7.023,-0.018,6.993,0.011,-0.008,-24.629,100395.1,,,,,,,,1
21.820,SYNTHETIC,6.938,-0.048,6.996,-0.008,0.216,-24.770,100401.9,,,,,,,,1
21.840,SYNTHETIC,7.005,0.021,6.961,0.082,0.024,-24.763,100407.7,,,,,,,,1
21.860,SYNTHETIC,6.896,-0.017,6.847,-0.045,0.005,-25.046,100407.3,,,,,,,,1
21.880,SYNTHETIC,6.998,-0.101,6.916,0.103,-0.138,-25.018,100404.0,,,,,,,,1
21.900,SYNTHETIC,6.884,-0.073,6.933,0.005,0.066,-24.845,100412.9,,,,,,,,1
21.920,SYNTHETIC,6.918,-0.011,6.936,-0.044,-0.070,-24.883,100405.8,,,,,,,,1
21.940,SYNTHETIC,7.011,-0.085,6.888,-0.081,-0.146,-24.658,100410.5,,,,,,,,1
21.960,SYNTHETIC,6.952,-0.006,6.834,-0.065,0.221,-24.383,100410.2,,,,,,,,1
21.980,SYNTHETIC,7.065,0.017,6.929,-0.089,0.092,-23.940,100412.4,,,,,,,,1
22.000,SYNTHETIC,7.006,-0.007,6.836,-0.190,0.027,-23.863,100415.8,0.0001472,0.0002981,77.1,3,9,,4.083,1
22.020,SYNTHETIC,7.076,0.044,6.803,-0.116,-0.026,-23.175,100413.3,,,,,,,,1
22.040,SYNTHETIC,7.088,0.041,6.784,0.253,0.117,-22.880,100413.3,,,,,,,,1
22.060,SYNTHETIC,7.131,0.004,6.728,0.006,0.070,-22.399,100415.6,,,,,,,,1
22.080,SYNTHETIC,7.195,0.010,6.628,0.121,-0.029,-21.811,100422.5,,,,,,,,1
22.100,SYNTHETIC,7.233,0.072,6.583,-0.029,-0.096,-21.097,100417.3,,,,,,,,1
22.120,SYNTHETIC,7.255,0.003,6.594,-0.086,0.042,-20.580,100415.0,,,,,,,,1
22.140,SYNTHETIC,7.245,0.096,6.557,0.154,-0.033,-19.560,100421.3,,,,,,,,1
22.160,SYNTHETIC,7.377,-0.008,6.474,0.038,0.059,-18.884,100421.5,,,,,,,,1
22.180,SYNTHETIC,7.311,-0.078,6.324,-0.051,-0.001,-17.929,100433.7,,,,,,,,1
22.200,SYNTHETIC,7.391,-0.105,6.339,-0.055,-0.041,-17.024,100424.6,,,,,,,,1
22.220,SYNTHETIC,7.546,-0.052,6.297,0.077,-0.041,-16.088,100430.8,,,,,,,,1
22.240,SYNTHETIC,7.539,-0.073,6.244,-0.014,0.058,-15.205,100427.9,,,,,,,,1
22.260,SYNTHETIC,7.684,0.008,6.115,-0.090,0.191,-13.918,100429.0,,,,,,,,1
22.280,SYNTHETIC,7.743,-0.063,5.943,0.065,-0.011,-13.126,100424.7,,,,,,,,1
22.300,SYNTHETIC,7.739,-0.047,5.913,-0.034,0.135,-11.996,100427.0,,,,,,,,1
22.320,SYNTHETIC,7.849,-0.001,5.900,0.100,0.129,-10.869,100432.4,,,,,,,,1
22.340,SYNTHETIC,8.053,-0.005,5.742,-0.069,-0.001,-9.916,100431.9,,,,,,,,1
22.360,SYNTHETIC,7.983,-0.010,5.679,0.250,-0.046,-8.619,100434.1,,,,,,,,1
22.380,SYNTHETIC,8.098,0.106,5.414,0.001,0.147,-7.337,100430.8,,,,,,,,1
22.400,SYNTHETIC,8.085,-0.009,5.375,0.066,0.188,-6.278,100438.7,,,,,,,,1
22.420,SYNTHETIC,8.231,-0.097,5.355,-0.036,0.012,-4.880,100438.4,,,,,,,,1
22.440,SYNTHETIC,8.246,0.012,5.323,0.129,0.042,-3.585,100439.6,,,,,,,,1
22.460,SYNTHETIC,8.443,-0.076,5.132,-0.047,-0.184,-2.410,100439.4,,,,,,,,1
22.480,SYNTHETIC,8.357,-0.032,4.920,0.177,-0.225,-1.390,100447.8,,,,,,,,1
22.500,SYNTHETIC,8.479,0.061,4.981,0.007,-0.160,-0.113,100448.4,,,,,,,,1
22.520,SYNTHETIC,8.604,-0.025,4.752,0.109,-0.144,1.150,100446.6,,,,,,,,1
22.540,SYNTHETIC,8.647,0.001,4.718,-0.111,0.136,2.483,100440.3,,,,,,,,1
22.560,SYNTHETIC,8.624,-0.107,4.477,-0.012,-0.239,3.624,100445.1,,,,,,,,1
22.580,SYNTHETIC,8.749,-0.019,4.500,0.053,0.038,4.898,100450.5,,,,,,,,1
22.600,SYNTHETIC,8.772,0.062,4.356,0.088,0.123,6.137,100445.0,,,,,,,,1
22.620,SYNTHETIC,8.887,0.012,4.111,0.036,-0.038,7.369,100454.2,,,,,,,,1
22.640,SYNTHETIC,8.942,-0.006,4.118,-0.131,0.141,8.589,100453.6,,,,,,,,1
22.660,SYNTHETIC,8.962,-0.045,3.978,0.100,0.142,9.649,100447.3,,,,,,,,1
22.680,SYNTHETIC,8.971,0.052,3.853,0.091,0.126,10.861,100457.1,,,,,,,,1
22.700,SYNTHETIC,9.107,-0.057,3.774,-0.089,0.189,11.926,100447.9,,,,,,,,1
22.720,SYNTHETIC,9.104,0.031,3.739,-0.064,0.020,13.084,100459.3,,,,,,,,1
22.740,SYNTHETIC,9.112,-0.028,3.658,0.066,-0.138,14.298,100455.3,,,,,,,,1
22.760,SYNTHETIC,9.157,0.031,3.526,-0.084,0.026,15.339,100457.8,,,,,,,,1
22.780,SYNTHETIC,9.158,0.061,3.311,0.034,-0.037,16.074,100456.2,,,,,,,,1
22.800,SYNTHETIC,9.210,-0.018,3.294,-0.107,-0.019,17.173,100463.7,,,,,,,,1
22.820,SYNTHETIC,9.184,0.023,3.117,0.032,-0.131,17.970,100459.4,,,,,,,,1
22.840,SYNTHETIC,9.268,-0.033,3.192,0.115,-0.131,18.778,100470.7,,,,,,,,1
22.860,SYNTHETIC,9.289,0.040,3.060,0.024,-0.031,19.557,100463.5,,,,,,,,1
22.880,SYNTHETIC,9.251,-0.103,2.908,-0.130,0.094,20.535,100467.2,,,,,,,,1
22.900,SYNTHETIC,9.450,0.056,3.051,0.155,0.048,21.129,100464.2,,,,,,,,1
22.920,SYNTHETIC,9.400,0.089,2.879,-0.056,-0.140,21.864,100468.4,,,,,,,,1
22.940,SYNTHETIC,9.407,0.044,2.764,-0.055,0.085,22.380,100465.8,,,,,,,,1
22.960,SYNTHETIC,9.376,0.048,2.832,0.117,0.009,22.834,100470.4,,,,,,,,1
22.980,SYNTHETIC,9.440,-0.032,2.704,-0.053,-0.199,23.286,100470.5,,,,,,,,1
23.000,SYNTHETIC,9.495,0.026,2.644,-0.131,0.062,23.855,100475.9,0.0001709,0.0003047,69.1,3,9,,4.080,1
23.020,SYNTHETIC,9.430,-0.008,2.568,0.020,0.028,24.082,100474.9,,,,,,,,1
23.040,SYNTHETIC,9.422,-0.067,2.626,-0.033,-0.142,24.086,100471.8,,,,,,,,1
23.060,SYNTHETIC,9.471,0.083,2.662,0.054,0.085,24.645,100473.6,,,,,,,,1
23.080,SYNTHETIC,9.512,-0.037,2.518,0.021,-0.099,24.876,100481.4,,,,,,,,1
23.100,SYNTHETIC,9.523,0.012,2.633,0.006,0.053,24.963,100475.5,,,,,,,,1
23.120,SYNTHETIC,9.396,-0.055,2.582,0.098,0.018,24.931,100483.0,,,,,,,,1
23.140,SYNTHETIC,9.467,-0.036,2.547,-0.039,0.087,24.899,100481.2,,,,,,,,1
23.160,SYNTHETIC,9.474,-0.018,2.520,0.153,-0.040,24.828,100489.5,,,,,,,,1
23.180,SYNTHETIC,9.495,-0.051,2.552,-0.033,-0.005,24.680,100481.4,,,,,,,,1
23.200,SYNTHETIC,9.473,0.009,2.626,-0.026,-0.232,24.491,100487.8,,,,,,,,1
23.220,SYNTHETIC,9.474,0.046,2.620,0.173,-0.024,24.221,100487.3,,,,,,,,1
23.240,SYNTHETIC,9.465,0.030,2.562,-0.139,-0.064,23.916,100481.0,,,,,,,,1
23.260,SYNTHETIC,9.430,-0.037,2.620,-0.013,0.045,23.514,100492.7,,,,,,,,1
23.280,SYNTHETIC,9.476,0.066,2.801,-0.081,0.020,23.120,100495.5,,,,,,,,1
23.300,SYNTHETIC,9.450,-0.027,2.824,-0.113,-0.079,22.770,100493.6,,,,,,,,1
23.320,SYNTHETIC,9.484,0.018,2.804,0.073,-0.006,22.131,100490.6,,,,,,,,1
23.340,SYNTHETIC,9.432,0.054,2.907,0.121,-0.013,21.353,100492.2,,,,,,,,1
23.360,SYNTHETIC,9.404,0.045,2.934,-0.124,0.024,20.782,100494.8,,,,,,,,1
23.380,SYNTHETIC,9.312,0.005,3.004,-0.010,-0.083,20.003,100496.5,,,,,,,,1
23.400,SYNTHETIC,9.346,0.095,3.155,-0.293,0.084,19.057,100492.8,,,,,,,,1
23.420,SYNTHETIC,9.241,-0.032,3.156,0.099,-0.145,18.347,100499.0,,,,,,,,1
23.440,SYNTHETIC,9.186,0.041,3.274,-0.019,0.062,17.509,100493.7,,,,,,,,1
23.460,SYNTHETIC,9.193,0.036,3.376,0.027,-0.048,16.706,100497.2,,,,,,,,1
23.480,SYNTHETIC,9.277,0.051,3.442,0.098,-0.082,15.839,100504.5,,,,,,,,1
23.500,SYNTHETIC,9.184,0.011,3.499,-0.073,-0.007,14.735,100506.7,,,,,,,,1
23.520,SYNTHETIC,9.057,-0.013,3.608,-0.131,-0.029,13.597,100503.8,,,,,,,,1
23.540,SYNTHETIC,9.089,-0.012,3.843,-0.160,0.174,12.642,100499.4,,,,,,,,1
23.560,SYNTHETIC,9.055,0.006,3.877,0.024,-0.037,11.486,100512.2,,,,,,,,1
23.580,SYNTHETIC,8.926,-0.039,3.911,-0.186,-0.227,10.358,100511.9,,,,,,,,1
23.600,SYNTHETIC,8.906,-0.077,4.115,-0.015,-0.164,9.175,100510.8,,,,,,,,1
23.620,SYNTHETIC,8.937,-0.130,4.068,0.041,-0.085,8.044,100514.9,,,,,,,,1
23.640,SYNTHETIC,8.826,0.071,4.304,-0.075,0.051,6.839,100511.1,,,,,,,,1
23.660,SYNTHETIC,8.761,-0.087,4.328,-0.099,0.078,5.640,100511.2,,,,,,,,1
23.680,SYNTHETIC,8.722,-0.095,4.504,-0.077,-0.287,4.380,100518.7,,,,,,,,1
23.700,SYNTHETIC,8.650,0.088,4.667,0.047,0.023,3.012,100512.1,,,,,,,,1
23.720,SYNTHETIC,8.659,0.010,4.759,-0.161,-0.150,1.860,100515.9,,,,,,,,1
23.740,SYNTHETIC,8.571,0.081,4.846,-0.092,0.032,0.673,100514.8,,,,,,,,1
23.760,SYNTHETIC,8.433,-0.014,5.023,0.015,-0.119,-0.556,100519.5,,,,,,,,1
23.780,SYNTHETIC,8.415,-0.020,5.146,0.250,-0.178,-2.091,100523.5,,,,,,,,1
23.800,SYNTHETIC,8.390,0.064,5.178,-0.013,0.010,-3.196,100518.9,,,,,,,,1
23.820,SYNTHETIC,8.232,-0.034,5.283,0.129,0.077,-4.386,100523.9,,,,,,,,1
23.840,SYNTHETIC,8.172,-0.032,5.408,-0.054,-0.073,-5.479,100518.8,,,,,,,,1
23.860,SYNTHETIC,8.144,-0.011,5.482,0.003,0.079,-6.772,100527.5,,,,,,,,1
23.880,SYNTHETIC,8.090,0.059,5.627,0.047,-0.081,-8.169,100527.9,,,,,,,,1
23.900,SYNTHETIC,7.972,0.021,5.678,0.028,-0.226,-9.201,100523.3,,,,,,,,1
23.920,SYNTHETIC,7.943,0.057,5.815,0.182,-0.071,-10.349,100525.5,,,,,,,,1
23.940,SYNTHETIC,7.913,0.097,5.943,-0.133,0.115,-11.564,100536.0,,,,,,,,1
23.960,SYNTHETIC,7.806,0.056,6.081,0.036,-0.067,-12.619,100530.1,,,,,,,,1
23.980,SYNTHETIC,7.685,0.082,6.068,-0.143,0.022,-13.657,100530.4,,,,,,,,1
24.000,SYNTHETIC,7.653,-0.042,6.191,0.015,0.237,-14.500,100533.9,0.0001713,0.0003313,66.9,3,9,,4.079,1
24.020,SYNTHETIC,7.567,-0.051,6.258,0.128,0.050,-15.682,100544.6,,,,,,,,1
24.040,SYNTHETIC,7.479,-0.087,6.368,-0.111,0.045,-16.694,100529.3,,,,,,,,1
24.060,SYNTHETIC,7.478,0.049,6.439,-0.136,0.243,-17.556,100538.1,,,,,,,,1
24.080,SYNTHETIC,7.428,-0.041,6.378,0.048,-0.039,-18.483,100539.2,,,,,,,,1
24.100,SYNTHETIC,7.270,0.093,6.431,0.269,-0.048,-19.306,100539.7,,,,,,,,1
24.120,SYNTHETIC,7.276,0.008,6.681,-0.148,0.113,-20.046,100546.4,,,,,,,,1
24.140,SYNTHETIC,7.199,0.105,6.611,0.019,-0.079,-20.718,100539.5,,,,,,,,1
24.160,SYNTHETIC,7.127,-0.016,6.707,0.015,0.042,-21.381,100543.1,,,,,,,,1
24.180,SYNTHETIC,7.270,-0.082,6.652,0.083,0.215,-22.065,100544.1,,,,,,,,1
24.200,SYNTHETIC,7.102,0.067,6.728,-0.006,-0.110,-22.500,100539.6,,,,,,,,1
24.220,SYNTHETIC,7.094,-0.122,6.802,-0.227,-0.006,-23.333,100549.4,,,,,,,,1
24.240,SYNTHETIC,7.004,-0.085,6.832,-0.272,0.282,-23.667,100544.8,,,,,,,,1
24.260,SYNTHETIC,6.980,-0.038,6.944,-0.066,0.029,-23.787,100547.0,,,,,,,,1
24.280,SYNTHETIC,7.043,-0.037,6.880,0.052,-0.091,-24.282,100552.2,,,,,,,,1
24.300,SYNTHETIC,6.904,-0.062,6.956,0.081,0.048,-24.458,100552.7,,,,,,,,1
24.320,SYNTHETIC,7.022,-0.020,6.934,-0.010,0.132,-24.691,100557.3,,,,,,,,1
24.340,SYNTHETIC,6.953,-0.012,6.939,-0.019,-0.015,-24.959,100551.7,,,,,,,,1
24.360,SYNTHETIC,6.870,0.063,6.834,0.089,0.001,-25.128,100555.8,,,,,,,,1
24.380,SYNTHETIC,6.889,0.019,6.856,-0.016,-0.161,-25.062,100556.5,,,,,,,,1
24.400,SYNTHETIC,6.921,0.046,6.931,-0.058,-0.023,-25.019,100556.9,,,,,,,,1
24.420,SYNTHETIC,6.968,0.052,6.961,0.133,0.037,-24.817,100559.9,,,,,,,,1
24.440,SYNTHETIC,6.923,0.017,6.869,-0.015,0.072,-24.658,100556.6,,,,,,,,1
24.460,SYNTHETIC,7.054,-0.010,6.956,-0.105,-0.033,-24.532,100555.8,,,,,,,,1
24.480,SYNTHETIC,7.023,-0.050,6.860,0.130,-0.111,-24.067,100564.1,,,,,,,,1
24.500,SYNTHETIC,6.990,0.030,6.797,-0.041,0.156,-23.965,100555.5,,,,,,,,1
24.520,SYNTHETIC,7.139,-0.077,6.788,-0.003,0.101,-23.433,100561.7,,,,,,,,1
24.540,SYNTHETIC,7.155,-0.036,6.783,-0.074,0.004,-22.968,100559.6,,,,,,,,1
24.560,SYNTHETIC,7.099,0.013,6.755,0.020,0.003,-22.324,100566.1,,,,,,,,1
24.580,SYNTHETIC,7.172,-0.055,6.707,-0.065,0.020,-21.950,100566.6,,,,,,,,1
24.600,SYNTHETIC,7.293,-0.058,6.641,-0.046,0.041,-21.117,100568.9,,,,,,,,1
24.620,SYNTHETIC,7.252,-0.082,6.586,0.093,-0.125,-20.478,100577.4,,,,,,,,1
24.640,SYNTHETIC,7.351,-0.012,6.531,0.014,0.099,-19.684,100573.7,,,,,,,,1
24.660,SYNTHETIC,7.396,0.128,6.404,-0.118,0.123,-18.913,100570.1,,,,,,,,1
24.680,SYNTHETIC,7.391,0.016,6.355,0.018,-0.114,-18.242,100576.8,,,,,,,,1
24.700,SYNTHETIC,7.469,-0.041,6.240,0.026,0.128,-17.120,100574.1,,,,,,,,1
24.720,SYNTHETIC,7.531,-0.114,6.287,-0.089,0.013,-16.049,100583.7,,,,,,,,1
24.740,SYNTHETIC,7.645,0.042,6.210,-0.086,-0.047,-15.050,100575.3,,,,,,,,1
24.760,SYNTHETIC,7.575,0.011,6.137,0.137,-0.079,-14.021,100580.6,,,,,,,,1
24.780,SYNTHETIC,7.704,0.025,5.963,-0.029,0.078,-13.179,100578.2,,,,,,,,1
24.800,SYNTHETIC,7.805,-0.001,5.963,0.002,-0.186,-12.071,100581.1,,,,,,,,1
24.820,SYNTHETIC,7.833,0.038,5.860,-0.122,0.002,-10.859,100582.6,,,,,,,,1
24.840,SYNTHETIC,7.977,-0.065,5.818,0.020,0.086,-9.692,100582.2,,,,,,,,1
24.860,SYNTHETIC,8.079,-0.034,5.645,-0.096,0.133,-8.557,100587.1,,,,,,,,1
24.880,SYNTHETIC,8.083,0.001,5.464,0.109,0.030,-7.328,100583.0,,,,,,,,1
24.900,SYNTHETIC,8.087,-0.035,5.496,-0.006,0.060,-6.085,100582.5,,,,,,,,1
24.920,SYNTHETIC,8.242,-0.096,5.286,-0.055,-0.185,-4.961,100585.5,,,,,,,,1
24.940,SYNTHETIC,8.284,-0.048,5.289,0.056,0.067,-3.905,100584.6,,,,,,,,1
24.960,SYNTHETIC,8.414,-0.065,5.167,-0.061,0.053,-2.693,100593.0,,,,,,,,1
24.980,SYNTHETIC,8.415,-0.052,5.011,0.058,-0.082,-1.126,100594.0,,,,,,,,1
25.000,SYNTHETIC,8.530,0.069,4.942,-0.042,-0.160,0.226,100593.6,0.0001816,0.0003714,56.4,3,9,22.20,4.078,1
25.020,SYNTHETIC,8.560,-0.054,4.830,0.206,-0.267,1.335,100592.4,,,,,,,,1
25.040,SYNTHETIC,8.646,-0.043,4.761,-0.067,-0.016,2.578,100594.5,,,,,,,,1
25.060,SYNTHETIC,8.844,0.032,4.580,-0.177,0.043,3.761,100596.5,,,,,,,,1
25.080,SYNTHETIC,8.756,0.004,4.485,0.232,0.068,5.022,100598.1,,,,,,,,1
25.100,SYNTHETIC,8.827,0.048,4.348,0.013,-0.057,6.132,100597.7,,,,,,,,1
25.120,SYNTHETIC,8.740,-0.048,4.249,0.223,0.044,7.499,100597.3,,,,,,,,1
25.140,SYNTHETIC,8.906,-0.025,4.122,0.013,-0.222,8.534,100600.2,,,,,,,,1
25.160,SYNTHETIC,8.962,0.063,3.946,-0.007,0.069,9.835,100598.5,,,,,,,,1
25.180,SYNTHETIC,8.983,0.005,3.893,-0.025,0.090,10.979,100599.1,,,,,,,,1
25.200,SYNTHETIC,8.951,0.110,3.774,-0.109,0.127,12.169,100598.2,,,,,,,,1
25.220,SYNTHETIC,9.090,0.083,3.678,0.206,-0.022,13.161,100599.3,,,,,,,,1
25.240,SYNTHETIC,9.143,0.008,3.626,-0.080,0.083,14.263,100610.0,,,,,,,,1
25.260,SYNTHETIC,9.137,0.109,3.554,-0.030,-0.004,15.210,100607.9,,,,,,,,1
25.280,SYNTHETIC,9.168,0.068,3.446,0.026,-0.046,16.245,100608.1,,,,,,,,1
25.300,SYNTHETIC,9.207,-0.047,3.215,0.068,0.140,17.209,100604.6,,,,,,,,1
25.320,SYNTHETIC,9.190,-0.011,3.211,0.084,-0.114,18.029,100610.2,,,,,,,,1
25.340,SYNTHETIC,9.276,-0.034,3.092,0.117,0.056,18.879,100613.2,,,,,,,,1
25.360,SYNTHETIC,9.389,0.110,3.040,-0.030,0.132,19.610,100613.8,,,,,,,,1
25.380,SYNTHETIC,9.437,0.026,2.920,-0.171,-0.097,20.478,100620.1,,,,,,,,1
25.400,SYNTHETIC,9.374,0.081,2.960,0.175,-0.055,21.036,100616.2,,,,,,,,1
25.420,SYNTHETIC,9.356,0.025,2.926,-0.080,0.057,21.918,100616.5,,,,,,,,1
25.440,SYNTHETIC,9.353,-0.027,2.742,0.055,0.078,22.354,100619.3,,,,,,,,1
25.460,SYNTHETIC,9.425,0.008,2.682,-0.355,0.016,22.774,100626.2,,,,,,,,1
25.480,SYNTHETIC,9.456,0.029,2.806,-0.104,-0.068,23.556,100620.6,,,,,,,,1
25.500,SYNTHETIC,9.413,-0.045,2.624,-0.010,0.011,23.572,100621.0,,,,,,,,1
25.520,SYNTHETIC,9.340,-0.041,2.529,-0.208,0.010,24.234,100622.1,,,,,,,,1
25.540,SYNTHETIC,9.500,0.033,2.639,-0.072,0.102,24.267,100627.8,,,,,,,,1
25.560,SYNTHETIC,9.455,-0.011,2.543,-0.002,0.188,24.825,100622.7,,,,,,,,1
25.580,SYNTHETIC,9.474,-0.093,2.603,0.010,0.001,24.797,100627.0,,,,,,,,1
25.600,SYNTHETIC,9.443,-0.038,2.542,0.009,0.009,25.020,100629.1,,,,,,,,1
25.620,SYNTHETIC,9.514,0.044,2.562,0.045,0.002,24.844,100631.0,,,,,,,,1
25.640,SYNTHETIC,9.478,-0.041,2.466,-0.072,0.001,24.982,100630.0,,,,,,,,1
25.660,SYNTHETIC,9.497,0.137,2.501,0.087,-0.143,25.034,100638.9,,,,,,,,1
25.680,SYNTHETIC,9.496,-0.049,2.639,0.103,-0.051,24.635,100630.8,,,,,,,,1
25.700,SYNTHETIC,9.460,0.071,2.616,-0.043,-0.057,24.636,100632.3,,,,,,,,1
25.720,SYNTHETIC,9.422,-0.010,2.640,-0.188,0.098,24.405,100637.0,,,,,,,,1
25.740,SYNTHETIC,9.443,0.020,2.616,-0.015,0.075,23.970,100638.1,,,,,,,,1
25.760,SYNTHETIC,9.433,-0.080,2.612,-0.042,-0.133,23.514,100638.1,,,,,,,,1
25.780,SYNTHETIC,9.476,0.000,2.759,-0.131,0.135,23.065,100637.6,,,,,,,,1
25.800,SYNTHETIC,9.385,-0.027,2.706,-0.003,0.129,22.664,100638.0,,,,,,,,1
25.820,SYNTHETIC,9.400,0.004,2.875,-0.115,0.002,22.072,100646.4,,,,,,,,1
25.840,SYNTHETIC,9.295,-0.052,2.856,-0.088,-0.046,21.410,100646.3,,,,,,,,1
25.860,SYNTHETIC,9.268,0.057,2.938,0.028,-0.258,20.910,100645.5,,,,,,,,1
25.880,SYNTHETIC,9.264,0.000,3.075,0.044,-0.166,20.007,100647.7,,,,,,,,1
25.900,SYNTHETIC,9.377,0.100,3.101,-0.178,-0.154,19.263,100650.8,,,,,,,,1
25.920,SYNTHETIC,9.256,-0.092,3.292,-0.001,0.124,18.572,100652.4,,,,,,,,1
25.940,SYNTHETIC,9.216,0.024,3.339,0.133,-0.155,17.870,100647.4,,,,,,,,1
25.960,SYNTHETIC,9.231,0.004,3.279,0.115,0.043,16.803,100650.9,,,,,,,,1
25.980,SYNTHETIC,9.183,0.043,3.420,0.173,-0.013,15.782,100656.3,,,,,,,,1
26.000,SYNTHETIC,9.179,0.078,3.492,0.038,-0.007,14.707,100654.5,0.0001906,0.0003884,51.5,3,9,22.23,4.077,1
26.020,SYNTHETIC,9.179,-0.045,3.580,0.024,-0.020,13.545,100650.2,,,,,,,,1
26.040,SYNTHETIC,9.079,0.091,3.714,0.043,0.094,12.670,100656.7,,,,,,,,1
26.060,SYNTHETIC,9.086,-0.011,3.905,-0.108,0.050,11.569,100650.7,,,,,,,,1
26.080,SYNTHETIC,8.962,-0.030,3.984,0.081,0.079,10.359,100660.5,,,,,,,,1
26.100,SYNTHETIC,8.938,-0.043,4.117,0.059,0.138,9.203,100657.2,,,,,,,,1
26.120,SYNTHETIC,8.900,0.001,4.111,-0.088,0.017,8.061,100658.5,,,,,,,,1
26.140,SYNTHETIC,8.821,-0.099,4.282,0.052,-0.057,6.829,100662.1,,,,,,,,1
26.160,SYNTHETIC,8.741,-0.046,4.373,0.142,0.226,5.729,100658.6,,,,,,,,1
26.180,SYNTHETIC,8.685,0.002,4.460,-0.129,0.141,4.240,100665.4,,,,,,,,1
26.200,SYNTHETIC,8.691,0.008,4.683,0.148,0.068,3.037,100664.8,,,,,,,,1
26.220,SYNTHETIC,8.736,-0.014,4.691,0.082,-0.026,1.885,100666.7,,,,,,,,1
26.240,SYNTHETIC,8.498,0.000,4.859,-0.004,0.062,0.593,100667.8,,,,,,,,1
26.260,SYNTHETIC,8.430,0.040,4.950,0.148,0.007,-0.687,100664.6,,,,,,,,1
26.280,SYNTHETIC,8.491,-0.181,5.079,0.029,0.107,-1.994,100669.2,,,,,,,,1
26.300,SYNTHETIC,8.316,0.023,5.188,-0.159,-0.016,-3.178,100673.3,,,,,,,,1
26.320,SYNTHETIC,8.275,-0.083,5.374,-0.051,-0.031,-4.333,100675.9,,,,,,,,1
26.340,SYNTHETIC,8.100,0.019,5.359,0.145,0.048,-5.706,100673.1,,,,,,,,1
26.360,SYNTHETIC,8.217,0.054,5.489,-0.085,0.096,-6.839,100668.7,,,,,,,,1
26.380,SYNTHETIC,8.046,0.055,5.559,-0.096,0.032,-7.944,100666.5,,,,,,,,1
26.400,SYNTHETIC,8.031,0.129,5.683,0.080,-0.110,-9.219,100678.2,,,,,,,,1
26.420,SYNTHETIC,7.863,0.044,5.861,-0.094,-0.135,-10.360,100672.7,,,,,,,,1
26.440,SYNTHETIC,7.909,0.075,5.943,-0.074,-0.036,-11.644,100677.6,,,,,,,,1
26.460,SYNTHETIC,7.831,-0.090,5.960,-0.045,-0.049,-12.545,100677.4,,,,,,,,1
26.480,SYNTHETIC,7.675,0.049,6.086,0.075,0.112,-13.724,100684.9,,,,,,,,1
26.500,SYNTHETIC,7.702,-0.009,6.195,0.141,0.090,-14.665,100678.9,,,,,,,,1
26.520,SYNTHETIC,7.588,0.066,6.196,-0.130,0.169,-15.859,100684.8,,,,,,,,1
26.540,SYNTHETIC,7.546,-0.033,6.265,-0.212,0.026,-16.632,100690.1,,,,,,,,1
26.560,SYNTHETIC,7.461,-0.007,6.337,-0.237,0.046,-17.604,100686.5,,,,,,,,1
26.580,SYNTHETIC,7.338,-0.002,6.482,-0.085,-0.095,-18.429,100683.1,,,,,,,,1
26.600,SYNTHETIC,7.274,-0.049,6.517,-0.040,0.016,-19.382,100685.8,,,,,,,,1
26.620,SYNTHETIC,7.268,-0.026,6.559,0.119,0.154,-20.092,100691.8,,,,,,,,1
26.640,SYNTHETIC,7.208,0.042,6.680,-0.146,-0.046,-20.656,100690.6,,,,,,,,1
26.660,SYNTHETIC,7.229,0.037,6.624,0.145,0.027,-21.336,100694.5,,,,,,,,1
26.680,SYNTHETIC,7.190,0.016,6.631,-0.075,-0.146,-21.880,100697.9,,,,,,,,1
26.700,SYNTHETIC,7.188,0.029,6.825,-0.096,-0.061,-22.743,100694.5,,,,,,,,1
26.720,SYNTHETIC,7.032,0.084,6.781,0.148,-0.042,-23.214,100692.7,,,,,,,,1
26.740,SYNTHETIC,7.019,-0.131,6.795,-0.100,0.034,-23.573,100691.6,,,,,,,,1
26.760,SYNTHETIC,6.972,0.009,6.909,0.022,-0.049,-23.680,100700.0,,,,,,,,1
26.780,SYNTHETIC,7.051,-0.013,6.912,0.048,-0.074,-24.249,100702.6,,,,,,,,1
26.800,SYNTHETIC,7.025,-0.009,6.944,0.033,0.033,-24.831,100697.4,,,,,,,,1
26.820,SYNTHETIC,6.930,-0.004,6.976,0.026,-0.257,-24.715,100700.2,,,,,,,,1
26.840,SYNTHETIC,6.958,-0.008,6.924,0.162,-0.016,-24.839,100697.7,,,,,,,,1
26.860,SYNTHETIC,6.911,-0.045,6.894,-0.040,-0.025,-25.025,100702.8,,,,,,,,1
26.880,SYNTHETIC,6.925,0.019,6.895,0.006,0.066,-25.056,100704.0,,,,,,,,1
26.900,SYNTHETIC,6.890,-0.008,6.971,0.037,-0.024,-24.885,100707.0,,,,,,,,1
26.920,SYNTHETIC,6.849,-0.021,6.878,0.058,-0.160,-24.761,100710.2,,,,,,,,1
26.940,SYNTHETIC,7.009,-0.012,6.861,0.164,0.094,-24.649,100708.8,,,,,,,,1
26.960,SYNTHETIC,6.942,0.054,6.882,-0.006,-0.008,-24.615,100703.5,,,,,,,,1
26.980,SYNTHETIC,6.993,-0.018,6.800,-0.219,0.093,-24.142,100709.8,,,,,,,,1
27.000,SYNTHETIC,7.134,-0.075,6.918,-0.001,0.116,-23.772,100711.5,0.0001891,0.0004069,53.7,3,9,22.06,4.080,1
27.020,SYNTHETIC,7.009,-0.072,6.728,-0.099,0.147,-23.355,100707.5,,,,,,,,1
27.040,SYNTHETIC,7.156,0.024,6.746,0.083,-0.008,-22.934,100712.1,,,,,,,,1
27.060,SYNTHETIC,7.159,0.012,6.752,0.022,-0.113,-22.348,100715.6,,,,,,,,1
27.080,SYNTHETIC,7.193,0.024,6.647,0.144,0.073,-21.760,100716.1,,,,,,,,1
27.100,SYNTHETIC,7.113,-0.038,6.633,-0.020,0.096,-20.777,100717.9,,,,,,,,1
27.120,SYNTHETIC,7.268,-0.062,6.549,-0.119,-0.134,-20.373,100724.9,,,,,,,,1
27.140,SYNTHETIC,7.222,0.001,6.533,-0.095,0.031,-19.588,100718.9,,,,,,,,1
27.160,SYNTHETIC,7.406,0.057,6.493,-0.085,-0.112,-18.954,100724.7,,,,,,,,1
27.180,SYNTHETIC,7.447,-0.072,6.384,-0.002,-0.125,-18.104,100725.7,,,,,,,,1
27.200,SYNTHETIC,7.420,0.007,6.287,0.050,-0.050,-17.184,100719.4,,,,,,,,1
27.220,SYNTHETIC,7.533,-0.001,6.305,0.214,0.173,-16.226,100723.7,,,,,,,,1
27.240,SYNTHETIC,7.546,0.046,6.264,0.172,-0.150,-15.061,100731.3,,,,,,,,1
27.260,SYNTHETIC,7.584,-0.163,6.125,0.060,0.095,-14.270,100736.4,,,,,,,,1
27.280,SYNTHETIC,7.705,0.094,6.086,0.020,0.018,-13.202,100729.9,,,,,,,,1
27.300,SYNTHETIC,7.822,0.081,6.019,0.153,0.103,-12.051,100729.3,,,,,,,,1
27.320,SYNTHETIC,7.903,-0.004,5.872,-0.047,0.026,-10.873,100727.0,,,,,,,,1
27.340,SYNTHETIC,7.925,-0.019,5.750,0.149,0.118,-9.700,100728.0,,,,,,,,1
27.360,SYNTHETIC,8.005,-0.103,5.597,0.290,-0.008,-8.415,100731.0,,,,,,,,1
27.380,SYNTHETIC,8.053,-0.018,5.528,0.057,-0.076,-7.579,100738.2,,,,,,,,1
27.400,SYNTHETIC,8.119,0.016,5.448,-0.059,-0.010,-6.087,100729.3,,,,,,,,1
27.420,SYNTHETIC,8.155,-0.030,5.307,0.016,0.256,-5.079,100740.0,,,,,,,,1
27.440,SYNTHETIC,8.331,-0.036,5.196,-0.100,0.020,-3.630,100742.4,,,,,,,,1
27.460,SYNTHETIC,8.403,0.090,5.063,-0.033,0.005,-2.530,100739.9,,,,,,,,1
27.480,SYNTHETIC,8.408,-0.084,5.006,-0.031,-0.154,-1.299,100748.2,,,,,,,,1
27.500,SYNTHETIC,8.472,-0.065,4.837,0.030,0.135,-0.022,100741.1,,,,,,,,1
27.520,SYNTHETIC,8.500,-0.015,4.780,-0.001,0.223,1.247,100740.1,,,,,,,,1
27.540,SYNTHETIC,8.649,0.007,4.697,-0.039,0.124,2.528,100746.2,,,,,,,,1
27.560,SYNTHETIC,8.677,-0.036,4.596,0.036,-0.076,3.681,100746.1,,,,,,,,1
27.580,SYNTHETIC,8.638,0.043,4.585,0.105,-0.064,5.055,100746.6,,,,,,,,1
27.600,SYNTHETIC,8.852,-0.026,4.459,-0.036,0.088,6.367,100745.1,,,,,,,,1
27.620,SYNTHETIC,8.914,-0.018,4.218,-0.072,0.023,7.478,100746.2,,,,,,,,1
27.640,SYNTHETIC,8.972,0.023,4.138,-0.095,0.010,8.724,100750.1,,,,,,,,1
27.660,SYNTHETIC,8.955,-0.008,4.055,0.000,-0.087,9.841,100753.2,,,,,,,,1
27.680,SYNTHETIC,9.014,-0.033,3.950,0.135,-0.096,10.949,100752.5,,,,,,,,1
27.700,SYNTHETIC,9.054,-0.055,3.753,-0.128,-0.074,12.031,100756.6,,,,,,,,1
27.720,SYNTHETIC,9.145,-0.056,3.822,0.076,-0.002,12.960,100757.0,,,,,,,,1
27.740,SYNTHETIC,9.146,-0.004,3.606,0.050,0.018,14.255,100757.5,,,,,,,,1
27.760,SYNTHETIC,9.191,0.010,3.531,-0.086,-0.026,15.124,100753.8,,,,,,,,1
27.780,SYNTHETIC,9.158,-0.101,3.314,0.011,-0.028,16.325,100763.8,,,,,,,,1
27.800,SYNTHETIC,9.296,-0.075,3.314,0.130,0.173,17.133,100759.6,,,,,,,,1
27.820,SYNTHETIC,9.193,-0.016,3.227,0.019,0.135,17.991,100766.7,,,,,,,,1
27.840,SYNTHETIC,9.306,0.011,3.092,-0.124,0.090,19.031,100764.7,,,,,,,,1
27.860,SYNTHETIC,9.305,-0.051,3.085,0.014,-0.009,19.591,100763.3,,,,,,,,1
27.880,SYNTHETIC,9.417,-0.009,3.011,-0.088,-0.075,20.485,100757.3,,,,,,,,1
27.900,SYNTHETIC,9.316,0.026,2.909,-0.062,-0.109,21.248,100767.1,,,,,,,,1
27.920,SYNTHETIC,9.359,-0.008,2.822,0.075,-0.073,21.852,100769.6,,,,,,,,1
27.940,SYNTHETIC,9.339,0.058,2.808,-0.024,-0.121,22.338,100766.1,,,,,,,,1
27.960,SYNTHETIC,9.376,0.098,2.762,-0.215,0.081,22.851,100765.9,,,,,,,,1
27.980,SYNTHETIC,9.435,0.019,2.673,0.043,0.008,23.144,100770.0,,,,,,,,1
28.000,SYNTHETIC,9.437,0.023,2.685,0.016,-0.109,23.978,100773.3,0.0002003,0.0004310,42.2,3,9,22.05,4.074,1
28.020,SYNTHETIC,9.446,-0.046,2.624,0.011,-0.037,24.002,100772.9,,,,,,,,1
28.040,SYNTHETIC,9.401,0.090,2.706,0.117,0.049,24.549,100773.8,,,,,,,,1
28.060,SYNTHETIC,9.445,-0.036,2.561,0.098,0.129,24.703,100771.6,,,,,,,,1
28.080,SYNTHETIC,9.346,0.039,2.517,-0.104,-0.044,24.658,100773.3,,,,,,,,1
28.100,SYNTHETIC,9.499,-0.028,2.581,-0.066,0.185,25.103,100779.6,,,,,,,,1
28.120,SYNTHETIC,9.468,0.103,2.559,0.056,0.071,25.035,100782.1,,,,,,,,1
28.140,SYNTHETIC,9.427,0.079,2.577,0.213,-0.192,24.771,100780.1,,,,,,,,1
28.160,SYNTHETIC,9.497,0.011,2.536,0.334,-0.050,24.774,100785.3,,,,,,,,1
28.180,SYNTHETIC,9.481,0.054,2.557,-0.211,0.165,24.779,100784.9,,,,,,,,1
28.200,SYNTHETIC,9.428,0.009,2.528,-0.105,-0.037,24.626,100781.8,,,,,,,,1
28.220,SYNTHETIC,9.351,0.005,2.668,0.119,-0.111,24.330,100794.3,,,,,,,,1
28.240,SYNTHETIC,9.363,-0.023,2.706,-0.051,0.070,24.034,100788.7,,,,,,,,1
28.260,SYNTHETIC,9.361,0.025,2.699,-0.010,0.187,23.633,100789.9,,,,,,,,1
28.280,SYNTHETIC,9.333,-0.004,2.768,0.038,0.060,23.241,100788.6,,,,,,,,1
28.300,SYNTHETIC,9.395,0.023,2.809,-0.013,0.017,22.625,100789.3,,,,,,,,1
28.320,SYNTHETIC,9.372,0.063,2.806,-0.122,-0.129,22.057,100792.5,,,,,,,,1
28.340,SYNTHETIC,9.346,0.038,2.841,-0.030,-0.058,21.397,100791.3,,,,,,,,1
28.360,SYNTHETIC,9.265,0.004,2.974,0.050,-0.017,20.756,100795.9,,,,,,,,1
28.380,SYNTHETIC,9.335,0.004,3.019,-0.071,0.086,19.973,100791.9,,,,,,,,1
28.400,SYNTHETIC,9.295,-0.021,3.096,-0.176,-0.058,19.338,100794.2,,,,,,,,1
28.420,SYNTHETIC,9.297,-0.082,3.260,0.050,-0.054,18.351,100798.7,,,,,,,,1
28.440,SYNTHETIC,9.259,-0.081,3.285,-0.048,0.149,17.659,100797.7,,,,,,,,1
28.460,SYNTHETIC,9.175,-0.061,3.380,-0.168,-0.067,16.732,100796.9,,,,,,,,1
28.480,SYNTHETIC,9.118,-0.001,3.443,0.016,-0.042,15.754,100799.3,,,,,,,,1
28.500,SYNTHETIC,9.035,0.009,3.600,-0.046,0.042,14.693,100804.4,,,,,,,,1
28.520,SYNTHETIC,9.097,0.018,3.603,-0.013,0.141,13.721,100802.2,,,,,,,,1
28.540,SYNTHETIC,9.074,0.007,3.736,-0.166,0.003,12.643,100802.8,,,,,,,,1
28.560,SYNTHETIC,8.920,0.093,3.824,-0.260,0.091,11.700,100806.0,,,,,,,,1
28.580,SYNTHETIC,8.907,-0.105,4.011,0.020,-0.075,10.471,100806.7,,,,,,,,1
28.600,SYNTHETIC,8.880,0.096,4.079,-0.042,-0.145,9.199,100808.8,,,,,,,,1
28.620,SYNTHETIC,8.928,-0.015,4.112,-0.048,-0.166,7.994,100812.1,,,,,,,,1
28.640,SYNTHETIC,8.937,0.018,4.212,-0.009,0.006,6.936,100810.7,,,,,,,,1
28.660,SYNTHETIC,8.707,0.001,4.380,-0.006,0.043,5.435,100810.7,,,,,,,,1
28.680,SYNTHETIC,8.771,-0.026,4.420,0.102,0.043,4.279,100816.3,,,,,,,,1
28.700,SYNTHETIC,8.805,-0.001,4.583,-0.038,0.159,2.994,100814.7,,,,,,,,1
28.720,SYNTHETIC,8.562,-0.009,4.719,0.302,0.153,1.776,100813.8,,,,,,,,1
28.740,SYNTHETIC,8.559,0.065,4.844,-0.098,0.014,0.679,100817.0,,,,,,,,1
28.760,SYNTHETIC,8.410,-0.034,5.001,0.017,-0.020,-0.673,100817.8,,,,,,,,1
28.780,SYNTHETIC,8.428,-0.009,5.111,-0.077,0.056,-1.879,100817.1,,,,,,,,1
28.800,SYNTHETIC,8.285,-0.041,5.063,0.012,-0.009,-3.060,100820.5,,,,,,,,1
28.820,SYNTHETIC,8.281,-0.005,5.328,-0.013,0.130,-4.339,100818.7,,,,,,,,1
28.840,SYNTHETIC,8.154,0.039,5.459,0.080,0.117,-5.728,100816.9,,,,,,,,1
28.860,SYNTHETIC,8.073,0.007,5.512,-0.221,0.176,-6.665,100822.3,,,,,,,,1
28.880,SYNTHETIC,8.073,0.031,5.644,-0.183,0.002,-8.123,100823.0,,,,,,,,1
28.900,SYNTHETIC,7.985,-0.009,5.641,-0.113,-0.012,-9.409,100824.6,,,,,,,,1
28.920,SYNTHETIC,7.963,-0.003,5.724,0.017,0.130,-10.445,100830.1,,,,,,,,1
28.940,SYNTHETIC,7.757,0.043,5.895,-0.044,0.072,-11.686,100831.7,,,,,,,,1
28.960,SYNTHETIC,7.714,0.088,5.952,0.102,0.086,-12.506,100833.5,,,,,,,,1
28.980,SYNTHETIC,7.656,-0.007,6.107,0.128,0.061,-13.608,100829.1,,,,,,,,1
29.000,SYNTHETIC,7.586,-0.042,6.113,-0.052,0.030,-14.580,100833.7,0.0002134,0.0004376,42.1,3,9,21.94,4.076,1
29.020,SYNTHETIC,7.610,0.053,6.173,-0.097,-0.046,-15.633,100834.9,,,,,,,,1
29.040,SYNTHETIC,7.475,-0.031,6.324,-0.026,-0.083,-16.470,100832.6,,,,,,,,1
29.060,SYNTHETIC,7.471,-0.069,6.420,-0.069,-0.012,-17.502,100830.1,,,,,,,,1
29.080,SYNTHETIC,7.397,0.021,6.449,0.036,-0.173,-18.447,100839.0,,,,,,,,1
29.100,SYNTHETIC,7.325,0.040,6.427,0.078,-0.079,-19.279,100840.5,,,,,,,,1
29.120,SYNTHETIC,7.331,-0.021,6.516,-0.094,-0.023,-20.227,100834.5,,,,,,,,1
29.140,SYNTHETIC,7.188,0.003,6.579,0.032,-0.046,-20.831,100842.2,,,,,,,,1
29.160,SYNTHETIC,7.216,-0.062,6.645,-0.054,-0.068,-21.534,100840.3,,,,,,,,1
29.180,SYNTHETIC,7.026,-0.024,6.796,-0.048,-0.111,-22.093,100843.3,,,,,,,,1
29.200,SYNTHETIC,7.138,-0.020,6.695,-0.016,0.006,-22.519,100843.4,,,,,,,,1
29.220,SYNTHETIC,6.995,-0.132,6.745,0.065,-0.136,-23.138,100846.8,,,,,,,,1
29.240,SYNTHETIC,7.043,-0.056,6.904,-0.126,-0.071,-23.406,100845.5,,,,,,,,1
29.260,SYNTHETIC,7.031,-0.078,6.860,0.130,-0.053,-23.970,100846.5,,,,,,,,1
29.280,SYNTHETIC,6.990,-0.034,6.850,0.013,0.117,-24.278,100851.9,,,,,,,,1
29.300,SYNTHETIC,6.943,-0.147,6.925,-0.102,-0.101,-24.530,100846.5,,,,,,,,1
29.320,SYNTHETIC,6.908,0.023,6.846,0.015,0.116,-24.746,100848.0,,,,,,,,1
29.340,SYNTHETIC,6.873,0.061,6.898,0.150,0.089,-25.025,100851.3,,,,,,,,1
29.360,SYNTHETIC,6.908,0.004,6.955,-0.014,-0.075,-24.884,100850.5,,,,,,,,1
29.380,SYNTHETIC,6.964,-0.055,7.031,-0.157,-0.026,-25.063,100854.3,,,,,,,,1
29.400,SYNTHETIC,6.983,0.004,6.864,0.005,0.014,-24.769,100860.5,,,,,,,,1
29.420,SYNTHETIC,7.043,-0.008,6.923,0.031,-0.091,-24.835,100857.3,,,,,,,,1
29.440,SYNTHETIC,6.923,0.050,7.045,-0.031,0.063,-24.535,100854.6,,,,,,,,1
29.460,SYNTHETIC,6.952,0.017,6.897,-0.043,0.049,-24.581,100855.7,,,,,,,,1
29.480,SYNTHETIC,6.991,0.024,6.884,-0.174,-0.112,-24.150,100860.7,,,,,,,,1
29.500,SYNTHETIC,7.040,-0.062,6.864,-0.035,-0.018,-23.827,100859.1,,,,,,,,1
29.520,SYNTHETIC,7.055,-0.017,6.696,0.012,-0.074,-23.424,100863.0,,,,,,,,1
29.540,SYNTHETIC,7.144,0.048,6.733,0.051,0.113,-22.825,100867.4,,,,,,,,1
29.560,SYNTHETIC,7.140,-0.027,6.738,0.039,-0.114,-22.448,100868.1,,,,,,,,1
29.580,SYNTHETIC,7.104,0.077,6.642,-0.062,-0.037,-21.695,100860.8,,,,,,,,1
29.600,SYNTHETIC,7.243,0.020,6.629,-0.083,0.012,-21.106,100868.6,,,,,,,,1
29.620,SYNTHETIC,7.202,0.010,6.580,-0.059,-0.147,-20.362,100872.1,,,,,,,,1
29.640,SYNTHETIC,7.387,-0.069,6.558,0.333,0.080,-19.701,100872.2,,,,,,,,1
29.660,SYNTHETIC,7.359,0.054,6.471,-0.033,-0.159,-18.982,100874.2,,,,,,,,1
29.680,SYNTHETIC,7.403,-0.006,6.468,0.129,0.010,-17.995,100874.4,,,,,,,,1
29.700,SYNTHETIC,7.437,0.102,6.379,-0.009,-0.032,-17.111,100876.8,,,,,,,,1
29.720,SYNTHETIC,7.510,-0.039,6.198,-0.137,-0.122,-16.012,100878.8,,,,,,,,1
29.740,SYNTHETIC,7.643,-0.082,6.217,-0.052,-0.068,-15.183,100871.5,,,,,,,,1
29.760,SYNTHETIC,7.716,-0.035,6.102,0.110,0.084,-14.269,100874.5,,,,,,,,1
29.780,SYNTHETIC,7.704,0.038,5.956,0.057,-0.063,-13.166,100878.4,,,,,,,,1
29.800,SYNTHETIC,7.853,0.067,5.975,-0.168,-0.009,-12.055,100883.3,,,,,,,,1
29.820,SYNTHETIC,7.892,-0.008,5.811,0.127,-0.076,-11.032,100879.3,,,,,,,,1
29.840,SYNTHETIC,7.867,0.024,5.804,0.013,-0.081,-9.744,100882.7,,,,,,,,1
29.860,SYNTHETIC,7.996,-0.023,5.699,-0.216,-0.084,-8.564,100880.3,,,,,,,,1
29.880,SYNTHETIC,8.021,0.009,5.467,-0.072,-0.044,-7.459,100891.3,,,,,,,,1
29.900,SYNTHETIC,8.313,0.048,5.418,-0.120,-0.071,-6.043,100888.7,,,,,,,,1
29.920,SYNTHETIC,8.232,-0.028,5.293,0.180,-0.085,-5.005,100884.9,,,,,,,,1
29.940,SYNTHETIC,8.299,0.073,5.214,0.022,0.234,-3.735,100886.7,,,,,,,,1
29.960,SYNTHETIC,8.362,-0.078,5.140,-0.022,0.024,-2.400,100888.8,,,,,,,,1
29.980,SYNTHETIC,8.469,0.039,4.932,0.023,0.126,-1.499,100886.6,,,,,,,,1
30.000,SYNTHETIC,8.481,-0.016,4.822,0.017,0.074,-0.025,100892.4,0.0002378,0.0004567,36.9,3,9,21.88,9.900,1
30.020,SYNTHETIC,8.601,-0.001,4.809,0.046,0.058,1.301,100893.5,,,,,,,,1
30.040,SYNTHETIC,8.607,0.011,4.639,-0.079,0.032,2.343,100892.2,,,,,,,,1
30.060,SYNTHETIC,8.733,0.021,4.519,0.038,-0.038,3.704,100891.2,,,,,,,,1
30.080,SYNTHETIC,8.724,-0.077,4.425,0.053,-0.101,5.074,100895.0,,,,,,,,1
30.100,SYNTHETIC,8.748,-0.012,4.387,-0.118,0.076,6.249,100897.6,,,,,,,,1
30.120,SYNTHETIC,8.901,-0.052,4.248,-0.064,0.050,7.379,100897.5,,,,,,,,1
30.140,SYNTHETIC,8.893,0.054,4.027,-0.135,0.035,8.399,100900.0,,,,,,,,1
30.160,SYNTHETIC,8.916,-0.005,4.000,0.000,-0.065,9.656,100901.4,,,,,,,,1
30.180,SYNTHETIC,9.077,0.100,3.932,0.104,0.023,10.877,100902.7,,,,,,,,1
30.200,SYNTHETIC,9.001,0.008,3.809,-0.048,-0.026,11.971,100908.1,,,,,,,,1
30.220,SYNTHETIC,9.154,-0.103,3.735,0.066,0.069,13.189,100905.6,,,,,,,,1
30.240,SYNTHETIC,9.080,-0.022,3.613,0.139,-0.049,14.176,100905.5,,,,,,,,1
30.260,SYNTHETIC,9.160,-0.046,3.525,0.021,-0.189,15.222,100910.5,,,,,,,,1
30.280,SYNTHETIC,9.288,-0.081,3.442,0.027,-0.077,16.055,100914.2,,,,,,,,1
30.300,SYNTHETIC,9.173,-0.096,3.389,0.038,-0.044,17.298,100910.1,,,,,,,,1
30.320,SYNTHETIC,9.205,-0.007,3.228,-0.033,-0.176,18.033,100909.5,,,,,,,,1
30.340,SYNTHETIC,9.287,-0.078,3.172,-0.035,0.035,18.827,100917.4,,,,,,,,1
30.360,SYNTHETIC,9.352,-0.033,2.993,0.147,-0.116,19.786,100910.5,,,,,,,,1
30.380,SYNTHETIC,9.327,-0.053,3.010,-0.069,-0.052,20.490,100918.1,,,,,,,,1
30.400,SYNTHETIC,9.365,-0.032,2.960,-0.042,0.108,21.006,100914.7,,,,,,,,1
30.420,SYNTHETIC,9.356,0.063,2.898,-0.026,-0.118,21.761,100919.3,,,,,,,,1
30.440,SYNTHETIC,9.342,-0.005,2.775,-0.172,0.012,22.456,100919.9,,,,,,,,1
30.460,SYNTHETIC,9.371,0.018,2.803,0.035,-0.123,22.740,100915.1,,,,,,,,1
30.480,SYNTHETIC,9.414,0.019,2.724,0.142,-0.111,23.405,100920.4,,,,,,,,1
30.500,SYNTHETIC,9.432,-0.049,2.611,-0.023,0.078,23.956,100917.2,,,,,,,,1
30.520,SYNTHETIC,9.423,-0.058,2.572,-0.020,-0.019,24.103,100925.2,,,,,,,,1
30.540,SYNTHETIC,9.477,-0.021,2.544,-0.077,0.224,24.420,100924.6,,,,,,,,1
30.560,SYNTHETIC,9.481,0.022,2.494,-0.016,-0.072,24.706,100922.6,,,,,,,,1
30.580,SYNTHETIC,9.453,0.028,2.607,-0.168,-0.132,24.849,100930.6,,,,,,,,1
30.600,SYNTHETIC,9.520,-0.023,2.587,0.090,-0.068,24.904,100925.9,,,,,,,,1
30.620,SYNTHETIC,9.535,-0.050,2.475,-0.126,-0.023,24.926,100934.0,,,,,,,,1
30.640,SYNTHETIC,9.484,0.050,2.592,0.014,0.051,24.967,100931.3,,,,,,,,1
30.660,SYNTHETIC,9.431,-0.084,2.568,-0.105,-0.075,25.039,100930.4,,,,,,,,1
30.680,SYNTHETIC,9.519,-0.071,2.493,-0.095,0.053,24.992,100937.5,,,,,,,,1
30.700,SYNTHETIC,9.501,-0.066,2.546,-0.048,0.100,24.794,100935.2,,,,,,,,1
30.720,SYNTHETIC,9.511,0.014,2.610,0.119,-0.112,24.137,100936.2,,,,,,,,1
30.740,SYNTHETIC,9.464,-0.004,2.669,-0.093,0.034,23.922,100934.3,,,,,,,,1
30.760,SYNTHETIC,9.454,0.108,2.589,0.013,-0.055,23.646,100936.5,,,,,,,,1
30.780,SYNTHETIC,9.438,0.038,2.817,0.039,0.004,23.074,100941.3,,,,,,,,1
30.800,SYNTHETIC,9.393,0.012,2.865,0.009,-0.105,22.602,100944.4,,,,,,,,1
30.820,SYNTHETIC,9.350,-0.067,2.899,0.084,0.174,22.026,100944.3,,,,,,,,1
30.840,SYNTHETIC,9.363,0.000,2.894,-0.102,0.073,21.354,100944.8,,,,,,,,1
30.860,SYNTHETIC,9.386,-0.004,2.948,-0.109,0.125,20.854,100947.0,,,,,,,,1
30.880,SYNTHETIC,9.293,-0.050,3.171,-0.005,-0.083,20.107,100943.5,,,,,,,,1
30.900,SYNTHETIC,9.290,0.023,3.193,-0.061,0.026,19.198,100945.7,,,,,,,,1
30.920,SYNTHETIC,9.246,-0.030,3.209,0.159,-0.064,18.458,100946.2,,,,,,,,1
30.940,SYNTHETIC,9.222,0.041,3.234,-0.088,-0.005,17.672,100944.4,,,,,,,,1
30.960,SYNTHETIC,9.236,0.061,3.374,0.123,-0.067,16.620,100950.8,,,,,,,,1
30.980,SYNTHETIC,9.212,-0.026,3.544,0.068,0.220,15.655,100952.1,,,,,,,,1
31.000,SYNTHETIC,9.071,0.041,3.512,0.001,0.059,14.692,100948.0,0.0002174,0.0004602,27.5,3,9,21.92,4.075,1
31.020,SYNTHETIC,9.119,0.107,3.672,-0.082,0.049,13.512,100952.5,,,,,,,,1
31.040,SYNTHETIC,9.083,0.040,3.698,0.020,-0.025,12.612,100949.0,,,,,,,,1
31.060,SYNTHETIC,9.010,-0.028,3.819,0.049,-0.025,11.441,100953.8,,,,,,,,1
31.080,SYNTHETIC,8.961,-0.086,3.950,0.025,-0.149,10.415,100958.1,,,,,,,,1
31.100,SYNTHETIC,8.999,0.053,4.065,0.110,-0.160,9.146,100954.4,,,,,,,,1
31.120,SYNTHETIC,8.927,-0.029,4.169,-0.160,0.019,7.911,100959.2,,,,,,,,1
31.140,SYNTHETIC,8.872,0.021,4.270,0.178,-0.148,6.785,100957.7,,,,,,,,1
31.160,SYNTHETIC,8.689,-0.087,4.408,0.173,-0.006,5.660,100960.8,,,,,,,,1
31.180,SYNTHETIC,8.747,0.015,4.443,-0.049,0.057,4.231,100969.3,,,,,,,,1
31.200,SYNTHETIC,8.675,0.047,4.558,0.116,0.261,3.109,100963.3,,,,,,,,1
31.220,SYNTHETIC,8.466,-0.045,4.813,-0.011,0.062,1.878,100960.6,,,,,,,,1
31.240,SYNTHETIC,8.544,-0.005,4.843,0.044,-0.099,0.507,100968.8,,,,,,,,1
31.260,SYNTHETIC,8.431,-0.070,4.997,0.064,-0.038,-0.433,100965.2,,,,,,,,1
31.280,SYNTHETIC,8.394,0.013,5.124,-0.110,0.154,-1.961,100968.6,,,,,,,,1
31.300,SYNTHETIC,8.293,-0.030,5.123,0.081,-0.063,-3.221,100972.1,,,,,,,,1
31.320,SYNTHETIC,8.167,-0.011,5.378,0.013,0.216,-4.147,100969.0,,,,,,,,1
31.340,SYNTHETIC,8.197,-0.007,5.344,0.152,0.086,-5.794,100969.2,,,,,,,,1
31.360,SYNTHETIC,8.175,0.015,5.472,0.108,0.016,-6.724,100975.5,,,,,,,,1
31.380,SYNTHETIC,7.937,-0.030,5.556,0.028,0.049,-7.992,100975.3,,,,,,,,1
31.400,SYNTHETIC,7.962,-0.020,5.660,0.017,-0.015,-9.201,100975.1,,,,,,,,1
31.420,SYNTHETIC,7.959,0.066,5.858,0.052,0.011,-10.280,100975.9,,,,,,,,1
31.440,SYNTHETIC,7.810,0.057,5.855,0.145,-0.056,-11.431,100977.7,,,,,,,,1
31.460,SYNTHETIC,7.796,0.017,5.975,-0.142,0.109,-12.731,100979.9,,,,,,,,1
31.480,SYNTHETIC,7.728,-0.037,6.089,0.171,-0.034,-13.703,100979.3,,,,,,,,1
31.500,SYNTHETIC,7.666,-0.024,6.153,0.046,0.083,-14.697,100987.2,,,,,,,,1
31.520,SYNTHETIC,7.567,0.073,6.192,0.035,0.076,-15.817,100980.5,,,,,,,,1
31.540,SYNTHETIC,7.547,-0.068,6.213,-0.115,-0.017,-16.794,100980.9,,,,,,,,1
31.560,SYNTHETIC,7.437,0.046,6.402,0.034,-0.259,-17.674,100984.3,,,,,,,,1
31.580,SYNTHETIC,7.308,0.010,6.431,0.029,-0.112,-18.395,100987.3,,,,,,,,1
31.600,SYNTHETIC,7.380,-0.020,6.513,0.128,-0.044,-19.292,100986.9,,,,,,,,1
31.620,SYNTHETIC,7.276,0.017,6.457,0.059,-0.105,-19.914,100988.6,,,,,,,,1
31.640,SYNTHETIC,7.278,0.007,6.523,0.130,0.155,-20.734,100990.6,,,,,,,,1
31.660,SYNTHETIC,7.204,0.044,6.615,-0.061,0.078,-21.411,100990.4,,,,,,,,1
31.680,SYNTHETIC,6.961,-0.021,6.676,0.294,0.092,-22.161,100993.9,,,,,,,,1
31.700,SYNTHETIC,7.131,0.042,6.755,-0.190,-0.138,-22.480,101001.4,,,,,,,,1
31.720,SYNTHETIC,7.035,0.010,6.885,-0.148,-0.084,-23.112,100988.5,,,,,,,,1
31.740,SYNTHETIC,6.966,-0.016,6.872,-0.028,-0.160,-23.689,100993.0,,,,,,,,1
31.760,SYNTHETIC,6.951,0.034,6.870,-0.042,-0.088,-23.970,101000.0,,,,,,,,1
31.780,SYNTHETIC,7.009,-0.070,6.946,-0.081,0.043,-24.240,100998.5,,,,,,,,1
31.800,SYNTHETIC,6.927,0.006,6.891,0.059,-0.242,-24.560,101001.2,,,,,,,,1
31.820,SYNTHETIC,6.890,-0.013,6.894,-0.106,0.195,-24.805,101007.4,,,,,,,,1
31.840,SYNTHETIC,6.966,0.050,6.904,0.053,-0.101,-24.832,101006.1,,,,,,,,1
31.860,SYNTHETIC,6.966,0.002,6.948,-0.078,-0.167,-25.045,101004.1,,,,,,,,1
31.880,SYNTHETIC,6.995,0.126,6.861,0.155,0.056,-24.819,101005.7,,,,,,,,1
31.900,SYNTHETIC,6.916,-0.016,6.897,-0.038,0.020,-25.050,101003.9,,,,,,,,1
31.920,SYNTHETIC,6.973,0.024,6.916,-0.034,-0.045,-24.907,101014.3,,,,,,,,1
31.940,SYNTHETIC,6.900,0.055,6.831,-0.180,0.030,-24.618,101009.6,,,,,,,,1
31.960,SYNTHETIC,6.967,-0.052,6.908,-0.023,0.077,-24.365,101008.9,,,,,,,,1
31.980,SYNTHETIC,6.940,0.032,6.873,0.095,0.099,-23.989,101010.1,,,,,,,,1
32.000,SYNTHETIC,7.033,-0.014,6.869,0.034,-0.029,-23.947,101012.0,0.0002232,0.0004970,25.3,3,9,21.80,4.074,1
32.020,SYNTHETIC,7.052,-0.032,6.811,0.077,0.023,-23.350,101010.9,,,,,,,,1
32.040,SYNTHETIC,7.063,0.021,6.755,0.192,-0.115,-22.957,101011.0,,,,,,,,1
32.060,SYNTHETIC,7.101,-0.009,6.770,0.061,0.091,-22.320,101014.7,,,,,,,,1
32.080,SYNTHETIC,7.145,-0.029,6.723,-0.078,0.205,-21.661,101014.7,,,,,,,,1
32.100,SYNTHETIC,7.277,-0.025,6.681,0.006,0.064,-21.093,101015.3,,,,,,,,1
32.120,SYNTHETIC,7.266,0.008,6.555,-0.034,-0.059,-20.314,101021.2,,,,,,,,1
32.140,SYNTHETIC,7.236,-0.045,6.561,0.097,-0.023,-19.525,101013.6,,,,,,,,1
32.160,SYNTHETIC,7.461,-0.054,6.457,0.079,-0.121,-18.697,101025.4,,,,,,,,1
32.180,SYNTHETIC,7.435,0.005,6.425,0.035,-0.073,-18.024,101020.5,,,,,,,,1
32.200,SYNTHETIC,7.463,-0.059,6.375,0.098,-0.067,-17.029,101026.2,,,,,,,,1
32.220,SYNTHETIC,7.582,0.038,6.289,-0.173,0.239,-16.238,101026.6,,,,,,,,1
32.240,SYNTHETIC,7.534,-0.039,6.190,-0.022,0.047,-15.019,101029.7,,,,,,,,1
32.260,SYNTHETIC,7.651,-0.039,6.159,0.037,-0.157,-14.337,101028.8,,,,,,,,1
32.280,SYNTHETIC,7.797,-0.049,5.961,-0.006,-0.050,-13.199,101031.2,,,,,,,,1
32.300,SYNTHETIC,7.827,-0.007,5.942,0.034,-0.120,-12.011,101035.6,,,,,,,,1
32.320,SYNTHETIC,7.855,-0.055,5.694,-0.113,0.165,-10.963,101028.1,,,,,,,,1
32.340,SYNTHETIC,7.941,-0.023,5.720,0.034,-0.062,-9.923,101031.9,,,,,,,,1
32.360,SYNTHETIC,8.061,-0.023,5.625,0.120,0.080,-8.547,101035.7,,,,,,,,1
32.380,SYNTHETIC,8.083,-0.001,5.462,0.031,0.062,-7.459,101039.7,,,,,,,,1
32.400,SYNTHETIC,8.180,0.046,5.410,-0.041,-0.001,-6.160,101034.1,,,,,,,,1
32.420,SYNTHETIC,8.178,0.020,5.287,0.159,-0.039,-4.849,101039.1,,,,,,,,1
32.440,SYNTHETIC,8.323,-0.016,5.254,0.042,-0.125,-3.772,101038.5,,,,,,,,1
32.460,SYNTHETIC,8.293,0.078,5.105,0.003,0.047,-2.576,101036.5,,,,,,,,1
32.480,SYNTHETIC,8.418,-0.028,5.072,0.147,0.070,-1.195,101041.7,,,,,,,,1
32.500,SYNTHETIC,8.517,0.008,4.931,0.161,0.245,0.111,101044.2,,,,,,,,1
32.520,SYNTHETIC,8.550,-0.049,4.782,0.014,-0.133,1.239,101042.7,,,,,,,,1
32.540,SYNTHETIC,8.685,-0.071,4.715,-0.176,-0.113,2.599,101038.8,,,,,,,,1
32.560,SYNTHETIC,8.756,-0.017,4.589,-0.216,-0.089,3.674,101043.1,,,,,,,,1
32.580,SYNTHETIC,8.745,-0.034,4.480,-0.036,0.116,4.986,101047.5,,,,,,,,1
32.600,SYNTHETIC,8.759,0.011,4.309,-0.106,-0.063,6.285,101044.8,,,,,,,,1
32.620,SYNTHETIC,8.821,-0.092,4.180,0.037,0.176,7.584,101050.3,,,,,,,,1
32.640,SYNTHETIC,8.967,0.044,4.231,0.046,0.060,8.629,101046.3,,,,,,,,1
32.660,SYNTHETIC,8.936,-0.031,3.965,-0.055,0.041,9.762,101048.3,,,,,,,,1
32.680,SYNTHETIC,8.999,-0.041,3.846,-0.012,0.001,11.022,101053.0,,,,,,,,1
32.700,SYNTHETIC,9.014,-0.083,3.765,-0.144,-0.084,11.916,101051.6,,,,,,,,1
32.720,SYNTHETIC,9.131,0.050,3.769,-0.078,0.149,13.314,101053.2,,,,,,,,1
32.740,SYNTHETIC,9.171,-0.026,3.537,-0.054,-0.066,14.044,101052.2,,,,,,,,1
32.760,SYNTHETIC,9.114,-0.011,3.552,-0.102,0.023,15.035,101056.5,,,,,,,,1
32.780,SYNTHETIC,9.183,-0.011,3.386,-0.068,-0.159,16.051,101061.5,,,,,,,,1
32.800,SYNTHETIC,9.264,0.094,3.264,-0.190,-0.076,17.104,101054.6,,,,,,,,1
32.820,SYNTHETIC,9.217,-0.043,3.224,0.132,0.075,18.049,101063.2,,,,,,,,1
32.840,SYNTHETIC,9.257,-0.031,3.097,-0.083,-0.054,18.810,101064.9,,,,,,,,1
32.860,SYNTHETIC,9.389,-0.137,3.061,0.020,0.004,19.733,101064.8,,,,,,,,1
32.880,SYNTHETIC,9.331,0.011,2.974,-0.130,-0.041,20.289,101057.1,,,,,,,,1
32.900,SYNTHETIC,9.382,-0.038,2.930,0.118,0.047,21.122,101065.3,,,,,,,,1
32.920,SYNTHETIC,9.373,-0.034,2.911,0.093,0.088,21.744,101066.1,,,,,,,,1
32.940,SYNTHETIC,9.383,-0.024,2.812,0.179,0.253,22.457,101065.3,,,,,,,,1
32.960,SYNTHETIC,9.449,-0.052,2.673,0.025,0.173,22.814,101071.2,,,,,,,,1
32.980,SYNTHETIC,9.419,-0.028,2.665,-0.074,-0.031,23.292,101075.7,,,,,,,,1
33.000,SYNTHETIC,9.484,0.087,2.638,-0.058,-0.068,23.692,101073.5,0.0002483,0.0005186,21.2,3,9,21.73,4.072,1
33.020,SYNTHETIC,9.521,-0.004,2.666,0.090,-0.023,24.100,101078.4,,,,,,,,1
33.040,SYNTHETIC,9.430,-0.029,2.642,0.112,0.027,24.712,101071.4,,,,,,,,1
33.060,SYNTHETIC,9.571,-0.095,2.461,0.039,-0.153,24.451,101072.8,,,,,,,,1
33.080,SYNTHETIC,9.388,0.064,2.583,0.061,-0.072,24.805,101077.6,,,,,,,,1
33.100,SYNTHETIC,9.461,0.009,2.473,-0.056,0.043,24.932,101074.8,,,,,,,,1
33.120,SYNTHETIC,9.534,0.044,2.532,-0.079,-0.117,25.081,101080.4,,,,,,,,1
33.140,SYNTHETIC,9.538,0.051,2.617,-0.011,-0.129,25.050,101078.3,,,,,,,,1
33.160,SYNTHETIC,9.414,-0.025,2.540,0.003,0.068,25.088,101078.6,,,,,,,,1
33.180,SYNTHETIC,9.431,0.037,2.504,-0.029,0.118,24.911,101077.3,,,,,,,,1
33.200,SYNTHETIC,9.392,0.012,2.547,-0.137,0.007,24.610,101079.5,,,,,,,,1
33.220,SYNTHETIC,9.374,0.017,2.639,-0.037,-0.052,24.588,101083.8,,,,,,,,1
33.240,SYNTHETIC,9.421,0.133,2.564,0.071,-0.052,24.005,101086.7,,,,,,,,1
33.260,SYNTHETIC,9.480,0.063,2.685,0.170,0.027,23.663,101086.4,,,,,,,,1
33.280,SYNTHETIC,9.374,-0.008,2.671,0.151,-0.004,23.142,101091.5,,,,,,,,1
33.300,SYNTHETIC,9.474,-0.058,2.794,-0.143,0.063,22.551,101088.8,,,,,,,,1
33.320,SYNTHETIC,9.355,-0.036,2.833,-0.192,-0.100,22.076,101094.1,,,,,,,,1
33.340,SYNTHETIC,9.356,-0.050,2.881,0.051,-0.128,21.423,101089.6,,,,,,,,1
33.360,SYNTHETIC,9.317,0.024,2.985,-0.054,-0.168,20.768,101091.0,,,,,,,,1
33.380,SYNTHETIC,9.362,-0.047,3.011,-0.019,0.067,20.080,101095.7,,,,,,,,1
33.400,SYNTHETIC,9.272,0.048,3.107,0.156,-0.003,19.193,101099.0,,,,,,,,1
33.420,SYNTHETIC,9.282,0.046,3.145,-0.037,0.153,18.568,101099.0,,,,,,,,1
33.440,SYNTHETIC,9.185,0.065,3.211,-0.100,-0.088,17.570,101094.9,,,,,,,,1
33.460,SYNTHETIC,9.257,-0.062,3.396,-0.062,0.021,16.788,101100.3,,,,,,,,1
33.480,SYNTHETIC,9.180,-0.087,3.405,0.065,0.191,15.683,101102.6,,,,,,,,1
33.500,SYNTHETIC,9.098,0.024,3.488,-0.188,0.074,14.711,101099.9,,,,,,,,1
33.520,SYNTHETIC,9.186,0.111,3.692,0.001,-0.088,13.671,101104.2,,,,,,,,1
33.540,SYNTHETIC,9.039,-0.010,3.783,-0.004,-0.008,12.571,101108.0,,,,,,,,1
33.560,SYNTHETIC,9.025,0.022,3.776,-0.216,0.039,11.419,101104.0,,,,,,,,1
33.580,SYNTHETIC,8.943,0.085,4.003,0.019,-0.077,10.382,101105.3,,,,,,,,1
33.600,SYNTHETIC,8.936,0.021,4.081,0.060,-0.280,9.015,101102.3,,,,,,,,1
33.620,SYNTHETIC,8.811,-0.045,4.157,0.115,0.120,7.955,101108.9,,,,,,,,1
33.640,SYNTHETIC,8.832,0.065,4.243,0.072,-0.029,6.672,101113.9,,,,,,,,1
33.660,SYNTHETIC,8.839,-0.017,4.419,0.139,-0.081,5.541,101115.2,,,,,,,,1
33.680,SYNTHETIC,8.705,0.027,4.554,-0.007,0.025,4.269,101108.8,,,,,,,,1
33.700,SYNTHETIC,8.751,-0.045,4.640,0.003,0.054,3.023,101112.4,,,,,,,,1
33.720,SYNTHETIC,8.663,0.051,4.618,-0.140,-0.167,1.742,101114.0,,,,,,,,1
33.740,SYNTHETIC,8.483,0.008,4.910,-0.032,-0.142,0.693,101114.5,,,,,,,,1
33.760,SYNTHETIC,8.491,0.031,4.968,0.259,-0.046,-0.556,101119.4,,,,,,,,1
33.780,SYNTHETIC,8.435,0.002,5.020,-0.022,-0.125,-2.124,101115.4,,,,,,,,1
33.800,SYNTHETIC,8.311,0.001,5.157,-0.023,0.010,-3.159,101113.3,,,,,,,,1
33.820,SYNTHETIC,8.261,0.037,5.274,0.089,0.074,-4.477,101118.9,,,,,,,,1
33.840,SYNTHETIC,8.151,0.012,5.352,0.130,-0.024,-5.717,101123.1,,,,,,,,1
33.860,SYNTHETIC,8.032,-0.059,5.511,-0.090,0.131,-6.958,101120.8,,,,,,,,1
33.880,SYNTHETIC,8.071,-0.021,5.599,-0.026,0.103,-8.011,101130.9,,,,,,,,1
33.900,SYNTHETIC,7.894,0.009,5.722,-0.110,0.001,-9.159,101125.8,,,,,,,,1
33.920,SYNTHETIC,7.860,0.010,5.814,-0.132,-0.008,-10.348,101126.4,,,,,,,,1
33.940,SYNTHETIC,7.913,0.062,5.962,-0.145,-0.135,-11.461,101127.1,,,,,,,,1
33.960,SYNTHETIC,7.723,-0.062,5.993,0.041,-0.103,-12.585,101124.0,,,,,,,,1
33.980,SYNTHETIC,7.649,-0.075,6.046,-0.202,-0.031,-13.706,101128.6,,,,,,,,1
34.000,SYNTHETIC,7.588,0.076,6.201,-0.028,-0.170,-14.738,101130.5,0.0002574,0.0005351,11.6,3,9,21.77,4.073,1
34.020,SYNTHETIC,7.551,-0.018,6.241,0.103,-0.005,-15.681,101139.3,,,,,,,,1
34.040,SYNTHETIC,7.405,0.118,6.192,0.005,0.108,-16.614,101134.5,,,,,,,,1
34.060,SYNTHETIC,7.551,-0.040,6.313,0.055,0.111,-17.477,101134.8,,,,,,,,1
34.080,SYNTHETIC,7.541,-0.088,6.464,-0.037,-0.014,-18.478,101133.6,,,,,,,,1
34.100,SYNTHETIC,7.280,0.014,6.530,-0.088,0.026,-19.247,101137.7,,,,,,,,1
34.120,SYNTHETIC,7.343,0.105,6.602,0.172,-0.005,-19.953,101138.9,,,,,,,,1
34.140,SYNTHETIC,7.280,-0.031,6.587,-0.077,0.004,-20.844,101140.3,,,,,,,,1
34.160,SYNTHETIC,7.169,-0.014,6.762,-0.011,0.056,-21.452,101138.7,,,,,,,,1
34.180,SYNTHETIC,7.120,-0.088,6.730,0.042,0.209,-21.984,101143.2,,,,,,,,1
34.200,SYNTHETIC,7.111,0.047,6.863,-0.077,0.132,-22.651,101144.2,,,,,,,,1
34.220,SYNTHETIC,7.067,-0.035,6.843,-0.014,-0.038,-23.087,101146.1,,,,,,,,1
34.240,SYNTHETIC,7.040,-0.066,6.787,0.035,-0.095,-23.653,101144.8,,,,,,,,1
34.260,SYNTHETIC,6.934,-0.010,6.884,-0.116,-0.008,-24.046,101147.1,,,,,,,,1
34.280,SYNTHETIC,7.009,-0.020,6.927,-0.207,-0.127,-24.323,101145.6,,,,,,,,1
34.300,SYNTHETIC,7.032,0.019,6.890,-0.121,0.048,-24.628,101151.0,,,,,,,,1
34.320,SYNTHETIC,6.938,-0.081,6.924,-0.072,0.012,-24.821,101148.9,,,,,,,,1
34.340,SYNTHETIC,6.934,-0.070,6.875,-0.009,-0.012,-24.953,101155.1,,,,,,,,1
34.360,SYNTHETIC,6.861,-0.033,6.929,-0.133,0.113,-24.935,101147.6,,,,,,,,1
34.380,SYNTHETIC,6.910,-0.026,6.861,-0.023,-0.068,-24.861,101152.6,,,,,,,,1
34.400,SYNTHETIC,6.927,0.040,6.927,-0.046,-0.102,-25.003,101159.8,,,,,,,,1
34.420,SYNTHETIC,6.987,0.067,6.947,0.103,0.049,-24.849,101153.4,,,,,,,,1
34.440,SYNTHETIC,6.920,0.046,6.842,-0.029,-0.034,-24.647,101156.7,,,,,,,,1
34.460,SYNTHETIC,7.003,-0.060,6.917,0.196,-0.231,-24.507,101152.1,,,,,,,,1
34.480,SYNTHETIC,6.942,0.079,6.953,-0.011,-0.005,-24.137,101157.9,,,,,,,,1
34.500,SYNTHETIC,7.068,0.018,6.762,0.161,-0.025,-23.753,101160.9,,,,,,,,1
34.520,SYNTHETIC,7.115,0.074,6.777,0.016,0.016,-23.320,101166.6,,,,,,,,1
34.540,SYNTHETIC,7.138,0.048,6.853,0.187,0.046,-22.967,101161.9,,,,,,,,1
34.560,SYNTHETIC,7.178,0.064,6.736,-0.192,0.018,-22.184,101167.4,,,,,,,,1
34.580,SYNTHETIC,7.184,-0.108,6.713,0.020,0.201,-21.834,101162.5,,,,,,,,1
34.600,SYNTHETIC,7.147,-0.087,6.643,0.075,-0.059,-21.165,101170.5,,,,,,,,1
34.620,SYNTHETIC,7.321,0.106,6.691,0.182,0.017,-20.497,101170.2,,,,,,,,1
34.640,SYNTHETIC,7.215,-0.023,6.556,-0.082,0.016,-19.655,101174.9,,,,,,,,1
34.660,SYNTHETIC,7.468,0.065,6.486,-0.206,0.058,-18.836,101166.0,,,,,,,,1
34.680,SYNTHETIC,7.420,0.055,6.452,-0.030,-0.097,-17.922,101176.4,,,,,,,,1
34.700,SYNTHETIC,7.536,0.011,6.299,-0.133,0.107,-17.238,101174.4,,,,,,,,1
34.720,SYNTHETIC,7.471,0.039,6.302,-0.028,0.037,-16.049,101177.5,,,,,,,,1
34.740,SYNTHETIC,7.623,0.131,6.220,-0.011,0.065,-15.163,101173.6,,,,,,,,1
34.760,SYNTHETIC,7.579,-0.055,6.105,0.155,0.038,-14.203,101179.6,,,,,,,,1
34.780,SYNTHETIC,7.703,-0.065,6.034,0.021,0.009,-13.312,101181.5,,,,,,,,1
34.800,SYNTHETIC,7.873,-0.019,5.971,-0.042,0.068,-12.052,101178.2,,,,,,,,1
34.820,SYNTHETIC,7.871,0.080,5.880,-0.084,-0.125,-10.938,101186.0,,,,,,,,1
34.840,SYNTHETIC,7.966,-0.001,5.707,-0.090,-0.121,-9.797,101178.0,,,,,,,,1
34.860,SYNTHETIC,8.083,0.122,5.675,0.010,0.027,-8.582,101186.6,,,,,,,,1
34.880,SYNTHETIC,7.933,0.080,5.678,0.080,0.030,-7.179,101186.7,,,,,,,,1
34.900,SYNTHETIC,8.141,0.031,5.380,-0.062,0.011,-6.238,101191.2,,,,,,,,1
34.920,SYNTHETIC,8.218,0.023,5.360,-0.064,0.027,-4.827,101184.8,,,,,,,,1
34.940,SYNTHETIC,8.209,-0.040,5.307,0.001,-0.031,-3.777,101186.2,,,,,,,,1
34.960,SYNTHETIC,8.360,0.029,5.083,-0.041,0.027,-2.354,101191.3,,,,,,,,1
34.980,SYNTHETIC,8.352,-0.106,5.042,-0.078,0.034,-1.366,101188.9,,,,,,,,1
35.000,SYNTHETIC,8.511,0.032,4.976,0.039,-0.057,0.020,101188.6,0.0002658,0.0005451,12.2,3,9,21.67,4.076,1
35.020,SYNTHETIC,8.553,-0.006,4.776,-0.053,-0.123,1.329,101190.3,,,,,,,,1
35.040,SYNTHETIC,8.581,-0.007,4.768,-0.027,0.187,2.417,101194.2,,,,,,,,1
35.060,SYNTHETIC,8.762,0.065,4.530,-0.034,-0.169,3.941,101192.7,,,,,,,,1
35.080,SYNTHETIC,8.669,-0.052,4.430,0.082,-0.050,4.860,101197.6,,,,,,,,1
35.100,SYNTHETIC,8.748,-0.064,4.330,-0.052,-0.152,6.206,101195.3,,,,,,,,1
35.120,SYNTHETIC,8.813,0.079,4.177,-0.046,-0.025,7.354,101197.5,,,,,,,,1
35.140,SYNTHETIC,8.969,0.042,4.040,0.011,0.072,8.515,101203.9,,,,,,,,1
35.160,SYNTHETIC,8.891,-0.041,4.004,-0.064,-0.140,9.797,101200.6,,,,,,,,1
35.180,SYNTHETIC,8.987,0.024,3.888,-0.141,-0.060,11.008,101203.7,,,,,,,,1
35.200,SYNTHETIC,9.069,0.066,3.921,0.005,0.059,12.307,101207.7,,,,,,,,1
35.220,SYNTHETIC,9.156,-0.031,3.700,0.091,0.135,13.209,101203.7,,,,,,,,1
35.240,SYNTHETIC,8.997,-0.054,3.572,0.004,0.065,14.092,101206.9,,,,,,,,1
35.260,SYNTHETIC,9.118,-0.025,3.552,0.088,-0.031,15.218,101203.7,,,,,,,,1
35.280,SYNTHETIC,9.235,-0.024,3.445,0.074,-0.042,16.283,101205.7,,,,,,,,1
35.300,SYNTHETIC,9.304,-0.015,3.309,-0.192,0.087,17.267,101215.4,,,,,,,,1
35.320,SYNTHETIC,9.219,0.048,3.158,0.062,-0.065,18.170,101207.3,,,,,,,,1
35.340,SYNTHETIC,9.310,-0.002,3.180,-0.003,0.100,18.792,101208.9,,,,,,,,1
35.360,SYNTHETIC,9.323,0.029,3.102,0.194,0.109,19.749,101210.6,,,,,,,,1
35.380,SYNTHETIC,9.414,-0.069,3.022,0.044,0.078,20.395,101213.6,,,,,,,,1
35.400,SYNTHETIC,9.352,-0.012,2.955,0.159,0.037,21.089,101219.7,,,,,,,,1
35.420,SYNTHETIC,9.375,0.124,2.875,-0.157,-0.033,21.807,101217.2,,,,,,,,1
35.440,SYNTHETIC,9.414,0.017,2.783,0.115,0.001,22.221,101222.0,,,,,,,,1
35.460,SYNTHETIC,9.388,0.017,2.835,-0.086,-0.152,22.880,101218.7,,,,,,,,1
35.480,SYNTHETIC,9.456,-0.079,2.668,0.057,0.095,23.470,101218.6,,,,,,,,1
35.500,SYNTHETIC,9.394,0.037,2.536,-0.129,0.109,23.732,101218.8,,,,,,,,1
35.520,SYNTHETIC,9.363,0.001,2.610,-0.010,0.102,24.236,101221.3,,,,,,,,1
35.540,SYNTHETIC,9.494,0.011,2.615,-0.052,-0.025,24.272,101224.6,,,,,,,,1
35.560,SYNTHETIC,9.482,-0.061,2.522,-0.134,-0.023,24.637,101224.8,,,,,,,,1
35.580,SYNTHETIC,9.481,-0.027,2.597,-0.096,-0.061,24.875,101228.3,,,,,,,,1
35.600,SYNTHETIC,9.427,0.017,2.553,0.036,0.078,25.004,101231.6,,,,,,,,1
35.620,SYNTHETIC,9.503,-0.015,2.532,0.141,-0.060,25.072,101230.1,,,,,,,,1
35.640,SYNTHETIC,9.464,0.028,2.567,0.025,-0.117,24.945,101230.5,,,,,,,,1
35.660,SYNTHETIC,9.429,0.012,2.615,0.021,-0.034,24.595,101234.3,,,,,,,,1
35.680,SYNTHETIC,9.447,-0.068,2.596,0.009,0.007,24.671,101232.8,,,,,,,,1
35.700,SYNTHETIC,9.382,-0.063,2.645,0.113,0.147,24.692,101233.2,,,,,,,,1
35.720,SYNTHETIC,9.450,-0.013,2.582,0.058,-0.136,24.242,101232.7,,,,,,,,1
35.740,SYNTHETIC,9.407,0.024,2.710,-0.056,0.038,23.907,101230.5,,,,,,,,1
35.760,SYNTHETIC,9.459,0.002,2.669,0.065,-0.047,23.524,101237.6,,,,,,,,1
35.780,SYNTHETIC,9.453,-0.001,2.794,0.032,-0.122,23.039,101235.3,,,,,,,,1
35.800,SYNTHETIC,9.353,0.043,2.795,-0.087,-0.035,22.405,101238.3,,,,,,,,1
35.820,SYNTHETIC,9.463,0.057,2.896,0.084,0.056,22.020,101238.7,,,,,,,,1
35.840,SYNTHETIC,9.397,0.011,2.962,-0.078,-0.102,21.341,101242.2,,,,,,,,1
35.860,SYNTHETIC,9.362,0.057,2.886,0.074,-0.042,20.847,101241.8,,,,,,,,1
35.880,SYNTHETIC,9.331,-0.041,3.095,-0.022,-0.004,20.015,101243.2,,,,,,,,1
35.900,SYNTHETIC,9.363,0.087,3.069,0.092,-0.014,19.272,101240.3,,,,,,,,1
35.920,SYNTHETIC,9.337,0.010,3.139,0.055,-0.049,18.570,101243.2,,,,,,,,1
35.940,SYNTHETIC,9.226,-0.057,3.235,-0.030,0.029,17.573,101255.3,,,,,,,,1
35.960,SYNTHETIC,9.289,-0.029,3.370,0.054,-0.050,16.518,101245.8,,,,,,,,1
35.980,SYNTHETIC,9.109,-0.025,3.370,-0.087,-0.020,15.427,101249.1,,,,,,,,1
36.000,SYNTHETIC,9.073,0.038,3.526,0.074,0.100,14.748,101254.8,0.0002734,0.0005515,5.3,3,9,21.51,4.069,1
36.020,SYNTHETIC,9.028,0.020,3.617,0.112,0.024,13.693,101255.8,,,,,,,,1
36.040,SYNTHETIC,8.968,-0.039,3.723,-0.188,-0.116,12.500,101251.3,,,,,,,,1
36.060,SYNTHETIC,9.026,-0.034,3.750,0.012,0.037,11.519,101256.7,,,,,,,,1
36.080,SYNTHETIC,8.946,0.030,3.998,0.049,-0.092,10.416,101256.6,,,,,,,,1
36.100,SYNTHETIC,8.859,0.017,4.049,-0.011,0.117,9.254,101259.0,,,,,,,,1
36.120,SYNTHETIC,8.858,-0.035,4.166,-0.041,-0.151,8.006,101262.2,,,,,,,,1
36.140,SYNTHETIC,8.862,0.068,4.262,0.043,-0.015,6.758,101254.0,,,,,,,,1
36.160,SYNTHETIC,8.792,0.089,4.318,0.077,-0.028,5.604,101257.5,,,,,,,,1
36.180,SYNTHETIC,8.698,0.102,4.505,0.049,0.030,4.430,101261.4,,,,,,,,1
36.200,SYNTHETIC,8.704,0.082,4.633,0.015,0.028,3.150,101262.6,,,,,,,,1
36.220,SYNTHETIC,8.632,0.004,4.740,0.036,0.075,1.927,101264.0,,,,,,,,1
36.240,SYNTHETIC,8.445,0.037,4.888,0.025,-0.069,0.584,101264.9,,,,,,,,1
36.260,SYNTHETIC,8.358,0.001,4.996,0.030,0.023,-0.808,101263.8,,,,,,,,1
36.280,SYNTHETIC,8.394,-0.056,5.070,-0.145,0.079,-1.988,101267.8,,,,,,,,1
36.300,SYNTHETIC,8.292,0.038,5.178,0.016,-0.064,-3.092,101275.9,,,,,,,,1
36.320,SYNTHETIC,8.270,-0.053,5.291,-0.021,-0.251,-4.436,101270.4,,,,,,,,1
36.340,SYNTHETIC,8.170,-0.093,5.353,0.099,0.104,-5.806,101275.3,,,,,,,,1
36.360,SYNTHETIC,8.152,0.012,5.390,0.103,-0.129,-6.853,101267.4,,,,,,,,1
36.380,SYNTHETIC,8.072,0.006,5.668,-0.017,-0.224,-7.845,101273.9,,,,,,,,1
36.400,SYNTHETIC,8.072,-0.029,5.774,0.063,0.147,-9.181,101278.9,,,,,,,,1
36.420,SYNTHETIC,7.878,-0.025,5.756,-0.155,-0.046,-10.414,101278.9,,,,,,,,1
36.440,SYNTHETIC,7.756,-0.041,5.854,-0.064,-0.044,-11.582,101281.7,,,,,,,,1
36.460,SYNTHETIC,7.792,-0.001,6.030,-0.014,0.079,-12.595,101278.4,,,,,,,,1
36.480,SYNTHETIC,7.726,0.020,6.055,-0.146,0.010,-13.637,101283.7,,,,,,,,1
36.500,SYNTHETIC,7.656,0.139,6.069,-0.239,0.062,-14.718,101283.3,,,,,,,,1
36.520,SYNTHETIC,7.551,-0.021,6.130,-0.003,0.175,-15.626,101282.3,,,,,,,,1
36.540,SYNTHETIC,7.530,0.039,6.182,0.114,-0.016,-16.589,101286.0,,,,,,,,1
36.560,SYNTHETIC,7.416,0.000,6.381,0.080,-0.003,-17.482,101284.2,,,,,,,,1
36.580,SYNTHETIC,7.511,-0.005,6.390,0.052,0.057,-18.380,101282.2,,,,,,,,1
36.600,SYNTHETIC,7.317,0.043,6.481,-0.276,0.042,-19.236,101283.0,,,,,,,,1
36.620,SYNTHETIC,7.311,-0.009,6.586,0.147,0.057,-20.127,101281.7,,,,,,,,1
36.640,SYNTHETIC,7.219,-0.016,6.575,0.048,-0.019,-20.819,101293.4,,,,,,,,1
36.660,SYNTHETIC,7.171,0.045,6.750,0.021,-0.051,-21.656,101295.9,,,,,,,,1
36.680,SYNTHETIC,7.114,0.000,6.656,0.059,-0.068,-22.073,101289.2,,,,,,,,1
36.700,SYNTHETIC,7.135,-0.054,6.702,-0.088,-0.075,-22.647,101291.7,,,,,,,,1
36.720,SYNTHETIC,7.056,0.075,6.833,0.101,-0.136,-23.282,101294.8,,,,,,,,1
36.740,SYNTHETIC,7.072,0.023,6.815,0.166,-0.034,-23.583,101294.3,,,,,,,,1
36.760,SYNTHETIC,7.095,0.052,6.921,-0.011,0.156,-24.033,101296.9,,,,,,,,1
36.780,SYNTHETIC,7.001,0.027,6.886,-0.009,0.116,-24.346,101296.9,,,,,,,,1
36.800,SYNTHETIC,6.981,-0.002,6.863,-0.131,-0.009,-24.423,101295.0,,,,,,,,1
36.820,SYNTHETIC,7.035,0.012,6.912,0.025,-0.187,-24.857,101302.9,,,,,,,,1
36.840,SYNTHETIC,6.886,0.037,6.856,-0.140,0.037,-24.821,101301.4,,,,,,,,1
36.860,SYNTHETIC,6.836,0.043,6.892,0.136,-0.022,-25.064,101307.1,,,,,,,,1
36.880,SYNTHETIC,7.031,-0.053,6.978,-0.160,0.062,-24.967,101303.3,,,,,,,,1
36.900,SYNTHETIC,6.873,0.060,6.948,0.106,-0.031,-25.091,101301.4,,,,,,,,1
36.920,SYNTHETIC,7.029,-0.016,6.860,-0.213,0.104,-25.044,101304.7,,,,,,,,1
36.940,SYNTHETIC,6.963,-0.004,6.959,-0.019,-0.194,-24.655,101307.9,,,,,,,,1
36.960,SYNTHETIC,6.976,-0.037,6.929,-0.111,0.201,-24.409,101308.3,,,,,,,,1
36.980,SYNTHETIC,7.024,-0.012,6.779,0.065,0.002,-24.042,101305.8,,,,,,,,1
37.000,SYNTHETIC,7.124,0.081,6.823,0.005,-0.045,-23.793,101315.3,0.0002809,0.0005728,1.2,3,9,21.42,4.072,1
37.020,SYNTHETIC,7.069,-0.023,6.810,0.152,-0.031,-23.216,101310.4,,,,,,,,1
37.040,SYNTHETIC,7.110,-0.056,6.739,0.090,0.089,-22.981,101310.7,,,,,,,,1
37.060,SYNTHETIC,7.186,-0.045,6.789,0.259,-0.197,-22.279,101318.7,,,,,,,,1
37.080,SYNTHETIC,7.218,0.019,6.625,0.022,0.007,-21.735,101310.5,,,,,,,,1
37.100,SYNTHETIC,7.327,-0.041,6.592,-0.186,-0.057,-21.038,101315.5,,,,,,,,1
37.120,SYNTHETIC,7.300,0.072,6.554,-0.275,0.079,-20.532,101321.5,,,,,,,,1
37.140,SYNTHETIC,7.307,0.008,6.538,-0.027,-0.105,-19.606,101320.4,,,,,,,,1
37.160,SYNTHETIC,7.386,-0.036,6.435,0.084,0.137,-18.896,101318.9,,,,,,,,1
37.180,SYNTHETIC,7.399,0.019,6.501,-0.071,0.053,-18.216,101322.5,,,,,,,,1
37.200,SYNTHETIC,7.496,0.030,6.314,-0.001,0.062,-16.955,101322.8,,,,,,,,1
37.220,SYNTHETIC,7.529,0.004,6.252,-0.088,-0.134,-16.151,101323.4,,,,,,,,1
37.240,SYNTHETIC,9.736,0.011,-0.024,-0.089,-0.063,-0.008,101328.2,,,,,,,,1
37.260,SYNTHETIC,9.895,0.070,0.033,0.114,0.112,0.070,101325.7,,,,,,,,1
37.280,SYNTHETIC,9.826,-0.004,0.007,-0.170,-0.082,0.049,101323.7,,,,,,,,1
37.300,SYNTHETIC,9.747,-0.051,0.026,0.037,-0.166,-0.069,101323.6,,,,,,,,1
37.320,SYNTHETIC,9.822,0.055,0.040,0.010,0.192,0.088,101322.0,,,,,,,,1
37.340,SYNTHETIC,9.948,-0.039,0.012,-0.107,-0.063,0.149,101321.9,,,,,,,,1
37.360,SYNTHETIC,9.856,-0.017,0.132,-0.217,-0.065,-0.080,101319.0,,,,,,,,1
37.380,SYNTHETIC,9.863,-0.011,0.030,0.026,0.117,-0.079,101319.9,,,,,,,,1
37.400,SYNTHETIC,9.808,-0.057,0.054,0.020,-0.105,-0.003,101328.8,,,,,,,,1
37.420,SYNTHETIC,9.817,-0.013,-0.023,0.020,-0.039,-0.022,101324.0,,,,,,,,1
37.440,SYNTHETIC,9.835,0.002,-0.056,0.138,-0.005,-0.035,101324.9,,,,,,,,1
37.460,SYNTHETIC,9.765,0.033,0.018,-0.014,-0.146,-0.113,101319.3,,,,,,,,1
37.480,SYNTHETIC,9.857,0.038,-0.042,-0.034,0.167,0.169,101317.8,,,,,,,,1
37.500,SYNTHETIC,9.774,0.002,-0.015,-0.066,0.016,-0.058,101328.5,,,,,,,,1
37.520,SYNTHETIC,9.727,-0.013,-0.056,0.036,0.007,-0.013,101326.8,,,,,,,,1
37.540,SYNTHETIC,9.824,-0.014,0.065,0.061,0.036,0.128,101321.2,,,,,,,,1
37.560,SYNTHETIC,9.858,0.016,0.041,0.155,0.118,0.055,101323.7,,,,,,,,1
37.580,SYNTHETIC,9.792,0.022,-0.061,0.119,0.015,-0.203,101326.8,,,,,,,,1
37.600,SYNTHETIC,9.860,0.010,0.033,0.083,-0.017,-0.033,101327.4,,,,,,,,1
37.620,SYNTHETIC,9.799,-0.123,0.068,0.124,0.112,-0.084,101327.8,,,,,,,,1
37.640,SYNTHETIC,9.817,-0.001,-0.055,0.099,-0.063,-0.099,101324.9,,,,,,,,1
37.660,SYNTHETIC,9.826,-0.075,-0.087,0.119,0.060,0.095,101324.4,,,,,,,,1
37.680,SYNTHETIC,9.811,-0.018,0.038,0.097,-0.104,0.079,101325.5,,,,,,,,1
37.700,SYNTHETIC,9.818,0.100,0.017,0.219,0.030,-0.123,101324.0,,,,,,,,1
37.720,SYNTHETIC,9.788,-0.020,0.020,-0.010,-0.057,0.085,101326.4,,,,,,,,1
37.740,SYNTHETIC,9.875,-0.035,0.027,-0.090,0.075,0.018,101321.9,,,,,,,,1
37.760,SYNTHETIC,9.757,-0.031,-0.027,0.096,0.271,-0.033,101324.8,,,,,,,,1
37.780,SYNTHETIC,9.856,-0.007,0.026,-0.078,-0.026,-0.032,101327.2,,,,,,,,1
37.800,SYNTHETIC,9.775,-0.052,-0.023,0.006,0.092,0.030,101326.8,,,,,,,,1
37.820,SYNTHETIC,9.769,-0.063,0.009,-0.076,0.015,-0.075,101320.5,,,,,,,,1
37.840,SYNTHETIC,9.693,-0.048,-0.017,0.094,-0.034,0.118,101327.7,,,,,,,,1
37.860,SYNTHETIC,9.865,-0.052,0.000,-0.058,0.140,0.107,101330.5,,,,,,,,1
37.880,SYNTHETIC,9.866,-0.006,-0.012,-0.273,-0.055,-0.066,101323.9,,,,,,,,1
37.900,SYNTHETIC,9.808,-0.067,-0.044,-0.053,-0.283,0.084,101319.1,,,,,,,,1
37.920,SYNTHETIC,9.817,-0.073,-0.052,0.122,0.077,-0.167,101322.9,,,,,,,,1
37.940,SYNTHETIC,9.806,0.035,-0.061,-0.068,0.094,0.150,101323.7,,,,,,,,1
37.960,SYNTHETIC,9.760,-0.072,0.030,0.073,0.090,0.162,101323.7,,,,,,,,1
37.980,SYNTHETIC,9.785,-0.026,-0.099,-0.054,-0.191,0.033,101319.1,,,,,,,,1
38.000,SYNTHETIC,9.794,0.077,0.006,0.182,-0.085,0.044,101322.7,0.0003087,0.0005657,-2.7,3,9,21.50,4.073,1
38.020,SYNTHETIC,9.817,-0.010,0.022,0.152,0.090,-0.062,101328.8,,,,,,,,1
38.040,SYNTHETIC,9.855,-0.010,-0.088,-0.067,0.227,0.012,101322.8,,,,,,,,1
38.060,SYNTHETIC,9.788,-0.016,-0.064,-0.018,-0.024,0.140,101317.5,,,,,,,,1
38.080,SYNTHETIC,9.788,0.025,0.063,-0.116,-0.079,-0.045,101322.5,,,,,,,,1
38.100,SYNTHETIC,9.755,-0.030,-0.008,0.041,-0.008,0.015,101325.4,,,,,,,,1
38.120,SYNTHETIC,9.755,-0.060,0.040,-0.027,0.149,0.092,101326.0,,,,,,,,1
38.140,SYNTHETIC,9.788,0.046,0.011,-0.072,-0.084,-0.007,101321.6,,,,,,,,1
38.160,SYNTHETIC,9.804,-0.062,0.044,0.014,-0.078,0.046,101324.4,,,,,,,,1
38.180,SYNTHETIC,9.768,0.010,0.037,0.011,-0.160,0.037,101324.3,,,,,,,,1
38.200,SYNTHETIC,9.856,0.081,-0.013,0.023,0.185,-0.121,101322.1,,,,,,,,1
38.220,SYNTHETIC,9.834,-0.050,0.004,0.044,-0.037,0.044,101326.4,,,,,,,,1
38.240,SYNTHETIC,9.794,0.054,0.021,0.076,0.042,-0.070,101328.1,,,,,,,,1
38.260,SYNTHETIC,9.831,-0.021,0.054,0.103,-0.177,0.117,101325.8,,,,,,,,1
38.280,SYNTHETIC,9.832,0.004,0.042,0.029,-0.159,0.063,101326.1,,,,,,,,1
38.300,SYNTHETIC,9.990,0.099,-0.058,0.036,0.092,0.040,101324.6,,,,,,,,1
38.320,SYNTHETIC,9.800,0.003,0.005,0.048,-0.046,-0.018,101325.6,,,,,,,,1
38.340,SYNTHETIC,9.866,-0.019,-0.059,-0.040,-0.008,0.095,101320.0,,,,,,,,1
38.360,SYNTHETIC,9.857,0.000,0.043,0.048,-0.132,0.004,101325.4,,,,,,,,1
38.380,SYNTHETIC,9.861,-0.020,-0.045,0.193,-0.091,-0.024,101329.4,,,,,,,,1
38.400,SYNTHETIC,9.793,0.031,0.034,-0.101,-0.088,-0.049,101329.5,,,,,,,,1
38.420,SYNTHETIC,9.847,0.022,0.021,0.186,0.174,-0.131,101322.9,,,,,,,,1
38.440,SYNTHETIC,9.774,0.037,0.043,-0.134,-0.025,-0.039,101326.9,,,,,,,,1
38.460,SYNTHETIC,9.835,0.013,0.002,0.051,-0.053,-0.130,101322.4,,,,,,,,1
38.480,SYNTHETIC,9.842,0.048,0.078,0.088,0.001,0.021,101325.3,,,,,,,,1
38.500,SYNTHETIC,9.732,-0.011,0.045,0.049,-0.026,-0.077,101325.7,,,,,,,,1
38.520,SYNTHETIC,9.819,0.098,0.045,-0.126,-0.070,-0.062,101322.7,,,,,,,,1
38.540,SYNTHETIC,9.843,0.008,0.011,-0.049,-0.123,-0.026,101324.1,,,,,,,,1
38.560,SYNTHETIC,9.784,0.016,0.050,0.071,-0.121,0.100,101324.0,,,,,,,,1
38.580,SYNTHETIC,9.742,0.050,-0.066,-0.056,-0.004,0.068,101320.6,,,,,,,,1
38.600,SYNTHETIC,9.828,-0.043,-0.006,-0.248,-0.081,-0.011,101325.3,,,,,,,,1
38.620,SYNTHETIC,9.787,0.035,-0.071,-0.095,-0.125,0.112,101323.4,,,,,,,,1
38.640,SYNTHETIC,9.946,-0.040,0.015,-0.255,-0.222,-0.006,101319.9,,,,,,,,1
38.660,SYNTHETIC,9.880,0.005,-0.021,-0.092,0.068,0.257,101323.6,,,,,,,,1
38.680,SYNTHETIC,9.866,-0.083,0.004,0.003,-0.336,-0.125,101324.9,,,,,,,,1
38.700,SYNTHETIC,9.833,-0.029,0.008,0.043,0.073,-0.099,101330.9,,,,,,,,1
38.720,SYNTHETIC,9.833,-0.002,-0.050,0.127,-0.029,-0.015,101324.2,,,,,,,,1
38.740,SYNTHETIC,9.811,-0.038,-0.011,0.016,0.216,0.025,101320.2,,,,,,,,1
38.760,SYNTHETIC,9.815,-0.005,-0.016,-0.080,-0.056,0.145,101325.3,,,,,,,,1
38.780,SYNTHETIC,9.737,-0.068,0.071,-0.091,0.134,-0.105,101328.5,,,,,,,,1
38.800,SYNTHETIC,9.767,-0.029,0.045,-0.058,-0.097,0.039,101327.4,,,,,,,,1
38.820,SYNTHETIC,9.849,0.009,0.009,0.143,0.221,0.087,101323.7,,,,,,,,1
38.840,SYNTHETIC,9.864,0.001,-0.013,-0.027,-0.006,-0.156,101327.2,,,,,,,,1
38.860,SYNTHETIC,9.832,-0.068,-0.029,0.054,-0.034,0.126,101323.7,,,,,,,,1
38.880,SYNTHETIC,9.824,0.006,-0.045,0.037,-0.122,0.059,101329.7,,,,,,,,1
38.900,SYNTHETIC,9.784,0.002,-0.016,0.028,-0.007,-0.106,101326.1,,,,,,,,1
38.920,SYNTHETIC,9.793,0.047,-0.057,0.121,-0.036,-0.023,101325.1,,,,,,,,1
38.940,SYNTHETIC,9.775,-0.047,-0.036,0.007,-0.022,-0.192,101330.4,,,,,,,,1
38.960,SYNTHETIC,9.779,0.142,-0.130,-0.110,-0.085,0.193,101326.9,,,,,,,,1
38.980,SYNTHETIC,9.789,-0.018,-0.064,-0.006,0.004,0.029,101326.6,,,,,,,,1
39.000,SYNTHETIC,9.821,0.021,0.047,-0.009,0.126,0.214,101325.3,0.0002785,0.0005684,2.8,3,9,21.47,4.064,1
39.020,SYNTHETIC,9.863,0.060,0.000,-0.120,-0.180,-0.022,101325.1,,,,,,,,1
39.040,SYNTHETIC,9.612,-0.019,0.027,-0.036,0.019,0.198,101326.2,,,,,,,,1
39.060,SYNTHETIC,9.845,-0.073,-0.050,-0.135,0.041,-0.018,101323.1,,,,,,,,1
39.080,SYNTHETIC,9.828,0.035,0.047,0.030,-0.056,0.106,101321.8,,,,,,,,1
39.100,SYNTHETIC,9.776,-0.071,-0.056,-0.092,-0.077,-0.079,101323.0,,,,,,,,1
39.120,SYNTHETIC,9.784,-0.005,-0.109,-0.139,-0.126,0.150,101323.5,,,,,,,,1
39.140,SYNTHETIC,9.903,-0.126,0.028,-0.010,0.065,-0.038,101325.9,,,,,,,,1
39.160,SYNTHETIC,9.831,0.011,0.028,-0.002,0.111,-0.088,101327.4,,,,,,,,1
39.180,SYNTHETIC,9.806,-0.025,0.007,-0.163,0.023,0.050,101325.4,,,,,,,,1
39.200,SYNTHETIC,9.828,-0.073,0.073,0.042,0.055,0.088,101329.4,,,,,,,,1
39.220,SYNTHETIC,9.795,-0.082,-0.042,-0.108,-0.217,-0.089,101321.3,,,,,,,,1
39.240,SYNTHETIC,9.787,-0.018,0.087,0.045,0.087,0.027,101330.4,,,,,,,,1
39.260,SYNTHETIC,9.745,0.064,0.022,-0.059,0.050,-0.052,101325.1,,,,,,,,1
39.280,SYNTHETIC,9.763,-0.009,-0.039,0.020,0.007,0.159,101323.1,,,,,,,,1
39.300,SYNTHETIC,9.865,0.054,0.011,-0.033,0.055,-0.008,101325.4,,,,,,,,1
39.320,SYNTHETIC,9.776,0.044,-0.074,0.127,-0.172,0.109,101325.5,,,,,,,,1
39.340,SYNTHETIC,9.718,-0.028,-0.020,0.029,-0.025,-0.096,101324.3,,,,,,,,1
39.360,SYNTHETIC,9.857,-0.017,-0.014,-0.144,-0.018,0.113,101324.7,,,,,,,,1
39.380,SYNTHETIC,9.792,-0.090,0.054,0.112,0.051,0.032,101327.3,,,,,,,,1
39.400,SYNTHETIC,9.834,0.004,-0.007,0.118,0.122,-0.023,101327.2,,,,,,,,1
39.420,SYNTHETIC,9.887,-0.031,0.028,-0.032,0.042,-0.020,101328.0,,,,,,,,1
39.440,SYNTHETIC,9.769,-0.035,-0.020,0.048,-0.206,-0.104,101324.8,,,,,,,,1
39.460,SYNTHETIC,9.814,0.003,-0.096,0.053,0.187,0.026,101323.5,,,,,,,,1
39.480,SYNTHETIC,9.717,-0.040,-0.051,0.049,0.026,-0.158,101321.5,,,,,,,,1
39.500,SYNTHETIC,9.782,0.079,-0.023,0.130,0.179,0.077,101324.9,,,,,,,,1
39.520,SYNTHETIC,9.796,0.016,-0.021,0.052,0.148,0.055,101326.2,,,,,,,,1
39.540,SYNTHETIC,9.766,0.050,0.060,-0.005,-0.124,-0.040,101323.3,,,,,,,,1
39.560,SYNTHETIC,9.764,0.094,0.029,0.033,0.103,0.033,101325.8,,,,,,,,1
39.580,SYNTHETIC,9.880,0.013,0.007,-0.029,-0.022,0.170,101321.5,,,,,,,,1
39.600,SYNTHETIC,9.795,0.042,0.066,0.130,0.010,-0.156,101326.4,,,,,,,,1
39.620,SYNTHETIC,9.845,0.068,0.121,-0.105,0.113,-0.015,101325.7,,,,,,,,1
39.640,SYNTHETIC,9.822,-0.082,-0.039,0.007,0.139,-0.112,101319.5,,,,,,,,1
39.660,SYNTHETIC,9.775,0.118,-0.048,0.025,0.005,-0.089,101325.5,,,,,,,,1
39.680,SYNTHETIC,9.805,0.123,0.043,0.024,0.011,-0.093,101328.4,,,,,,,,1
39.700,SYNTHETIC,9.651,0.019,-0.039,0.149,-0.026,-0.191,101319.5,,,,,,,,1
39.720,SYNTHETIC,9.728,-0.103,0.089,0.139,-0.052,-0.042,101324.5,,,,,,,,1
39.740,SYNTHETIC,9.823,0.020,0.035,-0.122,0.088,0.085,101325.5,,,,,,,,1
39.760,SYNTHETIC,9.829,-0.005,-0.080,0.082,-0.010,-0.120,101326.0,,,,,,,,1
39.780,SYNTHETIC,9.821,-0.027,0.002,0.102,0.001,-0.072,101324.7,,,,,,,,1
39.800,SYNTHETIC,9.771,-0.011,0.006,-0.036,0.051,0.078,101324.5,,,,,,,,1
39.820,SYNTHETIC,9.798,-0.054,0.078,-0.099,-0.102,0.017,101326.9,,,,,,,,1
39.840,SYNTHETIC,9.838,-0.105,0.028,-0.088,0.031,0.019,101323.8,,,,,,,,1
39.860,SYNTHETIC,9.795,-0.083,-0.045,0.085,-0.041,0.026,101323.3,,,,,,,,1
39.880,SYNTHETIC,9.778,0.055,0.018,0.071,0.046,0.161,101322.4,,,,,,,,1
39.900,SYNTHETIC,9.908,0.035,0.009,0.062,-0.095,0.071,101321.5,,,,,,,,1
39.920,SYNTHETIC,9.779,0.042,-0.039,-0.028,-0.044,0.020,101324.4,,,,,,,,1
39.940,SYNTHETIC,9.727,0.015,0.055,-0.029,-0.009,-0.036,101325.3,,,,,,,,1
39.960,SYNTHETIC,9.811,0.028,0.054,0.006,0.062,-0.074,101324.1,,,,,,,,1
39.980,SYNTHETIC,9.832,0.074,0.090,-0.284,0.214,0.008,101325.2,,,,,,,,1
40.000,SYNTHETIC,9.775,0.057,-0.019,-0.053,0.012,-0.113,101327.2,0.0002883,0.0005571,-1.7,3,9,21.40,4.066,1
40.020,SYNTHETIC,9.840,-0.033,-0.016,-0.049,0.057,-0.017,101322.5,,,,,,,,1
40.040,SYNTHETIC,9.816,0.015,-0.030,-0.065,-0.071,-0.081,101327.3,,,,,,,,1
40.060,SYNTHETIC,9.857,0.038,-0.020,0.080,0.039,-0.019,101324.2,,,,,,,,1
40.080,SYNTHETIC,9.770,0.026,-0.084,-0.015,0.016,-0.107,101327.3,,,,,,,,1
40.100,SYNTHETIC,9.766,0.002,0.042,-0.026,-0.082,0.040,101326.5,,,,,,,,1
40.120,SYNTHETIC,9.767,0.026,0.060,0.044,-0.082,0.097,101323.3,,,,,,,,1
40.140,SYNTHETIC,9.841,-0.073,-0.005,-0.086,0.162,0.024,101329.0,,,,,,,,1
40.160,SYNTHETIC,9.828,0.074,-0.017,0.086,0.002,-0.072,101323.0,,,,,,,,1
40.180,SYNTHETIC,9.871,-0.055,0.030,0.081,0.166,-0.008,101322.7,,,,,,,,1
40.200,SYNTHETIC,9.722,0.033,-0.110,0.017,0.038,0.145,101327.2,,,,,,,,1
40.220,SYNTHETIC,9.716,-0.042,0.014,0.173,-0.123,-0.133,101325.6,,,,,,,,1
40.240,SYNTHETIC,9.788,-0.064,-0.006,-0.030,0.157,0.001,101328.4,,,,,,,,1
40.260,SYNTHETIC,9.890,-0.079,-0.002,-0.003,0.137,0.111,101324.4,,,,,,,,1
40.280,SYNTHETIC,9.657,0.089,0.021,0.150,-0.051,-0.116,101323.8,,,,,,,,1
40.300,SYNTHETIC,9.816,-0.050,-0.040,0.037,0.180,0.000,101330.1,,,,,,,,1
40.320,SYNTHETIC,9.833,0.016,0.029,0.127,-0.014,0.146,101324.8,,,,,,,,1
40.340,SYNTHETIC,9.801,0.038,0.046,-0.103,0.046,-0.028,101322.9,,,,,,,,1
40.360,SYNTHETIC,9.768,0.011,0.015,0.158,0.126,-0.079,101324.1,,,,,,,,1
40.380,SYNTHETIC,9.774,0.083,-0.036,0.066,-0.047,0.047,101320.8,,,,,,,,1
40.400,SYNTHETIC,9.787,-0.043,0.053,0.052,0.043,0.021,101327.3,,,,,,,,1
40.420,SYNTHETIC,9.738,-0.051,0.073,0.022,-0.062,-0.039,101326.0,,,,,,,,1
40.440,SYNTHETIC,9.861,-0.007,-0.053,0.170,0.073,0.208,101326.5,,,,,,,,1
40.460,SYNTHETIC,9.803,-0.004,0.022,-0.059,0.035,-0.086,101323.4,,,,,,,,1
40.480,SYNTHETIC,9.739,0.024,-0.037,-0.008,-0.036,-0.060,101327.5,,,,,,,,1
40.500,SYNTHETIC,9.771,0.063,0.012,0.033,0.054,-0.085,101323.2,,,,,,,,1
40.520,SYNTHETIC,9.759,0.083,-0.032,-0.012,-0.150,0.135,101324.5,,,,,,,,1
40.540,SYNTHETIC,9.831,0.042,0.091,-0.154,0.071,0.129,101328.8,,,,,,,,1
40.560,SYNTHETIC,9.777,-0.023,-0.005,0.102,-0.087,0.097,101329.9,,,,,,,,1
40.580,SYNTHETIC,9.695,-0.023,0.090,0.132,-0.060,0.193,101323.0,,,,,,,,1
40.600,SYNTHETIC,9.789,-0.010,-0.013,-0.225,0.027,0.009,101325.9,,,,,,,,1
40.620,SYNTHETIC,9.850,-0.068,-0.025,0.007,-0.063,0.051,101324.5,,,,,,,,1
40.640,SYNTHETIC,9.815,0.054,0.028,-0.118,-0.104,-0.022,101324.5,,,,,,,,1
40.660,SYNTHETIC,9.831,-0.012,-0.034,-0.056,0.187,-0.208,101327.0,,,,,,,,1
40.680,SYNTHETIC,9.941,0.096,0.040,0.030,-0.057,-0.024,101329.1,,,,,,,,1
40.700,SYNTHETIC,9.883,-0.111,-0.009,-0.120,0.058,0.072,101333.9,,,,,,,,1
40.720,SYNTHETIC,9.848,-0.023,-0.024,-0.032,0.020,-0.101,101324.5,,,,,,,,1
40.740,SYNTHETIC,9.769,0.013,-0.074,0.014,-0.090,-0.031,101327.8,,,,,,,,1
40.760,SYNTHETIC,9.793,0.007,-0.053,0.025,-0.074,0.034,101331.8,,,,,,,,1
40.780,SYNTHETIC,9.756,0.001,-0.028,-0.041,-0.107,0.187,101324.8,,,,,,,,1
40.800,SYNTHETIC,9.862,-0.059,-0.012,-0.009,-0.330,0.190,101324.0,,,,,,,,1
40.820,SYNTHETIC,9.777,-0.072,-0.027,-0.121,-0.061,0.067,101324.9,,,,,,,,1
40.840,SYNTHETIC,9.754,0.019,-0.025,0.012,0.001,-0.103,101325.2,,,,,,,,1
40.860,SYNTHETIC,9.769,-0.016,-0.018,-0.079,-0.077,-0.088,101329.8,,,,,,,,1
40.880,SYNTHETIC,9.827,0.092,-0.029,0.016,0.037,-0.001,101321.3,,,,,,,,1
40.900,SYNTHETIC,9.840,0.061,0.036,0.054,0.076,-0.073,101326.8,,,,,,,,1
40.920,SYNTHETIC,9.783,0.010,-0.023,0.111,0.019,0.047,101324.8,,,,,,,,1
40.940,SYNTHETIC,9.807,0.035,0.072,-0.204,0.031,0.100,101329.2,,,,,,,,1
40.960,SYNTHETIC,9.766,0.045,0.085,-0.156,0.153,0.028,101323.7,,,,,,,,1
40.980,SYNTHETIC,9.747,-0.039,0.109,0.181,-0.024,0.019,101322.0,,,,,,,,1
41.000,SYNTHETIC,9.851,0.050,0.120,-0.036,0.163,0.070,101329.0,0.0002880,0.0005702,7.8,3,9,21.28,4.063,1
41.020,SYNTHETIC,9.796,0.025,-0.071,-0.013,-0.213,0.077,101322.3,,,,,,,,1
41.040,SYNTHETIC,9.791,-0.044,0.006,-0.035,-0.020,-0.037,101325.8,,,,,,,,1
41.060,SYNTHETIC,9.819,-0.016,-0.039,0.061,-0.101,-0.074,101323.5,,,,,,,,1
41.080,SYNTHETIC,9.771,0.033,0.030,-0.055,-0.015,-0.140,101325.8,,,,,,,,1
41.100,SYNTHETIC,9.743,0.043,0.089,0.028,0.061,-0.147,101326.5,,,,,,,,1
41.120,SYNTHETIC,9.777,0.013,0.022,-0.084,-0.041,-0.179,101322.2,,,,,,,,1
41.140,SYNTHETIC,9.803,-0.049,-0.055,0.137,0.005,0.125,101326.3,,,,,,,,1
41.160,SYNTHETIC,9.809,-0.006,0.040,-0.057,-0.011,0.086,101320.3,,,,,,,,1
41.180,SYNTHETIC,9.735,-0.009,-0.067,-0.181,0.033,-0.020,101323.1,,,,,,,,1
41.200,SYNTHETIC,9.868,0.009,0.059,0.035,-0.041,-0.077,101322.8,,,,,,,,1
41.220,SYNTHETIC,9.750,0.047,-0.032,-0.086,0.001,0.162,101322.2,,,,,,,,1
41.240,SYNTHETIC,9.746,-0.025,-0.021,-0.040,0.126,0.064,101326.7,,,,,,,,1
41.260,SYNTHETIC,9.783,0.008,-0.041,-0.006,-0.039,0.153,101323.6,,,,,,,,1
41.280,SYNTHETIC,9.845,-0.047,0.025,-0.127,0.034,-0.048,101327.3,,,,,,,,1
41.300,SYNTHETIC,9.828,-0.022,-0.061,-0.050,-0.083,-0.136,101322.1,,,,,,,,1
41.320,SYNTHETIC,9.863,0.037,-0.004,-0.018,0.161,-0.022,101325.4,,,,,,,,1
41.340,SYNTHETIC,9.783,0.088,0.056,-0.062,0.087,-0.017,101324.3,,,,,,,,1
41.360,SYNTHETIC,9.778,-0.054,0.032,0.011,0.038,0.051,101327.4,,,,,,,,1
41.380,SYNTHETIC,9.855,0.014,-0.010,0.116,0.109,-0.010,101320.1,,,,,,,,1
41.400,SYNTHETIC,9.834,0.014,0.058,0.007,0.098,0.101,101329.2,,,,,,,,1
41.420,SYNTHETIC,9.763,-0.154,-0.076,-0.036,0.110,0.160,101320.5,,,,,,,,1
41.440,SYNTHETIC,9.825,0.031,0.043,0.054,-0.065,0.019,101321.5,,,,,,,,1
41.460,SYNTHETIC,9.681,0.045,-0.027,0.140,-0.065,-0.121,101321.4,,,,,,,,1
41.480,SYNTHETIC,9.734,-0.055,-0.008,-0.049,0.083,0.076,101323.3,,,,,,,,1
41.500,SYNTHETIC,9.778,0.048,0.003,0.030,-0.059,0.159,101328.9,,,,,,,,1
41.520,SYNTHETIC,9.902,0.034,0.024,0.111,-0.206,-0.105,101322.9,,,,,,,,1
41.540,SYNTHETIC,9.924,-0.037,-0.010,0.018,-0.010,-0.048,101320.7,,,,,,,,1
41.560,SYNTHETIC,9.853,-0.075,0.089,0.090,0.074,0.042,101324.0,,,,,,,,1
41.580,SYNTHETIC,9.813,0.113,-0.022,-0.193,0.187,0.079,101322.9,,,,,,,,1
41.600,SYNTHETIC,9.886,0.032,0.021,-0.044,-0.103,0.167,101327.6,,,,,,,,1
41.620,SYNTHETIC,9.822,0.026,-0.028,-0.047,0.132,0.105,101329.1,,,,,,,,1
41.640,SYNTHETIC,9.801,-0.064,-0.006,0.115,-0.077,0.038,101316.2,,,,,,,,1
41.660,SYNTHETIC,9.797,0.011,0.068,-0.111,0.245,0.060,101328.6,,,,,,,,1
41.680,SYNTHETIC,9.875,0.051,0.064,0.079,0.088,0.001,101321.3,,,,,,,,1
41.700,SYNTHETIC,9.833,0.010,0.142,0.100,0.146,0.051,101321.6,,,,,,,,1
41.720,SYNTHETIC,9.735,0.053,-0.047,-0.022,-0.086,-0.136,101327.9,,,,,,,,1
41.740,SYNTHETIC,9.854,-0.026,-0.064,0.044,-0.239,0.166,101327.7,,,,,,,,1
41.760,SYNTHETIC,9.936,0.044,0.080,0.072,-0.168,0.089,101324.5,,,,,,,,1
41.780,SYNTHETIC,9.772,-0.016,0.035,0.133,-0.072,-0.127,101325.6,,,,,,,,1
41.800,SYNTHETIC,9.898,-0.139,0.018,-0.013,-0.116,-0.209,101331.9,,,,,,,,1
41.820,SYNTHETIC,9.779,-0.046,-0.081,0.167,0.118,0.085,101323.0,,,,,,,,1
41.840,SYNTHETIC,9.803,-0.056,0.040,0.045,-0.048,-0.042,101328.8,,,,,,,,1
41.860,SYNTHETIC,9.760,-0.007,-0.077,-0.083,0.002,0.021,101323.9,,,,,,,,1
41.880,SYNTHETIC,9.791,0.012,-0.022,-0.159,0.018,-0.083,101327.1,,,,,,,,1
41.900,SYNTHETIC,9.708,0.069,-0.046,0.077,-0.068,0.155,101319.4,,,,,,,,1
41.920,SYNTHETIC,9.906,0.041,0.102,0.116,-0.031,-0.042,101317.5,,,,,,,,1
41.940,SYNTHETIC,9.729,-0.048,-0.017,-0.038,0.014,0.055,101325.1,,,,,,,,1
41.960,SYNTHETIC,9.794,0.064,-0.016,0.070,-0.007,-0.019,101326.1,,,,,,,,1
41.980,SYNTHETIC,9.752,-0.044,0.008,0.140,-0.153,0.012,101328.2,,,,,,,,1
42.000,SYNTHETIC,9.796,-0.008,0.031,-0.038,0.008,-0.037,101327.8,0.0002905,0.0005671,-4.0,3,9,21.30,4.067,1
42.020,SYNTHETIC,9.879,-0.036,0.051,0.117,-0.104,-0.062,101325.6,,,,,,,,1
42.040,SYNTHETIC,9.835,0.170,-0.105,0.162,-0.148,-0.072,101326.7,,,,,,,,1
42.060,SYNTHETIC,9.702,-0.049,0.015,0.136,0.015,0.015,101326.0,,,,,,,,1
42.080,SYNTHETIC,9.831,-0.004,-0.004,0.067,0.037,-0.002,101327.5,,,,,,,,1
42.100,SYNTHETIC,9.821,0.040,-0.022,-0.113,-0.105,-0.216,101326.6,,,,,,,,1
42.120,SYNTHETIC,9.779,0.109,-0.071,-0.027,-0.045,-0.024,101330.3,,,,,,,,1
42.140,SYNTHETIC,9.819,0.087,0.005,0.196,0.098,0.181,101320.9,,,,,,,,1
42.160,SYNTHETIC,9.783,-0.130,0.011,-0.057,-0.100,-0.091,101324.1,,,,,,,,1
42.180,SYNTHETIC,9.773,-0.006,-0.048,-0.056,-0.073,-0.018,101322.7,,,,,,,,1
42.200,SYNTHETIC,9.791,-0.106,0.063,-0.071,0.049,0.019,101322.4,,,,,,,,1
42.220,SYNTHETIC,9.768,0.035,0.054,-0.092,-0.045,0.113,101325.8,,,,,,,,1
42.240,SYNTHETIC,9.793,-0.020,-0.055,-0.128,0.158,-0.007,101327.4,,,,,,,,1
42.260,SYNTHETIC,9.818,0.005,-0.048,0.032,-0.020,0.002,101321.4,,,,,,,,1
42.280,SYNTHETIC,9.864,-0.038,0.003,-0.051,0.118,0.013,101324.6,,,,,,,,1
42.300,SYNTHETIC,9.719,0.026,-0.033,0.025,-0.004,-0.066,101324.3,,,,,,,,1
42.320,SYNTHETIC,9.858,-0.004,-0.033,-0.014,0.021,-0.183,101323.5,,,,,,,,1
42.340,SYNTHETIC,9.797,0.017,-0.086,0.141,-0.077,0.077,101327.2,,,,,,,,1
42.360,SYNTHETIC,9.846,0.010,-0.070,0.092,0.032,0.104,101323.6,,,,,,,,1
42.380,SYNTHETIC,9.822,-0.080,-0.001,-0.140,0.004,-0.054,101325.7,,,,,,,,1
42.400,SYNTHETIC,9.795,0.021,-0.060,-0.134,0.038,0.072,101322.2,,,,,,,,1
42.420,SYNTHETIC,9.847,-0.105,-0.102,-0.016,-0.128,-0.064,101322.0,,,,,,,,1
42.440,SYNTHETIC,9.786,-0.082,0.110,-0.186,-0.021,-0.035,101324.9,,,,,,,,1
42.460,SYNTHETIC,9.761,-0.118,0.059,-0.074,-0.114,-0.120,101327.8,,,,,,,,1
42.480,SYNTHETIC,9.681,-0.097,-0.061,0.086,-0.020,-0.085,101328.6,,,,,,,,1
42.500,SYNTHETIC,9.810,-0.006,-0.069,0.080,-0.203,0.007,101320.8,,,,,,,,1
42.520,SYNTHETIC,9.762,-0.082,-0.008,0.149,0.051,-0.047,101328.2,,,,,,,,1
42.540,SYNTHETIC,9.808,-0.083,0.073,0.148,0.000,0.168,101323.8,,,,,,,,1
42.560,SYNTHETIC,9.869,-0.035,-0.033,0.060,0.063,-0.028,101319.8,,,,,,,,1
42.580,SYNTHETIC,9.894,-0.035,0.011,-0.102,-0.025,-0.053,101327.0,,,,,,,,1
42.600,SYNTHETIC,9.829,0.021,-0.026,-0.202,0.055,-0.006,101323.7,,,,,,,,1
42.620,SYNTHETIC,9.858,0.002,-0.005,0.028,-0.018,-0.187,101330.6,,,,,,,,1
42.640,SYNTHETIC,9.781,0.069,-0.061,-0.002,-0.076,-0.089,101325.9,,,,,,,,1
42.660,SYNTHETIC,9.814,-0.077,0.003,-0.095,-0.019,0.001,101328.4,,,,,,,,1
42.680,SYNTHETIC,9.799,0.104,-0.081,0.004,-0.085,-0.050,101327.7,,,,,,,,1
42.700,SYNTHETIC,9.830,-0.012,0.020,-0.223,0.034,-0.108,101327.4,,,,,,,,1
42.720,SYNTHETIC,9.808,-0.014,-0.052,0.009,0.042,0.140,101319.9,,,,,,,,1
42.740,SYNTHETIC,9.812,0.066,-0.029,0.045,0.019,-0.096,101325.4,,,,,,,,1
42.760,SYNTHETIC,9.823,-0.010,-0.002,0.002,0.115,0.030,101322.8,,,,,,,,1
42.780,SYNTHETIC,9.865,0.009,0.034,0.028,0.008,0.102,101323.6,,,,,,,,1
42.800,SYNTHETIC,9.839,-0.021,-0.020,-0.130,-0.087,0.117,101325.4,,,,,,,,1
42.820,SYNTHETIC,9.819,0.045,-0.030,-0.105,0.107,-0.001,101328.1,,,,,,,,1
42.840,SYNTHETIC,9.841,-0.068,-0.069,-0.113,-0.117,0.047,101324.3,,,,,,,,1
42.860,SYNTHETIC,9.757,-0.055,0.002,-0.039,0.171,-0.046,101328.8,,,,,,,,1
42.880,SYNTHETIC,9.812,-0.038,-0.044,0.039,0.074,-0.068,101323.6,,,,,,,,1
42.900,SYNTHETIC,9.813,-0.030,-0.026,-0.055,0.034,0.031,101326.1,,,,,,,,1
42.920,SYNTHETIC,9.835,-0.026,0.038,0.058,-0.068,-0.028,101327.6,,,,,,,,1
42.940,SYNTHETIC,9.793,-0.024,0.040,-0.147,0.037,0.047,101325.1,,,,,,,,1
42.960,SYNTHETIC,9.805,0.071,-0.020,0.036,0.228,0.059,101324.0,,,,,,,,1
42.980,SYNTHETIC,9.859,-0.037,0.002,0.068,0.079,0.012,101324.9,,,,,,,,1
43.000,SYNTHETIC,9.792,-0.009,-0.080,-0.095,0.017,0.005,101325.4,0.0002557,0.0005680,-0.4,3,9,21.22,4.058,1
43.020,SYNTHETIC,9.768,0.004,-0.008,0.075,-0.082,-0.068,101327.6,,,,,,,,1
43.040,SYNTHETIC,9.739,0.000,0.038,0.036,-0.046,0.112,101331.9,,,,,,,,1
43.060,SYNTHETIC,9.881,0.030,0.067,0.011,0.049,0.069,101329.8,,,,,,,,1
43.080,SYNTHETIC,9.832,0.014,0.067,-0.010,0.123,-0.052,101325.5,,,,,,,,1
43.100,SYNTHETIC,9.782,-0.043,0.032,0.189,-0.005,-0.011,101325.0,,,,,,,,1
43.120,SYNTHETIC,9.829,-0.009,0.036,0.029,0.082,0.112,101327.0,,,,,,,,1
43.140,SYNTHETIC,9.806,-0.017,0.033,-0.117,-0.048,-0.141,101324.1,,,,,,,,1
43.160,SYNTHETIC,9.903,0.039,-0.003,0.022,-0.033,-0.087,101322.5,,,,,,,,1
43.180,SYNTHETIC,9.800,0.063,0.055,-0.058,0.074,0.125,101322.0,,,,,,,,1
43.200,SYNTHETIC,9.745,-0.027,0.011,0.077,-0.031,-0.135,101328.4,,,,,,,,1
43.220,SYNTHETIC,9.865,0.106,0.074,-0.055,-0.006,0.026,101327.7,,,,,,,,1
