seq,timestamp,data_source,flight_state,imu_accel_x,imu_accel_y,imu_accel_z,gyro_x,gyro_y,gyro_z,barometric_pressure,altitude,vertical_velocity,temperature,latitude,longitude,gps_altitude,gps_fix,gps_satellites,battery_voltage,separation_detected,quality_flags,crc16
0,0.000000,SIMULATED,PRELAUNCH,-0.059,-0.023,9.787,0.009,-0.099,-0.061,101323.0,0.00,0.00,23.97,,,,0,3,4.101,0,0,F4C7
1,0.020000,SIMULATED,PRELAUNCH,0.040,-0.102,9.848,0.022,0.018,-0.004,101321.9,0.04,0.00,,,,,,,,0,0,A174
2,0.040000,SIMULATED,PRELAUNCH,0.005,0.091,9.678,0.059,0.070,-0.107,101326.7,-0.23,-0.28,,,,,,,,0,0,2730
3,0.060000,SIMULATED,PRELAUNCH,0.003,0.000,9.799,-0.057,0.019,0.151,101327.1,-0.20,-0.46,,,,,,,,0,0,2DBA
4,0.080000,SIMULATED,PRELAUNCH,0.008,-0.012,9.855,0.375,-0.043,0.008,101318.6,0.40,0.92,,,,,,,,0,0,862F
5,0.100000,SIMULATED,PRELAUNCH,-0.055,0.096,9.807,-0.027,0.005,0.207,101331.4,-0.55,-0.79,,,,,,,,0,0,8458
6,0.120000,SIMULATED,PRELAUNCH,-0.010,-0.090,9.744,-0.158,-0.182,0.099,101326.8,-0.14,-0.75,,,,,,,,0,0,D593
7,0.140000,SIMULATED,PRELAUNCH,-0.069,0.054,9.789,-0.044,0.214,-0.014,101320.5,0.33,0.66,,,,,,,,0,0,9DC9
8,0.160000,SIMULATED,PRELAUNCH,-0.095,-0.054,9.739,-0.100,-0.135,0.041,101322.9,0.12,0.95,,,,,,,,0,0,873D
9,0.180000,SIMULATED,PRELAUNCH,0.009,-0.020,9.837,0.155,0.072,-0.028,101323.5,0.06,0.97,,,,,,,,0,0,65B3
10,0.200000,SIMULATED,PRELAUNCH,0.124,-0.030,9.783,-0.162,0.074,-0.147,101323.3,0.07,0.96,,,,,,,,0,0,611E
11,0.220000,SIMULATED,PRELAUNCH,0.032,-0.043,9.797,0.097,0.012,0.040,101322.3,0.15,1.05,,,,,,,,0,0,41A4
12,0.240000,SIMULATED,PRELAUNCH,0.036,0.039,9.862,-0.090,-0.011,-0.017,101319.5,0.34,1.40,,,,,,,,0,0,3E99
13,0.260000,SIMULATED,PRELAUNCH,0.041,-0.010,9.716,-0.210,-0.015,-0.120,101327.2,-0.27,0.70,,,,,,,,0,0,E617
14,0.280000,SIMULATED,PRELAUNCH,-0.011,-0.037,9.836,-0.035,-0.057,-0.133,101329.8,-0.45,-0.03,,,,,,,,0,0,5DC7
15,0.300000,SIMULATED,PRELAUNCH,-0.036,0.033,9.766,-0.066,-0.144,-0.173,101321.8,0.19,0.23,,,,,,,,0,0,9D0F
16,0.320000,SIMULATED,PRELAUNCH,0.034,-0.054,9.807,-0.223,-0.213,-0.158,101328.0,-0.30,-0.11,,,,,,,,0,0,59F8
17,0.340000,SIMULATED,PRELAUNCH,0.082,0.006,9.773,-0.139,0.086,0.156,101318.5,0.46,0.36,,,,,,,,0,0,D0CD
18,0.360000,SIMULATED,PRELAUNCH,-0.082,0.038,9.835,-0.034,-0.038,0.034,101322.4,0.13,0.41,,,,,,,,0,0,8263
19,0.380000,SIMULATED,PRELAUNCH,0.039,-0.013,9.846,0.140,-0.020,0.125,101318.7,0.42,0.66,,,,,,,,0,0,3D51
20,0.400000,SIMULATED,PRELAUNCH,-0.009,0.003,9.918,0.045,0.050,0.013,101321.3,0.19,0.68,,,,,,,,0,0,9BF3
21,0.420000,SIMULATED,PRELAUNCH,0.062,0.010,9.809,0.061,0.189,0.058,101327.5,-0.31,0.37,,,,,,,,0,0,D0B5
22,0.440000,SIMULATED,PRELAUNCH,0.014,0.041,9.833,0.110,-0.296,0.052,101326.7,-0.24,0.17,,,,,,,,0,0,236D
23,0.460000,SIMULATED,PRELAUNCH,0.002,-0.049,9.824,-0.132,0.038,0.023,101325.2,-0.11,0.09,,,,,,,,0,0,1A7A
24,0.480000,SIMULATED,PRELAUNCH,-0.063,-0.029,9.814,-0.049,-0.033,0.008,101331.1,-0.57,-0.20,,,,,,,,0,0,1737
25,0.500000,SIMULATED,PRELAUNCH,0.071,-0.052,9.816,-0.003,0.028,-0.108,101321.4,0.23,-0.07,,,,,,,,0,0,4D30
26,0.520000,SIMULATED,PRELAUNCH,0.006,-0.054,9.866,0.021,0.060,0.025,101327.9,-0.31,-0.19,,,,,,,,0,0,4BAC
27,0.540000,SIMULATED,PRELAUNCH,-0.010,-0.057,9.796,-0.055,-0.033,0.002,101326.9,-0.21,-0.24,,,,,,,,0,0,9F9D
28,0.560000,SIMULATED,PRELAUNCH,-0.047,-0.007,9.780,-0.021,-0.112,0.104,101325.5,-0.09,-0.24,,,,,,,,0,0,9FB7
29,0.580000,SIMULATED,PRELAUNCH,0.016,0.050,9.751,-0.002,0.099,0.017,101324.8,-0.04,-0.22,,,,,,,,0,0,BE7F
30,0.600000,SIMULATED,PRELAUNCH,0.039,0.017,9.759,0.057,0.026,-0.014,101319.4,0.40,-0.06,,,,,,,,0,0,8745
31,0.620000,SIMULATED,PRELAUNCH,-0.025,0.056,9.740,-0.123,0.027,0.029,101327.9,-0.30,-0.14,,,,,,,,0,0,B9D4
32,0.640000,SIMULATED,PRELAUNCH,-0.053,-0.049,9.794,-0.211,-0.204,-0.013,101322.7,0.13,-0.08,,,,,,,,0,0,C01C
33,0.660000,SIMULATED,PRELAUNCH,0.030,0.048,9.746,-0.131,-0.093,-0.018,101330.5,-0.50,-0.20,,,,,,,,0,0,7E03
34,0.680000,SIMULATED,PRELAUNCH,-0.009,0.021,9.874,-0.071,0.174,-0.002,101326.5,-0.16,-0.22,,,,,,,,0,0,ECF4
35,0.700000,SIMULATED,PRELAUNCH,-0.027,0.014,9.831,0.049,-0.053,-0.124,101327.5,-0.24,-0.25,,,,,,,,0,0,E00A
36,0.720000,SIMULATED,PRELAUNCH,0.003,-0.058,9.784,-0.108,0.165,0.078,101327.4,-0.23,-0.27,,,,,,,,0,0,6C2E
37,0.740000,SIMULATED,PRELAUNCH,0.026,0.088,9.836,-0.004,0.032,0.022,101325.8,-0.09,-0.26,,,,,,,,0,0,A598
38,0.760000,SIMULATED,PRELAUNCH,-0.052,0.024,9.857,0.008,0.047,-0.070,101327.3,-0.20,-0.27,,,,,,,,0,0,BE40
39,0.780000,SIMULATED,PRELAUNCH,0.058,0.006,9.814,-0.045,0.054,-0.064,101319.8,0.40,-0.16,,,,,,,,0,0,5596
40,0.800000,SIMULATED,PRELAUNCH,0.070,-0.044,9.813,-0.076,-0.053,0.036,101321.5,0.26,-0.09,,,,,,,,0,0,BB41
41,0.820000,SIMULATED,PRELAUNCH,0.036,0.017,9.735,0.029,-0.186,0.238,101327.0,-0.19,-0.11,,,,,,,,0,0,6009
42,0.840000,SIMULATED,PRELAUNCH,-0.041,-0.019,9.764,0.072,-0.001,-0.001,101322.0,0.22,-0.06,,,,,,,,0,0,9528
43,0.860000,SIMULATED,PRELAUNCH,-0.067,0.048,9.848,0.230,0.114,0.081,101325.4,-0.07,-0.07,,,,,,,,0,0,E87C
44,0.880000,SIMULATED,PRELAUNCH,-0.003,-0.004,9.835,0.030,0.006,-0.101,101329.1,-0.36,-0.11,,,,,,,,0,0,46CC
45,0.900000,SIMULATED,PRELAUNCH,0.046,0.018,9.792,0.016,-0.093,-0.065,101325.8,-0.09,-0.11,,,,,,,,0,0,D91C
46,0.920000,SIMULATED,PRELAUNCH,0.078,0.007,9.887,0.045,0.006,-0.192,101327.3,-0.21,-0.13,,,,,,,,0,0,324E
47,0.940000,SIMULATED,PRELAUNCH,0.095,-0.064,9.742,0.018,0.001,0.023,101324.5,0.02,-0.11,,,,,,,,0,0,AAC7
48,0.960000,SIMULATED,PRELAUNCH,0.038,0.033,9.760,0.027,0.169,0.057,101324.7,0.01,-0.10,,,,,,,,0,0,0C66
49,0.980000,SIMULATED,PRELAUNCH,-0.045,0.025,9.772,-0.014,0.007,-0.002,101324.4,0.03,-0.08,,,,,,,,0,0,C8B6
50,1.000000,SIMULATED,PRELAUNCH,-0.010,0.071,9.767,-0.034,-0.069,-0.076,101322.2,0.21,-0.05,23.82,,,,0,3,4.099,0,0,B0BC
51,1.020000,SIMULATED,PRELAUNCH,0.118,0.047,9.735,0.073,0.078,0.058,101328.3,-0.29,-0.08,,,,,,,,0,0,8EF0
52,1.040000,SIMULATED,PRELAUNCH,-0.070,0.009,9.758,0.147,0.041,-0.065,101323.8,0.08,-0.06,,,,,,,,0,0,7BE3
53,1.060000,SIMULATED,PRELAUNCH,-0.003,0.065,9.785,0.048,0.092,-0.006,101322.7,0.17,-0.03,,,,,,,,0,0,148D
54,1.080000,SIMULATED,PRELAUNCH,0.076,-0.076,9.904,0.112,-0.107,0.010,101325.6,-0.07,-0.03,,,,,,,,0,0,DE3D
55,1.100000,SIMULATED,PRELAUNCH,-0.037,0.106,9.793,-0.075,0.099,0.124,101331.2,-0.53,-0.08,,,,,,,,0,0,0E1E
56,1.120000,SIMULATED,PRELAUNCH,0.019,-0.008,9.787,0.016,-0.022,0.062,101320.7,0.34,-0.04,,,,,,,,0,0,AED7
57,1.140000,SIMULATED,PRELAUNCH,-0.046,0.054,9.755,0.088,-0.166,-0.071,101324.7,0.01,-0.03,,,,,,,,0,0,DC9A
58,1.160000,SIMULATED,PRELAUNCH,-0.005,0.025,9.669,-0.027,-0.101,-0.045,101323.1,0.14,-0.02,,,,,,,,0,0,FE06
59,1.180000,SIMULATED,PRELAUNCH,0.097,0.055,9.838,-0.046,-0.148,-0.166,101325.0,-0.02,-0.02,,,,,,,,0,0,22D5
60,1.200000,SIMULATED,PRELAUNCH,0.005,-0.057,9.771,0.116,-0.012,-0.022,101328.5,-0.31,-0.04,,,,,,,,0,0,577D
61,1.220000,SIMULATED,PRELAUNCH,-0.015,-0.027,9.816,-0.053,0.046,-0.039,101317.8,0.58,0.01,,,,,,,,0,0,A2CE
62,1.240000,SIMULATED,PRELAUNCH,0.040,0.052,9.845,-0.004,0.069,0.122,101321.1,0.29,0.04,,,,,,,,0,0,7C75
63,1.260000,SIMULATED,PRELAUNCH,-0.062,-0.083,9.822,0.064,-0.228,0.060,101324.5,0.01,0.04,,,,,,,,0,0,89A8
64,1.280000,SIMULATED,PRELAUNCH,-0.017,-0.083,9.815,0.101,-0.036,0.180,101320.3,0.35,0.07,,,,,,,,0,0,6851
65,1.300000,SIMULATED,PRELAUNCH,0.062,-0.053,9.795,0.035,0.106,-0.029,101327.3,-0.22,0.05,,,,,,,,0,0,90BD
66,1.320000,SIMULATED,PRELAUNCH,-0.056,-0.006,9.887,-0.010,0.007,0.091,101325.6,-0.08,0.04,,,,,,,,0,0,B114
67,1.340000,SIMULATED,PRELAUNCH,0.053,0.080,9.802,0.150,-0.053,-0.005,101320.9,0.31,0.06,,,,,,,,0,0,A37D
68,1.360000,SIMULATED,PRELAUNCH,0.079,-0.164,9.819,-0.052,-0.028,0.222,101318.9,0.47,0.09,,,,,,,,0,0,B8E7
69,1.380000,SIMULATED,PRELAUNCH,-0.009,0.026,9.777,0.034,0.035,0.023,101323.0,0.12,0.10,,,,,,,,0,0,71D6
70,1.400000,SIMULATED,PRELAUNCH,-0.028,0.071,9.768,0.213,-0.027,-0.120,101323.1,0.11,0.10,,,,,,,,0,0,253F
71,1.420000,SIMULATED,PRELAUNCH,-0.017,-0.025,9.700,0.207,0.007,0.083,101319.7,0.39,0.12,,,,,,,,0,0,0059
72,1.440000,SIMULATED,PRELAUNCH,-0.012,0.048,9.739,-0.035,-0.081,0.133,101323.7,0.06,0.12,,,,,,,,0,0,499D
73,1.460000,SIMULATED,PRELAUNCH,-0.016,-0.006,9.787,0.070,0.052,0.034,101332.6,-0.67,0.07,,,,,,,,0,0,E394
74,1.480000,SIMULATED,PRELAUNCH,-0.025,-0.016,9.823,0.217,0.137,0.135,101322.1,0.19,0.08,,,,,,,,0,0,7867
75,1.500000,SIMULATED,PRELAUNCH,0.016,-0.033,9.773,0.120,0.133,0.013,101321.7,0.23,0.09,,,,,,,,0,0,0081
76,1.520000,SIMULATED,PRELAUNCH,-0.069,0.123,9.764,-0.119,-0.152,0.147,101317.9,0.53,0.11,,,,,,,,0,0,8B73
77,1.540000,SIMULATED,PRELAUNCH,-0.022,-0.007,9.734,0.000,-0.045,-0.192,101326.8,-0.20,0.10,,,,,,,,0,0,6D42
78,1.560000,SIMULATED,PRELAUNCH,0.016,0.046,9.810,0.223,-0.034,-0.099,101323.9,0.04,0.10,,,,,,,,0,0,3B1C
79,1.580000,SIMULATED,PRELAUNCH,0.082,-0.057,9.755,-0.041,-0.010,0.107,101330.2,-0.48,0.07,,,,,,,,0,0,B3E8
80,1.600000,SIMULATED,PRELAUNCH,0.063,-0.048,9.731,-0.075,0.024,0.056,101328.5,-0.34,0.05,,,,,,,,0,0,0676
81,1.620000,SIMULATED,PRELAUNCH,-0.016,0.043,9.803,-0.089,-0.116,-0.076,101324.1,0.04,0.05,,,,,,,,0,0,6AB1
82,1.640000,SIMULATED,PRELAUNCH,0.024,0.047,9.802,0.114,-0.052,0.093,101328.5,-0.33,0.03,,,,,,,,0,0,A455
83,1.660000,SIMULATED,PRELAUNCH,-0.052,0.032,9.789,-0.090,0.001,-0.074,101324.0,0.04,0.03,,,,,,,,0,0,2AD8
84,1.680000,SIMULATED,PRELAUNCH,0.044,-0.030,9.751,-0.018,0.107,-0.073,101330.0,-0.45,0.01,,,,,,,,0,0,9846
85,1.700000,SIMULATED,PRELAUNCH,-0.013,0.036,9.853,0.043,-0.193,0.067,101322.4,0.18,0.02,,,,,,,,0,0,CF6E
86,1.720000,SIMULATED,PRELAUNCH,-0.061,0.047,9.884,0.071,0.042,-0.009,101326.6,-0.17,0.01,,,,,,,,0,0,5B1E
87,1.740000,SIMULATED,PRELAUNCH,0.044,-0.030,9.835,-0.208,-0.199,-0.048,101329.0,-0.36,-0.01,,,,,,,,0,0,2F92
88,1.760000,SIMULATED,PRELAUNCH,0.009,-0.022,9.765,0.107,0.099,0.029,101326.9,-0.19,-0.01,,,,,,,,0,0,2290
89,1.780000,SIMULATED,PRELAUNCH,0.017,0.059,9.876,-0.073,0.016,0.044,101323.8,0.07,-0.01,,,,,,,,0,0,5BB7
90,1.800000,SIMULATED,PRELAUNCH,-0.060,-0.066,9.873,-0.124,0.192,0.151,101323.9,0.06,0.00,,,,,,,,0,0,D8FD
91,1.820000,SIMULATED,PRELAUNCH,0.039,-0.016,9.863,0.061,-0.061,0.162,101334.4,-0.80,-0.04,,,,,,,,0,0,45E2
92,1.840000,SIMULATED,PRELAUNCH,-0.037,-0.060,9.786,-0.027,-0.054,0.163,101323.8,0.08,-0.03,,,,,,,,0,0,C685
93,1.860000,SIMULATED,PRELAUNCH,-0.063,-0.011,9.861,0.032,-0.022,0.099,101326.8,-0.17,-0.03,,,,,,,,0,0,5563
94,1.880000,SIMULATED,PRELAUNCH,-0.076,-0.024,9.880,-0.110,0.015,0.003,101330.0,-0.43,-0.05,,,,,,,,0,0,4A34
95,1.900000,SIMULATED,PRELAUNCH,-0.033,-0.043,9.768,-0.120,-0.070,-0.007,101325.3,-0.04,-0.05,,,,,,,,0,0,DB9E
96,1.920000,SIMULATED,PRELAUNCH,0.018,0.030,9.811,0.099,0.018,-0.127,101319.4,0.45,-0.03,,,,,,,,0,0,A716
97,1.940000,SIMULATED,PRELAUNCH,0.058,0.013,9.795,-0.099,0.074,-0.076,101319.8,0.41,-0.01,,,,,,,,0,0,12BA
98,1.960000,SIMULATED,PRELAUNCH,0.025,-0.078,9.902,-0.126,-0.102,-0.029,101325.5,-0.07,-0.01,,,,,,,,0,0,75CA
99,1.980000,SIMULATED,PRELAUNCH,-0.048,-0.008,9.737,-0.086,0.094,-0.199,101325.0,-0.02,-0.02,,,,,,,,0,0,7CEC
100,2.000000,SIMULATED,PRELAUNCH,-0.100,0.063,9.822,0.139,0.024,0.006,101328.5,-0.31,-0.03,23.89,-0.0000203,-0.0000088,1.5,3,9,4.100,0,0,21A8
101,2.020000,SIMULATED,PRELAUNCH,0.007,0.127,9.822,0.037,-0.041,0.130,101325.5,-0.06,-0.03,,,,,,,,0,0,256C
102,2.040000,SIMULATED,PRELAUNCH,-0.002,0.086,9.809,0.109,0.113,-0.051,101326.1,-0.10,-0.03,,,,,,,,0,0,1432
103,2.060000,SIMULATED,PRELAUNCH,0.043,0.017,9.782,-0.138,-0.045,-0.029,101320.6,0.35,-0.01,,,,,,,,0,0,9D77
104,2.080000,SIMULATED,PRELAUNCH,-0.050,0.072,9.719,-0.056,0.055,0.182,101323.8,0.08,-0.01,,,,,,,,0,0,E029
105,2.100000,SIMULATED,PRELAUNCH,0.008,0.026,9.869,0.061,-0.056,0.065,101323.6,0.09,-0.01,,,,,,,,0,0,789F
106,2.120000,SIMULATED,PRELAUNCH,-0.005,0.041,9.847,0.117,-0.023,0.028,101319.9,0.39,0.01,,,,,,,,0,0,B76F
107,2.140000,SIMULATED,PRELAUNCH,0.082,-0.075,9.816,-0.149,0.108,0.039,101324.1,0.05,0.01,,,,,,,,0,0,9302
108,2.160000,SIMULATED,PRELAUNCH,-0.068,0.035,9.843,0.083,-0.005,0.083,101322.5,0.19,0.02,,,,,,,,0,0,CE26
109,2.180000,SIMULATED,PRELAUNCH,-0.051,0.044,9.811,0.053,-0.088,0.130,101322.4,0.19,0.02,,,,,,,,0,0,12D5
110,2.200000,SIMULATED,PRELAUNCH,-0.003,0.011,9.846,-0.044,-0.065,-0.162,101329.6,-0.41,0.01,,,,,,,,0,0,9D14
111,2.220000,SIMULATED,PRELAUNCH,-0.051,0.041,9.719,0.159,-0.149,0.003,101323.4,0.11,0.01,,,,,,,,0,0,FAAF
112,2.240000,SIMULATED,PRELAUNCH,0.070,0.047,9.742,0.069,-0.169,-0.097,101325.7,-0.08,0.01,,,,,,,,0,0,7A95
113,2.260000,SIMULATED,PRELAUNCH,-0.097,0.066,9.686,0.007,-0.101,0.020,101326.2,-0.12,0.00,,,,,,,,0,0,5D24
114,2.280000,SIMULATED,PRELAUNCH,-0.040,-0.071,9.717,0.035,0.095,-0.028,101328.3,-0.29,-0.01,,,,,,,,0,0,F29C
115,2.300000,SIMULATED,PRELAUNCH,-0.058,0.034,9.845,-0.141,-0.037,0.034,101321.6,0.26,0.00,,,,,,,,0,0,8C62
116,2.320000,SIMULATED,PRELAUNCH,0.006,0.009,9.819,0.180,0.009,0.087,101329.5,-0.39,-0.01,,,,,,,,0,0,3C49
117,2.340000,SIMULATED,PRELAUNCH,-0.039,-0.039,9.833,-0.094,-0.013,0.022,101323.3,0.13,0.00,,,,,,,,0,0,8914
118,2.360000,SIMULATED,PRELAUNCH,0.006,-0.012,9.737,-0.133,-0.110,-0.047,101323.8,0.09,0.00,,,,,,,,0,0,7019
119,2.380000,SIMULATED,PRELAUNCH,0.033,0.067,9.847,0.082,0.213,0.098,101321.7,0.26,0.01,,,,,,,,0,0,8408
120,2.400000,SIMULATED,PRELAUNCH,0.064,-0.071,9.832,0.017,-0.165,-0.008,101325.6,-0.05,0.00,,,,,,,,0,0,843E
121,2.420000,SIMULATED,PRELAUNCH,0.004,-0.074,9.821,-0.052,-0.093,0.051,101327.4,-0.21,0.00,,,,,,,,0,0,A348
122,2.440000,SIMULATED,PRELAUNCH,0.005,0.044,9.898,0.016,0.096,-0.037,101324.9,0.01,0.00,,,,,,,,0,0,3A28
123,2.460000,SIMULATED,PRELAUNCH,0.019,-0.001,9.779,-0.239,0.199,0.054,101329.8,-0.40,-0.01,,,,,,,,0,0,72E2
124,2.480000,SIMULATED,PRELAUNCH,-0.055,0.006,9.781,0.131,0.035,-0.057,101324.1,0.07,-0.01,,,,,,,,0,0,3D8A
125,2.500000,SIMULATED,PRELAUNCH,-0.041,-0.012,9.827,0.053,0.146,0.116,101322.5,0.20,0.00,,,,,,,,0,0,797A
126,2.520000,SIMULATED,PRELAUNCH,0.033,0.042,9.799,0.096,-0.171,0.019,101329.6,-0.39,-0.01,,,,,,,,0,0,35AF
127,2.540000,SIMULATED,PRELAUNCH,0.046,0.103,9.867,-0.002,0.120,-0.132,101321.0,0.32,0.00,,,,,,,,0,0,2ED7
128,2.560000,SIMULATED,PRELAUNCH,-0.033,-0.032,9.881,-0.060,0.054,-0.002,101325.2,-0.03,0.00,,,,,,,,0,0,3D78
129,2.580000,SIMULATED,PRELAUNCH,0.092,0.047,9.808,-0.143,-0.152,-0.014,101328.9,-0.34,-0.01,,,,,,,,0,0,C5E2
130,2.600000,SIMULATED,PRELAUNCH,-0.003,-0.034,9.829,-0.128,0.007,-0.061,101328.8,-0.32,-0.02,,,,,,,,0,0,FD7C
131,2.620000,SIMULATED,PRELAUNCH,0.022,0.003,9.814,0.104,-0.094,0.101,101324.5,0.04,-0.01,,,,,,,,0,0,80A6
132,2.640000,SIMULATED,PRELAUNCH,-0.010,0.020,9.751,0.187,0.019,0.075,101322.7,0.19,-0.01,,,,,,,,0,0,B76E
133,2.660000,SIMULATED,PRELAUNCH,-0.066,0.031,9.654,-0.005,-0.059,0.121,101322.7,0.18,-0.01,,,,,,,,0,0,4A98
134,2.680000,SIMULATED,PRELAUNCH,0.105,-0.008,9.870,-0.030,-0.146,0.095,101326.2,-0.11,-0.01,,,,,,,,0,0,F9D4
135,2.700000,SIMULATED,PRELAUNCH,-0.057,0.072,9.811,0.012,-0.069,0.066,101324.7,0.01,-0.01,,,,,,,,0,0,D3F9
136,2.720000,SIMULATED,PRELAUNCH,-0.053,-0.024,9.861,-0.178,-0.082,0.025,101323.1,0.15,0.00,,,,,,,,0,0,5512
137,2.740000,SIMULATED,PRELAUNCH,0.056,0.012,9.761,0.032,-0.085,-0.057,101326.1,-0.11,0.00,,,,,,,,0,0,D614
138,2.760000,SIMULATED,PRELAUNCH,0.039,-0.003,9.852,-0.100,0.203,-0.013,101327.5,-0.22,-0.01,,,,,,,,0,0,0DC3
139,2.780000,SIMULATED,PRELAUNCH,-0.034,-0.002,9.812,0.004,-0.013,-0.051,101323.2,0.14,0.00,,,,,,,,0,0,54A6
140,2.800000,SIMULATED,PRELAUNCH,-0.049,-0.063,9.699,-0.077,-0.069,0.004,101323.2,0.14,0.00,,,,,,,,0,0,9020
141,2.820000,SIMULATED,PRELAUNCH,0.020,0.027,9.864,0.084,-0.145,0.212,101324.0,0.07,0.00,,,,,,,,0,0,9E34
142,2.840000,SIMULATED,PRELAUNCH,0.040,-0.028,9.921,-0.017,-0.122,-0.129,101322.0,0.23,0.01,,,,,,,,0,0,A21B
143,2.860000,SIMULATED,PRELAUNCH,-0.029,0.067,9.798,0.095,-0.034,-0.095,101328.2,-0.28,0.00,,,,,,,,0,0,7BD5
144,2.880000,SIMULATED,PRELAUNCH,-0.013,-0.011,9.830,0.135,-0.004,-0.009,101322.8,0.16,0.01,,,,,,,,0,0,1FC1
145,2.900000,SIMULATED,PRELAUNCH,0.028,-0.059,9.742,0.036,0.109,-0.042,101324.1,0.06,0.01,,,,,,,,0,0,5132
146,2.920000,SIMULATED,PRELAUNCH,0.048,-0.063,9.764,0.025,-0.028,0.024,101322.9,0.16,0.01,,,,,,,,0,0,70DF
147,2.940000,SIMULATED,PRELAUNCH,0.061,-0.018,9.780,-0.147,0.003,0.089,101316.7,0.66,0.02,,,,,,,,0,0,9EEF
148,2.960000,SIMULATED,PRELAUNCH,0.019,-0.025,9.757,-0.029,0.171,-0.130,101325.4,-0.06,0.02,,,,,,,,0,0,89CC
149,2.980000,SIMULATED,PRELAUNCH,0.022,-0.007,9.715,-0.203,-0.079,0.094,101323.7,0.08,0.02,,,,,,,,0,0,FD42
150,3.000000,SIMULATED,PRELAUNCH,-0.005,0.004,9.789,-0.050,0.084,-0.001,101326.2,-0.12,0.02,23.76,0.0000030,-0.0000095,5.5,3,9,4.100,0,0,5EB4
151,3.020000,SIMULATED,PRELAUNCH,-0.060,0.064,9.729,0.121,0.067,0.039,101324.3,0.03,0.02,,,,,,,,0,0,4D87
152,3.040000,SIMULATED,PRELAUNCH,0.006,-0.039,9.706,0.040,0.183,-0.222,101325.8,-0.09,0.01,,,,,,,,0,0,9056
153,3.060000,SIMULATED,PRELAUNCH,0.026,-0.102,9.729,-0.007,-0.186,-0.084,101321.7,0.24,0.02,,,,,,,,0,0,6E1C
154,3.080000,SIMULATED,PRELAUNCH,0.063,0.022,9.723,0.052,-0.105,0.027,101328.4,-0.31,0.01,,,,,,,,0,0,5FCB
155,3.100000,SIMULATED,PRELAUNCH,-0.051,-0.043,9.833,-0.012,0.133,0.009,101327.4,-0.23,0.00,,,,,,,,0,0,092C
156,3.120000,SIMULATED,PRELAUNCH,0.103,0.085,9.882,-0.033,0.054,-0.077,101323.4,0.11,0.01,,,,,,,,0,0,BC5C
157,3.140000,SIMULATED,PRELAUNCH,-0.074,0.005,9.842,-0.060,-0.030,-0.014,101329.0,-0.35,0.00,,,,,,,,0,0,AA26
158,3.160000,SIMULATED,PRELAUNCH,-0.064,0.030,9.768,0.095,-0.124,0.039,101324.6,0.01,0.00,,,,,,,,0,0,6A08
159,3.180000,SIMULATED,PRELAUNCH,0.070,0.051,9.779,0.129,0.015,0.120,101324.0,0.06,0.00,,,,,,,,0,0,8FD1
160,3.200000,SIMULATED,PRELAUNCH,0.050,-0.012,9.749,-0.082,-0.045,0.134,101322.6,0.17,0.00,,,,,,,,0,0,776F
161,3.220000,SIMULATED,PRELAUNCH,0.101,0.067,9.796,0.165,-0.060,0.031,101322.7,0.17,0.00,,,,,,,,0,0,CAEB
162,3.240000,SIMULATED,PRELAUNCH,-0.014,0.027,9.839,-0.137,-0.043,-0.054,101319.0,0.47,0.01,,,,,,,,0,0,6179
163,3.260000,SIMULATED,PRELAUNCH,0.047,0.007,9.807,-0.037,0.104,0.004,101323.7,0.08,0.02,,,,,,,,0,0,D28E
164,3.280000,SIMULATED,PRELAUNCH,-0.033,0.013,9.779,0.052,-0.117,0.049,101323.0,0.14,0.02,,,,,,,,0,0,EB19
165,3.300000,SIMULATED,PRELAUNCH,-0.043,-0.013,9.883,0.141,0.147,-0.044,101326.6,-0.15,0.02,,,,,,,,0,0,4B62
166,3.320000,SIMULATED,PRELAUNCH,0.072,-0.073,9.867,0.024,-0.093,0.090,101320.8,0.32,0.02,,,,,,,,0,0,8100
167,3.340000,SIMULATED,PRELAUNCH,-0.005,-0.106,9.725,-0.097,-0.102,0.147,101327.8,-0.25,0.01,,,,,,,,0,0,8D18
168,3.360000,SIMULATED,PRELAUNCH,-0.018,0.023,9.755,0.013,-0.009,0.017,101323.2,0.13,0.02,,,,,,,,0,0,B8FF
169,3.380000,SIMULATED,PRELAUNCH,0.053,-0.104,9.792,-0.136,-0.096,-0.087,101320.9,0.33,0.02,,,,,,,,0,0,6249
170,3.400000,SIMULATED,PRELAUNCH,0.030,0.023,9.851,-0.126,-0.082,-0.245,101330.0,-0.43,0.01,,,,,,,,0,0,E29D
171,3.420000,SIMULATED,PRELAUNCH,0.027,0.019,9.814,0.068,-0.175,-0.039,101328.2,-0.27,0.01,,,,,,,,0,0,D91B
172,3.440000,SIMULATED,PRELAUNCH,-0.028,0.033,9.804,-0.031,0.098,-0.123,101323.5,0.12,0.01,,,,,,,,0,0,4E82
173,3.460000,SIMULATED,PRELAUNCH,-0.001,0.078,9.706,0.019,-0.035,0.157,101320.7,0.34,0.01,,,,,,,,0,0,13FF
174,3.480000,SIMULATED,PRELAUNCH,-0.048,-0.014,9.768,-0.017,0.080,-0.044,101323.8,0.08,0.02,,,,,,,,0,0,F5EC
175,3.500000,SIMULATED,PRELAUNCH,-0.082,0.025,9.797,-0.140,-0.034,-0.001,101323.1,0.14,0.02,,,,,,,,0,0,892B
176,3.520000,SIMULATED,PRELAUNCH,0.041,0.020,9.825,0.027,0.078,0.073,101324.3,0.05,0.02,,,,,,,,0,0,A045
177,3.540000,SIMULATED,PRELAUNCH,-0.120,-0.057,9.803,-0.017,0.012,-0.055,101325.8,-0.08,0.02,,,,,,,,0,0,35A1
178,3.560000,SIMULATED,PRELAUNCH,0.019,0.056,9.770,0.042,0.106,0.057,101317.1,0.64,0.03,,,,,,,,0,0,812A
179,3.580000,SIMULATED,PRELAUNCH,-0.022,-0.071,9.824,-0.005,0.029,-0.014,101325.6,-0.07,0.03,,,,,,,,0,0,587C
180,3.600000,SIMULATED,PRELAUNCH,-0.038,-0.032,9.823,0.019,0.111,-0.029,101326.6,-0.16,0.02,,,,,,,,0,0,45FC
181,3.620000,SIMULATED,PRELAUNCH,-0.012,-0.028,9.757,-0.055,0.026,-0.070,101328.5,-0.30,0.01,,,,,,,,0,0,7A6B
182,3.640000,SIMULATED,PRELAUNCH,-0.042,0.061,9.825,-0.288,-0.140,-0.084,101323.5,0.10,0.02,,,,,,,,0,0,133E
183,3.660000,SIMULATED,PRELAUNCH,0.055,0.075,9.725,0.022,-0.035,0.061,101327.3,-0.21,0.01,,,,,,,,0,0,36D1
184,3.680000,SIMULATED,PRELAUNCH,0.010,0.091,9.770,0.136,-0.037,-0.071,101322.6,0.17,0.01,,,,,,,,0,0,1469
185,3.700000,SIMULATED,PRELAUNCH,0.066,-0.004,9.763,0.111,0.043,-0.003,101329.5,-0.39,0.00,,,,,,,,0,0,3A62
186,3.720000,SIMULATED,PRELAUNCH,-0.016,0.068,9.804,-0.102,0.051,-0.111,101326.0,-0.10,0.00,,,,,,,,0,0,8635
187,3.740000,SIMULATED,PRELAUNCH,0.064,-0.062,9.820,-0.012,0.133,-0.062,101325.0,-0.03,0.00,,,,,,,,0,0,9AC1
188,3.760000,SIMULATED,PRELAUNCH,-0.004,-0.025,9.791,0.009,0.102,0.096,101324.2,0.04,0.00,,,,,,,,0,0,AF52
189,3.780000,SIMULATED,PRELAUNCH,0.031,0.070,9.706,-0.034,-0.101,-0.046,101329.2,-0.37,-0.01,,,,,,,,0,0,2E65
190,3.800000,SIMULATED,PRELAUNCH,0.005,-0.076,9.787,-0.001,-0.093,0.167,101320.1,0.38,0.00,,,,,,,,0,0,1B97
191,3.820000,SIMULATED,PRELAUNCH,-0.028,0.006,9.892,-0.063,0.021,0.003,101327.2,-0.21,0.00,,,,,,,,0,0,7E81
192,3.840000,SIMULATED,PRELAUNCH,0.087,0.011,9.833,-0.166,-0.068,-0.097,101329.6,-0.40,-0.01,,,,,,,,0,0,619E
193,3.860000,SIMULATED,PRELAUNCH,-0.033,0.036,9.763,-0.086,-0.094,0.119,101322.5,0.18,-0.01,,,,,,,,0,0,C895
194,3.880000,SIMULATED,PRELAUNCH,0.002,0.021,9.818,-0.029,0.026,0.043,101323.9,0.06,-0.01,,,,,,,,0,0,7A58
195,3.900000,SIMULATED,PRELAUNCH,0.028,0.043,9.803,0.032,-0.083,-0.199,101321.7,0.24,0.00,,,,,,,,0,0,A470
196,3.920000,SIMULATED,PRELAUNCH,-0.179,0.004,9.734,-0.073,-0.093,0.023,101319.4,0.43,0.01,,,,,,,,0,0,B389
197,3.940000,SIMULATED,PRELAUNCH,0.055,0.032,9.810,0.066,0.018,-0.058,101326.3,-0.14,0.00,,,,,,,,0,0,D517
198,3.960000,SIMULATED,PRELAUNCH,-0.059,0.007,9.849,-0.132,-0.064,0.098,101326.7,-0.17,0.00,,,,,,,,0,0,95F9
199,3.980000,SIMULATED,PRELAUNCH,0.013,-0.042,9.822,-0.077,0.030,0.060,101322.5,0.18,0.00,,,,,,,,0,0,2E1F
200,4.000000,SIMULATED,PRELAUNCH,0.019,-0.071,9.849,-0.053,-0.023,-0.029,101320.2,0.36,0.01,23.70,0.0000261,0.0000041,1.6,3,9,4.097,0,0,933F
201,4.020000,SIMULATED,PRELAUNCH,-0.031,-0.086,9.844,-0.007,0.069,0.069,101326.3,-0.14,0.01,,,,,,,,0,0,7A81
202,4.040000,SIMULATED,PRELAUNCH,0.050,-0.018,9.759,0.005,-0.084,0.110,101325.8,-0.11,0.00,,,,,,,,0,0,D9FD
203,4.060000,SIMULATED,PRELAUNCH,-0.042,-0.004,9.796,0.150,-0.110,-0.147,101323.5,0.09,0.01,,,,,,,,0,0,5796
204,4.080000,SIMULATED,PRELAUNCH,-0.011,-0.011,9.809,-0.027,-0.027,0.146,101320.0,0.38,0.01,,,,,,,,0,0,A259
205,4.100000,SIMULATED,PRELAUNCH,0.000,0.038,9.728,-0.087,-0.079,0.149,101323.8,0.06,0.02,,,,,,,,0,0,BE71
206,4.120000,SIMULATED,PRELAUNCH,-0.055,0.037,9.723,0.028,0.021,0.020,101323.2,0.11,0.02,,,,,,,,0,0,3378
207,4.140000,SIMULATED,PRELAUNCH,0.000,0.023,9.862,-0.002,0.042,0.105,101326.4,-0.15,0.01,,,,,,,,0,0,CD09
208,4.160000,SIMULATED,PRELAUNCH,-0.017,0.036,9.785,-0.058,-0.080,0.022,101323.6,0.08,0.01,,,,,,,,0,0,724B
209,4.180000,SIMULATED,PRELAUNCH,-0.014,0.114,9.767,0.033,-0.181,0.091,101322.7,0.16,0.01,,,,,,,,0,0,E49B
210,4.200000,SIMULATED,PRELAUNCH,-0.030,-0.120,9.902,0.068,0.122,0.013,101324.3,0.02,0.01,,,,,,,,0,0,167D
211,4.220000,SIMULATED,PRELAUNCH,-0.051,-0.031,9.882,-0.016,-0.069,0.194,101324.8,-0.02,0.01,,,,,,,,0,0,C858
212,4.240000,SIMULATED,PRELAUNCH,0.021,-0.080,9.767,0.026,-0.131,0.055,101323.5,0.09,0.02,,,,,,,,0,0,071D
213,4.260000,SIMULATED,PRELAUNCH,-0.062,0.010,9.782,0.014,0.112,-0.084,101327.1,-0.21,0.01,,,,,,,,0,0,90D9
214,4.280000,SIMULATED,PRELAUNCH,0.038,-0.012,9.784,-0.080,-0.074,-0.106,101324.0,0.04,0.01,,,,,,,,0,0,6841
215,4.300000,SIMULATED,PRELAUNCH,-0.124,0.072,9.804,0.073,0.018,0.097,101327.1,-0.21,0.00,,,,,,,,0,0,4B93
216,4.320000,SIMULATED,PRELAUNCH,0.016,-0.027,9.749,-0.074,0.006,-0.082,101322.7,0.15,0.01,,,,,,,,0,0,BE0B
217,4.340000,SIMULATED,PRELAUNCH,0.005,0.006,9.791,0.063,0.076,-0.025,101327.7,-0.26,0.00,,,,,,,,0,0,B391
218,4.360000,SIMULATED,PRELAUNCH,-0.012,-0.020,9.834,-0.148,0.081,0.104,101328.0,-0.29,-0.01,,,,,,,,0,0,A373
219,4.380000,SIMULATED,PRELAUNCH,0.004,-0.072,9.771,0.216,-0.031,-0.080,101328.5,-0.32,-0.01,,,,,,,,0,0,6EF9
220,4.400000,SIMULATED,PRELAUNCH,-0.039,-0.059,9.770,0.181,0.048,-0.021,101320.0,0.38,-0.01,,,,,,,,0,0,8EE3
221,4.420000,SIMULATED,PRELAUNCH,-0.081,0.006,9.849,0.015,0.040,-0.049,101323.6,0.08,0.00,,,,,,,,0,0,D080
222,4.440000,SIMULATED,PRELAUNCH,-0.024,0.056,9.831,-0.118,-0.082,-0.067,101329.8,-0.43,-0.01,,,,,,,,0,0,8C6A
223,4.460000,SIMULATED,PRELAUNCH,-0.068,0.027,9.837,-0.115,-0.019,-0.038,101326.4,-0.15,-0.02,,,,,,,,0,0,7200
224,4.480000,SIMULATED,PRELAUNCH,-0.057,0.065,9.790,-0.168,-0.083,-0.233,101324.6,0.00,-0.02,,,,,,,,0,0,1CEA
225,4.500000,SIMULATED,PRELAUNCH,0.072,-0.007,9.839,-0.077,0.189,0.141,101326.9,-0.19,-0.02,,,,,,,,0,0,EFF2
226,4.520000,SIMULATED,PRELAUNCH,-0.074,0.015,9.734,-0.059,-0.092,0.111,101324.1,0.04,-0.02,,,,,,,,0,0,FCCE
227,4.540000,SIMULATED,PRELAUNCH,0.061,0.053,9.778,0.011,-0.044,0.107,101324.4,0.02,-0.02,,,,,,,,0,0,DA7D
228,4.560000,SIMULATED,PRELAUNCH,-0.051,0.042,9.749,0.023,-0.110,-0.023,101327.9,-0.27,-0.03,,,,,,,,0,0,FC59
229,4.580000,SIMULATED,PRELAUNCH,-0.025,-0.023,9.835,0.148,0.027,-0.045,101322.1,0.21,-0.02,,,,,,,,0,0,42D8
230,4.600000,SIMULATED,PRELAUNCH,0.025,-0.001,9.817,-0.036,0.004,0.228,101324.4,0.01,-0.02,,,,,,,,0,0,571B
231,4.620000,SIMULATED,PRELAUNCH,0.006,0.003,9.812,0.001,-0.150,0.125,101326.3,-0.14,-0.02,,,,,,,,0,0,5BD0
232,4.640000,SIMULATED,PRELAUNCH,-0.044,-0.025,9.715,0.042,-0.021,-0.041,101321.1,0.28,-0.02,,,,,,,,0,0,EF9E
233,4.660000,SIMULATED,PRELAUNCH,0.027,0.139,9.817,0.089,0.017,-0.228,101320.3,0.35,-0.01,,,,,,,,0,0,ACBF
234,4.680000,SIMULATED,PRELAUNCH,-0.005,-0.032,9.841,0.026,0.077,-0.248,101323.6,0.07,-0.01,,,,,,,,0,0,F7CB
235,4.700000,SIMULATED,PRELAUNCH,-0.004,0.075,9.819,0.056,-0.071,-0.063,101323.9,0.05,-0.01,,,,,,,,0,0,CCDD
236,4.720000,SIMULATED,PRELAUNCH,0.016,0.038,9.865,-0.023,-0.031,0.166,101323.2,0.10,0.00,,,,,,,,0,0,999C
237,4.740000,SIMULATED,PRELAUNCH,-0.009,-0.028,9.802,-0.018,-0.072,0.065,101326.1,-0.14,-0.01,,,,,,,,0,0,63BC
238,4.760000,SIMULATED,PRELAUNCH,0.121,0.021,9.800,0.013,0.089,0.120,101324.8,-0.03,-0.01,,,,,,,,0,0,F7CC
239,4.780000,SIMULATED,PRELAUNCH,0.004,0.053,9.792,-0.180,0.149,-0.170,101327.9,-0.29,-0.02,,,,,,,,0,0,50C3
240,4.800000,SIMULATED,PRELAUNCH,-0.006,-0.036,9.862,-0.217,0.102,0.167,101322.1,0.20,-0.01,,,,,,,,0,0,17EA
241,4.820000,SIMULATED,PRELAUNCH,-0.023,-0.017,9.827,0.010,-0.048,0.203,101327.8,-0.27,-0.02,,,,,,,,0,0,A82D
242,4.840000,SIMULATED,PRELAUNCH,-0.040,0.039,9.718,-0.081,-0.089,0.075,101321.7,0.24,-0.01,,,,,,,,0,0,79E4
243,4.860000,SIMULATED,PRELAUNCH,-0.021,-0.013,9.741,-0.036,0.024,0.026,101327.4,-0.25,-0.02,,,,,,,,0,0,73F3
244,4.880000,SIMULATED,PRELAUNCH,-0.021,0.076,9.815,-0.074,0.075,-0.039,101325.9,-0.12,-0.02,,,,,,,,0,0,E804
245,4.900000,SIMULATED,PRELAUNCH,0.026,-0.029,9.750,-0.088,0.023,-0.017,101326.7,-0.18,-0.02,,,,,,,,0,0,181F
246,4.920000,SIMULATED,PRELAUNCH,-0.081,0.056,9.843,0.079,0.065,0.027,101324.8,-0.02,-0.02,,,,,,,,0,0,C9C7
247,4.940000,SIMULATED,PRELAUNCH,0.028,-0.002,9.752,0.122,0.032,0.079,101330.3,-0.47,-0.04,,,,,,,,0,0,53FE
248,4.960000,SIMULATED,PRELAUNCH,-0.083,0.156,9.887,-0.009,0.087,0.038,101324.3,0.03,-0.03,,,,,,,,0,0,D44C
249,4.980000,SIMULATED,PRELAUNCH,-0.027,0.060,9.781,0.125,-0.075,0.018,101324.9,-0.02,-0.03,,,,,,,,0,0,E00E
250,5.000000,SIMULATED,PRELAUNCH,0.093,0.021,9.834,0.121,-0.071,-0.035,101328.7,-0.33,-0.04,23.71,0.0000034,0.0000077,3.3,3,9,4.096,0,0,F7B6
251,5.020000,SIMULATED,PRELAUNCH,-0.013,-0.028,9.841,-0.086,0.107,0.092,101318.7,0.49,-0.03,,,,,,,,0,0,41CF
252,5.040000,SIMULATED,PRELAUNCH,0.039,0.041,9.829,-0.090,0.106,0.100,101325.7,-0.08,-0.03,,,,,,,,0,0,0742
253,5.060000,SIMULATED,PRELAUNCH,0.044,-0.007,9.819,-0.156,-0.094,0.019,101323.6,0.09,-0.02,,,,,,,,0,0,BA32
254,5.080000,SIMULATED,PRELAUNCH,0.081,0.088,9.786,-0.091,0.004,-0.013,101324.6,0.00,-0.02,,,,,,,,0,0,5E32
255,5.100000,SIMULATED,PRELAUNCH,-0.048,0.036,9.769,0.095,0.003,0.001,101320.7,0.32,-0.02,,,,,,,,0,0,707E
256,5.120000,SIMULATED,PRELAUNCH,0.004,-0.050,9.789,0.122,0.108,-0.091,101328.0,-0.28,-0.02,,,,,,,,0,0,FEFD
257,5.140000,SIMULATED,PRELAUNCH,0.000,-0.024,9.754,-0.209,-0.166,0.059,101328.5,-0.32,-0.03,,,,,,,,0,0,D40F
258,5.160000,SIMULATED,PRELAUNCH,0.102,0.024,9.761,0.017,0.012,-0.044,101325.8,-0.10,-0.03,,,,,,,,0,0,ED9B
259,5.180000,SIMULATED,PRELAUNCH,-0.055,-0.069,9.908,-0.106,-0.024,-0.022,101323.6,0.09,-0.03,,,,,,,,0,0,77C2
260,5.200000,SIMULATED,PRELAUNCH,-0.095,-0.028,9.817,-0.024,-0.158,-0.053,101328.9,-0.35,-0.04,,,,,,,,0,0,6683
261,5.220000,SIMULATED,PRELAUNCH,-0.006,-0.042,9.852,0.084,0.105,0.190,101321.4,0.28,-0.03,,,,,,,,0,0,5BB5
262,5.240000,SIMULATED,PRELAUNCH,-0.009,-0.007,9.777,-0.194,-0.077,-0.066,101322.1,0.22,-0.02,,,,,,,,0,0,CDF0
263,5.260000,SIMULATED,PRELAUNCH,-0.059,0.037,9.764,-0.113,-0.086,0.116,101332.6,-0.65,-0.04,,,,,,,,0,0,9C62
264,5.280000,SIMULATED,PRELAUNCH,-0.033,0.076,9.839,-0.204,-0.013,0.038,101329.2,-0.36,-0.04,,,,,,,,0,0,27AC
265,5.300000,SIMULATED,PRELAUNCH,0.005,-0.083,9.869,-0.120,-0.142,0.024,101332.8,-0.65,-0.06,,,,,,,,0,0,7E4F
266,5.320000,SIMULATED,PRELAUNCH,0.015,-0.045,9.834,0.140,0.182,0.096,101323.8,0.10,-0.05,,,,,,,,0,0,8B32
267,5.340000,SIMULATED,PRELAUNCH,-0.114,0.062,9.878,-0.025,0.126,-0.067,101319.4,0.45,-0.04,,,,,,,,0,0,560D
268,5.360000,SIMULATED,PRELAUNCH,0.090,0.059,9.844,0.111,-0.011,-0.006,101326.7,-0.15,-0.04,,,,,,,,0,0,1E13
269,5.380000,SIMULATED,PRELAUNCH,0.024,0.038,9.758,0.058,-0.026,-0.112,101329.3,-0.36,-0.05,,,,,,,,0,0,2BE2
270,5.400000,SIMULATED,PRELAUNCH,0.066,0.105,9.801,0.027,-0.125,0.028,101322.9,0.17,-0.05,,,,,,,,0,0,BA9F
271,5.420000,SIMULATED,PRELAUNCH,-0.176,-0.054,9.888,-0.145,-0.025,0.230,101330.1,-0.43,-0.05,,,,,,,,0,0,A8C4
272,5.440000,SIMULATED,PRELAUNCH,-0.003,0.062,9.841,0.055,0.064,0.188,101323.7,0.10,-0.05,,,,,,,,0,0,53DC
273,5.460000,SIMULATED,PRELAUNCH,0.044,-0.085,9.811,0.019,0.031,-0.068,101324.0,0.08,-0.04,,,,,,,,0,0,5573
274,5.480000,SIMULATED,PRELAUNCH,-0.021,0.004,9.746,0.162,-0.101,-0.135,101322.5,0.21,-0.04,,,,,,,,0,0,10AF
275,5.500000,SIMULATED,PRELAUNCH,-0.025,-0.058,9.788,0.073,0.065,0.084,101319.1,0.48,-0.03,,,,,,,,0,0,558F
276,5.520000,SIMULATED,PRELAUNCH,0.009,-0.015,9.753,0.242,-0.053,0.131,101321.8,0.26,-0.02,,,,,,,,0,0,ABD3
277,5.540000,SIMULATED,PRELAUNCH,0.014,-0.144,9.793,-0.169,0.059,0.034,101326.1,-0.10,-0.02,,,,,,,,0,0,783B
278,5.560000,SIMULATED,PRELAUNCH,-0.071,0.013,9.804,0.068,0.057,-0.031,101323.0,0.16,-0.02,,,,,,,,0,0,04D4
279,5.580000,SIMULATED,PRELAUNCH,0.024,0.023,9.734,0.055,-0.025,-0.054,101322.2,0.22,-0.01,,,,,,,,0,0,CB03
280,5.600000,SIMULATED,PRELAUNCH,-0.068,0.038,9.792,-0.019,0.057,0.027,101323.0,0.16,-0.01,,,,,,,,0,0,C152
281,5.620000,SIMULATED,PRELAUNCH,-0.064,-0.019,9.745,-0.054,0.156,0.017,101324.9,-0.01,-0.01,,,,,,,,0,0,ED67
282,5.640000,SIMULATED,PRELAUNCH,-0.023,0.074,9.909,0.038,0.120,0.015,101322.2,0.22,0.00,,,,,,,,0,0,14A2
283,5.660000,SIMULATED,PRELAUNCH,-0.033,-0.012,9.774,0.099,-0.076,-0.001,101325.6,-0.06,0.00,,,,,,,,0,0,CC9D
284,5.680000,SIMULATED,PRELAUNCH,-0.049,-0.027,9.831,-0.103,0.052,0.018,101322.8,0.17,0.00,,,,,,,,0,0,33CB
285,5.700000,SIMULATED,PRELAUNCH,0.066,-0.022,9.719,-0.073,0.005,-0.197,101326.8,-0.17,0.00,,,,,,,,0,0,DC22
286,5.720000,SIMULATED,PRELAUNCH,0.029,-0.027,9.801,0.070,-0.057,-0.217,101321.0,0.31,0.00,,,,,,,,0,0,20D3
287,5.740000,SIMULATED,PRELAUNCH,0.058,0.045,9.829,-0.020,-0.192,0.068,101324.6,0.01,0.00,,,,,,,,0,0,6A02
288,5.760000,SIMULATED,PRELAUNCH,-0.053,-0.037,9.823,-0.015,0.021,-0.039,101324.6,0.02,0.00,,,,,,,,0,0,25AB
289,5.780000,SIMULATED,PRELAUNCH,-0.002,0.006,9.925,0.152,-0.021,-0.176,101327.4,-0.22,0.00,,,,,,,,0,0,09EE
290,5.800000,SIMULATED,PRELAUNCH,0.065,0.049,9.819,-0.005,-0.080,0.014,101323.8,0.08,0.00,,,,,,,,0,0,5419
291,5.820000,SIMULATED,PRELAUNCH,-0.048,-0.058,9.903,-0.036,0.026,0.174,101325.1,-0.03,0.00,,,,,,,,0,0,E7CF
292,5.840000,SIMULATED,PRELAUNCH,0.048,0.024,9.827,-0.068,0.057,0.016,101324.4,0.03,0.00,,,,,,,,0,0,AA88
293,5.860000,SIMULATED,PRELAUNCH,-0.023,-0.038,9.778,0.063,0.086,0.039,101323.4,0.10,0.01,,,,,,,,0,0,3871
294,5.880000,SIMULATED,PRELAUNCH,-0.042,-0.013,9.912,0.005,0.004,0.136,101324.6,0.01,0.01,,,,,,,,0,0,E5C8
295,5.900000,SIMULATED,PRELAUNCH,0.094,-0.103,9.801,-0.099,-0.060,0.078,101324.2,0.05,0.01,,,,,,,,0,0,C5EE
296,5.920000,SIMULATED,PRELAUNCH,-0.035,-0.028,9.838,-0.016,0.064,-0.004,101321.8,0.25,0.01,,,,,,,,0,0,4C55
297,5.940000,SIMULATED,PRELAUNCH,0.071,0.002,9.785,-0.043,-0.014,-0.010,101327.2,-0.20,0.01,,,,,,,,0,0,53A6
298,5.960000,SIMULATED,PRELAUNCH,-0.069,0.133,9.879,-0.007,-0.021,0.135,101325.1,-0.03,0.01,,,,,,,,0,0,80EB
299,5.980000,SIMULATED,PRELAUNCH,0.021,-0.062,9.879,-0.021,-0.177,-0.035,101322.0,0.23,0.01,,,,,,,,0,0,68C6
300,6.000000,SIMULATED,PRELAUNCH,-0.006,0.057,9.858,0.045,-0.031,0.142,101326.2,-0.12,0.01,23.54,0.0000088,-0.0000191,-1.4,3,9,4.094,0,0,D50E
301,6.020000,SIMULATED,PRELAUNCH,0.082,0.088,9.827,-0.064,0.002,-0.014,101326.3,-0.12,0.01,,,,,,,,0,0,B64A
302,6.040000,SIMULATED,PRELAUNCH,-0.007,0.058,9.799,0.013,-0.112,-0.201,101330.5,-0.47,0.00,,,,,,,,0,0,7822
303,6.060000,SIMULATED,PRELAUNCH,0.022,-0.001,9.828,-0.023,0.074,-0.148,101329.4,-0.38,-0.01,,,,,,,,0,0,9A19
304,6.080000,SIMULATED,PRELAUNCH,-0.040,-0.007,9.856,-0.353,0.179,-0.155,101331.3,-0.52,-0.02,,,,,,,,0,0,4A2F
305,6.100000,SIMULATED,PRELAUNCH,0.051,-0.026,9.839,0.059,-0.024,-0.077,101327.3,-0.19,-0.02,,,,,,,,0,0,A1D2
306,6.120000,SIMULATED,PRELAUNCH,0.060,-0.051,9.816,-0.144,0.052,0.132,101325.0,0.00,-0.02,,,,,,,,0,0,5518
307,6.140000,SIMULATED,PRELAUNCH,0.091,0.029,9.771,-0.069,-0.009,0.029,101334.3,-0.76,-0.04,,,,,,,,0,0,B167
308,6.160000,SIMULATED,PRELAUNCH,0.067,-0.021,9.842,-0.135,0.090,0.068,101322.5,0.22,-0.03,,,,,,,,0,0,EAB1
309,6.180000,SIMULATED,PRELAUNCH,0.022,-0.038,9.808,0.080,0.189,-0.040,101319.2,0.49,-0.02,,,,,,,,0,0,AA66
310,6.200000,SIMULATED,PRELAUNCH,-0.033,0.112,9.899,-0.172,0.125,0.071,101327.9,-0.23,-0.02,,,,,,,,0,0,A5C6
311,6.220000,SIMULATED,PRELAUNCH,0.053,0.019,9.829,-0.119,0.072,-0.147,101324.4,0.06,-0.02,,,,,,,,0,0,5B47
312,6.240000,SIMULATED,PRELAUNCH,0.039,-0.013,9.814,0.084,-0.179,0.021,101325.0,0.01,-0.02,,,,,,,,0,0,6911
313,6.260000,SIMULATED,PRELAUNCH,0.094,-0.041,9.828,-0.039,0.137,-0.013,101324.1,0.08,-0.01,,,,,,,,0,0,7FE8
314,6.280000,SIMULATED,PRELAUNCH,0.037,-0.105,9.757,0.015,-0.130,-0.162,101325.9,-0.07,-0.01,,,,,,,,0,0,3987
315,6.300000,SIMULATED,PRELAUNCH,-0.033,0.094,9.708,0.011,0.180,-0.197,101325.2,0.00,-0.01,,,,,,,,0,0,F226
316,6.320000,SIMULATED,PRELAUNCH,0.007,0.032,9.875,0.051,-0.072,0.012,101329.6,-0.37,-0.02,,,,,,,,0,0,5394
317,6.340000,SIMULATED,PRELAUNCH,0.022,-0.012,9.747,-0.108,-0.104,-0.210,101322.7,0.20,-0.01,,,,,,,,0,0,413A
318,6.360000,SIMULATED,PRELAUNCH,-0.098,0.056,9.805,-0.063,-0.054,0.015,101326.0,-0.07,-0.02,,,,,,,,0,0,5498
319,6.380000,SIMULATED,PRELAUNCH,0.058,0.024,9.897,0.098,0.085,0.099,101328.5,-0.28,-0.02,,,,,,,,0,0,FB9A
320,6.400000,SIMULATED,PRELAUNCH,-0.025,-0.015,9.775,-0.069,0.076,0.234,101323.0,0.18,-0.02,,,,,,,,0,0,67BF
321,6.420000,SIMULATED,PRELAUNCH,-0.045,0.029,9.812,0.036,0.177,0.018,101326.0,-0.07,-0.02,,,,,,,,0,0,4CC7
322,6.440000,SIMULATED,PRELAUNCH,-0.063,-0.055,9.806,-0.043,-0.125,-0.099,101323.7,0.12,-0.01,,,,,,,,0,0,DE33
323,6.460000,SIMULATED,PRELAUNCH,0.070,-0.021,9.804,0.104,-0.035,0.087,101328.0,-0.24,-0.02,,,,,,,,0,0,6010
324,6.480000,SIMULATED,PRELAUNCH,0.003,-0.099,9.754,0.122,0.018,-0.033,101329.3,-0.34,-0.02,,,,,,,,0,0,6E1E
325,6.500000,SIMULATED,PRELAUNCH,-0.054,0.052,9.808,0.106,0.062,-0.071,101327.6,-0.20,-0.03,,,,,,,,0,0,8B98
326,6.520000,SIMULATED,PRELAUNCH,-0.055,-0.006,9.759,-0.033,-0.082,-0.031,101327.9,-0.22,-0.03,,,,,,,,0,0,A9AE
327,6.540000,SIMULATED,PRELAUNCH,-0.070,-0.035,9.752,0.033,0.045,-0.180,101324.1,0.09,-0.03,,,,,,,,0,0,57DD
328,6.560000,SIMULATED,PRELAUNCH,0.027,0.050,9.769,-0.055,-0.096,0.012,101325.0,0.01,-0.03,,,,,,,,0,0,4DE1
329,6.580000,SIMULATED,PRELAUNCH,0.051,-0.008,9.760,-0.030,-0.017,0.071,101324.5,0.06,-0.03,,,,,,,,0,0,50B4
330,6.600000,SIMULATED,PRELAUNCH,-0.010,0.000,9.803,-0.007,0.118,0.072,101324.3,0.08,-0.02,,,,,,,,0,0,5D39
331,6.620000,SIMULATED,PRELAUNCH,-0.031,-0.023,9.761,-0.029,-0.084,-0.033,101325.8,-0.05,-0.02,,,,,,,,0,0,9AF7
332,6.640000,SIMULATED,PRELAUNCH,-0.094,-0.007,9.843,0.124,0.021,0.044,101329.1,-0.32,-0.03,,,,,,,,0,0,D4EA
333,6.660000,SIMULATED,PRELAUNCH,0.158,-0.023,9.786,0.014,-0.092,0.024,101322.8,0.21,-0.02,,,,,,,,0,0,82AD
334,6.680000,SIMULATED,PRELAUNCH,-0.058,-0.020,9.779,-0.040,0.144,-0.042,101323.5,0.15,-0.02,,,,,,,,0,0,4008
335,6.700000,SIMULATED,PRELAUNCH,-0.014,0.058,9.818,0.190,-0.113,0.061,101322.4,0.25,-0.01,,,,,,,,0,0,C2A0
336,6.720000,SIMULATED,PRELAUNCH,0.084,-0.012,9.779,0.095,-0.038,-0.161,101326.2,-0.07,-0.01,,,,,,,,0,0,DEE2
337,6.740000,SIMULATED,PRELAUNCH,-0.052,0.037,9.755,-0.015,-0.102,-0.041,101333.8,-0.70,-0.03,,,,,,,,0,0,88F9
338,6.760000,SIMULATED,PRELAUNCH,-0.005,0.031,9.866,0.237,0.066,-0.099,101324.6,0.07,-0.02,,,,,,,,0,0,1C0C
339,6.780000,SIMULATED,PRELAUNCH,-0.008,-0.010,9.783,-0.030,-0.020,-0.038,101321.4,0.33,-0.01,,,,,,,,0,0,67B2
340,6.800000,SIMULATED,PRELAUNCH,-0.090,0.005,9.802,0.065,0.087,0.056,101325.1,0.02,-0.01,,,,,,,,0,0,DE9D
341,6.820000,SIMULATED,PRELAUNCH,0.000,-0.052,9.804,0.008,-0.008,0.002,101323.1,0.18,-0.01,,,,,,,,0,0,402C
342,6.840000,SIMULATED,PRELAUNCH,-0.107,-0.029,9.799,0.180,-0.069,0.024,101321.8,0.30,0.00,,,,,,,,0,0,3972
343,6.860000,SIMULATED,PRELAUNCH,0.022,-0.036,9.807,0.069,0.056,0.043,101328.0,-0.22,0.00,,,,,,,,0,0,EFAB
344,6.880000,SIMULATED,PRELAUNCH,0.026,-0.059,9.791,0.010,-0.072,0.004,101326.6,-0.11,-0.01,,,,,,,,0,0,0C47
345,6.900000,SIMULATED,PRELAUNCH,-0.035,0.045,9.816,-0.136,-0.314,0.037,101324.9,0.04,0.00,,,,,,,,0,0,9341
346,6.920000,SIMULATED,PRELAUNCH,-0.046,0.021,9.768,0.040,-0.066,-0.022,101326.2,-0.07,-0.01,,,,,,,,0,0,1C3A
347,6.940000,SIMULATED,PRELAUNCH,0.022,0.032,9.842,0.065,0.121,0.125,101328.4,-0.26,-0.01,,,,,,,,0,0,679E
348,6.960000,SIMULATED,PRELAUNCH,0.044,0.013,9.840,0.030,0.031,-0.168,101322.2,0.26,0.00,,,,,,,,0,0,C3D3
349,6.980000,SIMULATED,PRELAUNCH,0.084,0.038,9.716,-0.028,-0.099,0.025,101324.3,0.08,0.00,,,,,,,,0,0,8EFF
350,7.000000,SIMULATED,PRELAUNCH,0.025,-0.002,9.811,-0.061,-0.082,-0.028,101325.5,-0.02,0.00,23.46,-0.0000063,-0.0000051,8.6,3,9,4.093,0,0,B595
351,7.020000,SIMULATED,PRELAUNCH,-0.045,0.021,9.779,0.160,0.064,-0.056,101329.2,-0.32,-0.01,,,,,,,,0,0,0748
352,7.040000,SIMULATED,PRELAUNCH,0.013,-0.034,9.846,-0.014,-0.120,0.042,101321.8,0.29,0.00,,,,,,,,0,0,DB95
353,7.060000,SIMULATED,PRELAUNCH,0.071,0.005,9.728,0.024,0.021,0.024,101322.3,0.25,0.00,,,,,,,,0,0,296D
354,7.080000,SIMULATED,PRELAUNCH,-0.035,0.111,9.798,-0.032,0.031,-0.054,101319.1,0.51,0.02,,,,,,,,0,0,6A27
355,7.100000,SIMULATED,PRELAUNCH,-0.039,-0.068,9.803,0.198,-0.208,-0.116,101323.4,0.15,0.02,,,,,,,,0,0,53E0
356,7.120000,SIMULATED,PRELAUNCH,0.011,0.024,9.732,-0.050,0.097,-0.028,101325.0,0.02,0.02,,,,,,,,0,0,8364
357,7.140000,SIMULATED,PRELAUNCH,0.029,-0.038,9.805,0.109,-0.120,0.026,101324.1,0.10,0.02,,,,,,,,0,0,2390
358,7.160000,SIMULATED,PRELAUNCH,-0.004,-0.057,9.862,-0.078,-0.054,-0.084,101320.7,0.37,0.03,,,,,,,,0,0,D4D1
359,7.180000,SIMULATED,PRELAUNCH,0.019,0.039,9.829,0.066,-0.100,0.095,101327.4,-0.19,0.03,,,,,,,,0,0,A517
360,7.200000,SIMULATED,PRELAUNCH,-0.017,-0.070,9.871,-0.021,-0.014,-0.049,101324.5,0.06,0.03,,,,,,,,0,0,5897
361,7.220000,SIMULATED,PRELAUNCH,-0.033,0.063,9.855,0.005,0.067,0.034,101318.6,0.54,0.04,,,,,,,,0,0,01A4
362,7.240000,SIMULATED,PRELAUNCH,-0.063,-0.057,9.871,-0.036,-0.017,0.125,101326.3,-0.10,0.04,,,,,,,,0,0,C605
363,7.260000,SIMULATED,PRELAUNCH,0.015,0.008,9.794,-0.147,-0.043,-0.111,101327.5,-0.20,0.03,,,,,,,,0,0,7FBB
364,7.280000,SIMULATED,PRELAUNCH,0.060,0.052,9.673,-0.041,0.040,0.063,101322.3,0.23,0.03,,,,,,,,0,0,580C
365,7.300000,SIMULATED,PRELAUNCH,-0.035,-0.001,9.767,0.081,0.115,-0.242,101323.1,0.15,0.04,,,,,,,,0,0,AFC5
366,7.320000,SIMULATED,PRELAUNCH,0.105,-0.045,9.824,0.000,-0.012,-0.110,101322.7,0.18,0.04,,,,,,,,0,0,16FE
367,7.340000,SIMULATED,PRELAUNCH,-0.034,0.121,9.815,-0.208,-0.027,0.118,101327.2,-0.18,0.04,,,,,,,,0,0,B0BE
368,7.360000,SIMULATED,PRELAUNCH,0.125,-0.031,9.782,-0.014,-0.034,-0.009,101322.2,0.23,0.04,,,,,,,,0,0,C6A7
369,7.380000,SIMULATED,PRELAUNCH,-0.041,-0.060,9.718,0.012,-0.129,-0.021,101328.6,-0.30,0.03,,,,,,,,0,0,020B
370,7.400000,SIMULATED,PRELAUNCH,-0.005,-0.049,9.842,-0.014,-0.109,0.084,101324.9,0.01,0.03,,,,,,,,0,0,02C4
371,7.420000,SIMULATED,PRELAUNCH,-0.027,-0.001,9.844,0.041,0.082,-0.039,101325.2,-0.02,0.03,,,,,,,,0,0,A23F
372,7.440000,SIMULATED,PRELAUNCH,-0.034,-0.003,9.711,-0.169,-0.035,-0.050,101321.6,0.28,0.03,,,,,,,,0,0,8569
373,7.460000,SIMULATED,PRELAUNCH,0.032,0.075,9.898,0.048,-0.047,-0.081,101325.9,-0.08,0.03,,,,,,,,0,0,7092
374,7.480000,SIMULATED,PRELAUNCH,-0.001,-0.062,9.793,0.072,-0.026,-0.229,101320.5,0.37,0.04,,,,,,,,0,0,51BE
375,7.500000,SIMULATED,PRELAUNCH,-0.032,-0.037,9.731,0.171,0.060,0.051,101328.3,-0.27,0.03,,,,,,,,0,0,78F2
376,7.520000,SIMULATED,PRELAUNCH,0.016,-0.025,9.818,0.081,0.076,0.005,101322.7,0.20,0.03,,,,,,,,0,0,A21C
377,7.540000,SIMULATED,PRELAUNCH,-0.004,0.037,9.876,-0.180,0.021,-0.013,101329.8,-0.39,0.02,,,,,,,,0,0,9CE0
378,7.560000,SIMULATED,PRELAUNCH,0.058,-0.009,9.748,0.041,0.023,-0.092,101322.5,0.21,0.03,,,,,,,,0,0,B0BF
379,7.580000,SIMULATED,PRELAUNCH,-0.107,-0.079,9.854,-0.024,-0.017,-0.107,101328.4,-0.28,0.02,,,,,,,,0,0,9573
380,7.600000,SIMULATED,PRELAUNCH,-0.007,-0.071,9.783,0.098,0.056,-0.234,101324.7,0.04,0.02,,,,,,,,0,0,E93E
381,7.620000,SIMULATED,PRELAUNCH,0.035,-0.070,9.895,0.016,0.120,0.039,101326.0,-0.07,0.02,,,,,,,,0,0,CAE0
382,7.640000,SIMULATED,PRELAUNCH,-0.019,0.054,9.855,0.144,-0.081,0.090,101322.6,0.22,0.03,,,,,,,,0,0,8404
383,7.660000,SIMULATED,PRELAUNCH,-0.074,-0.050,9.819,-0.075,0.096,-0.059,101321.3,0.32,0.03,,,,,,,,0,0,4F48
384,7.680000,SIMULATED,PRELAUNCH,0.077,0.052,9.771,0.060,0.014,-0.038,101320.9,0.34,0.04,,,,,,,,0,0,3706
385,7.700000,SIMULATED,PRELAUNCH,0.078,0.004,9.799,0.014,-0.068,0.021,101324.6,0.04,0.04,,,,,,,,0,0,6D2E
386,7.720000,SIMULATED,PRELAUNCH,-0.032,-0.066,9.906,0.107,0.053,-0.215,101327.5,-0.20,0.03,,,,,,,,0,0,2A1E
387,7.740000,SIMULATED,PRELAUNCH,-0.023,-0.026,9.832,0.094,0.172,0.097,101326.2,-0.09,0.03,,,,,,,,0,0,F247
388,7.760000,SIMULATED,PRELAUNCH,0.094,-0.050,9.735,-0.098,-0.083,0.061,101327.2,-0.17,0.03,,,,,,,,0,0,3385
389,7.780000,SIMULATED,PRELAUNCH,-0.101,0.053,9.872,-0.060,0.032,0.092,101326.6,-0.12,0.02,,,,,,,,0,0,8B84
390,7.800000,SIMULATED,PRELAUNCH,0.013,0.054,9.787,0.096,0.079,0.027,101326.8,-0.14,0.02,,,,,,,,0,0,7031
391,7.820000,SIMULATED,PRELAUNCH,0.004,0.021,9.867,0.059,0.122,-0.030,101320.4,0.40,0.03,,,,,,,,0,0,4DB4
392,7.840000,SIMULATED,PRELAUNCH,0.003,0.050,9.761,-0.252,0.018,-0.050,101324.8,0.03,0.03,,,,,,,,0,0,8874
393,7.860000,SIMULATED,PRELAUNCH,0.006,0.054,9.880,0.086,-0.209,-0.117,101324.6,0.05,0.03,,,,,,,,0,0,BDB9
394,7.880000,SIMULATED,PRELAUNCH,-0.119,0.108,9.781,0.133,0.010,0.232,101319.8,0.44,0.04,,,,,,,,0,0,691A
395,7.900000,SIMULATED,PRELAUNCH,0.019,-0.056,9.808,-0.144,-0.042,0.057,101327.1,-0.17,0.03,,,,,,,,0,0,4329
396,7.920000,SIMULATED,PRELAUNCH,-0.083,0.001,9.780,-0.038,-0.007,-0.043,101327.6,-0.20,0.02,,,,,,,,0,0,74C5
397,7.940000,SIMULATED,PRELAUNCH,-0.053,-0.012,9.801,0.033,-0.182,-0.001,101321.0,0.34,0.03,,,,,,,,0,0,6E4B
398,7.960000,SIMULATED,PRELAUNCH,-0.029,-0.062,9.854,0.079,0.085,-0.014,101326.7,-0.13,0.03,,,,,,,,0,0,47FC
399,7.980000,SIMULATED,PRELAUNCH,0.005,-0.005,9.832,-0.119,0.031,-0.085,101329.8,-0.38,0.02,,,,,,,,0,0,D5EB
400,8.000000,SIMULATED,PRELAUNCH,-0.086,0.008,9.802,-0.048,0.081,-0.064,101323.1,0.17,0.02,23.39,-0.0000191,0.0000182,0.7,3,9,4.096,0,0,3B66
401,8.020000,SIMULATED,PRELAUNCH,-0.027,0.073,9.812,-0.043,0.018,0.012,101322.8,0.19,0.03,,,,,,,,0,0,CF6A
402,8.040000,SIMULATED,PRELAUNCH,-0.005,0.093,9.783,0.095,0.167,0.101,101321.9,0.26,0.03,,,,,,,,0,0,FFD7
403,8.060000,SIMULATED,PRELAUNCH,0.021,-0.052,9.902,-0.196,-0.006,-0.071,101325.4,-0.03,0.03,,,,,,,,0,0,3DEA
404,8.080000,SIMULATED,PRELAUNCH,0.009,0.013,9.718,0.045,-0.063,-0.027,101324.2,0.07,0.03,,,,,,,,0,0,50D2
405,8.100000,SIMULATED,PRELAUNCH,-0.043,0.101,9.773,0.115,0.168,0.084,101325.2,-0.02,0.03,,,,,,,,0,0,FCD7
406,8.120000,SIMULATED,PRELAUNCH,0.041,-0.058,9.768,-0.066,0.041,-0.012,101324.2,0.06,0.03,,,,,,,,0,0,6CC4
407,8.140000,SIMULATED,PRELAUNCH,0.072,0.004,9.824,0.035,-0.161,-0.020,101325.7,-0.07,0.02,,,,,,,,0,0,DD08
408,8.160000,SIMULATED,PRELAUNCH,0.047,0.031,9.731,0.049,-0.063,-0.091,101322.6,0.18,0.03,,,,,,,,0,0,90B2
409,8.180000,SIMULATED,PRELAUNCH,0.031,0.082,9.841,-0.113,0.050,-0.118,101327.9,-0.24,0.02,,,,,,,,0,0,B550
410,8.200000,SIMULATED,PRELAUNCH,-0.001,0.063,9.765,0.134,-0.160,-0.083,101325.0,-0.01,0.02,,,,,,,,0,0,C86B
411,8.220000,SIMULATED,PRELAUNCH,0.016,0.018,9.771,0.169,0.059,-0.100,101322.5,0.20,0.02,,,,,,,,0,0,5BA9
412,8.240000,SIMULATED,PRELAUNCH,-0.094,0.129,9.878,-0.145,-0.074,0.160,101320.0,0.40,0.03,,,,,,,,0,0,1D82
413,8.260000,SIMULATED,PRELAUNCH,-0.001,-0.005,9.783,0.062,0.021,-0.005,101324.2,0.06,0.03,,,,,,,,0,0,B001
414,8.280000,SIMULATED,PRELAUNCH,0.001,-0.003,9.890,-0.016,0.096,0.023,101322.6,0.18,0.03,,,,,,,,0,0,D087
415,8.300000,SIMULATED,PRELAUNCH,-0.005,0.017,9.772,-0.018,-0.118,-0.020,101325.0,-0.01,0.03,,,,,,,,0,0,5D42
416,8.320000,SIMULATED,PRELAUNCH,0.072,0.022,9.874,0.002,0.010,-0.023,101323.0,0.15,0.03,,,,,,,,0,0,BBF8
417,8.340000,SIMULATED,PRELAUNCH,-0.058,-0.031,9.734,0.142,-0.004,-0.108,101323.2,0.13,0.03,,,,,,,,0,0,8039
418,8.360000,SIMULATED,PRELAUNCH,0.026,0.049,9.830,-0.043,0.149,-0.136,101323.5,0.10,0.04,,,,,,,,0,0,51E1
419,8.380000,SIMULATED,PRELAUNCH,0.031,-0.070,9.840,-0.024,-0.210,-0.099,101326.9,-0.19,0.03,,,,,,,,0,0,7F1B
420,8.400000,SIMULATED,PRELAUNCH,-0.069,0.028,9.833,0.036,-0.021,-0.078,101329.6,-0.40,0.02,,,,,,,,0,0,736F
421,8.420000,SIMULATED,PRELAUNCH,-0.078,0.001,9.844,-0.004,0.026,-0.035,101325.7,-0.08,0.02,,,,,,,,0,0,A65B
422,8.440000,SIMULATED,PRELAUNCH,0.086,-0.062,9.810,0.140,-0.218,-0.051,101325.4,-0.05,0.02,,,,,,,,0,0,11B4
423,8.460000,SIMULATED,PRELAUNCH,-0.033,-0.028,9.747,-0.005,0.111,-0.074,101323.6,0.09,0.02,,,,,,,,0,0,273D
424,8.480000,SIMULATED,PRELAUNCH,0.005,-0.078,9.705,-0.074,-0.045,0.068,101329.0,-0.36,0.01,,,,,,,,0,0,67B6
425,8.500000,SIMULATED,PRELAUNCH,-0.048,0.011,9.682,-0.063,-0.007,0.053,101324.2,0.05,0.01,,,,,,,,0,0,B3CA
426,8.520000,SIMULATED,PRELAUNCH,0.003,-0.025,9.843,-0.073,-0.007,0.057,101325.8,-0.09,0.01,,,,,,,,0,0,B196
427,8.540000,SIMULATED,PRELAUNCH,-0.052,0.096,9.749,-0.126,-0.063,-0.067,101326.1,-0.12,0.00,,,,,,,,0,0,161A
428,8.560000,SIMULATED,PRELAUNCH,0.019,-0.059,9.750,0.146,-0.018,0.065,101323.4,0.10,0.00,,,,,,,,0,0,8558
429,8.580000,SIMULATED,PRELAUNCH,-0.012,0.069,9.805,-0.002,-0.085,0.009,101325.9,-0.10,0.00,,,,,,,,0,0,3028
430,8.600000,SIMULATED,PRELAUNCH,0.082,0.074,9.865,-0.007,-0.034,-0.061,101324.7,0.00,0.00,,,,,,,,0,0,19E6
431,8.620000,SIMULATED,PRELAUNCH,0.075,0.071,9.735,0.023,0.154,0.082,101329.6,-0.40,-0.01,,,,,,,,0,0,8113
432,8.640000,SIMULATED,PRELAUNCH,0.025,0.002,9.749,-0.157,0.024,-0.012,101328.8,-0.34,-0.02,,,,,,,,0,0,21A5
433,8.660000,SIMULATED,PRELAUNCH,0.008,-0.036,9.769,0.039,0.095,-0.045,101326.3,-0.13,-0.02,,,,,,,,0,0,9D69
434,8.680000,SIMULATED,PRELAUNCH,0.001,-0.018,9.781,-0.165,0.053,0.002,101330.4,-0.47,-0.03,,,,,,,,0,0,9974
435,8.700000,SIMULATED,PRELAUNCH,-0.048,-0.073,9.787,-0.055,0.033,0.029,101329.9,-0.42,-0.04,,,,,,,,0,0,F456
436,8.720000,SIMULATED,PRELAUNCH,-0.004,-0.056,9.775,-0.008,0.053,-0.070,101327.5,-0.21,-0.04,,,,,,,,0,0,3EDD
437,8.740000,SIMULATED,PRELAUNCH,0.001,-0.028,9.860,0.157,-0.066,-0.064,101328.9,-0.33,-0.05,,,,,,,,0,0,439C
438,8.760000,SIMULATED,PRELAUNCH,-0.040,-0.013,9.787,0.015,0.014,0.132,101328.0,-0.26,-0.05,,,,,,,,0,0,D662
439,8.780000,SIMULATED,PRELAUNCH,0.038,-0.012,9.743,-0.082,0.122,0.053,101319.6,0.44,-0.04,,,,,,,,0,0,91A9
440,8.800000,SIMULATED,PRELAUNCH,0.032,0.005,9.708,0.192,0.079,-0.113,101320.8,0.33,-0.04,,,,,,,,0,0,305C
441,8.820000,SIMULATED,PRELAUNCH,-0.113,0.022,9.743,0.033,-0.040,-0.101,101325.3,-0.03,-0.04,,,,,,,,0,0,F90F
442,8.840000,SIMULATED,PRELAUNCH,0.077,-0.024,9.857,-0.095,-0.008,-0.025,101327.8,-0.24,-0.04,,,,,,,,0,0,A09B
443,8.860000,SIMULATED,PRELAUNCH,-0.030,-0.032,9.722,-0.077,-0.055,-0.118,101323.8,0.09,-0.04,,,,,,,,0,0,6DD2
444,8.880000,SIMULATED,PRELAUNCH,0.062,-0.014,9.829,-0.054,0.082,0.084,101325.8,-0.08,-0.04,,,,,,,,0,0,413E
445,8.900000,SIMULATED,PRELAUNCH,0.028,0.048,9.767,-0.168,-0.097,0.062,101330.8,-0.49,-0.05,,,,,,,,0,0,DC26
446,8.920000,SIMULATED,PRELAUNCH,-0.072,-0.041,9.811,-0.124,-0.001,-0.027,101326.4,-0.12,-0.05,,,,,,,,0,0,B8CF
447,8.940000,SIMULATED,PRELAUNCH,-0.005,0.052,9.781,-0.016,0.023,0.003,101324.1,0.07,-0.05,,,,,,,,0,0,7D99
448,8.960000,SIMULATED,PRELAUNCH,-0.044,0.047,9.771,-0.025,0.143,-0.077,101323.9,0.09,-0.05,,,,,,,,0,0,0EA4
449,8.980000,SIMULATED,PRELAUNCH,-0.050,-0.003,9.847,0.135,0.064,-0.111,101324.8,0.01,-0.04,,,,,,,,0,0,8537
450,9.000000,SIMULATED,PRELAUNCH,0.011,-0.019,9.882,-0.107,-0.056,0.068,101326.6,-0.14,-0.05,23.28,-0.0000003,-0.0000082,-1.9,3,9,4.093,0,0,2FC5
451,9.020000,SIMULATED,PRELAUNCH,-0.024,0.003,9.792,-0.134,0.074,0.051,101328.9,-0.33,-0.05,,,,,,,,0,0,86C0
452,9.040000,SIMULATED,PRELAUNCH,-0.073,-0.032,9.790,-0.042,0.007,-0.093,101325.1,-0.01,-0.05,,,,,,,,0,0,D219
453,9.060000,SIMULATED,PRELAUNCH,0.023,0.010,9.810,0.041,-0.150,-0.136,101323.7,0.11,-0.05,,,,,,,,0,0,C483
454,9.080000,SIMULATED,PRELAUNCH,0.008,-0.048,9.796,-0.078,-0.060,0.011,101325.8,-0.07,-0.05,,,,,,,,0,0,B5D2
455,9.100000,SIMULATED,PRELAUNCH,-0.004,0.014,9.748,0.023,0.014,0.020,101321.8,0.27,-0.04,,,,,,,,0,0,479D
456,9.120000,SIMULATED,PRELAUNCH,-0.056,-0.030,9.884,-0.066,-0.069,-0.201,101320.2,0.40,-0.03,,,,,,,,0,0,D850
457,9.140000,SIMULATED,PRELAUNCH,0.012,0.132,9.801,0.012,-0.015,0.255,101324.0,0.08,-0.03,,,,,,,,0,0,1BA9
458,9.160000,SIMULATED,PRELAUNCH,-0.092,-0.010,9.760,-0.047,-0.074,0.023,101326.0,-0.08,-0.03,,,,,,,,0,0,AC95
459,9.180000,SIMULATED,PRELAUNCH,0.057,-0.068,9.733,-0.045,0.068,0.073,101325.8,-0.07,-0.03,,,,,,,,0,0,90F7
460,9.200000,SIMULATED,PRELAUNCH,-0.101,0.027,9.775,0.064,-0.034,0.001,101326.2,-0.09,-0.03,,,,,,,,0,0,9D86
461,9.220000,SIMULATED,PRELAUNCH,0.002,-0.028,9.790,-0.128,0.087,0.075,101327.7,-0.21,-0.04,,,,,,,,0,0,C9B9
462,9.240000,SIMULATED,PRELAUNCH,-0.019,0.056,9.763,0.078,-0.100,0.044,101325.9,-0.07,-0.04,,,,,,,,0,0,5FB5
463,9.260000,SIMULATED,PRELAUNCH,-0.065,-0.002,9.843,-0.008,-0.046,0.157,101323.5,0.13,-0.04,,,,,,,,0,0,2341
464,9.280000,SIMULATED,PRELAUNCH,0.069,-0.004,9.882,0.017,0.013,0.211,101322.4,0.22,-0.03,,,,,,,,0,0,E670
465,9.300000,SIMULATED,PRELAUNCH,-0.052,-0.011,9.794,0.064,-0.031,-0.034,101326.1,-0.08,-0.03,,,,,,,,0,0,08ED
466,9.320000,SIMULATED,PRELAUNCH,-0.027,0.070,9.818,-0.164,0.062,0.070,101316.7,0.70,-0.01,,,,,,,,0,0,EBD9
467,9.340000,SIMULATED,PRELAUNCH,-0.055,-0.002,9.745,-0.055,-0.035,-0.025,101325.3,-0.02,-0.01,,,,,,,,0,0,E2DA
468,9.360000,SIMULATED,PRELAUNCH,0.077,-0.010,9.849,0.041,-0.103,0.050,101321.5,0.29,-0.01,,,,,,,,0,0,32C3
469,9.380000,SIMULATED,PRELAUNCH,-0.023,-0.007,9.756,0.044,-0.032,-0.013,101327.5,-0.21,-0.01,,,,,,,,0,0,151E
470,9.400000,SIMULATED,PRELAUNCH,-0.075,0.085,9.738,-0.230,0.180,-0.122,101330.9,-0.49,-0.02,,,,,,,,0,0,6A78
471,9.420000,SIMULATED,PRELAUNCH,0.020,0.005,9.895,-0.161,-0.007,0.086,101321.7,0.27,-0.01,,,,,,,,0,0,CD4A
472,9.440000,SIMULATED,PRELAUNCH,-0.001,0.029,9.758,-0.043,-0.051,0.006,101321.8,0.27,-0.01,,,,,,,,0,0,C40D
473,9.460000,SIMULATED,PRELAUNCH,0.010,-0.055,9.757,-0.011,-0.007,0.091,101323.7,0.11,-0.01,,,,,,,,0,0,23A7
474,9.480000,SIMULATED,PRELAUNCH,0.029,0.023,9.873,-0.071,0.152,-0.147,101326.4,-0.11,-0.01,,,,,,,,0,0,705E
475,9.500000,SIMULATED,PRELAUNCH,0.021,0.052,9.780,-0.012,-0.233,0.180,101323.9,0.09,-0.01,,,,,,,,0,0,102E
476,9.520000,SIMULATED,PRELAUNCH,-0.048,-0.066,9.772,-0.027,0.006,0.208,101321.8,0.27,0.00,,,,,,,,0,0,EC0B
477,9.540000,SIMULATED,PRELAUNCH,-0.027,0.038,9.784,0.051,0.028,-0.054,101324.1,0.07,0.00,,,,,,,,0,0,9CB6
478,9.560000,SIMULATED,PRELAUNCH,0.046,0.018,9.822,-0.004,0.059,0.064,101323.8,0.10,0.00,,,,,,,,0,0,C76A
479,9.580000,SIMULATED,PRELAUNCH,-0.001,-0.050,9.775,0.045,-0.036,0.103,101326.2,-0.11,0.00,,,,,,,,0,0,CFB3
480,9.600000,SIMULATED,PRELAUNCH,0.028,0.124,9.680,0.131,0.103,-0.094,101326.4,-0.11,0.00,,,,,,,,0,0,FDE7
481,9.620000,SIMULATED,PRELAUNCH,-0.031,0.039,9.905,0.210,-0.017,-0.086,101325.2,-0.02,0.00,,,,,,,,0,0,3F09
482,9.640000,SIMULATED,PRELAUNCH,0.057,-0.034,9.733,0.076,-0.042,0.013,101323.0,0.16,0.00,,,,,,,,0,0,0A47
483,9.660000,SIMULATED,PRELAUNCH,0.003,0.002,9.801,-0.056,-0.082,0.014,101324.6,0.03,0.00,,,,,,,,0,0,8CC7
484,9.680000,SIMULATED,PRELAUNCH,-0.043,0.000,9.771,0.007,-0.204,-0.030,101327.9,-0.24,0.00,,,,,,,,0,0,AAD7
485,9.700000,SIMULATED,PRELAUNCH,-0.047,0.055,9.769,-0.038,0.088,0.131,101324.8,0.02,0.00,,,,,,,,0,0,3BD0
486,9.720000,SIMULATED,PRELAUNCH,0.011,0.018,9.861,-0.163,-0.277,-0.040,101320.6,0.36,0.01,,,,,,,,0,0,511A
487,9.740000,SIMULATED,PRELAUNCH,-0.053,0.011,9.855,0.039,0.069,-0.125,101327.9,-0.24,0.00,,,,,,,,0,0,C3E3
488,9.760000,SIMULATED,PRELAUNCH,-0.050,0.055,9.828,-0.027,0.019,-0.025,101325.0,0.00,0.00,,,,,,,,0,0,2E5D
489,9.780000,SIMULATED,PRELAUNCH,-0.070,-0.108,9.870,-0.107,-0.092,-0.161,101323.0,0.16,0.01,,,,,,,,0,0,3DCB
490,9.800000,SIMULATED,PRELAUNCH,0.009,0.016,9.745,0.126,0.041,0.145,101325.6,-0.05,0.00,,,,,,,,0,0,629A
491,9.820000,SIMULATED,PRELAUNCH,0.058,-0.023,9.771,0.033,0.000,0.014,101321.6,0.28,0.01,,,,,,,,0,0,D0AC
492,9.840000,SIMULATED,PRELAUNCH,0.070,-0.024,9.819,-0.074,0.097,-0.055,101326.8,-0.15,0.01,,,,,,,,0,0,57AC
493,9.860000,SIMULATED,PRELAUNCH,-0.051,-0.017,9.823,-0.048,-0.051,-0.178,101323.1,0.16,0.01,,,,,,,,0,0,8287
494,9.880000,SIMULATED,PRELAUNCH,0.046,0.026,9.771,0.133,-0.157,0.156,101323.2,0.15,0.01,,,,,,,,0,0,351D
495,9.900000,SIMULATED,PRELAUNCH,-0.081,0.027,9.736,0.013,-0.006,-0.186,101327.1,-0.17,0.01,,,,,,,,0,0,8DF3
496,9.920000,SIMULATED,PRELAUNCH,-0.029,0.032,9.698,0.067,-0.029,-0.057,101329.1,-0.34,0.00,,,,,,,,0,0,5AE1
497,9.940000,SIMULATED,PRELAUNCH,-0.064,-0.057,9.838,-0.055,0.109,0.043,101327.3,-0.19,0.00,,,,,,,,0,0,ED6B
498,9.960000,SIMULATED,PRELAUNCH,-0.018,0.022,9.820,-0.118,-0.185,-0.001,101330.9,-0.48,-0.01,,,,,,,,0,0,5087
499,9.980000,SIMULATED,PRELAUNCH,-0.059,0.001,9.795,-0.092,0.048,-0.007,101326.6,-0.13,-0.02,,,,,,,,0,0,F232
500,10.000000,SIMULATED,PRELAUNCH,-0.027,0.012,9.802,-0.278,-0.028,0.198,101325.4,-0.02,-0.02,23.29,-0.0000042,0.0000012,2.9,3,9,4.088,0,0,F323
501,10.020000,SIMULATED,PRELAUNCH,-0.195,-0.442,33.141,0.079,0.045,0.077,101325.5,-0.03,0.28,,,,,,,,0,0,2BBB
502,10.040000,SIMULATED,PRELAUNCH,-0.540,0.643,66.030,0.007,0.115,0.024,101326.9,-0.14,1.23,,,,,,,,0,0,0479
503,10.060000,SIMULATED,PRELAUNCH,-0.201,-0.285,82.227,0.144,-0.153,-0.047,101326.7,-0.13,2.68,,,,,,,,0,0,BB88
504,10.080000,SIMULATED,ASCENT,0.685,0.485,82.812,-0.180,0.111,0.014,101323.0,0.19,4.14,,,,,,,,0,0,F244
505,10.100000,SIMULATED,ASCENT,0.178,0.439,81.747,-0.005,0.006,-0.202,101322.5,0.23,5.58,,,,,,,,0,0,0CCB
506,10.120000,SIMULATED,ASCENT,0.157,-0.225,82.121,-0.071,0.050,0.040,101323.8,0.12,7.02,,,,,,,,0,0,4440
507,10.140000,SIMULATED,ASCENT,1.091,-0.239,80.783,-0.161,0.126,-0.072,101314.5,0.89,8.45,,,,,,,,0,0,7C93
508,10.160000,SIMULATED,ASCENT,-0.208,-0.217,81.309,-0.009,-0.007,-0.124,101319.0,0.52,9.87,,,,,,,,0,0,3547
509,10.180000,SIMULATED,ASCENT,-0.081,-0.413,80.492,-0.160,-0.053,0.014,101314.7,0.88,11.29,,,,,,,,0,0,FCA4
510,10.200000,SIMULATED,ASCENT,0.264,-0.336,80.386,0.141,0.068,0.113,101307.8,1.45,12.71,,,,,,,,0,0,BAF0
511,10.220000,SIMULATED,ASCENT,0.231,0.459,79.278,-0.036,0.026,-0.008,101311.9,1.10,14.10,,,,,,,,0,0,3B7E
512,10.240000,SIMULATED,ASCENT,-0.214,-0.322,79.369,0.160,-0.012,-0.004,101304.9,1.69,15.50,,,,,,,,0,0,47BB
513,10.260000,SIMULATED,ASCENT,0.572,0.090,79.062,-0.173,0.058,0.201,101304.4,1.74,16.87,,,,,,,,0,0,763B
514,10.280000,SIMULATED,ASCENT,0.436,0.205,78.226,0.136,-0.007,0.003,101296.6,2.38,18.24,,,,,,,,0,0,E45C
515,10.300000,SIMULATED,ASCENT,0.084,0.644,78.410,-0.248,-0.020,0.154,101290.1,2.93,19.62,,,,,,,,0,0,A2F9
516,10.320000,SIMULATED,ASCENT,-0.301,1.245,77.489,0.009,0.185,-0.018,101289.3,2.99,20.98,,,,,,,,0,0,BD53
517,10.340000,SIMULATED,ASCENT,0.278,1.225,77.759,-0.023,-0.102,-0.181,101281.2,3.67,22.34,,,,,,,,0,0,3B6A
518,10.360000,SIMULATED,ASCENT,-0.349,-0.354,76.201,-0.166,0.087,-0.174,101277.2,3.99,23.68,,,,,,,,0,0,AA82
519,10.380000,SIMULATED,ASCENT,0.641,0.051,76.581,0.000,-0.208,-0.141,101274.2,4.25,25.02,,,,,,,,0,0,CA6A
520,10.400000,SIMULATED,ASCENT,-0.078,0.648,76.407,0.000,0.007,0.020,101263.8,5.11,26.36,,,,,,,,0,0,0940
521,10.420000,SIMULATED,ASCENT,0.255,-0.741,75.551,-0.053,0.164,0.157,101260.4,5.40,27.67,,,,,,,,0,0,2C4B
522,10.440000,SIMULATED,ASCENT,0.251,0.863,75.002,-0.220,-0.046,-0.136,101258.4,5.56,28.96,,,,,,,,0,0,B930
523,10.460000,SIMULATED,ASCENT,0.168,-0.801,75.453,0.219,0.074,0.042,101246.5,6.56,30.26,,,,,,,,0,0,3377
524,10.480000,SIMULATED,ASCENT,-0.360,0.393,74.531,0.051,-0.028,0.032,101236.6,7.38,31.56,,,,,,,,0,0,FDE9
525,10.500000,SIMULATED,ASCENT,-0.569,-0.217,74.066,-0.090,-0.100,0.093,101233.0,7.68,32.84,,,,,,,,0,0,F3C6
526,10.520000,SIMULATED,ASCENT,0.584,-0.633,73.554,0.049,0.053,0.208,101216.3,9.07,34.13,,,,,,,,0,0,DC05
527,10.540000,SIMULATED,ASCENT,-0.535,-0.183,73.448,-0.050,0.196,-0.039,101214.9,9.19,35.40,,,,,,,,0,0,AFE8
528,10.560000,SIMULATED,ASCENT,-0.025,0.496,73.450,0.104,0.196,-0.123,101204.1,10.09,36.67,,,,,,,,0,0,763F
529,10.580000,SIMULATED,ASCENT,-0.269,1.095,71.947,0.033,-0.076,-0.036,101200.6,10.38,37.92,,,,,,,,0,0,EFAA
530,10.600000,SIMULATED,ASCENT,0.656,0.686,73.044,0.080,0.091,-0.021,101184.8,11.70,39.18,,,,,,,,0,0,C5ED
531,10.620000,SIMULATED,ASCENT,-0.253,0.691,71.670,0.248,-0.040,0.005,101177.6,12.29,40.42,,,,,,,,0,0,4C9F
532,10.640000,SIMULATED,ASCENT,0.512,0.081,71.647,0.091,-0.119,-0.023,101172.0,12.76,41.64,,,,,,,,0,0,E697
533,10.660000,SIMULATED,ASCENT,-0.675,0.637,71.158,-0.218,0.069,-0.034,101158.3,13.91,42.86,,,,,,,,0,0,C0DB
534,10.680000,SIMULATED,ASCENT,0.519,-0.183,70.196,0.029,-0.101,0.048,101147.8,14.78,44.06,,,,,,,,0,0,5BD2
535,10.700000,SIMULATED,ASCENT,-0.295,-0.280,69.636,-0.101,-0.317,0.043,101138.8,15.53,45.25,,,,,,,,0,0,8676
536,10.720000,SIMULATED,ASCENT,0.189,-0.397,69.748,0.167,-0.171,-0.037,101126.0,16.60,46.45,,,,,,,,0,0,A0F6
537,10.740000,SIMULATED,ASCENT,-0.029,0.000,69.204,-0.054,0.154,0.015,101116.8,17.36,47.64,,,,,,,,0,0,BA06
538,10.760000,SIMULATED,ASCENT,0.442,-0.062,68.308,0.067,-0.185,-0.017,101104.9,18.36,48.80,,,,,,,,0,0,0D28
539,10.780000,SIMULATED,ASCENT,-0.683,0.122,68.082,0.034,-0.010,-0.172,101092.5,19.39,49.97,,,,,,,,0,0,3C5D
540,10.800000,SIMULATED,ASCENT,0.013,0.491,67.910,-0.160,-0.111,-0.047,101084.2,20.09,51.11,,,,,,,,0,0,D75B
541,10.820000,SIMULATED,ASCENT,0.896,0.833,67.702,0.120,0.020,0.193,101065.8,21.62,52.27,,,,,,,,0,0,7D68
542,10.840000,SIMULATED,ASCENT,-0.986,0.255,65.942,0.033,0.007,0.020,101054.3,22.57,53.40,,,,,,,,0,0,7976
543,10.860000,SIMULATED,ASCENT,0.163,0.053,66.067,-0.017,-0.032,0.027,101039.6,23.80,54.53,,,,,,,,0,0,62A5
544,10.880000,SIMULATED,ASCENT,-0.078,-0.031,65.437,-0.035,0.165,-0.015,101032.9,24.36,55.63,,,,,,,,0,0,269A
545,10.900000,SIMULATED,ASCENT,0.960,-0.374,65.226,0.111,-0.092,-0.060,101019.3,25.49,56.73,,,,,,,,0,0,6074
546,10.920000,SIMULATED,ASCENT,-0.244,-0.822,64.910,-0.019,-0.052,0.245,101002.7,26.88,57.83,,,,,,,,0,0,1C91
547,10.940000,SIMULATED,ASCENT,-0.342,-0.103,64.574,0.056,-0.085,-0.089,100988.3,28.08,58.93,,,,,,,,0,0,0CB9
548,10.960000,SIMULATED,ASCENT,0.213,-0.046,63.584,-0.055,-0.114,0.045,100968.7,29.72,60.02,,,,,,,,0,0,75EB
549,10.980000,SIMULATED,ASCENT,0.192,-0.320,63.387,-0.062,0.168,0.000,100961.7,30.31,61.08,,,,,,,,0,0,CDEE
550,11.000000,SIMULATED,ASCENT,0.403,-0.412,62.345,0.014,0.111,0.119,100943.8,31.80,62.14,23.14,0.0000095,0.0000000,28.1,3,9,4.097,0,0,CC40
551,11.020000,SIMULATED,ASCENT,0.046,0.785,62.410,-0.012,0.067,0.000,100927.9,33.12,63.20,,,,,,,,0,0,0EBE
552,11.040000,SIMULATED,ASCENT,0.047,0.416,61.855,0.116,-0.058,0.042,100914.4,34.25,64.24,,,,,,,,0,0,1121
553,11.060000,SIMULATED,ASCENT,-0.424,0.154,62.436,-0.058,0.080,0.029,100898.8,35.56,65.29,,,,,,,,0,0,5573
554,11.080000,SIMULATED,ASCENT,0.316,-0.782,60.934,-0.015,0.089,-0.013,100886.5,36.58,66.30,,,,,,,,0,0,B259
555,11.100000,SIMULATED,ASCENT,0.252,0.043,59.786,-0.032,-0.127,0.113,100865.2,38.36,67.32,,,,,,,,0,0,B5C7
556,11.120000,SIMULATED,ASCENT,-0.741,-0.264,59.024,-0.105,0.123,-0.080,100855.4,39.19,68.31,,,,,,,,0,0,AE9F
557,11.140000,SIMULATED,ASCENT,0.348,0.616,60.132,0.022,-0.068,0.297,100836.0,40.80,69.31,,,,,,,,0,0,41C6
558,11.160000,SIMULATED,ASCENT,0.338,-0.154,58.957,-0.101,0.096,0.050,100818.6,42.26,70.29,,,,,,,,0,0,7938
559,11.180000,SIMULATED,ASCENT,-0.585,0.107,58.824,-0.020,-0.068,0.025,100800.4,43.78,71.27,,,,,,,,0,0,8714
560,11.200000,SIMULATED,ASCENT,0.111,0.478,58.119,0.159,0.018,0.003,100781.2,45.39,72.24,,,,,,,,0,0,E07E
561,11.220000,SIMULATED,ASCENT,-0.009,-0.400,57.558,-0.092,0.100,0.019,100766.8,46.58,73.19,,,,,,,,0,0,7844
562,11.240000,SIMULATED,ASCENT,0.158,-0.239,57.769,-0.136,0.019,0.059,100749.9,48.00,74.14,,,,,,,,0,0,D273
563,11.260000,SIMULATED,ASCENT,0.137,0.262,56.821,-0.141,-0.049,0.036,100736.3,49.14,75.07,,,,,,,,0,0,C439
564,11.280000,SIMULATED,ASCENT,-0.630,-0.531,56.230,0.080,-0.061,-0.047,100718.8,50.60,75.98,,,,,,,,0,0,9081
565,11.300000,SIMULATED,ASCENT,0.217,-0.037,55.893,0.079,-0.047,0.028,100698.7,52.29,76.90,,,,,,,,0,0,3FB8
566,11.320000,SIMULATED,ASCENT,-0.382,-0.376,48.987,-0.083,0.059,0.209,100679.2,53.92,77.73,,,,,,,,0,0,05DF
567,11.340000,SIMULATED,ASCENT,-0.051,-0.220,44.214,0.258,-0.102,-0.021,100655.4,55.90,78.43,,,,,,,,0,0,06BA
568,11.360000,SIMULATED,ASCENT,0.075,-0.535,37.348,-0.017,-0.021,0.067,100637.7,57.39,79.02,,,,,,,,0,0,C770
569,11.380000,SIMULATED,ASCENT,-0.200,-0.264,31.316,-0.010,0.051,0.043,100619.8,58.89,79.48,,,,,,,,0,0,D388
570,11.400000,SIMULATED,ASCENT,0.235,-0.036,24.602,-0.087,-0.103,0.092,100598.2,60.69,79.81,,,,,,,,0,0,3DDC
571,11.420000,SIMULATED,ASCENT,-0.075,-0.008,19.238,-0.008,0.036,-0.264,100582.2,62.03,80.03,,,,,,,,0,0,6D08
572,11.440000,SIMULATED,ASCENT,-0.634,-0.159,13.341,0.111,0.154,-0.060,100562.0,63.73,80.13,,,,,,,,0,0,582D
573,11.460000,SIMULATED,ASCENT,-0.219,0.449,7.873,-0.107,-0.156,0.162,100541.3,65.46,80.12,,,,,,,,0,0,3484
574,11.480000,SIMULATED,ASCENT,0.115,-0.413,0.984,-0.042,0.183,-0.010,100524.5,66.87,79.97,,,,,,,,0,0,A54D
575,11.500000,SIMULATED,ASCENT,-0.007,0.010,-5.129,-0.001,-0.209,-0.157,100504.7,68.53,79.71,,,,,,,,0,0,9B80
576,11.520000,SIMULATED,COAST,-0.025,0.071,-5.306,0.120,0.117,0.066,100483.8,70.27,79.41,,,,,,,,0,0,A9A0
577,11.540000,SIMULATED,COAST,-0.078,0.082,-5.330,-0.021,-0.108,-0.060,100465.7,71.80,79.11,,,,,,,,0,0,2753
578,11.560000,SIMULATED,COAST,-0.014,0.059,-5.306,0.106,-0.004,0.110,100442.6,73.73,78.81,,,,,,,,0,0,95FF
579,11.580000,SIMULATED,COAST,0.031,0.076,-5.263,-0.134,-0.076,0.020,100430.4,74.75,78.51,,,,,,,,0,0,CF63
580,11.600000,SIMULATED,COAST,-0.013,-0.051,-5.218,-0.112,0.035,-0.158,100412.8,76.23,78.20,,,,,,,,0,0,513A
581,11.620000,SIMULATED,COAST,-0.088,-0.024,-5.197,-0.084,-0.016,-0.085,100395.1,77.71,77.90,,,,,,,,0,0,E371
582,11.640000,SIMULATED,COAST,-0.011,0.002,-5.164,-0.052,-0.244,-0.078,100368.8,79.92,77.60,,,,,,,,0,0,5AD5
583,11.660000,SIMULATED,COAST,-0.025,-0.014,-5.157,-0.023,0.091,-0.120,100357.7,80.85,77.30,,,,,,,,0,0,E3C0
584,11.680000,SIMULATED,COAST,0.047,0.017,-5.034,0.032,0.033,-0.040,100332.5,82.97,77.01,,,,,,,,0,0,6291
585,11.700000,SIMULATED,COAST,0.008,0.033,-4.962,0.069,-0.029,-0.085,100314.1,84.51,76.72,,,,,,,,0,0,4D97
586,11.720000,SIMULATED,COAST,0.124,0.072,-4.961,0.070,-0.051,0.022,100304.2,85.34,76.42,,,,,,,,0,0,0E2F
587,11.740000,SIMULATED,COAST,-0.062,0.002,-4.889,0.051,0.260,-0.224,100281.2,87.27,76.12,,,,,,,,0,0,56E2
588,11.760000,SIMULATED,COAST,-0.088,-0.007,-4.886,-0.003,-0.114,-0.128,100260.8,88.98,75.83,,,,,,,,0,0,6114
589,11.780000,SIMULATED,COAST,0.064,-0.090,-4.803,-0.195,0.015,0.168,100245.1,90.30,75.54,,,,,,,,0,0,A492
590,11.800000,SIMULATED,COAST,0.004,-0.086,-4.808,-0.020,0.050,-0.249,100224.3,92.05,75.25,,,,,,,,0,0,8B3C
591,11.820000,SIMULATED,COAST,0.006,-0.060,-4.843,0.130,0.076,-0.058,100211.8,93.09,74.96,,,,,,,,0,0,6C96
592,11.840000,SIMULATED,COAST,-0.075,0.084,-4.752,0.027,0.039,-0.032,100196.8,94.36,74.66,,,,,,,,0,0,10B6
593,11.860000,SIMULATED,COAST,-0.050,0.058,-4.629,-0.131,-0.090,-0.059,100172.5,96.40,74.37,,,,,,,,0,0,F1EF
594,11.880000,SIMULATED,COAST,-0.008,-0.010,-4.612,0.063,0.091,0.026,100155.3,97.85,74.08,,,,,,,,0,0,ED9E
595,11.900000,SIMULATED,COAST,-0.001,0.103,-4.592,0.048,-0.049,0.031,100137.4,99.35,73.80,,,,,,,,0,0,95E7
596,11.920000,SIMULATED,COAST,-0.018,0.001,-4.642,-0.069,0.128,0.179,100122.5,100.60,73.50,,,,,,,,0,0,3F1D
597,11.940000,SIMULATED,COAST,0.021,-0.028,-4.470,-0.018,-0.018,0.176,100105.5,102.03,73.22,,,,,,,,0,0,9DB5
598,11.960000,SIMULATED,COAST,-0.029,-0.058,-4.513,0.048,-0.141,0.027,100087.5,103.54,72.93,,,,,,,,0,0,3CEC
599,11.980000,SIMULATED,COAST,-0.036,0.048,-4.575,-0.063,-0.043,0.039,100071.4,104.90,72.64,,,,,,,,0,0,16D8
600,12.000000,SIMULATED,COAST,-0.064,-0.045,-4.475,-0.129,0.022,-0.064,100047.4,106.92,72.36,23.15,0.0000241,0.0000229,102.7,3,9,4.090,0,0,7C87
601,12.020000,SIMULATED,COAST,0.059,0.024,-4.295,0.069,-0.050,0.100,100031.7,108.24,72.08,,,,,,,,0,0,CED7
602,12.040000,SIMULATED,COAST,0.085,-0.021,-4.339,-0.114,-0.079,-0.105,100017.4,109.43,71.80,,,,,,,,0,0,582F
603,12.060000,SIMULATED,COAST,0.053,0.063,-4.304,0.094,0.140,-0.037,100005.4,110.45,71.50,,,,,,,,0,0,3AEC
604,12.080000,SIMULATED,COAST,-0.032,0.019,-4.292,-0.005,-0.125,0.131,99980.4,112.55,71.23,,,,,,,,0,0,B90C
605,12.100000,SIMULATED,COAST,-0.026,0.017,-4.262,0.162,0.073,0.069,99966.0,113.76,70.95,,,,,,,,0,0,7D22
606,12.120000,SIMULATED,COAST,0.067,0.027,-4.230,0.002,0.001,0.059,99949.7,115.13,70.66,,,,,,,,0,0,2A60
607,12.140000,SIMULATED,COAST,-0.014,0.100,-4.175,0.065,0.007,-0.011,99933.4,116.51,70.38,,,,,,,,0,0,8863
608,12.160000,SIMULATED,COAST,-0.058,-0.033,-4.156,-0.285,0.057,0.014,99921.5,117.51,70.10,,,,,,,,0,0,E77E
609,12.180000,SIMULATED,COAST,0.003,0.007,-4.022,0.013,-0.098,0.182,99896.3,119.63,69.82,,,,,,,,0,0,36E8
610,12.200000,SIMULATED,COAST,0.043,0.111,-4.013,0.036,0.022,-0.004,99881.1,120.91,69.55,,,,,,,,0,0,364B
611,12.220000,SIMULATED,COAST,-0.003,0.015,-4.004,-0.029,0.154,-0.008,99862.8,122.45,69.28,,,,,,,,0,0,C875
612,12.240000,SIMULATED,COAST,-0.010,0.007,-4.012,-0.105,-0.045,-0.146,99851.1,123.44,69.00,,,,,,,,0,0,3229
613,12.260000,SIMULATED,COAST,-0.056,-0.025,-3.965,0.058,0.124,0.125,99835.4,124.76,68.72,,,,,,,,0,0,1B4E
614,12.280000,SIMULATED,COAST,0.070,0.038,-3.978,-0.164,0.137,-0.049,99815.8,126.41,68.45,,,,,,,,0,0,5D13
615,12.300000,SIMULATED,COAST,0.000,-0.058,-3.852,-0.014,-0.063,0.074,99800.2,127.73,68.18,,,,,,,,0,0,3BC3
616,12.320000,SIMULATED,COAST,0.111,0.021,-3.903,0.034,0.058,-0.056,99784.8,129.03,67.90,,,,,,,,0,0,5EF7
617,12.340000,SIMULATED,COAST,-0.048,0.019,-3.826,0.166,0.031,-0.023,99768.9,130.36,67.63,,,,,,,,0,0,0842
618,12.360000,SIMULATED,COAST,-0.093,0.108,-3.867,-0.070,-0.027,-0.146,99747.2,132.19,67.37,,,,,,,,0,0,B2F5
619,12.380000,SIMULATED,COAST,0.004,-0.094,-3.814,0.058,0.027,0.032,99734.3,133.28,67.10,,,,,,,,0,0,F941
620,12.400000,SIMULATED,COAST,-0.015,-0.058,-3.769,-0.077,0.017,0.072,99723.1,134.23,66.83,,,,,,,,0,0,596C
621,12.420000,SIMULATED,COAST,-0.007,-0.010,-3.796,-0.100,-0.143,-0.054,99700.2,136.16,66.56,,,,,,,,0,0,94BD
622,12.440000,SIMULATED,COAST,0.095,0.020,-3.674,-0.008,0.023,0.057,99692.6,136.80,66.29,,,,,,,,0,0,6D8C
623,12.460000,SIMULATED,COAST,-0.009,-0.034,-3.642,0.068,-0.005,-0.145,99674.8,138.29,66.02,,,,,,,,0,0,33E5
624,12.480000,SIMULATED,COAST,0.071,0.053,-3.671,0.113,0.087,0.178,99656.1,139.88,65.75,,,,,,,,0,0,74A0
625,12.500000,SIMULATED,COAST,0.040,0.047,-3.563,-0.014,0.072,0.043,99646.9,140.65,65.48,,,,,,,,0,0,08DF
626,12.520000,SIMULATED,COAST,-0.027,0.014,-3.615,0.106,-0.092,0.010,99626.4,142.38,65.21,,,,,,,,0,0,011A
627,12.540000,SIMULATED,COAST,0.074,-0.043,-3.646,0.143,-0.102,-0.081,99609.6,143.80,64.94,,,,,,,,0,0,F55A
628,12.560000,SIMULATED,COAST,0.002,0.001,-3.524,-0.042,-0.032,-0.021,99592.5,145.25,64.68,,,,,,,,0,0,000E
629,12.580000,SIMULATED,COAST,0.034,-0.005,-3.503,-0.027,-0.166,-0.064,99580.7,146.24,64.42,,,,,,,,0,0,D9CE
630,12.600000,SIMULATED,COAST,0.057,0.030,-3.496,0.042,0.128,-0.163,99568.0,147.31,64.15,,,,,,,,0,0,DFE2
631,12.620000,SIMULATED,COAST,-0.016,-0.010,-3.395,-0.113,0.034,-0.019,99542.5,149.47,63.90,,,,,,,,0,0,D302
632,12.640000,SIMULATED,COAST,0.081,-0.037,-3.395,0.068,0.043,0.104,99535.8,150.03,63.63,,,,,,,,0,0,AB96
633,12.660000,SIMULATED,COAST,0.022,0.004,-3.313,0.105,0.014,-0.040,99524.7,150.97,63.36,,,,,,,,0,0,08D7
634,12.680000,SIMULATED,COAST,0.082,0.033,-3.435,-0.010,0.147,-0.131,99506.3,152.52,63.10,,,,,,,,0,0,AE33
635,12.700000,SIMULATED,COAST,-0.009,-0.019,-3.306,-0.036,-0.146,0.068,99485.9,154.24,62.84,,,,,,,,0,0,FB20
636,12.720000,SIMULATED,COAST,-0.008,-0.051,-3.232,0.105,-0.071,-0.069,99479.1,154.82,62.57,,,,,,,,0,0,5C9A
637,12.740000,SIMULATED,COAST,-0.053,-0.006,-3.293,0.160,-0.014,0.141,99461.3,156.32,62.31,,,,,,,,0,0,6F2B
638,12.760000,SIMULATED,COAST,0.036,-0.017,-3.210,0.028,0.082,-0.041,99445.8,157.64,62.05,,,,,,,,0,0,673F
639,12.780000,SIMULATED,COAST,0.099,0.003,-3.128,-0.158,-0.136,-0.064,99429.8,158.99,61.79,,,,,,,,0,0,D058
640,12.800000,SIMULATED,COAST,0.009,-0.040,-3.181,0.095,0.035,0.267,99416.6,160.10,61.54,,,,,,,,0,0,A5A6
641,12.820000,SIMULATED,COAST,-0.012,0.002,-3.189,-0.018,0.138,-0.092,99402.4,161.30,61.28,,,,,,,,0,0,2AF8
642,12.840000,SIMULATED,COAST,-0.001,-0.070,-3.148,-0.060,-0.022,0.024,99387.3,162.58,61.02,,,,,,,,0,0,033C
643,12.860000,SIMULATED,COAST,-0.089,-0.105,-3.125,-0.152,0.024,-0.065,99376.1,163.53,60.75,,,,,,,,0,0,1619
644,12.880000,SIMULATED,COAST,-0.005,-0.055,-3.036,0.114,0.005,-0.030,99360.6,164.83,60.49,,,,,,,,0,0,F50E
645,12.900000,SIMULATED,COAST,-0.002,0.032,-3.118,0.075,0.007,-0.159,99341.1,166.49,60.24,,,,,,,,0,0,2A3D
646,12.920000,SIMULATED,COAST,0.094,0.032,-3.035,-0.074,-0.038,0.185,99326.9,167.68,59.99,,,,,,,,0,0,1470
647,12.940000,SIMULATED,COAST,0.034,-0.018,-3.021,-0.075,0.091,-0.043,99314.1,168.77,59.74,,,,,,,,0,0,FC56
648,12.960000,SIMULATED,COAST,-0.044,0.004,-2.930,0.160,-0.069,-0.033,99303.3,169.68,59.49,,,,,,,,0,0,0563
649,12.980000,SIMULATED,COAST,0.077,-0.023,-3.036,-0.017,0.164,-0.144,99292.2,170.62,59.22,,,,,,,,0,0,EEC3
650,13.000000,SIMULATED,COAST,-0.056,-0.100,-2.913,0.111,-0.024,-0.090,99273.6,172.20,58.97,23.16,0.0000421,0.0000621,175.4,3,9,4.093,0,0,DA37
651,13.020000,SIMULATED,COAST,-0.092,0.042,-2.888,-0.038,0.001,-0.210,99253.8,173.87,58.73,,,,,,,,0,0,23F8
652,13.040000,SIMULATED,COAST,0.012,-0.052,-2.836,0.046,-0.156,-0.095,99245.7,174.56,58.48,,,,,,,,0,0,7283
653,13.060000,SIMULATED,COAST,-0.061,0.063,-2.779,0.017,-0.186,-0.029,99230.8,175.82,58.22,,,,,,,,0,0,0AFE
654,13.080000,SIMULATED,COAST,-0.037,-0.028,-2.750,0.146,-0.052,-0.116,99221.2,176.63,57.97,,,,,,,,0,0,B84C
655,13.100000,SIMULATED,COAST,0.031,-0.011,-2.846,0.043,-0.059,0.004,99202.1,178.25,57.72,,,,,,,,0,0,5DB5
656,13.120000,SIMULATED,COAST,0.014,-0.027,-2.798,0.126,0.034,0.011,99194.7,178.88,57.47,,,,,,,,0,0,6BEC
657,13.140000,SIMULATED,COAST,0.043,-0.025,-2.716,0.098,-0.013,0.116,99178.8,180.22,57.21,,,,,,,,0,0,3E25
658,13.160000,SIMULATED,COAST,-0.085,-0.048,-2.799,0.094,-0.088,0.112,99166.2,181.29,56.96,,,,,,,,0,0,0EAE
659,13.180000,SIMULATED,COAST,-0.128,0.013,-2.647,-0.328,-0.001,-0.034,99145.9,183.01,56.72,,,,,,,,0,0,8B5B
660,13.200000,SIMULATED,COAST,-0.090,0.024,-2.610,0.111,-0.095,0.040,99134.7,183.96,56.48,,,,,,,,0,0,0F89
661,13.220000,SIMULATED,COAST,0.051,0.001,-2.628,-0.147,0.019,-0.146,99117.5,185.42,56.24,,,,,,,,0,0,4DF5
662,13.240000,SIMULATED,COAST,-0.006,0.078,-2.601,-0.066,0.008,-0.096,99105.6,186.42,56.00,,,,,,,,0,0,1938
663,13.260000,SIMULATED,COAST,0.048,-0.034,-2.586,0.138,-0.174,0.082,99090.6,187.70,55.77,,,,,,,,0,0,E6E9
664,13.280000,SIMULATED,COAST,-0.085,0.002,-2.616,-0.101,-0.115,-0.111,99078.0,188.77,55.53,,,,,,,,0,0,3401
665,13.300000,SIMULATED,COAST,-0.031,0.008,-2.524,-0.115,0.076,0.072,99066.4,189.75,55.29,,,,,,,,0,0,E5FD
666,13.320000,SIMULATED,COAST,0.067,0.007,-2.514,-0.087,-0.038,-0.175,99058.2,190.44,55.04,,,,,,,,0,0,18A3
667,13.340000,SIMULATED,COAST,-0.035,0.010,-2.544,0.075,0.042,-0.189,99042.0,191.82,54.80,,,,,,,,0,0,7626
668,13.360000,SIMULATED,COAST,-0.041,0.000,-2.401,-0.021,-0.087,0.112,99034.5,192.45,54.55,,,,,,,,0,0,BEFD
669,13.380000,SIMULATED,COAST,-0.018,0.024,-2.496,-0.007,-0.027,-0.019,99017.4,193.90,54.31,,,,,,,,0,0,F216
670,13.400000,SIMULATED,COAST,0.045,-0.064,-2.457,-0.225,0.023,0.135,99008.8,194.63,54.06,,,,,,,,0,0,EA4D
671,13.420000,SIMULATED,COAST,-0.008,0.015,-2.330,0.052,-0.111,-0.045,98991.0,196.14,53.82,,,,,,,,0,0,482E
672,13.440000,SIMULATED,COAST,-0.037,0.053,-2.419,0.052,0.002,0.125,98980.8,197.00,53.58,,,,,,,,0,0,21E5
673,13.460000,SIMULATED,COAST,0.076,0.046,-2.312,-0.192,-0.099,0.107,98966.9,198.18,53.34,,,,,,,,0,0,19C2
674,13.480000,SIMULATED,COAST,-0.063,0.023,-2.331,0.117,-0.042,-0.005,98953.5,199.33,53.10,,,,,,,,0,0,4F61
675,13.500000,SIMULATED,COAST,-0.088,-0.007,-2.248,-0.098,-0.136,0.114,98948.2,199.77,52.85,,,,,,,,0,0,6A94
676,13.520000,SIMULATED,COAST,0.015,-0.026,-2.229,-0.052,0.006,0.038,98931.4,201.20,52.61,,,,,,,,0,0,D8E2
677,13.540000,SIMULATED,COAST,0.066,-0.024,-2.289,0.035,-0.217,-0.201,98915.4,202.56,52.37,,,,,,,,0,0,CF8C
678,13.560000,SIMULATED,COAST,-0.039,-0.009,-2.158,-0.073,0.105,0.121,98905.3,203.41,52.13,,,,,,,,0,0,877C
679,13.580000,SIMULATED,COAST,0.013,0.022,-2.331,0.026,0.054,-0.186,98887.6,204.92,51.90,,,,,,,,0,0,2CCD
680,13.600000,SIMULATED,COAST,-0.018,0.086,-2.178,0.056,-0.069,-0.094,98883.9,205.23,51.66,,,,,,,,0,0,B037
681,13.620000,SIMULATED,COAST,0.025,0.007,-2.228,-0.051,-0.087,0.029,98868.2,206.56,51.42,,,,,,,,0,0,3C66
682,13.640000,SIMULATED,COAST,-0.051,-0.043,-2.098,-0.027,0.155,-0.083,98862.7,207.03,51.17,,,,,,,,0,0,EAFF
683,13.660000,SIMULATED,COAST,-0.100,-0.006,-2.179,0.005,0.081,0.000,98844.3,208.60,50.93,,,,,,,,0,0,1F79
684,13.680000,SIMULATED,COAST,0.005,-0.028,-2.135,-0.097,0.016,-0.050,98836.7,209.24,50.69,,,,,,,,0,0,401F
685,13.700000,SIMULATED,COAST,-0.020,-0.075,-2.077,-0.004,-0.087,-0.060,98817.9,210.83,50.46,,,,,,,,0,0,F7A6
686,13.720000,SIMULATED,COAST,0.022,0.058,-2.091,-0.037,-0.042,0.034,98809.9,211.51,50.22,,,,,,,,0,0,3B6F
687,13.740000,SIMULATED,COAST,0.002,-0.029,-2.103,-0.041,-0.147,-0.083,98794.4,212.83,49.99,,,,,,,,0,0,AAE2
688,13.760000,SIMULATED,COAST,-0.022,-0.085,-2.037,0.066,-0.271,-0.158,98783.7,213.75,49.76,,,,,,,,0,0,01F6
689,13.780000,SIMULATED,COAST,0.066,0.018,-2.007,-0.002,-0.068,-0.046,98773.7,214.59,49.52,,,,,,,,0,0,DCEC
690,13.800000,SIMULATED,COAST,0.100,-0.050,-2.094,-0.003,-0.010,-0.079,98759.9,215.77,49.29,,,,,,,,0,0,0086
691,13.820000,SIMULATED,COAST,-0.039,-0.018,-1.979,0.262,0.096,-0.107,98747.6,216.81,49.06,,,,,,,,0,0,CE39
692,13.840000,SIMULATED,COAST,-0.020,0.016,-1.942,-0.196,0.111,-0.148,98740.4,217.43,48.82,,,,,,,,0,0,9A71
693,13.860000,SIMULATED,COAST,0.095,0.040,-1.896,0.043,0.066,0.099,98728.1,218.46,48.59,,,,,,,,0,0,352F
694,13.880000,SIMULATED,COAST,0.050,-0.042,-2.013,0.158,0.028,0.166,98716.1,219.49,48.35,,,,,,,,0,0,5A05
695,13.900000,SIMULATED,COAST,0.009,-0.070,-1.794,-0.024,-0.011,-0.167,98705.2,220.42,48.12,,,,,,,,0,0,BE71
696,13.920000,SIMULATED,COAST,-0.119,-0.030,-1.928,-0.080,0.078,0.026,98691.2,221.60,47.89,,,,,,,,0,0,16EA
697,13.940000,SIMULATED,COAST,-0.003,0.025,-1.860,0.131,0.057,0.055,98677.9,222.74,47.67,,,,,,,,0,0,869D
698,13.960000,SIMULATED,COAST,0.016,-0.037,-1.779,0.053,0.140,0.010,98671.3,223.30,47.43,,,,,,,,0,0,516E
699,13.980000,SIMULATED,COAST,-0.042,-0.037,-1.850,0.055,-0.184,0.067,98657.1,224.51,47.20,,,,,,,,0,0,DC66
700,14.000000,SIMULATED,COAST,0.035,-0.003,-1.837,0.044,-0.060,-0.175,98646.7,225.39,46.98,22.97,0.0000278,0.0000744,225.1,3,9,4.090,0,0,81E1
701,14.020000,SIMULATED,COAST,0.021,-0.020,-1.763,-0.144,0.096,-0.132,98641.4,225.84,46.74,,,,,,,,0,0,E34C
702,14.040000,SIMULATED,COAST,0.067,-0.018,-1.780,0.037,0.034,-0.186,98628.3,226.95,46.50,,,,,,,,0,0,8C17
703,14.060000,SIMULATED,COAST,0.025,0.018,-1.725,-0.037,0.008,-0.005,98615.8,228.02,46.27,,,,,,,,0,0,B86E
704,14.080000,SIMULATED,COAST,0.027,-0.043,-1.724,-0.035,0.031,-0.032,98603.7,229.05,46.05,,,,,,,,0,0,1E5E
705,14.100000,SIMULATED,COAST,-0.011,0.001,-1.697,0.074,0.102,-0.046,98594.9,229.80,45.81,,,,,,,,0,0,9687
706,14.120000,SIMULATED,COAST,-0.049,0.079,-1.646,0.067,0.082,-0.146,98581.2,230.97,45.59,,,,,,,,0,0,B9F5
707,14.140000,SIMULATED,COAST,-0.018,0.021,-1.673,-0.132,-0.019,-0.052,98575.8,231.42,45.35,,,,,,,,0,0,16DA
708,14.160000,SIMULATED,COAST,0.027,-0.090,-1.676,0.021,0.061,-0.076,98562.6,232.55,45.12,,,,,,,,0,0,9220
709,14.180000,SIMULATED,COAST,0.060,-0.059,-1.687,0.020,0.018,0.071,98553.0,233.36,44.89,,,,,,,,0,0,A5B8
710,14.200000,SIMULATED,COAST,-0.008,-0.007,-1.648,0.145,-0.070,0.004,98545.8,233.98,44.65,,,,,,,,0,0,89E2
711,14.220000,SIMULATED,COAST,-0.119,-0.029,-1.558,0.042,-0.209,0.026,98532.3,235.13,44.42,,,,,,,,0,0,259E
712,14.240000,SIMULATED,COAST,0.082,-0.018,-1.697,0.040,-0.032,-0.004,98515.1,236.59,44.20,,,,,,,,0,0,7927
713,14.260000,SIMULATED,COAST,-0.006,0.019,-1.710,0.108,-0.051,0.053,98504.8,237.46,43.99,,,,,,,,0,0,B559
714,14.280000,SIMULATED,COAST,-0.001,0.044,-1.569,-0.039,-0.035,-0.119,98499.2,237.94,43.76,,,,,,,,0,0,B0C9
715,14.300000,SIMULATED,COAST,-0.028,-0.024,-1.517,-0.023,0.158,-0.167,98488.5,238.85,43.53,,,,,,,,0,0,5E57
716,14.320000,SIMULATED,COAST,-0.027,-0.020,-1.542,-0.160,0.010,-0.040,98476.0,239.92,43.31,,,,,,,,0,0,7F00
717,14.340000,SIMULATED,COAST,-0.001,-0.027,-1.516,0.023,-0.104,0.060,98471.1,240.34,43.08,,,,,,,,0,0,F1B3
718,14.360000,SIMULATED,COAST,-0.048,-0.011,-1.529,-0.027,0.023,-0.121,98455.6,241.66,42.86,,,,,,,,0,0,66F4
719,14.380000,SIMULATED,COAST,0.025,0.042,-1.550,-0.046,-0.078,0.020,98451.9,241.98,42.63,,,,,,,,0,0,A8A8
720,14.400000,SIMULATED,COAST,-0.019,0.097,-1.448,-0.066,0.065,0.049,98432.5,243.63,42.41,,,,,,,,0,0,126B
721,14.420000,SIMULATED,COAST,-0.053,0.137,-1.526,-0.128,0.114,0.196,98431.1,243.75,42.18,,,,,,,,0,0,807E
722,14.440000,SIMULATED,COAST,0.020,-0.071,-1.491,-0.018,0.049,-0.072,98422.8,244.45,41.95,,,,,,,,0,0,D701
723,14.460000,SIMULATED,COAST,-0.047,-0.045,-1.404,0.038,-0.071,0.114,98410.3,245.52,41.72,,,,,,,,0,0,92AF
724,14.480000,SIMULATED,COAST,-0.087,0.027,-1.490,-0.184,0.109,-0.113,98404.1,246.05,41.49,,,,,,,,0,0,8CEF
725,14.500000,SIMULATED,COAST,-0.037,-0.044,-1.497,-0.032,0.145,-0.150,98386.4,247.56,41.27,,,,,,,,0,0,9D75
726,14.520000,SIMULATED,COAST,-0.069,0.090,-1.380,0.215,0.107,0.049,98381.8,247.95,41.04,,,,,,,,0,0,C31E
727,14.540000,SIMULATED,COAST,0.043,-0.003,-1.437,-0.169,0.001,0.067,98369.5,249.00,40.82,,,,,,,,0,0,07F0
728,14.560000,SIMULATED,COAST,-0.008,-0.032,-1.375,0.167,0.079,-0.098,98360.0,249.80,40.60,,,,,,,,0,0,2DEB
729,14.580000,SIMULATED,COAST,-0.041,-0.004,-1.337,-0.085,-0.210,-0.016,98348.8,250.76,40.38,,,,,,,,0,0,E076
730,14.600000,SIMULATED,COAST,0.064,0.076,-1.424,0.050,0.063,-0.024,98345.3,251.06,40.15,,,,,,,,0,0,CE88
731,14.620000,SIMULATED,COAST,-0.049,-0.065,-1.257,0.049,-0.181,-0.028,98335.1,251.93,39.92,,,,,,,,0,0,F73D
732,14.640000,SIMULATED,COAST,0.016,0.058,-1.331,0.138,-0.003,0.074,98322.3,253.02,39.70,,,,,,,,0,0,6F3D
733,14.660000,SIMULATED,COAST,-0.038,-0.063,-1.340,-0.034,-0.146,-0.061,98312.7,253.84,39.48,,,,,,,,0,0,9DFF
734,14.680000,SIMULATED,COAST,-0.006,-0.016,-1.361,0.119,-0.163,0.066,98305.5,254.46,39.26,,,,,,,,0,0,27C5
735,14.700000,SIMULATED,COAST,-0.021,0.030,-1.262,0.004,0.094,0.125,98296.7,255.20,39.03,,,,,,,,0,0,67F4
736,14.720000,SIMULATED,COAST,0.041,-0.022,-1.324,-0.074,0.093,-0.091,98283.7,256.32,38.82,,,,,,,,0,0,C4DA
737,14.740000,SIMULATED,COAST,-0.014,0.000,-1.227,0.106,-0.080,0.107,98276.2,256.96,38.60,,,,,,,,0,0,FCB2
738,14.760000,SIMULATED,COAST,0.029,0.002,-1.251,-0.125,0.196,-0.160,98269.2,257.55,38.38,,,,,,,,0,0,BB89
739,14.780000,SIMULATED,COAST,0.033,0.001,-1.261,0.106,0.055,0.030,98265.0,257.91,38.14,,,,,,,,0,0,5617
740,14.800000,SIMULATED,COAST,-0.010,-0.030,-1.276,-0.076,-0.006,-0.131,98249.2,259.26,37.93,,,,,,,,0,0,EF72
741,14.820000,SIMULATED,COAST,-0.060,0.046,-1.238,-0.052,-0.095,-0.071,98240.3,260.02,37.71,,,,,,,,0,0,0D86
742,14.840000,SIMULATED,COAST,0.071,-0.019,-1.186,0.042,-0.030,0.047,98237.8,260.23,37.48,,,,,,,,0,0,C35A
743,14.860000,SIMULATED,COAST,-0.023,-0.065,-1.225,-0.143,-0.084,-0.150,98226.5,261.20,37.25,,,,,,,,0,0,F7DA
744,14.880000,SIMULATED,COAST,0.112,-0.022,-1.195,-0.026,-0.110,0.028,98213.2,262.33,37.04,,,,,,,,0,0,12C4
745,14.900000,SIMULATED,COAST,-0.065,-0.083,-1.149,-0.016,-0.079,0.130,98207.7,262.80,36.82,,,,,,,,0,0,3D80
746,14.920000,SIMULATED,COAST,-0.037,-0.060,-1.177,-0.174,0.089,0.074,98199.7,263.49,36.60,,,,,,,,0,0,CE18
747,14.940000,SIMULATED,COAST,-0.089,-0.017,-1.040,0.006,-0.099,0.061,98191.5,264.18,36.37,,,,,,,,0,0,FD54
748,14.960000,SIMULATED,COAST,0.023,-0.015,-1.115,-0.030,-0.099,-0.002,98174.7,265.62,36.17,,,,,,,,0,0,AC82
749,14.980000,SIMULATED,COAST,-0.054,-0.064,-1.143,0.007,0.150,0.088,98171.9,265.86,35.95,,,,,,,,0,0,F454
750,15.000000,SIMULATED,COAST,0.001,0.022,-1.082,0.005,-0.024,0.074,98165.0,266.45,35.73,22.92,0.0000448,0.0000877,263.3,3,9,4.094,0,0,90A4
751,15.020000,SIMULATED,COAST,-0.036,-0.060,-1.105,0.230,0.081,0.161,98158.7,266.99,35.51,,,,,,,,0,0,CFCB
752,15.040000,SIMULATED,COAST,-0.028,-0.042,-1.040,-0.011,0.084,-0.096,98141.3,268.47,35.30,,,,,,,,0,0,0BB0
753,15.060000,SIMULATED,COAST,0.063,0.007,-1.020,0.000,0.160,-0.121,98140.5,268.54,35.08,,,,,,,,0,0,6AEE
754,15.080000,SIMULATED,COAST,0.072,-0.009,-1.078,-0.230,-0.124,-0.126,98136.1,268.91,34.86,,,,,,,,0,0,749B
755,15.100000,SIMULATED,COAST,-0.076,0.008,-0.960,0.295,-0.134,0.199,98124.6,269.90,34.64,,,,,,,,0,0,8D55
756,15.120000,SIMULATED,COAST,-0.027,0.013,-0.942,-0.164,0.031,0.185,98117.6,270.50,34.42,,,,,,,,0,0,AB66
757,15.140000,SIMULATED,COAST,0.007,-0.022,-1.022,-0.106,0.114,-0.133,98107.2,271.38,34.20,,,,,,,,0,0,0467
758,15.160000,SIMULATED,COAST,-0.008,0.004,-1.025,0.080,-0.072,0.147,98098.4,272.14,33.99,,,,,,,,0,0,C9C5
759,15.180000,SIMULATED,COAST,0.013,0.016,-0.998,-0.243,0.131,-0.144,98087.8,273.04,33.78,,,,,,,,0,0,E6C3
760,15.200000,SIMULATED,COAST,0.039,-0.040,-1.011,0.019,0.055,0.017,98084.7,273.31,33.56,,,,,,,,0,0,64C6
761,15.220000,SIMULATED,COAST,0.019,0.042,-0.937,-0.020,0.047,0.140,98073.7,274.25,33.35,,,,,,,,0,0,5827
762,15.240000,SIMULATED,COAST,0.022,-0.044,-0.903,0.045,0.016,0.187,98061.7,275.28,33.14,,,,,,,,0,0,5373
763,15.260000,SIMULATED,COAST,-0.019,-0.043,-0.976,0.099,-0.100,-0.056,98061.6,275.28,32.92,,,,,,,,0,0,E6F3
764,15.280000,SIMULATED,COAST,-0.029,-0.028,-0.893,0.103,-0.054,0.136,98054.8,275.86,32.71,,,,,,,,0,0,D2F7
765,15.300000,SIMULATED,COAST,0.067,-0.005,-0.928,0.142,-0.083,-0.087,98045.4,276.67,32.49,,,,,,,,0,0,2AB2
766,15.320000,SIMULATED,COAST,0.027,-0.016,-0.873,-0.025,-0.101,-0.116,98037.6,277.33,32.28,,,,,,,,0,0,FED2
767,15.340000,SIMULATED,COAST,-0.014,0.009,-0.798,-0.110,0.039,-0.135,98028.9,278.07,32.07,,,,,,,,0,0,B4D7
768,15.360000,SIMULATED,COAST,-0.013,0.030,-0.867,-0.127,0.049,-0.203,98020.8,278.77,31.85,,,,,,,,0,0,5968
769,15.380000,SIMULATED,COAST,0.056,0.045,-0.780,0.039,0.102,0.119,98013.1,279.43,31.64,,,,,,,,0,0,CFDD
770,15.400000,SIMULATED,COAST,0.058,0.089,-0.892,0.073,0.010,0.087,98006.7,279.97,31.43,,,,,,,,0,0,832B
771,15.420000,SIMULATED,COAST,0.082,0.001,-0.798,0.034,0.030,0.211,97999.1,280.63,31.22,,,,,,,,0,0,ED6F
772,15.440000,SIMULATED,COAST,-0.007,-0.022,-0.856,0.021,-0.129,-0.071,97993.0,281.15,31.01,,,,,,,,0,0,D2C4
773,15.460000,SIMULATED,COAST,-0.001,0.003,-0.842,0.006,-0.202,-0.043,97984.1,281.91,30.80,,,,,,,,0,0,D0BF
774,15.480000,SIMULATED,COAST,-0.043,0.014,-0.841,-0.045,0.004,-0.012,97975.4,282.66,30.59,,,,,,,,0,0,843A
775,15.500000,SIMULATED,COAST,-0.026,0.007,-0.776,-0.096,0.049,-0.053,97969.1,283.19,30.38,,,,,,,,0,0,F52E
776,15.520000,SIMULATED,COAST,0.003,0.099,-0.793,-0.204,0.000,0.110,97960.3,283.95,30.18,,,,,,,,0,0,A9C9
777,15.540000,SIMULATED,COAST,0.040,-0.010,-0.767,0.001,-0.200,-0.004,97956.3,284.29,29.96,,,,,,,,0,0,1375
778,15.560000,SIMULATED,COAST,-0.004,-0.066,-0.758,-0.075,-0.025,0.065,97947.5,285.04,29.76,,,,,,,,0,0,8EE0
779,15.580000,SIMULATED,COAST,-0.064,0.056,-0.697,0.137,0.152,0.008,97941.3,285.57,29.55,,,,,,,,0,0,C671
780,15.600000,SIMULATED,COAST,-0.025,0.000,-0.803,0.182,0.148,-0.125,97932.5,286.32,29.34,,,,,,,,0,0,92CD
781,15.620000,SIMULATED,COAST,-0.034,0.079,-0.845,-0.018,0.042,-0.022,97930.3,286.52,29.13,,,,,,,,0,0,BED9
782,15.640000,SIMULATED,COAST,-0.015,-0.007,-0.659,0.085,-0.046,0.060,97919.1,287.47,28.92,,,,,,,,0,0,FC30
783,15.660000,SIMULATED,COAST,0.031,-0.033,-0.745,-0.075,-0.092,0.133,97913.4,287.96,28.72,,,,,,,,0,0,D3E7
784,15.680000,SIMULATED,COAST,-0.047,-0.006,-0.831,0.188,-0.184,-0.081,97908.4,288.39,28.51,,,,,,,,0,0,F928
785,15.700000,SIMULATED,COAST,0.021,0.036,-0.775,-0.129,-0.017,0.050,97900.5,289.06,28.30,,,,,,,,0,0,A4CF
786,15.720000,SIMULATED,COAST,0.061,0.014,-0.665,0.012,0.018,-0.002,97894.2,289.60,28.09,,,,,,,,0,0,2ED6
787,15.740000,SIMULATED,COAST,-0.037,-0.088,-0.711,0.021,-0.117,0.210,97884.1,290.47,27.89,,,,,,,,0,0,9E7A
788,15.760000,SIMULATED,COAST,-0.126,-0.001,-0.600,-0.009,0.096,-0.045,97876.9,291.08,27.69,,,,,,,,0,0,8DF8
789,15.780000,SIMULATED,COAST,0.048,-0.079,-0.672,-0.104,0.016,0.099,97876.2,291.15,27.48,,,,,,,,0,0,3AC0
790,15.800000,SIMULATED,COAST,0.100,-0.015,-0.687,-0.132,0.001,0.017,97868.7,291.78,27.27,,,,,,,,0,0,1430
791,15.820000,SIMULATED,COAST,-0.026,0.025,-0.613,-0.060,-0.114,0.022,97859.5,292.57,27.07,,,,,,,,0,0,7DD5
792,15.840000,SIMULATED,COAST,-0.039,0.068,-0.671,-0.055,0.040,0.041,97860.7,292.47,26.85,,,,,,,,0,0,AA65
793,15.860000,SIMULATED,COAST,-0.023,-0.087,-0.712,0.053,0.015,0.203,97855.8,292.89,26.63,,,,,,,,0,0,4351
794,15.880000,SIMULATED,COAST,0.031,0.032,-0.672,0.056,-0.031,0.184,97840.1,294.23,26.43,,,,,,,,0,0,4428
795,15.900000,SIMULATED,COAST,-0.019,-0.017,-0.636,0.013,0.177,-0.135,97834.2,294.74,26.23,,,,,,,,0,0,FB70
796,15.920000,SIMULATED,COAST,-0.117,0.035,-0.630,-0.198,-0.051,0.029,97826.7,295.38,26.03,,,,,,,,0,0,5E6C
797,15.940000,SIMULATED,COAST,0.127,-0.074,-0.696,0.105,-0.136,-0.041,97823.8,295.63,25.82,,,,,,,,0,0,1A9C
798,15.960000,SIMULATED,COAST,-0.037,0.076,-0.507,-0.148,0.043,0.051,97818.5,296.08,25.62,,,,,,,,0,0,FABA
799,15.980000,SIMULATED,COAST,-0.068,-0.022,-0.580,-0.095,0.057,0.163,97814.6,296.42,25.41,,,,,,,,0,0,E20B
800,16.000000,SIMULATED,COAST,0.007,-0.024,-0.527,-0.232,0.028,0.052,97803.8,297.34,25.21,22.85,0.0000297,0.0000958,298.7,3,9,4.089,0,0,09A5
801,16.020000,SIMULATED,COAST,0.030,0.071,-0.519,-0.104,-0.257,0.033,97799.2,297.73,25.00,,,,,,,,0,0,B980
802,16.040000,SIMULATED,COAST,0.023,-0.014,-0.541,0.001,-0.151,0.244,97792.7,298.29,24.80,,,,,,,,0,0,A1A0
803,16.060000,SIMULATED,COAST,0.049,0.038,-0.527,-0.014,-0.125,0.166,97792.2,298.33,24.59,,,,,,,,0,0,C5BF
804,16.080000,SIMULATED,COAST,-0.098,-0.049,-0.507,0.008,-0.133,0.076,97782.7,299.15,24.39,,,,,,,,0,0,B43D
805,16.100000,SIMULATED,COAST,0.025,0.021,-0.573,-0.183,0.077,-0.111,97774.3,299.87,24.19,,,,,,,,0,0,3ECB
806,16.120000,SIMULATED,COAST,0.011,-0.062,-0.539,0.040,-0.009,0.145,97778.1,299.54,23.97,,,,,,,,0,0,7DB9
807,16.140000,SIMULATED,COAST,0.129,-0.097,-0.530,0.023,-0.154,0.149,97767.8,300.43,23.76,,,,,,,,0,0,C971
808,16.160000,SIMULATED,COAST,0.033,0.093,-0.455,0.105,-0.171,-0.096,97761.2,300.99,23.56,,,,,,,,0,0,C39C
809,16.180000,SIMULATED,COAST,0.034,0.041,-0.431,0.034,0.116,-0.100,97754.0,301.61,23.36,,,,,,,,0,0,E54D
810,16.200000,SIMULATED,COAST,0.062,-0.006,-0.471,0.014,0.001,0.063,97753.0,301.69,23.15,,,,,,,,0,0,2CF4
811,16.220000,SIMULATED,COAST,0.027,-0.061,-0.501,0.060,0.035,-0.053,97746.3,302.27,22.94,,,,,,,,0,0,5841
812,16.240000,SIMULATED,COAST,-0.086,-0.015,-0.451,-0.191,0.211,-0.006,97748.6,302.07,22.72,,,,,,,,0,0,7891
813,16.260000,SIMULATED,COAST,0.138,0.006,-0.529,-0.037,0.024,0.074,97732.2,303.47,22.52,,,,,,,,0,0,6C8C
814,16.280000,SIMULATED,COAST,0.033,0.074,-0.445,0.128,-0.169,0.050,97736.7,303.09,22.30,,,,,,,,0,0,77B9
815,16.300000,SIMULATED,COAST,-0.047,-0.031,-0.445,0.028,-0.157,0.098,97723.5,304.22,22.10,,,,,,,,0,0,6F9A
816,16.320000,SIMULATED,COAST,-0.072,-0.052,-0.465,-0.026,0.004,0.055,97720.3,304.50,21.89,,,,,,,,0,0,C93D
817,16.340000,SIMULATED,COAST,-0.010,0.039,-0.429,-0.022,-0.007,0.004,97717.4,304.75,21.68,,,,,,,,0,0,878B
818,16.360000,SIMULATED,COAST,-0.046,0.054,-0.466,-0.189,-0.090,0.094,97708.0,305.55,21.48,,,,,,,,0,0,F447
819,16.380000,SIMULATED,COAST,0.076,0.030,-0.323,0.152,0.009,0.283,97704.4,305.86,21.28,,,,,,,,0,0,6675
820,16.400000,SIMULATED,COAST,0.002,0.030,-0.392,0.137,-0.139,0.007,97697.8,306.43,21.08,,,,,,,,0,0,9FE6
821,16.420000,SIMULATED,COAST,0.011,-0.006,-0.306,-0.142,-0.090,0.201,97692.8,306.85,20.88,,,,,,,,0,0,B8AC
822,16.440000,SIMULATED,COAST,0.056,-0.007,-0.291,0.145,0.044,0.187,97688.6,307.21,20.68,,,,,,,,0,0,7AAE
823,16.460000,SIMULATED,COAST,0.030,-0.088,-0.398,0.054,-0.038,0.028,97682.8,307.72,20.48,,,,,,,,0,0,2CD8
824,16.480000,SIMULATED,COAST,0.064,-0.016,-0.370,-0.008,0.080,0.008,97683.7,307.63,20.27,,,,,,,,0,0,2D0B
825,16.500000,SIMULATED,COAST,-0.046,0.002,-0.304,-0.041,-0.100,-0.096,97676.6,308.25,20.06,,,,,,,,0,0,0126
826,16.520000,SIMULATED,COAST,0.059,0.009,-0.381,-0.019,0.091,-0.022,97671.1,308.72,19.86,,,,,,,,0,0,C477
827,16.540000,SIMULATED,COAST,0.023,0.003,-0.453,-0.058,0.187,0.167,97664.5,309.28,19.66,,,,,,,,0,0,8899
828,16.560000,SIMULATED,COAST,-0.006,0.070,-0.343,0.062,0.025,0.012,97661.1,309.57,19.46,,,,,,,,0,0,A074
829,16.580000,SIMULATED,COAST,-0.110,-0.078,-0.304,-0.110,-0.058,-0.004,97657.8,309.85,19.26,,,,,,,,0,0,7867
830,16.600000,SIMULATED,COAST,0.007,-0.093,-0.327,0.002,0.032,-0.194,97655.8,310.03,19.05,,,,,,,,0,0,644E
831,16.620000,SIMULATED,COAST,0.049,-0.019,-0.332,0.045,-0.004,0.019,97652.0,310.36,18.84,,,,,,,,0,0,B2C2
832,16.640000,SIMULATED,COAST,-0.055,0.023,-0.310,-0.072,0.096,0.030,97649.3,310.59,18.63,,,,,,,,0,0,F3E9
833,16.660000,SIMULATED,COAST,-0.014,-0.067,-0.308,-0.088,0.004,0.075,97637.4,311.61,18.43,,,,,,,,0,0,AAC8
834,16.680000,SIMULATED,COAST,0.102,0.082,-0.361,-0.078,0.117,0.048,97642.2,311.20,18.21,,,,,,,,0,0,EF41
835,16.700000,SIMULATED,COAST,-0.026,0.006,-0.278,-0.167,-0.092,-0.077,97628.1,312.40,18.02,,,,,,,,0,0,F6BB
836,16.720000,SIMULATED,COAST,-0.002,-0.071,-0.288,-0.015,0.018,0.049,97623.5,312.80,17.82,,,,,,,,0,0,90DA
837,16.740000,SIMULATED,COAST,0.010,-0.033,-0.279,-0.071,-0.075,-0.274,97628.0,312.41,17.61,,,,,,,,0,0,1515
838,16.760000,SIMULATED,COAST,-0.017,0.051,-0.324,0.005,0.025,-0.050,97622.7,312.86,17.40,,,,,,,,0,0,73B9
839,16.780000,SIMULATED,COAST,0.021,-0.011,-0.308,0.011,-0.094,0.176,97616.4,313.41,17.20,,,,,,,,0,0,D852
840,16.800000,SIMULATED,COAST,-0.004,0.011,-0.197,-0.072,-0.120,0.023,97613.0,313.70,17.00,,,,,,,,0,0,C6D2
841,16.820000,SIMULATED,COAST,0.006,-0.067,-0.288,-0.066,-0.058,0.020,97604.3,314.45,16.80,,,,,,,,0,0,D5A9
842,16.840000,SIMULATED,COAST,-0.004,0.004,-0.262,-0.027,-0.009,0.180,97605.9,314.31,16.59,,,,,,,,0,0,F040
843,16.860000,SIMULATED,COAST,-0.026,0.017,-0.265,-0.028,0.103,-0.022,97603.9,314.48,16.38,,,,,,,,0,0,1A02
844,16.880000,SIMULATED,COAST,0.035,0.059,-0.320,0.122,-0.070,-0.100,97603.2,314.54,16.17,,,,,,,,0,0,41BD
845,16.900000,SIMULATED,COAST,-0.016,-0.017,-0.168,-0.091,0.042,-0.094,97590.4,315.64,15.97,,,,,,,,0,0,68A2
846,16.920000,SIMULATED,COAST,-0.017,-0.020,-0.177,0.011,-0.044,0.011,97585.9,316.02,15.78,,,,,,,,0,0,65BC
847,16.940000,SIMULATED,COAST,-0.008,0.258,-0.332,0.037,-0.040,0.115,97579.8,316.55,15.59,,,,,,,,0,0,2122
848,16.960000,SIMULATED,COAST,-0.015,-0.069,-0.188,0.115,-0.012,0.072,97581.2,316.43,15.39,,,,,,,,0,0,77B5
849,16.980000,SIMULATED,COAST,0.055,0.005,-0.182,-0.171,-0.099,0.032,97581.0,316.45,15.18,,,,,,,,0,0,DDCD
850,17.000000,SIMULATED,COAST,-0.062,0.115,-0.124,0.161,0.112,-0.075,97573.4,317.10,14.98,22.66,0.0000390,0.0001412,316.2,3,9,4.085,0,0,B30D
851,17.020000,SIMULATED,COAST,0.015,0.098,-0.225,0.140,0.055,0.164,97568.2,317.54,14.79,,,,,,,,0,0,0033
852,17.040000,SIMULATED,COAST,-0.004,0.030,-0.149,0.110,-0.016,0.106,97568.0,317.56,14.58,,,,,,,,0,0,BF7E
853,17.060000,SIMULATED,COAST,0.011,0.026,-0.221,-0.099,-0.098,0.260,97569.8,317.41,14.37,,,,,,,,0,0,9BAE
854,17.080000,SIMULATED,COAST,-0.014,-0.039,-0.227,-0.011,0.083,-0.056,97561.4,318.12,14.17,,,,,,,,0,0,A641
855,17.100000,SIMULATED,COAST,-0.012,-0.063,-0.137,0.017,0.064,-0.124,97559.0,318.33,13.97,,,,,,,,0,0,41D6
856,17.120000,SIMULATED,COAST,-0.079,0.009,-0.174,-0.058,0.034,0.064,97551.2,319.00,13.77,,,,,,,,0,0,2C78
857,17.140000,SIMULATED,COAST,0.002,-0.029,-0.178,-0.129,-0.011,0.065,97552.5,318.89,13.57,,,,,,,,0,0,5E26
858,17.160000,SIMULATED,COAST,0.003,0.024,-0.098,-0.140,0.256,-0.155,97549.6,319.14,13.37,,,,,,,,0,0,F3DC
859,17.180000,SIMULATED,COAST,-0.061,0.093,-0.188,0.004,0.101,0.027,97543.6,319.66,13.17,,,,,,,,0,0,4C68
860,17.200000,SIMULATED,COAST,0.033,0.012,-0.149,-0.024,-0.111,0.088,97540.6,319.91,12.98,,,,,,,,0,0,B239
861,17.220000,SIMULATED,COAST,0.056,-0.069,-0.217,0.011,0.094,-0.103,97537.6,320.17,12.78,,,,,,,,0,0,60EB
862,17.240000,SIMULATED,COAST,-0.014,0.004,-0.117,0.010,0.043,-0.145,97539.0,320.05,12.57,,,,,,,,0,0,FB96
863,17.260000,SIMULATED,COAST,-0.055,0.018,-0.130,-0.014,0.095,-0.037,97535.2,320.38,12.37,,,,,,,,0,0,D2F8
864,17.280000,SIMULATED,COAST,-0.054,-0.057,-0.120,0.006,0.177,0.027,97527.6,321.03,12.18,,,,,,,,0,0,C297
865,17.300000,SIMULATED,COAST,0.008,-0.009,-0.121,-0.023,0.030,-0.030,97529.0,320.91,11.97,,,,,,,,0,0,A0F4
866,17.320000,SIMULATED,COAST,-0.033,0.025,-0.229,0.124,-0.071,-0.053,97523.3,321.40,11.78,,,,,,,,0,0,2283
867,17.340000,SIMULATED,COAST,-0.006,0.028,-0.119,0.226,-0.001,-0.072,97523.8,321.36,11.58,,,,,,,,0,0,862C
868,17.360000,SIMULATED,COAST,-0.066,-0.019,-0.108,0.001,-0.056,0.035,97515.0,322.11,11.38,,,,,,,,0,0,65F8
869,17.380000,SIMULATED,COAST,0.037,0.007,-0.078,0.067,0.061,0.262,97521.0,321.59,11.18,,,,,,,,0,0,5A04
870,17.400000,SIMULATED,COAST,-0.066,0.052,-0.124,-0.182,-0.089,-0.082,97512.5,322.32,10.98,,,,,,,,0,0,D731
871,17.420000,SIMULATED,COAST,-0.114,0.062,-0.149,-0.158,-0.033,0.015,97511.9,322.38,10.78,,,,,,,,0,0,EBFD
872,17.440000,SIMULATED,COAST,-0.055,0.064,-0.077,0.031,0.040,0.077,97511.9,322.38,10.58,,,,,,,,0,0,2968
873,17.460000,SIMULATED,COAST,-0.046,-0.019,-0.096,-0.029,0.007,0.114,97507.8,322.73,10.38,,,,,,,,0,0,62FE
874,17.480000,SIMULATED,COAST,-0.007,-0.017,-0.131,0.016,0.090,0.005,97504.0,323.06,10.18,,,,,,,,0,0,6561
875,17.500000,SIMULATED,COAST,0.006,-0.068,-0.096,0.025,-0.016,-0.030,97507.3,322.77,9.97,,,,,,,,0,0,1504
876,17.520000,SIMULATED,COAST,0.008,0.022,-0.022,0.077,-0.120,-0.006,97502.5,323.18,9.77,,,,,,,,0,0,9CA1
877,17.540000,SIMULATED,COAST,-0.060,0.027,-0.162,-0.048,-0.040,-0.019,97500.1,323.39,9.57,,,,,,,,0,0,7F1C
878,17.560000,SIMULATED,COAST,-0.064,-0.039,-0.097,0.005,0.132,0.059,97494.9,323.84,9.37,,,,,,,,0,0,79E3
879,17.580000,SIMULATED,COAST,-0.006,0.007,-0.115,-0.006,0.110,0.131,97494.1,323.90,9.17,,,,,,,,0,0,5645
880,17.600000,SIMULATED,COAST,-0.045,-0.054,-0.060,0.047,-0.043,0.082,97491.8,324.10,8.97,,,,,,,,0,0,33A3
881,17.620000,SIMULATED,COAST,-0.008,0.081,0.027,-0.013,-0.034,-0.051,97500.2,323.38,8.75,,,,,,,,0,0,B964
882,17.640000,SIMULATED,COAST,-0.109,0.069,-0.015,-0.042,-0.102,-0.033,97484.4,324.74,8.56,,,,,,,,0,0,9C55
883,17.660000,SIMULATED,COAST,-0.063,-0.008,-0.056,-0.100,-0.042,0.058,97482.7,324.88,8.37,,,,,,,,0,0,2F98
884,17.680000,SIMULATED,COAST,0.052,0.065,-0.120,-0.028,-0.208,-0.065,97484.8,324.71,8.17,,,,,,,,0,0,24EF
885,17.700000,SIMULATED,COAST,-0.071,-0.071,-0.071,-0.029,-0.026,-0.022,97482.2,324.92,7.97,,,,,,,,0,0,8720
886,17.720000,SIMULATED,COAST,-0.088,0.029,-0.076,-0.049,0.126,-0.047,97479.9,325.13,7.77,,,,,,,,0,0,4682
887,17.740000,SIMULATED,COAST,0.006,-0.033,0.025,-0.124,0.018,-0.120,97477.0,325.37,7.58,,,,,,,,0,0,5502
888,17.760000,SIMULATED,COAST,-0.066,0.038,-0.028,-0.164,0.006,-0.096,97473.8,325.65,7.38,,,,,,,,0,0,1787
889,17.780000,SIMULATED,COAST,0.048,-0.055,-0.122,0.217,-0.033,0.103,97471.4,325.85,7.19,,,,,,,,0,0,A43E
890,17.800000,SIMULATED,COAST,0.025,0.020,-0.108,0.000,0.011,0.073,97475.3,325.52,6.99,,,,,,,,0,0,EFFE
891,17.820000,SIMULATED,COAST,0.035,-0.072,-0.077,0.122,0.114,-0.093,97474.6,325.58,6.79,,,,,,,,0,0,C1EB
892,17.840000,SIMULATED,COAST,-0.128,-0.011,-0.058,0.080,0.031,0.029,97478.2,325.27,6.57,,,,,,,,0,0,7106
893,17.860000,SIMULATED,COAST,0.043,-0.046,-0.048,-0.108,-0.127,0.084,97465.6,326.35,6.38,,,,,,,,0,0,4262
894,17.880000,SIMULATED,COAST,-0.026,-0.013,0.089,-0.074,-0.027,-0.044,97465.0,326.41,6.19,,,,,,,,0,0,0B42
895,17.900000,SIMULATED,COAST,0.057,-0.054,-0.013,-0.019,-0.077,-0.046,97465.4,326.37,5.99,,,,,,,,0,0,0172
896,17.920000,SIMULATED,COAST,0.013,-0.060,-0.029,0.047,0.113,-0.209,97460.6,326.79,5.80,,,,,,,,0,0,90AF
897,17.940000,SIMULATED,COAST,-0.030,0.023,-0.053,-0.042,-0.049,-0.044,97462.7,326.61,5.60,,,,,,,,0,0,180D
898,17.960000,SIMULATED,COAST,-0.062,-0.008,-0.069,0.078,0.108,-0.179,97463.0,326.57,5.40,,,,,,,,0,0,2A4B
899,17.980000,SIMULATED,COAST,-0.021,-0.047,0.002,0.001,-0.012,0.160,97461.2,326.73,5.20,,,,,,,,0,0,BC0E
900,18.000000,SIMULATED,COAST,-0.029,-0.042,0.079,0.141,0.003,-0.130,97459.5,326.88,5.01,22.68,0.0000775,0.0001221,324.6,3,9,4.086,0,0,74D9
901,18.020000,SIMULATED,COAST,-0.053,0.023,0.055,0.150,-0.068,0.068,97459.4,326.89,4.81,,,,,,,,0,0,F635
902,18.040000,SIMULATED,COAST,-0.008,0.021,0.077,-0.036,-0.021,0.016,97454.0,327.35,4.62,,,,,,,,0,0,CA7F
903,18.060000,SIMULATED,COAST,0.074,-0.123,0.006,0.049,0.032,-0.121,97453.0,327.43,4.43,,,,,,,,0,0,54CB
904,18.080000,SIMULATED,COAST,-0.024,0.007,-0.019,0.017,-0.006,-0.008,97452.9,327.45,4.23,,,,,,,,0,0,BA4E
905,18.100000,SIMULATED,COAST,-0.027,-0.004,-0.054,0.077,-0.005,0.095,97452.1,327.52,4.04,,,,,,,,0,0,5198
906,18.120000,SIMULATED,COAST,-0.022,0.128,0.003,0.128,-0.113,0.050,97454.5,327.31,3.84,,,,,,,,0,0,8E0A
907,18.140000,SIMULATED,COAST,-0.074,0.012,0.076,-0.119,0.018,-0.172,97446.3,328.01,3.65,,,,,,,,0,0,EA60
908,18.160000,SIMULATED,COAST,0.022,0.014,-0.066,0.036,-0.059,0.021,97446.7,327.98,3.46,,,,,,,,0,0,4D2B
909,18.180000,SIMULATED,COAST,0.006,0.044,0.067,-0.079,0.010,0.055,97448.2,327.85,3.27,,,,,,,,0,0,C99E
910,18.200000,SIMULATED,COAST,0.052,-0.012,-0.031,0.148,-0.036,-0.089,97451.1,327.60,3.07,,,,,,,,0,0,AD93
911,18.220000,SIMULATED,COAST,0.034,0.093,-0.013,0.031,0.001,0.054,97448.1,327.86,2.88,,,,,,,,0,0,661D
912,18.240000,SIMULATED,COAST,-0.045,-0.049,-0.023,-0.033,0.083,0.071,97441.6,328.41,2.69,,,,,,,,0,0,B2F2
913,18.260000,SIMULATED,COAST,-0.007,-0.018,-0.015,-0.026,-0.155,-0.062,97448.9,327.79,2.49,,,,,,,,0,0,3452
914,18.280000,SIMULATED,COAST,-0.063,0.032,-0.011,0.078,-0.057,-0.047,97449.2,327.76,2.29,,,,,,,,0,0,D8B3
915,18.300000,SIMULATED,COAST,0.051,-0.049,0.092,0.060,-0.044,-0.102,97442.3,328.35,2.10,,,,,,,,0,0,22FC
916,18.320000,SIMULATED,COAST,-0.047,0.078,0.014,-0.135,0.042,0.093,97449.0,327.78,1.90,,,,,,,,0,0,6A3E
917,18.340000,SIMULATED,COAST,0.022,-0.003,0.035,-0.193,0.099,0.027,97443.0,328.29,1.71,,,,,,,,0,0,C91F
918,18.360000,SIMULATED,COAST,-0.063,0.023,-0.048,-0.013,0.038,0.021,97443.0,328.29,1.51,,,,,,,,0,0,A86A
919,18.380000,SIMULATED,COAST,0.022,0.053,-0.017,-0.039,0.060,0.077,97445.5,328.08,1.32,,,,,,,,0,0,8032
920,18.400000,SIMULATED,COAST,0.007,0.044,-0.016,0.087,0.149,-0.111,97443.3,328.27,1.12,,,,,,,,0,0,6B12
921,18.420000,SIMULATED,COAST,-0.006,0.017,0.005,0.031,0.005,-0.133,97442.0,328.38,0.93,,,,,,,,0,0,9B71
922,18.440000,SIMULATED,COAST,-0.011,0.021,0.093,0.039,0.015,0.102,97442.0,328.38,0.74,,,,,,,,0,0,82E1
923,18.460000,SIMULATED,COAST,0.032,0.091,0.006,0.121,0.057,-0.012,97449.6,327.73,0.53,,,,,,,,0,0,3A66
924,18.480000,SIMULATED,COAST,0.047,-0.048,0.048,0.036,-0.052,-0.107,97446.5,327.99,0.33,,,,,,,,0,0,B319
925,18.500000,SIMULATED,COAST,0.027,-0.011,-0.005,-0.312,0.129,-0.088,97438.3,328.70,0.14,,,,,,,,0,0,9991
926,18.520000,SIMULATED,COAST,9.142,-0.047,3.681,0.025,0.030,13.712,97442.2,328.36,-0.02,,,,,,,,0,0,6292
927,18.540000,SIMULATED,COAST,9.056,-0.026,3.732,0.027,0.021,12.376,97447.4,327.92,-0.15,,,,,,,,0,0,F180
928,18.560000,SIMULATED,COAST,8.999,-0.091,3.935,0.159,-0.104,11.373,97446.1,328.03,-0.27,,,,,,,,0,0,D22D
929,18.580000,SIMULATED,COAST,8.942,0.068,3.962,0.010,-0.006,10.369,97443.5,328.25,-0.39,,,,,,,,0,0,06EC
930,18.600000,SIMULATED,COAST,8.880,0.055,4.119,0.020,0.235,9.119,97441.8,328.40,-0.50,,,,,,,,0,0,D7E7
931,18.620000,SIMULATED,COAST,8.903,-0.010,4.090,0.026,-0.161,7.925,97438.6,328.67,-0.60,,,,,,,,0,0,EDAF
932,18.640000,SIMULATED,COAST,8.822,-0.018,4.294,0.077,-0.029,6.801,97445.7,328.06,-0.72,,,,,,,,0,0,A1F8
933,18.660000,SIMULATED,COAST,8.759,-0.045,4.383,-0.039,-0.027,5.421,97439.7,328.58,-0.82,,,,,,,,0,0,931B
934,18.680000,SIMULATED,COAST,8.711,0.021,4.524,-0.039,0.016,4.319,97445.3,328.10,-0.92,,,,,,,,0,0,B751
935,18.700000,SIMULATED,COAST,8.663,0.033,4.699,-0.110,-0.021,3.222,97443.2,328.28,-1.03,,,,,,,,0,0,284A
936,18.720000,SIMULATED,COAST,8.607,-0.104,4.787,0.037,0.064,1.751,97448.1,327.86,-1.13,,,,,,,,0,0,73E7
937,18.740000,SIMULATED,COAST,8.367,0.047,4.849,-0.066,0.041,0.558,97448.5,327.82,-1.24,,,,,,,,0,0,5154
938,18.760000,SIMULATED,COAST,8.483,0.063,5.033,-0.025,-0.083,-0.734,97448.2,327.85,-1.34,,,,,,,,0,0,7A39
939,18.780000,SIMULATED,COAST,8.373,-0.002,5.028,-0.012,0.065,-1.805,97448.5,327.82,-1.44,,,,,,,,0,0,E771
940,18.800000,SIMULATED,COAST,8.410,0.091,5.197,-0.090,0.031,-3.045,97451.0,327.61,-1.54,,,,,,,,0,0,D685
941,18.820000,SIMULATED,COAST,8.271,0.078,5.279,0.045,0.252,-4.325,97447.8,327.88,-1.64,,,,,,,,1,0,BBF2
942,18.840000,SIMULATED,COAST,8.190,0.004,5.363,0.060,-0.014,-5.490,97444.4,328.17,-1.72,,,,,,,,1,0,3BD8
943,18.860000,SIMULATED,COAST,8.034,-0.060,5.430,0.096,0.092,-6.873,97450.5,327.65,-1.81,,,,,,,,1,0,4CFE
944,18.880000,SIMULATED,COAST,8.083,0.025,5.581,0.009,-0.122,-7.954,97449.0,327.78,-1.90,,,,,,,,1,0,C313
945,18.900000,SIMULATED,COAST,7.989,-0.060,5.668,0.039,0.012,-9.306,97449.3,327.76,-1.98,,,,,,,,1,0,ED34
946,18.920000,SIMULATED,COAST,7.946,-0.031,5.777,-0.083,-0.082,-10.301,97448.2,327.85,-2.06,,,,,,,,1,0,3C37
947,18.940000,SIMULATED,COAST,7.814,-0.064,5.929,-0.015,-0.095,-11.397,97455.2,327.25,-2.15,,,,,,,,1,0,529B
948,18.960000,SIMULATED,DESCENT,7.809,0.018,5.991,-0.022,-0.008,-12.546,97453.4,327.40,-2.20,,,,,,,,1,0,15E8
949,18.980000,SIMULATED,DESCENT,7.693,-0.012,6.013,-0.068,-0.018,-13.631,97453.2,327.42,-2.20,,,,,,,,1,0,95FA
950,19.000000,SIMULATED,DESCENT,7.662,0.021,6.087,-0.047,0.127,-14.910,97453.1,327.43,-2.21,22.61,0.0000537,0.0001699,327.6,3,9,4.087,1,0,A249
951,19.020000,SIMULATED,DESCENT,7.599,0.018,6.249,0.034,0.009,-15.837,97451.3,327.59,-2.21,,,,,,,,1,0,94C7
952,19.040000,SIMULATED,DESCENT,7.513,0.075,6.260,-0.031,-0.102,-16.659,97455.9,327.19,-2.21,,,,,,,,1,0,EC74
953,19.060000,SIMULATED,DESCENT,7.415,0.025,6.317,0.004,0.006,-17.556,97457.2,327.08,-2.22,,,,,,,,1,0,AE1A
954,19.080000,SIMULATED,DESCENT,7.447,-0.128,6.497,-0.122,-0.029,-18.443,97459.0,326.92,-2.23,,,,,,,,1,0,10FB
955,19.100000,SIMULATED,DESCENT,7.334,-0.028,6.551,-0.099,-0.104,-19.198,97461.5,326.71,-2.25,,,,,,,,1,0,FBD9
956,19.120000,SIMULATED,DESCENT,7.282,-0.002,6.459,0.020,-0.029,-19.905,97464.2,326.47,-2.27,,,,,,,,1,0,AE0B
957,19.140000,SIMULATED,DESCENT,7.322,0.089,6.638,-0.091,0.013,-20.685,97458.5,326.96,-2.28,,,,,,,,1,0,6011
958,19.160000,SIMULATED,DESCENT,7.171,-0.072,6.533,0.051,0.125,-21.354,97466.5,326.28,-2.30,,,,,,,,1,0,B071
959,19.180000,SIMULATED,DESCENT,7.128,0.074,6.723,-0.022,0.083,-21.968,97467.6,326.18,-2.33,,,,,,,,1,0,49FE
960,19.200000,SIMULATED,DESCENT,7.104,0.078,6.767,-0.093,0.038,-22.611,97469.4,326.02,-2.36,,,,,,,,1,0,882E
961,19.220000,SIMULATED,DESCENT,7.047,0.014,6.848,0.019,-0.034,-23.078,97462.2,326.65,-2.37,,,,,,,,1,0,420A
962,19.240000,SIMULATED,DESCENT,7.030,-0.005,6.977,0.112,-0.066,-23.568,97467.8,326.16,-2.39,,,,,,,,1,0,CBED
963,19.260000,SIMULATED,DESCENT,7.011,-0.024,6.918,-0.121,0.038,-23.974,97470.0,325.97,-2.42,,,,,,,,1,0,938E
964,19.280000,SIMULATED,DESCENT,6.953,-0.022,6.824,0.091,0.132,-24.322,97470.1,325.97,-2.45,,,,,,,,1,0,1934
965,19.300000,SIMULATED,DESCENT,6.949,0.061,6.983,-0.034,0.081,-24.738,97472.6,325.75,-2.48,,,,,,,,1,0,8020
966,19.320000,SIMULATED,DESCENT,6.960,0.006,6.884,-0.034,-0.018,-24.650,97474.4,325.59,-2.52,,,,,,,,1,0,952B
967,19.340000,SIMULATED,DESCENT,6.900,-0.046,6.936,0.074,-0.129,-24.850,97472.8,325.73,-2.55,,,,,,,,1,0,B32B
968,19.360000,SIMULATED,DESCENT,6.994,0.034,6.995,0.074,0.024,-25.071,97473.7,325.65,-2.58,,,,,,,,1,0,F688
969,19.380000,SIMULATED,DESCENT,6.984,-0.013,6.944,-0.177,0.024,-25.152,97471.7,325.83,-2.60,,,,,,,,1,0,2347
970,19.400000,SIMULATED,DESCENT,6.866,0.061,6.896,0.066,0.098,-24.943,97473.5,325.67,-2.63,,,,,,,,1,0,24E4
971,19.420000,SIMULATED,DESCENT,6.841,0.040,6.903,0.148,-0.221,-24.801,97474.6,325.58,-2.66,,,,,,,,1,0,C449
972,19.440000,SIMULATED,DESCENT,6.915,0.087,6.955,0.031,0.206,-24.667,97472.2,325.78,-2.68,,,,,,,,1,0,91D4
973,19.460000,SIMULATED,DESCENT,7.042,0.059,6.894,-0.044,-0.047,-24.549,97481.0,325.03,-2.73,,,,,,,,1,0,A4F8
974,19.480000,SIMULATED,DESCENT,7.020,-0.004,6.846,-0.072,0.133,-24.245,97479.0,325.20,-2.77,,,,,,,,1,0,94E8
975,19.500000,SIMULATED,DESCENT,7.059,0.013,6.898,0.063,0.021,-23.678,97483.1,324.85,-2.82,,,,,,,,1,0,5ED1
976,19.520000,SIMULATED,DESCENT,7.121,0.095,6.875,-0.047,0.025,-23.340,97480.9,325.04,-2.87,,,,,,,,1,0,74F0
977,19.540000,SIMULATED,DESCENT,7.134,0.008,6.796,-0.017,-0.053,-22.858,97482.6,324.89,-2.91,,,,,,,,1,0,D95E
978,19.560000,SIMULATED,DESCENT,7.104,0.090,6.665,0.070,-0.093,-22.436,97485.0,324.69,-2.97,,,,,,,,1,0,6C2C
979,19.580000,SIMULATED,DESCENT,7.166,0.025,6.624,0.058,-0.033,-21.661,97484.3,324.75,-3.01,,,,,,,,1,0,D946
980,19.600000,SIMULATED,DESCENT,7.225,-0.065,6.646,0.095,0.240,-21.296,97489.4,324.31,-3.08,,,,,,,,1,0,EB2C
981,19.620000,SIMULATED,DESCENT,7.302,0.037,6.534,0.076,0.050,-20.415,97484.4,324.74,-3.12,,,,,,,,1,0,D4A7
982,19.640000,SIMULATED,DESCENT,7.238,-0.002,6.507,0.078,0.133,-19.619,97488.0,324.43,-3.17,,,,,,,,1,0,E2D0
983,19.660000,SIMULATED,DESCENT,7.322,-0.035,6.518,0.156,-0.073,-18.899,97491.8,324.11,-3.24,,,,,,,,1,0,4B21
984,19.680000,SIMULATED,DESCENT,7.379,0.000,6.443,0.018,-0.096,-18.048,97490.0,324.26,-3.29,,,,,,,,1,0,E8D4
985,19.700000,SIMULATED,DESCENT,7.463,0.117,6.385,-0.073,0.056,-17.194,97494.5,323.87,-3.36,,,,,,,,1,0,9DEA
986,19.720000,SIMULATED,DESCENT,7.595,-0.070,6.288,0.070,-0.013,-16.278,97493.0,324.00,-3.42,,,,,,,,1,0,ACF2
987,19.740000,SIMULATED,DESCENT,7.629,0.044,6.211,-0.153,-0.034,-15.056,97498.4,323.53,-3.50,,,,,,,,1,0,7424
988,19.760000,SIMULATED,DESCENT,7.647,-0.027,6.194,0.146,0.119,-14.189,97495.5,323.79,-3.56,,,,,,,,1,0,D738
989,19.780000,SIMULATED,DESCENT,7.725,-0.129,6.023,-0.044,0.105,-13.013,97501.5,323.27,-3.64,,,,,,,,1,0,74B3
990,19.800000,SIMULATED,DESCENT,7.712,0.026,5.910,0.126,0.022,-11.957,97498.1,323.56,-3.70,,,,,,,,1,0,CEB1
991,19.820000,SIMULATED,DESCENT,7.846,0.043,5.913,0.002,0.095,-10.891,97499.4,323.45,-3.76,,,,,,,,1,0,281A
992,19.840000,SIMULATED,DESCENT,7.967,0.040,5.689,-0.051,0.073,-9.791,97498.6,323.52,-3.80,,,,,,,,1,0,559F
993,19.860000,SIMULATED,DESCENT,7.999,0.055,5.577,-0.128,0.083,-8.721,97502.3,323.20,-3.86,,,,,,,,1,0,2380
994,19.880000,SIMULATED,DESCENT,8.093,0.085,5.665,-0.011,0.000,-7.344,97505.6,322.92,-3.94,,,,,,,,1,0,C14A
995,19.900000,SIMULATED,DESCENT,8.128,0.022,5.326,0.104,-0.045,-6.150,97508.4,322.68,-4.02,,,,,,,,1,0,E98A
996,19.920000,SIMULATED,DESCENT,8.292,-0.088,5.324,-0.099,0.123,-4.815,97503.7,323.08,-4.06,,,,,,,,1,0,4D5D
997,19.940000,SIMULATED,DESCENT,8.308,-0.045,5.170,-0.059,0.159,-3.879,97508.4,322.67,-4.13,,,,,,,,1,0,4536
998,19.960000,SIMULATED,DESCENT,8.324,0.037,5.231,0.010,-0.152,-2.609,97504.3,323.03,-4.16,,,,,,,,1,0,3E9C
999,19.980000,SIMULATED,DESCENT,8.477,-0.005,4.944,-0.164,0.065,-1.249,97509.5,322.58,-4.22,,,,,,,,1,0,D9BE
1000,20.000000,SIMULATED,DESCENT,8.408,-0.045,4.946,0.125,0.134,-0.121,97507.5,322.76,-4.25,22.46,0.0001127,0.0001817,318.8,3,9,4.082,1,0,09BA
1001,20.020000,SIMULATED,DESCENT,8.548,-0.017,4.785,0.153,-0.032,1.381,97507.4,322.76,-4.27,,,,,,,,1,0,1AE3
1002,20.040000,SIMULATED,DESCENT,8.615,0.023,4.701,-0.031,0.061,2.472,97512.1,322.36,-4.32,,,,,,,,1,0,F94D
1003,20.060000,SIMULATED,DESCENT,8.728,-0.016,4.528,-0.045,0.058,3.744,97516.2,322.00,-4.39,,,,,,,,1,0,A781
1004,20.080000,SIMULATED,DESCENT,8.751,-0.069,4.468,-0.086,-0.064,5.138,97521.5,321.55,-4.48,,,,,,,,1,0,B6C8
1005,20.100000,SIMULATED,DESCENT,8.779,-0.008,4.364,0.054,0.031,6.225,97515.9,322.03,-4.52,,,,,,,,1,0,BDFE
1006,20.120000,SIMULATED,DESCENT,8.850,-0.082,4.236,0.061,-0.059,7.395,97517.0,321.94,-4.56,,,,,,,,1,0,1220
1007,20.140000,SIMULATED,DESCENT,8.884,-0.022,4.149,-0.086,-0.037,8.521,97522.1,321.50,-4.63,,,,,,,,1,0,154C
1008,20.160000,SIMULATED,DESCENT,8.964,-0.109,3.995,0.058,0.140,9.831,97514.8,322.13,-4.63,,,,,,,,1,0,9F63
1009,20.180000,SIMULATED,DESCENT,8.922,0.059,3.878,-0.041,0.049,11.109,97518.9,321.77,-4.66,,,,,,,,1,0,C578
1010,20.200000,SIMULATED,DESCENT,9.055,-0.032,3.833,0.034,-0.054,11.823,97527.3,321.06,-4.73,,,,,,,,1,0,51D1
1011,20.220000,SIMULATED,DESCENT,8.994,-0.086,3.637,0.001,-0.076,13.180,97521.1,321.58,-4.75,,,,,,,,1,0,BA10
1012,20.240000,SIMULATED,DESCENT,9.161,-0.040,3.542,0.105,-0.116,14.210,97525.0,321.25,-4.79,,,,,,,,1,0,C474
1013,20.260000,SIMULATED,DESCENT,9.121,0.052,3.515,0.010,0.205,15.214,97529.1,320.90,-4.85,,,,,,,,1,0,C211
1014,20.280000,SIMULATED,DESCENT,9.180,0.001,3.338,-0.062,0.014,16.150,97531.3,320.71,-4.91,,,,,,,,1,0,BE87
1015,20.300000,SIMULATED,DESCENT,9.291,0.030,3.297,-0.149,-0.163,17.045,97531.1,320.72,-4.96,,,,,,,,1,0,C0D7
1016,20.320000,SIMULATED,DESCENT,9.234,-0.058,3.085,0.101,0.109,17.996,97525.4,321.22,-4.96,,,,,,,,1,0,3B3C
1017,20.340000,SIMULATED,DESCENT,9.357,0.043,3.035,0.085,-0.022,18.777,97529.6,320.86,-4.98,,,,,,,,1,0,B5D1
1018,20.360000,SIMULATED,DESCENT,9.317,-0.038,3.059,0.149,0.075,19.567,97531.3,320.71,-5.00,,,,,,,,1,0,114A
1019,20.380000,SIMULATED,DESCENT,9.486,0.017,2.965,0.163,-0.022,20.339,97534.5,320.43,-5.04,,,,,,,,1,0,4406
1020,20.400000,SIMULATED,DESCENT,9.354,0.047,2.976,0.018,-0.067,21.069,97535.0,320.39,-5.06,,,,,,,,1,0,B86A
1021,20.420000,SIMULATED,DESCENT,9.300,0.020,2.823,-0.136,0.137,21.773,97537.1,320.21,-5.10,,,,,,,,1,0,9999
1022,20.440000,SIMULATED,DESCENT,9.360,0.009,2.845,-0.054,-0.020,22.687,97540.9,319.89,-5.15,,,,,,,,1,0,D9AE
1023,20.460000,SIMULATED,DESCENT,9.407,-0.016,2.765,0.046,-0.049,22.712,97533.3,320.54,-5.13,,,,,,,,1,0,7F79
1024,20.480000,SIMULATED,DESCENT,9.483,-0.048,2.774,0.107,0.031,23.351,97539.1,320.04,-5.15,,,,,,,,1,0,D5E0
1025,20.500000,SIMULATED,DESCENT,9.380,-0.025,2.638,-0.134,-0.024,23.909,97545.2,319.52,-5.20,,,,,,,,1,0,AF1D
1026,20.520000,SIMULATED,DESCENT,9.463,-0.092,2.588,0.004,0.118,24.255,97539.4,320.02,-5.20,,,,,,,,1,0,A8DB
1027,20.540000,SIMULATED,DESCENT,9.503,0.031,2.570,0.062,-0.002,24.430,97541.0,319.88,-5.20,,,,,,,,1,0,BC7A
1028,20.560000,SIMULATED,DESCENT,9.564,-0.158,2.547,-0.118,-0.003,24.651,97548.8,319.21,-5.25,,,,,,,,1,0,6C09
1029,20.580000,SIMULATED,DESCENT,9.428,0.063,2.572,0.055,0.011,24.896,97549.1,319.18,-5.29,,,,,,,,1,0,AA2D
1030,20.600000,SIMULATED,DESCENT,9.486,-0.092,2.566,-0.048,-0.126,25.055,97545.4,319.50,-5.29,,,,,,,,1,0,7FEF
1031,20.620000,SIMULATED,DESCENT,9.541,-0.006,2.608,0.018,-0.075,24.925,97545.7,319.47,-5.29,,,,,,,,1,0,61ED
1032,20.640000,SIMULATED,DESCENT,9.424,0.026,2.540,-0.067,0.068,25.098,97551.2,319.00,-5.32,,,,,,,,1,0,AD50
1033,20.660000,SIMULATED,DESCENT,9.411,-0.020,2.561,-0.010,-0.079,25.017,97553.4,318.81,-5.35,,,,,,,,1,0,B0B2
1034,20.680000,SIMULATED,DESCENT,9.461,0.038,2.412,0.178,-0.092,24.570,97550.4,319.07,-5.35,,,,,,,,1,0,783F
1035,20.700000,SIMULATED,DESCENT,9.434,0.071,2.557,0.071,-0.052,24.533,97553.8,318.78,-5.36,,,,,,,,1,0,E700
1036,20.720000,SIMULATED,DESCENT,9.517,-0.053,2.706,0.061,0.049,24.366,97556.8,318.52,-5.39,,,,,,,,1,0,81A4
1037,20.740000,SIMULATED,DESCENT,9.498,-0.045,2.699,-0.127,0.043,23.939,97553.3,318.82,-5.38,,,,,,,,1,0,B080
1038,20.760000,SIMULATED,DESCENT,9.416,-0.024,2.781,0.007,-0.012,23.543,97550.7,319.05,-5.34,,,,,,,,1,0,6B87
1039,20.780000,SIMULATED,DESCENT,9.458,-0.027,2.764,0.141,-0.017,23.047,97558.1,318.41,-5.35,,,,,,,,1,0,D4EB
1040,20.800000,SIMULATED,DESCENT,9.455,-0.005,2.843,0.094,0.027,22.437,97556.6,318.54,-5.34,,,,,,,,1,0,8052
1041,20.820000,SIMULATED,DESCENT,9.423,-0.001,2.876,-0.152,-0.153,21.985,97557.3,318.48,-5.33,,,,,,,,1,0,6E89
1042,20.840000,SIMULATED,DESCENT,9.338,-0.064,2.771,0.051,-0.050,21.411,97561.8,318.09,-5.34,,,,,,,,1,0,9056
1043,20.860000,SIMULATED,DESCENT,9.422,0.002,2.924,-0.163,-0.012,20.664,97567.9,317.57,-5.38,,,,,,,,1,0,C2A1
1044,20.880000,SIMULATED,DESCENT,9.195,-0.007,2.996,-0.153,0.092,20.000,97559.1,318.32,-5.35,,,,,,,,1,0,EECD
1045,20.900000,SIMULATED,DESCENT,9.216,0.026,3.056,-0.109,0.067,19.239,97563.3,317.97,-5.35,,,,,,,,1,0,4079
1046,20.920000,SIMULATED,DESCENT,9.322,-0.014,3.137,0.076,0.091,18.394,97570.5,317.35,-5.38,,,,,,,,1,0,7FE9
1047,20.940000,SIMULATED,DESCENT,9.235,0.007,3.373,0.055,0.023,17.502,97565.5,317.78,-5.37,,,,,,,,1,0,A9C5
1048,20.960000,SIMULATED,DESCENT,9.217,-0.019,3.291,-0.040,-0.029,16.640,97568.5,317.52,-5.38,,,,,,,,1,0,E5EF
1049,20.980000,SIMULATED,DESCENT,9.213,0.020,3.485,-0.190,-0.077,15.787,97568.4,317.53,-5.37,,,,,,,,1,0,D657
1050,21.000000,SIMULATED,DESCENT,9.113,0.032,3.610,0.037,0.047,14.721,97573.0,317.14,-5.38,22.37,0.0000809,0.0002158,311.7,3,9,4.083,1,0,E33D
1051,21.020000,SIMULATED,DESCENT,9.105,-0.008,3.652,0.046,-0.053,13.642,97568.8,317.50,-5.36,,,,,,,,1,0,73B2
1052,21.040000,SIMULATED,DESCENT,9.060,-0.005,3.757,-0.038,-0.160,12.523,97574.2,317.03,-5.37,,,,,,,,1,0,4335
1053,21.060000,SIMULATED,DESCENT,9.094,0.029,3.803,-0.012,0.130,11.515,97571.7,317.25,-5.35,,,,,,,,1,0,813B
1054,21.080000,SIMULATED,DESCENT,8.886,-0.046,3.960,-0.008,0.268,10.359,97576.6,316.82,-5.36,,,,,,,,1,0,3695
1055,21.100000,SIMULATED,DESCENT,8.860,0.025,4.071,-0.092,0.009,9.171,97577.8,316.72,-5.37,,,,,,,,1,0,F45B
1056,21.120000,SIMULATED,DESCENT,8.907,0.013,4.188,-0.089,-0.024,7.997,97580.2,316.52,-5.38,,,,,,,,1,0,5089
1057,21.140000,SIMULATED,DESCENT,8.830,-0.059,4.313,0.153,-0.110,6.873,97578.3,316.68,-5.37,,,,,,,,1,0,9C83
1058,21.160000,SIMULATED,DESCENT,8.838,0.030,4.401,0.165,-0.130,5.577,97578.6,316.65,-5.36,,,,,,,,1,0,872C
1059,21.180000,SIMULATED,DESCENT,8.678,-0.028,4.515,0.181,-0.020,4.331,97585.4,316.07,-5.38,,,,,,,,1,0,0AA9
1060,21.200000,SIMULATED,DESCENT,8.707,-0.008,4.663,0.170,-0.134,3.226,97589.4,315.72,-5.43,,,,,,,,1,0,C084
1061,21.220000,SIMULATED,DESCENT,8.580,-0.094,4.716,-0.038,0.297,1.970,97579.6,316.57,-5.39,,,,,,,,1,0,F075
1062,21.240000,SIMULATED,DESCENT,8.382,-0.001,4.851,0.060,0.160,0.630,97590.9,315.60,-5.42,,,,,,,,1,0,1827
1063,21.260000,SIMULATED,DESCENT,8.552,0.088,4.983,-0.055,-0.079,-0.630,97587.1,315.92,-5.42,,,,,,,,1,0,BE3D
1064,21.280000,SIMULATED,DESCENT,8.391,-0.065,4.972,-0.127,0.030,-1.894,97581.4,316.41,-5.37,,,,,,,,1,0,7071
1065,21.300000,SIMULATED,DESCENT,8.405,0.127,5.139,0.055,0.022,-2.896,97588.6,315.80,-5.37,,,,,,,,1,0,C086
1066,21.320000,SIMULATED,DESCENT,8.245,-0.143,5.353,0.076,0.036,-4.462,97592.6,315.45,-5.38,,,,,,,,1,0,3CC6
1067,21.340000,SIMULATED,DESCENT,8.222,0.025,5.372,-0.007,-0.068,-5.459,97590.1,315.66,-5.37,,,,,,,,1,0,C9BA
1068,21.360000,SIMULATED,DESCENT,8.061,-0.004,5.508,-0.047,0.092,-6.690,97595.0,315.25,-5.38,,,,,,,,1,0,B4C1
1069,21.380000,SIMULATED,DESCENT,8.027,-0.006,5.672,-0.056,0.000,-8.075,97595.6,315.19,-5.39,,,,,,,,1,0,D0B0
1070,21.400000,SIMULATED,DESCENT,7.866,0.088,5.655,0.106,-0.050,-9.163,97596.0,315.16,-5.39,,,,,,,,1,0,1769
1071,21.420000,SIMULATED,DESCENT,7.895,-0.042,5.758,0.033,-0.039,-10.416,97595.6,315.19,-5.38,,,,,,,,1,0,DED8
1072,21.440000,SIMULATED,DESCENT,7.804,-0.018,5.884,-0.002,-0.024,-11.592,97599.2,314.88,-5.38,,,,,,,,1,0,583D
1073,21.460000,SIMULATED,DESCENT,7.696,0.021,6.025,-0.094,0.136,-12.460,97597.7,315.01,-5.37,,,,,,,,1,0,7CD0
1074,21.480000,SIMULATED,DESCENT,7.664,-0.010,6.048,-0.047,-0.013,-13.572,97599.3,314.88,-5.36,,,,,,,,1,0,F2B1
1075,21.500000,SIMULATED,DESCENT,7.609,0.021,6.096,0.102,0.065,-14.723,97599.6,314.85,-5.34,,,,,,,,1,0,AC2D
1076,21.520000,SIMULATED,DESCENT,7.616,-0.003,6.335,0.023,0.115,-15.709,97604.6,314.42,-5.35,,,,,,,,1,0,FE19
1077,21.540000,SIMULATED,DESCENT,7.366,0.085,6.302,0.112,-0.114,-16.637,97603.9,314.48,-5.35,,,,,,,,1,0,ABC2
1078,21.560000,SIMULATED,DESCENT,7.447,0.056,6.316,-0.019,-0.008,-17.713,97605.3,314.36,-5.35,,,,,,,,1,0,9CD0
1079,21.580000,SIMULATED,DESCENT,7.342,-0.031,6.493,0.060,-0.145,-18.312,97606.1,314.29,-5.34,,,,,,,,1,0,CEC2
1080,21.600000,SIMULATED,DESCENT,7.281,0.111,6.433,0.254,-0.097,-19.276,97603.7,314.50,-5.31,,,,,,,,1,0,B45B
1081,21.620000,SIMULATED,DESCENT,7.324,0.044,6.551,0.091,-0.065,-20.006,97606.8,314.23,-5.30,,,,,,,,1,0,8CEB
1082,21.640000,SIMULATED,DESCENT,7.178,-0.119,6.604,-0.238,0.120,-20.588,97607.8,314.14,-5.28,,,,,,,,1,0,166A
1083,21.660000,SIMULATED,DESCENT,7.186,0.078,6.660,0.027,-0.167,-21.449,97613.8,313.63,-5.30,,,,,,,,1,0,D46B
1084,21.680000,SIMULATED,DESCENT,7.205,0.058,6.636,-0.024,-0.139,-22.275,97610.7,313.90,-5.29,,,,,,,,1,0,68B1
1085,21.700000,SIMULATED,DESCENT,7.141,-0.002,6.846,-0.029,-0.022,-22.874,97616.5,313.40,-5.31,,,,,,,,1,0,9142
1086,21.720000,SIMULATED,DESCENT,7.071,0.021,6.895,-0.115,0.059,-22.957,97617.1,313.34,-5.32,,,,,,,,1,0,E925
1087,21.740000,SIMULATED,DESCENT,7.051,0.011,6.797,-0.207,-0.247,-23.534,97616.2,313.43,-5.32,,,,,,,,1,0,9E1F
1088,21.760000,SIMULATED,DESCENT,6.993,-0.054,6.771,0.047,0.071,-23.913,97614.3,313.58,-5.29,,,,,,,,1,0,976D
1089,21.780000,SIMULATED,DESCENT,7.017,0.008,6.883,0.063,0.033,-24.218,97614.5,313.57,-5.27,,,,,,,,1,0,51F2
1090,21.800000,SIMULATED,DESCENT,6.980,-0.046,6.905,-0.088,0.128,-24.663,97623.0,312.84,-5.29,,,,,,,,1,0,7C5B
1091,21.820000,SIMULATED,DESCENT,6.894,-0.017,6.861,-0.024,-0.148,-24.849,97621.0,313.02,-5.29,,,,,,,,1,0,91FA
1092,21.840000,SIMULATED,DESCENT,7.033,-0.011,6.916,0.053,-0.045,-24.896,97625.1,312.67,-5.31,,,,,,,,1,0,BCF3
1093,21.860000,SIMULATED,DESCENT,6.911,-0.017,6.994,-0.020,0.001,-24.966,97621.3,312.99,-5.29,,,,,,,,1,0,01D2
1094,21.880000,SIMULATED,DESCENT,6.963,-0.045,6.913,0.125,-0.099,-24.978,97623.7,312.78,-5.28,,,,,,,,1,0,4238
1095,21.900000,SIMULATED,DESCENT,7.015,-0.075,6.873,-0.204,-0.091,-24.925,97621.9,312.93,-5.25,,,,,,,,1,0,C6B1
1096,21.920000,SIMULATED,DESCENT,6.984,-0.021,6.877,-0.064,-0.006,-24.809,97630.6,312.19,-5.28,,,,,,,,1,0,0A6D
1097,21.940000,SIMULATED,DESCENT,6.939,-0.017,6.852,-0.017,0.010,-24.638,97627.2,312.48,-5.27,,,,,,,,1,0,9A64
1098,21.960000,SIMULATED,DESCENT,6.935,-0.026,6.832,-0.048,0.011,-24.396,97630.2,312.23,-5.27,,,,,,,,1,0,7679
1099,21.980000,SIMULATED,DESCENT,6.964,0.115,6.921,0.027,0.106,-24.144,97627.0,312.50,-5.24,,,,,,,,1,0,AF71
1100,22.000000,SIMULATED,DESCENT,7.096,0.000,6.923,0.048,0.148,-23.880,97632.4,312.03,-5.25,22.28,0.0001104,0.0002124,314.3,3,9,4.076,1,0,CF23
1101,22.020000,SIMULATED,DESCENT,7.104,0.026,6.916,-0.161,-0.042,-23.495,97629.9,312.25,-5.23,,,,,,,,1,0,24BF
1102,22.040000,SIMULATED,DESCENT,7.121,-0.035,6.813,0.140,-0.126,-22.970,97637.4,311.60,-5.25,,,,,,,,1,0,3E1D
1103,22.060000,SIMULATED,DESCENT,7.098,-0.058,6.725,-0.077,0.077,-22.344,97633.1,311.97,-5.23,,,,,,,,1,0,9D22
1104,22.080000,SIMULATED,DESCENT,7.137,-0.097,6.638,-0.134,0.071,-21.845,97636.5,311.68,-5.23,,,,,,,,1,0,58A8
1105,22.100000,SIMULATED,DESCENT,7.229,0.040,6.667,0.012,0.008,-21.076,97637.1,311.63,-5.23,,,,,,,,1,0,98E0
1106,22.120000,SIMULATED,DESCENT,7.250,0.012,6.670,0.039,0.264,-20.386,97637.7,311.58,-5.22,,,,,,,,1,0,2F2D
1107,22.140000,SIMULATED,DESCENT,7.286,0.020,6.570,0.063,-0.054,-19.762,97640.7,311.32,-5.22,,,,,,,,1,0,1AEA
1108,22.160000,SIMULATED,DESCENT,7.386,0.081,6.522,-0.018,0.017,-19.027,97644.4,311.01,-5.24,,,,,,,,1,0,1F4F
1109,22.180000,SIMULATED,DESCENT,7.422,-0.071,6.359,0.133,-0.129,-17.999,97639.4,311.43,-5.22,,,,,,,,1,0,2F97
1110,22.200000,SIMULATED,DESCENT,7.520,-0.061,6.400,0.002,-0.037,-17.017,97641.8,311.23,-5.20,,,,,,,,1,0,5D1C
1111,22.220000,SIMULATED,DESCENT,7.657,0.013,6.196,-0.017,-0.079,-16.247,97643.6,311.08,-5.19,,,,,,,,1,0,B3BE
1112,22.240000,SIMULATED,DESCENT,7.693,-0.005,6.151,0.066,-0.088,-15.102,97649.0,310.61,-5.21,,,,,,,,1,0,45E6
1113,22.260000,SIMULATED,DESCENT,7.671,-0.060,5.977,-0.006,-0.102,-14.266,97647.2,310.76,-5.21,,,,,,,,1,0,DEB4
1114,22.280000,SIMULATED,DESCENT,7.709,0.058,5.964,0.061,0.139,-13.144,97651.2,310.42,-5.23,,,,,,,,1,0,C1AF
1115,22.300000,SIMULATED,DESCENT,7.828,0.026,5.974,-0.009,0.104,-11.881,97650.5,310.48,-5.23,,,,,,,,1,0,BD93
1116,22.320000,SIMULATED,DESCENT,7.831,-0.013,5.776,0.047,-0.042,-11.012,97651.1,310.43,-5.23,,,,,,,,1,0,CCCA
1117,22.340000,SIMULATED,DESCENT,7.994,0.045,5.757,-0.160,-0.136,-9.903,97655.1,310.08,-5.25,,,,,,,,1,0,BA59
1118,22.360000,SIMULATED,DESCENT,8.044,0.024,5.668,0.032,-0.063,-8.607,97654.6,310.13,-5.26,,,,,,,,1,0,5DB0
1119,22.380000,SIMULATED,DESCENT,8.147,-0.013,5.559,-0.082,0.202,-7.300,97656.7,309.95,-5.27,,,,,,,,1,0,D004
1120,22.400000,SIMULATED,DESCENT,8.139,0.120,5.428,-0.080,-0.161,-6.373,97656.0,310.01,-5.27,,,,,,,,1,0,A719
1121,22.420000,SIMULATED,DESCENT,8.183,-0.027,5.383,-0.065,-0.044,-5.102,97652.2,310.34,-5.23,,,,,,,,1,0,D765
1122,22.440000,SIMULATED,DESCENT,8.267,-0.088,5.183,0.061,0.056,-3.759,97659.9,309.68,-5.24,,,,,,,,1,0,AF7F
1123,22.460000,SIMULATED,DESCENT,8.373,0.015,5.015,0.064,0.122,-2.605,97661.3,309.55,-5.25,,,,,,,,1,0,22D4
1124,22.480000,SIMULATED,DESCENT,8.424,-0.033,5.027,0.158,0.043,-1.280,97660.7,309.60,-5.24,,,,,,,,1,0,5AFA
1125,22.500000,SIMULATED,DESCENT,8.480,0.067,4.930,-0.152,0.082,-0.192,97661.5,309.54,-5.24,,,,,,,,1,0,A441
1126,22.520000,SIMULATED,DESCENT,8.582,0.067,4.783,-0.208,0.055,1.244,97661.7,309.52,-5.22,,,,,,,,1,0,972E
1127,22.540000,SIMULATED,DESCENT,8.647,0.035,4.714,0.079,0.021,2.358,97659.9,309.67,-5.19,,,,,,,,1,0,18FA
1128,22.560000,SIMULATED,DESCENT,8.644,0.087,4.522,-0.102,0.057,3.798,97663.2,309.39,-5.17,,,,,,,,1,0,401E
1129,22.580000,SIMULATED,DESCENT,8.681,-0.081,4.483,0.118,0.164,5.054,97663.7,309.35,-5.15,,,,,,,,1,0,5227
1130,22.600000,SIMULATED,DESCENT,8.846,0.021,4.334,-0.038,-0.004,6.236,97668.6,308.93,-5.16,,,,,,,,1,0,27C3
1131,22.620000,SIMULATED,DESCENT,8.808,-0.015,4.282,-0.104,-0.098,7.453,97669.4,308.86,-5.16,,,,,,,,1,0,EE59
1132,22.640000,SIMULATED,DESCENT,8.868,-0.015,4.074,-0.089,-0.114,8.681,97669.8,308.83,-5.16,,,,,,,,1,0,6B12
1133,22.660000,SIMULATED,DESCENT,8.976,-0.050,4.037,0.028,0.066,9.836,97674.5,308.42,-5.18,,,,,,,,1,0,F5A7
1134,22.680000,SIMULATED,DESCENT,8.974,0.056,3.935,-0.138,0.002,10.761,97669.3,308.87,-5.16,,,,,,,,1,0,8814
1135,22.700000,SIMULATED,DESCENT,9.094,0.003,3.770,-0.007,-0.009,11.979,97674.1,308.46,-5.16,,,,,,,,1,0,A6F2
1136,22.720000,SIMULATED,DESCENT,9.111,-0.124,3.700,-0.019,0.021,13.109,97675.6,308.33,-5.17,,,,,,,,1,0,9519
1137,22.740000,SIMULATED,DESCENT,9.097,0.046,3.650,-0.089,0.070,14.153,97673.1,308.54,-5.14,,,,,,,,1,0,E0D7
1138,22.760000,SIMULATED,DESCENT,9.226,-0.002,3.445,0.108,0.066,15.164,97674.0,308.47,-5.12,,,,,,,,1,0,CC0F
1139,22.780000,SIMULATED,DESCENT,9.167,0.006,3.396,-0.013,-0.148,16.349,97679.9,307.96,-5.13,,,,,,,,1,0,A6D2
1140,22.800000,SIMULATED,DESCENT,9.283,-0.044,3.294,0.131,0.064,17.020,97681.1,307.86,-5.14,,,,,,,,1,0,8D88
1141,22.820000,SIMULATED,DESCENT,9.201,0.001,3.264,-0.006,-0.172,18.019,97683.5,307.65,-5.16,,,,,,,,1,0,5E28
1142,22.840000,SIMULATED,DESCENT,9.358,0.025,3.033,0.067,0.037,18.847,97680.9,307.88,-5.15,,,,,,,,1,0,BC59
1143,22.860000,SIMULATED,DESCENT,9.315,0.061,3.113,0.152,-0.068,19.668,97683.9,307.62,-5.16,,,,,,,,1,0,40F8
1144,22.880000,SIMULATED,DESCENT,9.456,0.000,3.066,0.069,0.005,20.175,97686.2,307.42,-5.17,,,,,,,,1,0,131A
1145,22.900000,SIMULATED,DESCENT,9.497,-0.021,2.863,-0.056,0.023,20.966,97682.5,307.74,-5.15,,,,,,,,1,0,A801
1146,22.920000,SIMULATED,DESCENT,9.454,-0.085,2.778,0.050,-0.041,21.836,97688.5,307.22,-5.16,,,,,,,,1,0,645C
1147,22.940000,SIMULATED,DESCENT,9.364,-0.069,2.759,-0.040,-0.094,22.271,97687.9,307.28,-5.15,,,,,,,,1,0,539A
1148,22.960000,SIMULATED,DESCENT,9.389,-0.051,2.783,0.017,-0.079,22.944,97686.7,307.38,-5.14,,,,,,,,1,0,9061
1149,22.980000,SIMULATED,DESCENT,9.361,-0.012,2.772,0.107,-0.063,23.662,97689.8,307.11,-5.13,,,,,,,,1,0,5449
1150,23.000000,SIMULATED,DESCENT,9.387,-0.072,2.673,-0.058,-0.072,23.734,97692.2,306.91,-5.14,22.18,0.0001380,0.0002291,312.8,3,9,4.083,1,0,9D03
1151,23.020000,SIMULATED,DESCENT,9.488,-0.027,2.514,0.057,-0.055,24.141,97688.9,307.19,-5.11,,,,,,,,1,0,4293
1152,23.040000,SIMULATED,DESCENT,9.507,-0.050,2.559,-0.064,-0.004,24.430,97696.8,306.51,-5.13,,,,,,,,1,0,B8ED
1153,23.060000,SIMULATED,DESCENT,9.491,-0.074,2.544,-0.131,-0.219,24.743,97695.3,306.64,-5.13,,,,,,,,1,0,2467
1154,23.080000,SIMULATED,DESCENT,9.483,0.044,2.589,-0.158,0.138,24.748,97694.8,306.69,-5.12,,,,,,,,1,0,170E
1155,23.100000,SIMULATED,DESCENT,9.446,-0.048,2.505,0.169,0.053,24.944,97694.7,306.69,-5.10,,,,,,,,1,0,1608
1156,23.120000,SIMULATED,DESCENT,9.465,-0.030,2.524,-0.052,0.090,24.901,97700.8,306.17,-5.12,,,,,,,,1,0,2895
1157,23.140000,SIMULATED,DESCENT,9.500,-0.026,2.528,-0.021,-0.042,24.975,97696.2,306.56,-5.09,,,,,,,,1,0,C9C7
1158,23.160000,SIMULATED,DESCENT,9.471,-0.013,2.561,0.182,-0.064,24.894,97702.9,305.99,-5.11,,,,,,,,1,0,CAE1
1159,23.180000,SIMULATED,DESCENT,9.455,0.020,2.605,-0.047,0.117,24.971,97700.8,306.17,-5.10,,,,,,,,1,0,F089
1160,23.200000,SIMULATED,DESCENT,9.470,-0.098,2.619,0.104,0.026,24.756,97701.1,306.14,-5.08,,,,,,,,1,0,002E
1161,23.220000,SIMULATED,DESCENT,9.417,-0.033,2.631,-0.181,-0.054,24.256,97700.8,306.17,-5.06,,,,,,,,1,0,5DE8
1162,23.240000,SIMULATED,DESCENT,9.465,-0.008,2.561,0.035,-0.035,23.918,97704.2,305.88,-5.05,,,,,,,,1,0,E489
1163,23.260000,SIMULATED,DESCENT,9.349,0.022,2.639,-0.166,-0.020,23.664,97709.9,305.39,-5.08,,,,,,,,1,0,D02D
1164,23.280000,SIMULATED,DESCENT,9.442,0.022,2.727,0.023,-0.087,23.088,97712.4,305.18,-5.11,,,,,,,,1,0,0AF6
1165,23.300000,SIMULATED,DESCENT,9.409,0.020,2.794,0.238,-0.120,22.522,97712.0,305.21,-5.13,,,,,,,,1,0,A62F
1166,23.320000,SIMULATED,DESCENT,9.416,0.047,2.740,-0.045,-0.187,22.086,97710.5,305.34,-5.13,,,,,,,,1,0,E5BD
1167,23.340000,SIMULATED,DESCENT,9.294,-0.051,2.909,0.056,0.101,21.325,97713.8,305.06,-5.14,,,,,,,,1,0,61EA
1168,23.360000,SIMULATED,DESCENT,9.409,-0.013,3.006,-0.133,-0.038,20.701,97713.1,305.12,-5.14,,,,,,,,1,0,427C
1169,23.380000,SIMULATED,DESCENT,9.308,-0.011,3.044,-0.171,-0.039,19.952,97718.8,304.63,-5.17,,,,,,,,1,0,18D2
1170,23.400000,SIMULATED,DESCENT,9.247,0.074,3.145,0.069,0.126,19.126,97712.4,305.18,-5.15,,,,,,,,1,0,CAE9
1171,23.420000,SIMULATED,DESCENT,9.220,0.007,3.142,0.063,0.119,18.316,97716.9,304.79,-5.15,,,,,,,,1,0,10E9
1172,23.440000,SIMULATED,DESCENT,9.307,-0.062,3.273,0.080,0.073,17.704,97719.4,304.57,-5.16,,,,,,,,1,0,4073
1173,23.460000,SIMULATED,DESCENT,9.137,0.010,3.343,0.144,0.098,16.653,97720.0,304.52,-5.17,,,,,,,,1,0,F74E
1174,23.480000,SIMULATED,DESCENT,9.231,-0.005,3.357,0.098,-0.168,15.640,97722.7,304.29,-5.18,,,,,,,,1,0,F5FC
1175,23.500000,SIMULATED,DESCENT,9.090,-0.061,3.536,0.104,0.005,14.671,97717.9,304.71,-5.15,,,,,,,,1,0,720E
1176,23.520000,SIMULATED,DESCENT,9.156,-0.019,3.699,0.007,-0.034,13.620,97724.7,304.12,-5.17,,,,,,,,1,0,6D56
1177,23.540000,SIMULATED,DESCENT,9.039,0.016,3.811,-0.035,0.158,12.685,97724.8,304.11,-5.17,,,,,,,,1,0,50FB
1178,23.560000,SIMULATED,DESCENT,9.090,0.122,3.826,0.061,0.061,11.526,97729.0,303.75,-5.20,,,,,,,,1,0,9257
1179,23.580000,SIMULATED,DESCENT,8.978,-0.010,3.983,0.006,-0.149,10.325,97726.3,303.99,-5.19,,,,,,,,1,0,0161
1180,23.600000,SIMULATED,DESCENT,8.984,0.034,4.145,-0.031,0.176,9.146,97727.4,303.89,-5.19,,,,,,,,1,0,E3D8
1181,23.620000,SIMULATED,DESCENT,8.803,0.074,4.196,-0.043,-0.061,7.830,97729.4,303.72,-5.19,,,,,,,,1,0,7ED6
1182,23.640000,SIMULATED,DESCENT,8.767,0.092,4.277,-0.034,-0.080,6.877,97728.9,303.76,-5.18,,,,,,,,1,0,CE51
1183,23.660000,SIMULATED,DESCENT,8.791,0.031,4.360,-0.217,-0.027,5.852,97733.3,303.38,-5.19,,,,,,,,1,0,E2F6
1184,23.680000,SIMULATED,DESCENT,8.707,-0.036,4.478,0.222,0.105,4.336,97738.1,302.97,-5.23,,,,,,,,1,0,5929
1185,23.700000,SIMULATED,DESCENT,8.607,-0.006,4.596,0.118,0.018,3.292,97729.4,303.71,-5.20,,,,,,,,1,0,6FC5
1186,23.720000,SIMULATED,DESCENT,8.567,0.062,4.640,0.040,-0.009,1.961,97741.0,302.73,-5.24,,,,,,,,1,0,3696
1187,23.740000,SIMULATED,DESCENT,8.530,-0.074,4.877,-0.123,-0.132,0.508,97735.8,303.17,-5.23,,,,,,,,1,0,5068
1188,23.760000,SIMULATED,DESCENT,8.396,-0.043,4.975,-0.025,-0.109,-0.844,97739.6,302.85,-5.24,,,,,,,,1,0,DAF5
1189,23.780000,SIMULATED,DESCENT,8.416,-0.013,5.147,0.086,0.136,-2.064,97735.5,303.20,-5.21,,,,,,,,1,0,BD95
1190,23.800000,SIMULATED,DESCENT,8.319,-0.048,5.171,0.185,-0.140,-3.089,97742.7,302.58,-5.23,,,,,,,,1,0,30A0
1191,23.820000,SIMULATED,DESCENT,8.315,0.022,5.271,0.070,-0.022,-4.387,97738.8,302.92,-5.21,,,,,,,,1,0,C12D
1192,23.840000,SIMULATED,DESCENT,8.167,0.009,5.434,-0.080,0.185,-5.412,97743.2,302.54,-5.21,,,,,,,,1,0,FDDD
1193,23.860000,SIMULATED,DESCENT,8.109,0.004,5.447,-0.151,-0.065,-6.929,97745.3,302.35,-5.22,,,,,,,,1,0,6218
1194,23.880000,SIMULATED,DESCENT,8.122,0.043,5.538,0.096,-0.014,-8.108,97748.4,302.09,-5.25,,,,,,,,1,0,8BE4
1195,23.900000,SIMULATED,DESCENT,7.947,-0.067,5.631,0.209,-0.012,-9.197,97752.9,301.70,-5.29,,,,,,,,1,0,7605
1196,23.920000,SIMULATED,DESCENT,7.853,0.039,5.877,0.090,-0.005,-10.486,97749.2,302.02,-5.30,,,,,,,,1,0,0D20
1197,23.940000,SIMULATED,DESCENT,7.724,-0.027,5.848,0.026,-0.110,-11.613,97750.0,301.95,-5.30,,,,,,,,1,0,B548
1198,23.960000,SIMULATED,DESCENT,7.715,0.008,5.959,-0.007,-0.105,-12.530,97744.3,302.44,-5.26,,,,,,,,1,0,C108
1199,23.980000,SIMULATED,DESCENT,7.751,-0.002,6.085,-0.072,0.026,-13.800,97755.2,301.51,-5.28,,,,,,,,1,0,8060
1200,24.000000,SIMULATED,DESCENT,7.635,0.001,6.178,-0.081,0.165,-14.617,97749.2,302.02,-5.25,22.13,0.0001182,0.0002562,303.3,3,9,4.085,1,0,2444
1201,24.020000,SIMULATED,DESCENT,7.599,-0.008,6.240,0.009,-0.179,-15.588,97759.7,301.12,-5.29,,,,,,,,1,0,F9DD
1202,24.040000,SIMULATED,DESCENT,7.533,0.070,6.263,-0.092,0.244,-16.546,97754.6,301.56,-5.28,,,,,,,,1,0,C424
1203,24.060000,SIMULATED,DESCENT,7.354,-0.036,6.391,-0.094,-0.068,-17.418,97758.2,301.25,-5.29,,,,,,,,1,0,9D6A
1204,24.080000,SIMULATED,DESCENT,7.344,0.044,6.523,-0.134,0.043,-18.422,97756.4,301.40,-5.28,,,,,,,,1,0,4FB2
1205,24.100000,SIMULATED,DESCENT,7.318,-0.052,6.567,0.066,-0.071,-19.260,97759.8,301.11,-5.29,,,,,,,,1,0,E3C6
1206,24.120000,SIMULATED,DESCENT,7.242,0.043,6.604,-0.173,-0.045,-20.069,97755.5,301.48,-5.25,,,,,,,,1,0,8E8E
1207,24.140000,SIMULATED,DESCENT,7.214,-0.107,6.636,-0.090,0.113,-20.612,97762.6,300.87,-5.26,,,,,,,,1,0,62EC
1208,24.160000,SIMULATED,DESCENT,7.152,0.065,6.679,-0.060,0.152,-21.255,97763.0,300.84,-5.26,,,,,,,,1,0,1386
1209,24.180000,SIMULATED,DESCENT,7.203,0.017,6.793,-0.192,-0.022,-22.089,97763.1,300.83,-5.25,,,,,,,,1,0,866F
1210,24.200000,SIMULATED,DESCENT,7.096,-0.015,6.769,-0.017,0.056,-22.500,97765.4,300.63,-5.26,,,,,,,,1,0,0E12
1211,24.220000,SIMULATED,DESCENT,7.094,-0.016,6.814,0.035,-0.038,-22.996,97766.1,300.57,-5.25,,,,,,,,1,0,55C3
1212,24.240000,SIMULATED,DESCENT,7.060,0.023,6.796,-0.202,-0.079,-23.533,97765.5,300.62,-5.24,,,,,,,,1,0,ADC4
1213,24.260000,SIMULATED,DESCENT,6.935,-0.060,6.863,-0.034,-0.067,-23.766,97767.1,300.48,-5.23,,,,,,,,1,0,3443
1214,24.280000,SIMULATED,DESCENT,6.957,-0.013,6.908,0.119,-0.123,-24.377,97766.3,300.55,-5.20,,,,,,,,1,0,EDA9
1215,24.300000,SIMULATED,DESCENT,6.979,-0.010,6.828,-0.166,-0.134,-24.506,97769.6,300.27,-5.19,,,,,,,,1,0,7427
1216,24.320000,SIMULATED,DESCENT,7.066,0.015,6.878,0.056,-0.097,-24.721,97770.0,300.24,-5.18,,,,,,,,1,0,5C11
1217,24.340000,SIMULATED,DESCENT,6.950,-0.033,6.864,-0.011,-0.094,-24.776,97769.7,300.26,-5.15,,,,,,,,1,0,CCE3
1218,24.360000,SIMULATED,DESCENT,6.920,0.042,6.962,-0.029,0.010,-25.076,97775.5,299.77,-5.16,,,,,,,,1,0,BEFE
1219,24.380000,SIMULATED,DESCENT,6.819,-0.028,6.987,0.078,-0.009,-24.804,97780.1,299.37,-5.20,,,,,,,,1,0,3086
1220,24.400000,SIMULATED,DESCENT,6.918,-0.016,6.947,0.071,-0.066,-25.016,97776.1,299.72,-5.19,,,,,,,,1,0,F3F7
1221,24.420000,SIMULATED,DESCENT,6.948,0.010,6.904,-0.096,0.015,-24.675,97778.3,299.53,-5.19,,,,,,,,1,0,2247
1222,24.440000,SIMULATED,DESCENT,6.947,-0.034,6.886,0.211,0.010,-24.670,97783.0,299.12,-5.22,,,,,,,,1,0,605C
1223,24.460000,SIMULATED,DESCENT,7.051,-0.018,6.860,0.163,0.045,-24.482,97781.1,299.29,-5.22,,,,,,,,1,0,A2DD
1224,24.480000,SIMULATED,DESCENT,7.052,-0.024,6.793,-0.045,-0.020,-24.178,97781.2,299.28,-5.22,,,,,,,,1,0,C837
1225,24.500000,SIMULATED,DESCENT,7.103,-0.016,6.887,-0.075,0.018,-23.697,97779.5,299.43,-5.19,,,,,,,,1,0,36F9
1226,24.520000,SIMULATED,DESCENT,7.022,0.010,6.859,-0.117,-0.110,-23.313,97788.0,298.69,-5.22,,,,,,,,1,0,8FC1
1227,24.540000,SIMULATED,DESCENT,7.007,-0.096,6.790,-0.029,0.015,-22.912,97778.4,299.52,-5.17,,,,,,,,1,0,4D2F
1228,24.560000,SIMULATED,DESCENT,7.154,-0.055,6.785,-0.011,-0.071,-22.469,97779.2,299.45,-5.12,,,,,,,,1,0,9EE3
1229,24.580000,SIMULATED,DESCENT,7.229,-0.008,6.744,0.014,-0.121,-21.846,97786.8,298.80,-5.12,,,,,,,,1,0,FACE
1230,24.600000,SIMULATED,DESCENT,7.171,0.002,6.666,-0.031,0.195,-21.134,97787.8,298.71,-5.11,,,,,,,,1,0,69CC
1231,24.620000,SIMULATED,DESCENT,7.294,-0.094,6.638,0.050,0.071,-20.455,97792.5,298.31,-5.13,,,,,,,,1,0,03D4
1232,24.640000,SIMULATED,DESCENT,7.341,-0.030,6.570,-0.052,0.010,-19.827,97785.8,298.89,-5.10,,,,,,,,1,0,09E7
1233,24.660000,SIMULATED,DESCENT,7.410,-0.041,6.502,-0.110,-0.080,-18.952,97791.7,298.38,-5.10,,,,,,,,1,0,5B8A
1234,24.680000,SIMULATED,DESCENT,7.366,-0.042,6.464,0.082,-0.022,-17.922,97792.6,298.30,-5.10,,,,,,,,1,0,A34C
1235,24.700000,SIMULATED,DESCENT,7.450,-0.053,6.283,0.029,0.055,-17.148,97796.0,298.01,-5.11,,,,,,,,1,0,36A5
1236,24.720000,SIMULATED,DESCENT,7.486,-0.034,6.299,-0.048,0.005,-16.043,97800.2,297.65,-5.14,,,,,,,,1,0,E349
1237,24.740000,SIMULATED,DESCENT,7.508,0.059,6.210,-0.035,-0.029,-15.233,97795.6,298.05,-5.13,,,,,,,,1,0,B791
1238,24.760000,SIMULATED,DESCENT,7.677,-0.026,6.109,-0.013,0.062,-14.272,97801.4,297.55,-5.16,,,,,,,,1,0,C343
1239,24.780000,SIMULATED,DESCENT,7.710,-0.013,5.993,0.203,0.119,-13.011,97801.7,297.52,-5.17,,,,,,,,1,0,DD62
1240,24.800000,SIMULATED,DESCENT,7.793,0.045,5.894,0.093,0.142,-12.038,97800.9,297.59,-5.17,,,,,,,,1,0,133F
1241,24.820000,SIMULATED,DESCENT,7.873,0.087,5.837,-0.118,0.064,-10.860,97800.6,297.62,-5.16,,,,,,,,1,0,0439
1242,24.840000,SIMULATED,DESCENT,7.972,0.044,5.750,0.047,0.254,-9.840,97797.1,297.91,-5.12,,,,,,,,1,0,17B3
1243,24.860000,SIMULATED,DESCENT,8.053,0.026,5.646,-0.111,0.081,-8.604,97802.6,297.45,-5.11,,,,,,,,1,0,B4B1
1244,24.880000,SIMULATED,DESCENT,8.074,0.007,5.501,-0.149,0.022,-7.401,97804.1,297.32,-5.11,,,,,,,,1,0,33C4
1245,24.900000,SIMULATED,DESCENT,8.143,0.057,5.469,-0.051,-0.028,-6.212,97807.4,297.04,-5.11,,,,,,,,1,0,2DA1
1246,24.920000,SIMULATED,DESCENT,8.261,0.085,5.291,-0.023,-0.017,-4.978,97811.5,296.68,-5.14,,,,,,,,1,0,7D0F
1247,24.940000,SIMULATED,DESCENT,8.263,0.029,5.262,0.028,-0.018,-3.698,97808.5,296.94,-5.14,,,,,,,,1,0,DF46
1248,24.960000,SIMULATED,DESCENT,8.400,0.064,5.089,0.211,-0.113,-2.651,97804.8,297.26,-5.10,,,,,,,,1,0,4390
1249,24.980000,SIMULATED,DESCENT,8.488,-0.051,4.984,-0.020,-0.126,-1.127,97807.0,297.07,-5.07,,,,,,,,1,0,57C8
1250,25.000000,SIMULATED,DESCENT,8.485,-0.050,5.006,-0.092,0.107,-0.091,97814.3,296.45,-5.09,22.19,0.0001469,0.0002802,293.7,3,9,4.083,1,0,6A22
1251,25.020000,SIMULATED,DESCENT,8.482,0.013,4.824,0.114,-0.055,1.224,97810.5,296.77,-5.07,,,,,,,,1,0,049B
1252,25.040000,SIMULATED,DESCENT,8.688,-0.010,4.706,-0.105,0.020,2.438,97813.9,296.48,-5.07,,,,,,,,1,0,23DD
1253,25.060000,SIMULATED,DESCENT,8.687,0.001,4.620,0.000,-0.016,3.858,97819.4,296.01,-5.10,,,,,,,,1,0,9128
1254,25.080000,SIMULATED,DESCENT,8.649,-0.071,4.370,0.030,0.048,4.949,97819.4,296.01,-5.11,,,,,,,,1,0,97F3
1255,25.100000,SIMULATED,DESCENT,8.792,0.026,4.332,-0.066,-0.211,6.183,97821.1,295.86,-5.13,,,,,,,,1,0,C36D
1256,25.120000,SIMULATED,DESCENT,8.817,-0.017,4.324,0.066,0.224,7.278,97817.9,296.13,-5.12,,,,,,,,1,0,353D
1257,25.140000,SIMULATED,DESCENT,8.833,-0.029,4.190,0.109,0.085,8.704,97817.0,296.21,-5.10,,,,,,,,1,0,B016
1258,25.160000,SIMULATED,DESCENT,8.920,-0.009,4.030,0.029,-0.170,9.701,97816.8,296.23,-5.06,,,,,,,,1,0,1137
1259,25.180000,SIMULATED,DESCENT,8.850,0.062,3.917,-0.034,-0.234,10.834,97820.0,295.95,-5.05,,,,,,,,1,0,7D5F
1260,25.200000,SIMULATED,DESCENT,9.091,0.000,3.760,0.090,-0.196,12.123,97823.9,295.62,-5.05,,,,,,,,1,0,784E
1261,25.220000,SIMULATED,DESCENT,9.043,0.077,3.680,-0.217,0.107,13.039,97825.0,295.52,-5.05,,,,,,,,1,0,870D
1262,25.240000,SIMULATED,DESCENT,9.155,-0.075,3.502,0.090,0.014,14.075,97823.6,295.64,-5.03,,,,,,,,1,0,C1CA
1263,25.260000,SIMULATED,DESCENT,9.148,0.038,3.557,0.148,0.100,15.220,97824.0,295.61,-5.01,,,,,,,,1,0,56B9
1264,25.280000,SIMULATED,DESCENT,9.230,0.031,3.405,0.060,-0.030,16.020,97833.7,294.78,-5.05,,,,,,,,1,0,526D
1265,25.300000,SIMULATED,DESCENT,9.243,0.105,3.341,-0.130,0.032,17.213,97834.0,294.75,-5.08,,,,,,,,1,0,F3A7
1266,25.320000,SIMULATED,DESCENT,9.212,0.031,3.321,0.004,-0.062,18.085,97830.7,295.04,-5.08,,,,,,,,1,0,E614
1267,25.340000,SIMULATED,DESCENT,9.340,-0.022,3.083,0.046,-0.125,18.860,97830.6,295.05,-5.07,,,,,,,,1,0,78EC
1268,25.360000,SIMULATED,DESCENT,9.304,0.011,3.052,-0.049,0.076,19.854,97831.0,295.02,-5.06,,,,,,,,1,0,A483
1269,25.380000,SIMULATED,DESCENT,9.399,-0.043,2.888,0.114,0.116,20.470,97833.8,294.78,-5.05,,,,,,,,1,0,ADDA
1270,25.400000,SIMULATED,DESCENT,9.289,-0.072,3.002,-0.256,-0.014,21.140,97838.3,294.39,-5.07,,,,,,,,1,0,9689
1271,25.420000,SIMULATED,DESCENT,9.371,-0.091,2.927,0.057,-0.072,21.809,97833.6,294.79,-5.05,,,,,,,,1,0,A5F3
1272,25.440000,SIMULATED,DESCENT,9.407,-0.004,2.818,0.057,-0.087,22.471,97840.0,294.24,-5.07,,,,,,,,1,0,E418
1273,25.460000,SIMULATED,DESCENT,9.453,-0.004,2.679,0.120,0.024,22.801,97836.6,294.53,-5.05,,,,,,,,1,0,6D4B
1274,25.480000,SIMULATED,DESCENT,9.465,0.063,2.709,0.102,0.011,23.380,97839.7,294.27,-5.04,,,,,,,,1,0,5C28
1275,25.500000,SIMULATED,DESCENT,9.468,0.004,2.748,0.068,0.039,23.594,97844.1,293.89,-5.06,,,,,,,,1,0,2C84
1276,25.520000,SIMULATED,DESCENT,9.471,-0.011,2.626,0.123,-0.194,24.092,97842.2,294.06,-5.06,,,,,,,,1,0,B9A8
1277,25.540000,SIMULATED,DESCENT,9.537,0.009,2.580,0.030,0.170,24.455,97846.0,293.72,-5.08,,,,,,,,1,0,5CE3
1278,25.560000,SIMULATED,DESCENT,9.504,0.034,2.610,-0.054,0.178,24.566,97847.3,293.61,-5.09,,,,,,,,1,0,A6A1
1279,25.580000,SIMULATED,DESCENT,9.383,-0.048,2.613,0.067,-0.070,24.815,97844.4,293.86,-5.08,,,,,,,,1,0,2706
1280,25.600000,SIMULATED,DESCENT,9.570,0.009,2.584,0.010,-0.026,25.034,97847.4,293.61,-5.08,,,,,,,,1,0,5078
1281,25.620000,SIMULATED,DESCENT,9.467,0.017,2.445,0.071,-0.165,24.960,97848.7,293.50,-5.08,,,,,,,,1,0,7BE6
1282,25.640000,SIMULATED,DESCENT,9.463,0.091,2.539,-0.095,-0.097,25.146,97853.4,293.10,-5.10,,,,,,,,1,0,0EDB
1283,25.660000,SIMULATED,DESCENT,9.404,-0.020,2.590,0.357,0.112,24.987,97856.3,292.85,-5.14,,,,,,,,1,0,BE32
1284,25.680000,SIMULATED,DESCENT,9.474,-0.001,2.604,0.168,-0.025,24.887,97852.3,293.19,-5.14,,,,,,,,1,0,72C4
1285,25.700000,SIMULATED,DESCENT,9.355,0.008,2.581,0.104,0.109,24.475,97855.8,292.89,-5.15,,,,,,,,1,0,7E43
1286,25.720000,SIMULATED,DESCENT,9.450,0.134,2.516,-0.148,0.007,24.180,97850.2,293.37,-5.11,,,,,,,,1,0,7640
1287,25.740000,SIMULATED,DESCENT,9.400,-0.080,2.679,0.020,-0.058,23.999,97853.8,293.06,-5.10,,,,,,,,1,0,FFB3
1288,25.760000,SIMULATED,DESCENT,9.451,0.029,2.696,-0.020,-0.014,23.412,97857.5,292.74,-5.10,,,,,,,,1,0,5F4F
1289,25.780000,SIMULATED,DESCENT,9.460,0.047,2.713,0.106,0.017,23.182,97855.0,292.96,-5.08,,,,,,,,1,0,B5E5
1290,25.800000,SIMULATED,DESCENT,9.417,0.015,2.659,0.038,-0.111,22.665,97854.6,292.99,-5.04,,,,,,,,1,0,105C
1291,25.820000,SIMULATED,DESCENT,9.442,0.056,2.929,0.043,0.087,22.072,97861.0,292.45,-5.05,,,,,,,,1,0,424D
1292,25.840000,SIMULATED,DESCENT,9.346,0.005,2.929,-0.047,-0.122,21.419,97863.0,292.27,-5.06,,,,,,,,1,0,33F9
1293,25.860000,SIMULATED,DESCENT,9.430,-0.005,3.009,-0.163,-0.190,20.768,97864.6,292.14,-5.07,,,,,,,,1,0,B195
1294,25.880000,SIMULATED,DESCENT,9.285,-0.046,3.057,0.246,0.028,20.023,97861.7,292.38,-5.05,,,,,,,,1,0,55E3
1295,25.900000,SIMULATED,DESCENT,9.257,0.013,3.093,-0.128,-0.136,19.330,97868.7,291.78,-5.08,,,,,,,,1,0,4EDD
1296,25.920000,SIMULATED,DESCENT,9.255,0.007,3.250,-0.102,0.101,18.578,97871.1,291.58,-5.11,,,,,,,,1,0,F4F9
1297,25.940000,SIMULATED,DESCENT,9.288,-0.084,3.288,0.014,-0.063,17.555,97873.4,291.39,-5.15,,,,,,,,1,0,A603
1298,25.960000,SIMULATED,DESCENT,9.251,0.051,3.271,-0.161,0.145,16.811,97865.4,292.06,-5.12,,,,,,,,1,0,77DC
1299,25.980000,SIMULATED,DESCENT,9.153,-0.008,3.522,-0.086,-0.066,15.706,97869.6,291.71,-5.12,,,,,,,,1,0,0F9B
1300,26.000000,SIMULATED,DESCENT,9.112,0.066,3.561,0.058,0.024,14.624,97868.2,291.82,-5.09,22.06,0.0001375,0.0002896,294.7,3,9,4.076,1,0,5DB3
1301,26.020000,SIMULATED,DESCENT,9.107,-0.110,3.685,-0.044,0.053,13.608,97868.9,291.76,-5.07,,,,,,,,1,0,3762
1302,26.040000,SIMULATED,DESCENT,9.109,-0.030,3.782,-0.069,0.115,12.678,97873.3,291.39,-5.06,,,,,,,,1,0,7F03
1303,26.060000,SIMULATED,DESCENT,9.073,0.066,3.758,0.002,0.044,11.434,97879.8,290.83,-5.10,,,,,,,,1,0,9E06
1304,26.080000,SIMULATED,DESCENT,8.976,-0.047,3.901,-0.156,0.054,10.395,97876.9,291.08,-5.11,,,,,,,,1,0,89D5
1305,26.100000,SIMULATED,DESCENT,9.023,-0.091,4.100,0.032,-0.063,9.305,97876.5,291.11,-5.10,,,,,,,,1,0,2E33
1306,26.120000,SIMULATED,DESCENT,8.897,-0.066,4.238,-0.102,-0.066,8.058,97879.2,290.89,-5.10,,,,,,,,1,0,3FB0
1307,26.140000,SIMULATED,DESCENT,8.801,-0.035,4.226,0.058,0.021,6.774,97884.5,290.44,-5.14,,,,,,,,1,0,1CF2
1308,26.160000,SIMULATED,DESCENT,8.797,0.105,4.372,-0.035,0.062,5.524,97879.8,290.84,-5.13,,,,,,,,1,0,978C
1309,26.180000,SIMULATED,DESCENT,8.698,-0.041,4.625,0.132,0.078,4.430,97880.3,290.80,-5.11,,,,,,,,1,0,757B
1310,26.200000,SIMULATED,DESCENT,8.631,-0.065,4.693,0.167,-0.152,3.045,97883.1,290.55,-5.11,,,,,,,,1,0,BB2C
1311,26.220000,SIMULATED,DESCENT,8.554,0.060,4.813,-0.086,0.026,1.768,97883.6,290.51,-5.10,,,,,,,,1,0,6A0A
1312,26.240000,SIMULATED,DESCENT,8.560,-0.035,4.898,-0.159,0.114,0.605,97892.7,289.73,-5.15,,,,,,,,1,0,3879
1313,26.260000,SIMULATED,DESCENT,8.494,-0.025,4.921,0.134,0.012,-0.536,97897.2,289.34,-5.22,,,,,,,,1,0,D7AF
1314,26.280000,SIMULATED,DESCENT,8.415,-0.102,5.181,-0.006,0.003,-1.812,97888.8,290.06,-5.22,,,,,,,,1,0,6BEF
1315,26.300000,SIMULATED,DESCENT,8.288,0.080,5.107,0.069,0.030,-3.084,97890.2,289.94,-5.22,,,,,,,,1,0,02A7
1316,26.320000,SIMULATED,DESCENT,8.297,-0.011,5.311,0.183,0.096,-4.318,97894.1,289.61,-5.23,,,,,,,,1,0,FAA5
1317,26.340000,SIMULATED,DESCENT,8.085,0.076,5.385,-0.109,0.117,-5.567,97895.0,289.54,-5.25,,,,,,,,1,0,64BF
1318,26.360000,SIMULATED,DESCENT,8.190,-0.074,5.492,0.075,-0.034,-6.744,97894.9,289.55,-5.25,,,,,,,,1,0,0263
1319,26.380000,SIMULATED,DESCENT,8.118,-0.001,5.657,0.045,0.076,-7.961,97893.3,289.68,-5.24,,,,,,,,1,0,6BA5
1320,26.400000,SIMULATED,DESCENT,8.015,0.101,5.686,-0.070,-0.170,-9.269,97895.7,289.47,-5.23,,,,,,,,1,0,6EFA
1321,26.420000,SIMULATED,DESCENT,7.885,-0.003,5.790,0.036,0.029,-10.444,97902.1,288.93,-5.26,,,,,,,,1,0,71E4
1322,26.440000,SIMULATED,DESCENT,7.782,-0.006,5.857,0.107,-0.050,-11.519,97896.3,289.42,-5.24,,,,,,,,1,0,4FE1
1323,26.460000,SIMULATED,DESCENT,7.775,0.006,6.002,0.036,0.154,-12.669,97906.4,288.56,-5.28,,,,,,,,1,0,5651
1324,26.480000,SIMULATED,DESCENT,7.658,-0.044,6.058,-0.083,0.105,-13.542,97897.8,289.29,-5.25,,,,,,,,1,0,C7FB
1325,26.500000,SIMULATED,DESCENT,7.628,0.023,6.166,-0.011,-0.048,-14.705,97903.5,288.81,-5.26,,,,,,,,1,0,4B63
1326,26.520000,SIMULATED,DESCENT,7.597,-0.042,6.240,-0.035,-0.116,-15.644,97911.1,288.16,-5.31,,,,,,,,1,0,09E2
1327,26.540000,SIMULATED,DESCENT,7.477,-0.053,6.351,-0.084,0.164,-16.838,97910.1,288.24,-5.34,,,,,,,,1,0,FEF1
1328,26.560000,SIMULATED,DESCENT,7.428,0.049,6.425,-0.108,0.107,-17.439,97908.4,288.38,-5.35,,,,,,,,1,0,F3BA
1329,26.580000,SIMULATED,DESCENT,7.442,0.035,6.523,-0.198,-0.016,-18.421,97902.7,288.87,-5.30,,,,,,,,1,0,0994
1330,26.600000,SIMULATED,DESCENT,7.441,-0.057,6.601,-0.037,-0.166,-19.074,97908.9,288.35,-5.30,,,,,,,,1,0,C03A
1331,26.620000,SIMULATED,DESCENT,7.283,-0.027,6.613,-0.125,-0.121,-19.945,97908.9,288.34,-5.29,,,,,,,,1,0,B6AB
1332,26.640000,SIMULATED,DESCENT,7.218,-0.034,6.614,0.098,-0.118,-20.739,97908.5,288.38,-5.26,,,,,,,,1,0,1B5A
1333,26.660000,SIMULATED,DESCENT,7.215,0.025,6.717,0.043,0.032,-21.509,97914.7,287.85,-5.28,,,,,,,,1,0,BA60
1334,26.680000,SIMULATED,DESCENT,7.149,0.033,6.737,0.149,0.104,-21.991,97913.2,287.97,-5.27,,,,,,,,1,0,A488
1335,26.700000,SIMULATED,DESCENT,7.190,-0.014,6.776,0.020,-0.114,-22.716,97913.0,287.99,-5.25,,,,,,,,1,0,5BE8
1336,26.720000,SIMULATED,DESCENT,6.991,-0.065,6.795,0.061,-0.024,-23.345,97914.7,287.84,-5.24,,,,,,,,1,0,B8AC
1337,26.740000,SIMULATED,DESCENT,7.051,-0.037,6.808,0.128,-0.029,-23.415,97914.1,287.90,-5.22,,,,,,,,1,0,2C98
1338,26.760000,SIMULATED,DESCENT,6.940,-0.054,6.939,-0.051,0.023,-24.056,97916.9,287.66,-5.20,,,,,,,,1,0,0CF3
1339,26.780000,SIMULATED,DESCENT,6.965,-0.063,6.885,-0.071,-0.039,-24.285,97919.0,287.48,-5.20,,,,,,,,1,0,F512
1340,26.800000,SIMULATED,DESCENT,6.927,0.050,6.909,-0.016,0.006,-24.514,97919.9,287.40,-5.19,,,,,,,,1,0,1705
1341,26.820000,SIMULATED,DESCENT,6.935,-0.036,6.923,0.189,0.046,-24.694,97916.7,287.68,-5.15,,,,,,,,1,0,2A5C
1342,26.840000,SIMULATED,DESCENT,6.939,-0.039,6.945,-0.010,0.117,-24.833,97923.0,287.14,-5.15,,,,,,,,1,0,3D9E
1343,26.860000,SIMULATED,DESCENT,6.932,0.052,6.937,-0.026,0.182,-24.857,97925.2,286.95,-5.16,,,,,,,,1,0,6337
1344,26.880000,SIMULATED,DESCENT,6.993,-0.030,6.965,0.073,-0.014,-25.045,97925.6,286.92,-5.16,,,,,,,,1,0,7F35
1345,26.900000,SIMULATED,DESCENT,6.953,-0.018,6.934,0.069,0.142,-24.908,97922.3,287.20,-5.13,,,,,,,,1,0,D7A6
1346,26.920000,SIMULATED,DESCENT,6.846,0.206,6.905,-0.002,-0.029,-24.931,97929.5,286.58,-5.14,,,,,,,,1,0,747F
1347,26.940000,SIMULATED,DESCENT,7.012,0.034,6.909,0.212,0.085,-24.610,97929.5,286.58,-5.15,,,,,,,,1,0,7C67
1348,26.960000,SIMULATED,DESCENT,6.910,0.118,6.799,-0.056,-0.185,-24.529,97930.1,286.53,-5.15,,,,,,,,1,0,8666
1349,26.980000,SIMULATED,DESCENT,7.017,0.045,6.795,0.057,-0.094,-24.290,97933.2,286.26,-5.16,,,,,,,,1,0,91E0
1350,27.000000,SIMULATED,DESCENT,7.031,0.025,6.889,-0.234,-0.014,-23.755,97938.3,285.83,-5.20,22.06,0.0001488,0.0002863,282.2,3,9,4.082,1,0,CC2C
1351,27.020000,SIMULATED,DESCENT,7.095,-0.034,6.853,0.002,0.015,-23.254,97935.5,286.07,-5.21,,,,,,,,1,0,A515
1352,27.040000,SIMULATED,DESCENT,7.096,0.008,6.784,0.179,0.121,-22.972,97931.3,286.43,-5.18,,,,,,,,1,0,DCAD
1353,27.060000,SIMULATED,DESCENT,7.143,-0.023,6.740,0.020,-0.036,-22.300,97937.2,285.92,-5.19,,,,,,,,1,0,C793
1354,27.080000,SIMULATED,DESCENT,7.202,0.080,6.664,-0.050,-0.035,-21.665,97936.0,286.02,-5.17,,,,,,,,1,0,852C
1355,27.100000,SIMULATED,DESCENT,7.277,0.042,6.694,-0.129,0.005,-21.189,97933.1,286.27,-5.13,,,,,,,,1,0,F83B
1356,27.120000,SIMULATED,DESCENT,7.180,0.025,6.540,0.052,-0.111,-20.396,97944.7,285.28,-5.17,,,,,,,,1,0,838B
1357,27.140000,SIMULATED,DESCENT,7.387,0.032,6.440,-0.005,-0.025,-19.555,97938.5,285.81,-5.15,,,,,,,,1,0,D219
1358,27.160000,SIMULATED,DESCENT,7.407,0.040,6.485,-0.050,0.042,-18.789,97942.0,285.51,-5.15,,,,,,,,1,0,ADA1
1359,27.180000,SIMULATED,DESCENT,7.428,-0.075,6.365,-0.055,-0.029,-18.137,97943.5,285.39,-5.15,,,,,,,,1,0,FF90
1360,27.200000,SIMULATED,DESCENT,7.499,0.012,6.268,-0.176,-0.095,-17.163,97952.0,284.66,-5.20,,,,,,,,1,0,7674
1361,27.220000,SIMULATED,DESCENT,7.561,0.071,6.323,-0.014,0.044,-16.109,97949.2,284.89,-5.22,,,,,,,,1,0,1D5A
1362,27.240000,SIMULATED,DESCENT,7.624,-0.054,6.307,-0.074,-0.017,-15.266,97944.9,285.26,-5.20,,,,,,,,1,0,A955
1363,27.260000,SIMULATED,DESCENT,7.692,-0.006,6.041,0.175,0.041,-14.187,97950.8,284.76,-5.22,,,,,,,,1,0,02A3
1364,27.280000,SIMULATED,DESCENT,7.685,0.030,6.008,-0.272,-0.140,-13.049,97947.6,285.04,-5.20,,,,,,,,1,0,3551
1365,27.300000,SIMULATED,DESCENT,7.820,-0.127,5.945,-0.009,-0.089,-12.128,97951.7,284.68,-5.20,,,,,,,,1,0,1D42
1366,27.320000,SIMULATED,DESCENT,7.849,-0.051,5.763,-0.046,-0.040,-10.703,97954.4,284.45,-5.22,,,,,,,,1,0,61F1
1367,27.340000,SIMULATED,DESCENT,7.943,0.012,5.711,-0.016,0.053,-9.813,97957.1,284.22,-5.24,,,,,,,,1,0,7693
1368,27.360000,SIMULATED,DESCENT,7.982,-0.015,5.639,-0.016,0.001,-8.796,97954.2,284.47,-5.23,,,,,,,,1,0,6979
1369,27.380000,SIMULATED,DESCENT,8.096,0.061,5.534,0.025,0.076,-7.442,97955.0,284.40,-5.22,,,,,,,,1,0,D7CC
1370,27.400000,SIMULATED,DESCENT,8.131,0.048,5.396,-0.059,0.145,-6.107,97957.1,284.22,-5.22,,,,,,,,1,0,B4E7
1371,27.420000,SIMULATED,DESCENT,8.222,0.075,5.355,0.112,0.013,-4.961,97960.4,283.94,-5.23,,,,,,,,1,0,682C
1372,27.440000,SIMULATED,DESCENT,8.285,0.028,5.154,0.107,-0.131,-3.728,97959.1,284.05,-5.23,,,,,,,,1,0,2DDA
1373,27.460000,SIMULATED,DESCENT,8.481,0.016,5.130,-0.157,-0.162,-2.397,97956.4,284.28,-5.19,,,,,,,,1,0,7DBA
1374,27.480000,SIMULATED,DESCENT,8.396,-0.104,5.001,-0.030,0.096,-1.316,97960.9,283.89,-5.19,,,,,,,,1,0,B3F2
1375,27.500000,SIMULATED,DESCENT,8.444,0.042,4.849,-0.093,0.078,0.066,97965.4,283.51,-5.20,,,,,,,,1,0,2A33
1376,27.520000,SIMULATED,DESCENT,8.586,-0.051,4.724,-0.238,0.017,1.454,97965.4,283.51,-5.21,,,,,,,,1,0,90A5
1377,27.540000,SIMULATED,DESCENT,8.638,0.023,4.659,-0.087,0.211,2.439,97961.0,283.89,-5.17,,,,,,,,1,0,BBC0
1378,27.560000,SIMULATED,DESCENT,8.635,-0.025,4.547,-0.045,-0.067,3.842,97961.9,283.81,-5.14,,,,,,,,1,0,ACFB
1379,27.580000,SIMULATED,DESCENT,8.760,-0.009,4.442,-0.069,0.054,4.983,97961.6,283.83,-5.10,,,,,,,,1,0,13D3
1380,27.600000,SIMULATED,DESCENT,8.772,-0.056,4.338,-0.153,0.096,6.374,97966.1,283.45,-5.08,,,,,,,,1,0,A405
1381,27.620000,SIMULATED,DESCENT,8.844,0.092,4.220,0.058,0.187,7.533,97969.6,283.15,-5.08,,,,,,,,1,0,6804
1382,27.640000,SIMULATED,DESCENT,8.947,0.015,4.138,-0.090,-0.099,8.521,97973.9,282.78,-5.10,,,,,,,,1,0,2772
1383,27.660000,SIMULATED,DESCENT,8.938,0.069,4.048,-0.121,0.152,9.832,97970.7,283.05,-5.09,,,,,,,,1,0,5A54
1384,27.680000,SIMULATED,DESCENT,8.997,-0.075,3.896,-0.056,0.165,11.026,97973.5,282.82,-5.09,,,,,,,,1,0,5888
1385,27.700000,SIMULATED,DESCENT,9.045,-0.042,3.777,-0.051,-0.115,11.997,97970.2,283.10,-5.06,,,,,,,,1,0,8353
1386,27.720000,SIMULATED,DESCENT,9.065,-0.004,3.660,0.055,-0.037,13.096,97975.7,282.63,-5.06,,,,,,,,1,0,2611
1387,27.740000,SIMULATED,DESCENT,9.184,0.026,3.575,-0.094,0.262,14.160,97974.7,282.72,-5.05,,,,,,,,1,0,F7E4
1388,27.760000,SIMULATED,DESCENT,9.189,-0.077,3.491,-0.053,0.043,15.157,97975.8,282.62,-5.04,,,,,,,,1,0,5E34
1389,27.780000,SIMULATED,DESCENT,9.220,0.081,3.371,0.105,-0.215,16.123,97972.9,282.86,-5.00,,,,,,,,1,0,2BA7
1390,27.800000,SIMULATED,DESCENT,9.114,0.001,3.372,0.165,-0.136,17.100,97983.6,281.96,-5.02,,,,,,,,1,0,C218
1391,27.820000,SIMULATED,DESCENT,9.225,0.045,3.250,-0.078,-0.227,17.938,97984.9,281.84,-5.05,,,,,,,,1,0,7097
1392,27.840000,SIMULATED,DESCENT,9.296,0.092,3.020,-0.099,0.023,18.825,97983.0,282.01,-5.06,,,,,,,,1,0,5D34
1393,27.860000,SIMULATED,DESCENT,9.386,-0.051,3.069,-0.044,-0.056,19.584,97985.6,281.78,-5.07,,,,,,,,1,0,C1B1
1394,27.880000,SIMULATED,DESCENT,9.330,-0.026,2.863,0.102,0.009,20.495,97984.2,281.90,-5.07,,,,,,,,1,0,C1A0
1395,27.900000,SIMULATED,DESCENT,9.345,-0.038,2.874,0.029,0.048,20.970,97990.2,281.39,-5.09,,,,,,,,1,0,BF74
1396,27.920000,SIMULATED,DESCENT,9.346,0.000,2.921,-0.080,0.186,21.704,97986.3,281.72,-5.09,,,,,,,,1,0,840A
1397,27.940000,SIMULATED,DESCENT,9.488,0.034,2.854,-0.007,0.008,22.218,97995.2,280.96,-5.13,,,,,,,,1,0,6BE9
1398,27.960000,SIMULATED,DESCENT,9.420,0.019,2.889,0.016,0.029,22.762,97988.4,281.54,-5.12,,,,,,,,1,0,8357
1399,27.980000,SIMULATED,DESCENT,9.420,0.001,2.716,-0.020,0.027,23.392,97989.3,281.47,-5.11,,,,,,,,1,0,B81B
1400,28.000000,SIMULATED,DESCENT,9.462,-0.049,2.614,0.060,0.055,23.513,97994.1,281.06,-5.12,21.88,0.0001569,0.0003498,280.6,3,9,4.081,1,0,53AC
1401,28.020000,SIMULATED,DESCENT,9.570,0.039,2.662,-0.029,0.085,24.238,97995.8,280.91,-5.13,,,,,,,,1,0,2DC8
1402,28.040000,SIMULATED,DESCENT,9.484,0.056,2.657,0.128,0.034,24.329,97997.5,280.76,-5.15,,,,,,,,1,0,9F4D
1403,28.060000,SIMULATED,DESCENT,9.383,0.058,2.618,-0.042,-0.051,24.622,97992.1,281.22,-5.12,,,,,,,,1,0,616E
1404,28.080000,SIMULATED,DESCENT,9.544,0.000,2.615,0.113,-0.105,24.872,97997.3,280.78,-5.12,,,,,,,,1,0,BC1A
1405,28.100000,SIMULATED,DESCENT,9.540,0.116,2.504,0.073,-0.123,24.953,97995.4,280.95,-5.10,,,,,,,,1,0,F69C
1406,28.120000,SIMULATED,DESCENT,9.503,-0.094,2.519,0.061,-0.050,25.044,97996.7,280.83,-5.08,,,,,,,,1,0,8EA4
1407,28.140000,SIMULATED,DESCENT,9.447,0.012,2.544,-0.096,0.000,25.012,98003.0,280.30,-5.10,,,,,,,,1,0,BCD6
1408,28.160000,SIMULATED,DESCENT,9.442,0.017,2.545,0.057,0.015,24.899,98006.6,279.98,-5.13,,,,,,,,1,0,CF83
1409,28.180000,SIMULATED,DESCENT,9.444,0.060,2.564,0.023,-0.050,24.717,97997.0,280.81,-5.09,,,,,,,,1,0,3094
1410,28.200000,SIMULATED,DESCENT,9.451,0.032,2.613,0.119,-0.243,24.567,98004.5,280.16,-5.09,,,,,,,,1,0,59BA
1411,28.220000,SIMULATED,DESCENT,9.470,-0.027,2.552,0.046,0.034,24.449,98004.7,280.15,-5.08,,,,,,,,1,0,521B
1412,28.240000,SIMULATED,DESCENT,9.491,0.052,2.638,-0.085,-0.183,23.881,98003.6,280.24,-5.06,,,,,,,,1,0,AFDC
1413,28.260000,SIMULATED,DESCENT,9.432,-0.004,2.697,-0.013,0.041,23.605,98004.6,280.16,-5.04,,,,,,,,1,0,40E7
1414,28.280000,SIMULATED,DESCENT,9.460,0.004,2.673,-0.031,-0.071,23.045,98009.1,279.77,-5.05,,,,,,,,1,0,9B59
1415,28.300000,SIMULATED,DESCENT,9.420,-0.098,2.894,0.038,0.051,22.653,98013.4,279.40,-5.07,,,,,,,,1,0,037B
1416,28.320000,SIMULATED,DESCENT,9.373,-0.022,2.751,-0.203,0.056,22.125,98015.3,279.25,-5.10,,,,,,,,1,0,E1C1
1417,28.340000,SIMULATED,DESCENT,9.377,0.036,2.936,0.157,0.110,21.298,98010.6,279.65,-5.09,,,,,,,,1,0,6542
1418,28.360000,SIMULATED,DESCENT,9.428,0.065,2.972,-0.125,-0.102,20.748,98010.7,279.64,-5.07,,,,,,,,1,0,239F
1419,28.380000,SIMULATED,DESCENT,9.399,-0.008,3.055,-0.025,0.025,19.918,98012.5,279.48,-5.05,,,,,,,,1,0,C519
1420,28.400000,SIMULATED,DESCENT,9.260,0.020,3.061,-0.065,0.006,19.120,98024.2,278.48,-5.11,,,,,,,,1,0,626A
1421,28.420000,SIMULATED,DESCENT,9.283,0.038,3.133,0.088,0.136,18.265,98019.1,278.91,-5.12,,,,,,,,1,0,FE53
1422,28.440000,SIMULATED,DESCENT,9.188,-0.011,3.204,0.038,0.040,17.555,98016.7,279.12,-5.11,,,,,,,,1,0,7CAB
1423,28.460000,SIMULATED,DESCENT,9.310,-0.004,3.310,-0.078,-0.076,16.587,98027.6,278.19,-5.16,,,,,,,,1,0,4F3C
1424,28.480000,SIMULATED,DESCENT,9.165,-0.030,3.419,0.087,0.005,15.654,98020.7,278.78,-5.16,,,,,,,,1,0,D2AF
1425,28.500000,SIMULATED,DESCENT,9.056,-0.012,3.512,-0.074,-0.181,14.742,98022.3,278.64,-5.16,,,,,,,,1,0,1B40
1426,28.520000,SIMULATED,DESCENT,9.091,-0.010,3.673,0.051,0.090,13.624,98026.3,278.30,-5.17,,,,,,,,1,0,6A71
1427,28.540000,SIMULATED,DESCENT,9.017,0.021,3.757,-0.064,-0.001,12.429,98028.2,278.14,-5.20,,,,,,,,1,0,7F7E
1428,28.560000,SIMULATED,DESCENT,8.996,0.017,3.907,-0.079,-0.058,11.498,98028.7,278.09,-5.21,,,,,,,,1,0,9D1D
1429,28.580000,SIMULATED,DESCENT,8.984,-0.012,3.903,-0.151,-0.022,10.415,98030.1,277.98,-5.23,,,,,,,,1,0,E82A
1430,28.600000,SIMULATED,DESCENT,8.836,0.020,4.000,0.041,-0.168,9.263,98025.4,278.38,-5.20,,,,,,,,1,0,BAD4
1431,28.620000,SIMULATED,DESCENT,8.879,0.019,4.190,0.146,0.060,7.982,98036.2,277.46,-5.24,,,,,,,,1,0,2798
1432,28.640000,SIMULATED,DESCENT,8.811,0.002,4.389,0.133,0.159,6.934,98032.3,277.79,-5.25,,,,,,,,1,0,66B6
1433,28.660000,SIMULATED,DESCENT,8.730,-0.090,4.354,-0.056,-0.114,5.643,98027.7,278.18,-5.21,,,,,,,,1,0,924D
1434,28.680000,SIMULATED,DESCENT,8.707,0.052,4.504,0.027,0.061,4.396,98031.7,277.84,-5.19,,,,,,,,1,0,2273
1435,28.700000,SIMULATED,DESCENT,8.525,-0.044,4.651,-0.014,-0.082,3.165,98032.5,277.77,-5.17,,,,,,,,1,0,024D
1436,28.720000,SIMULATED,DESCENT,8.607,0.065,4.742,-0.067,-0.009,1.869,98032.4,277.78,-5.15,,,,,,,,1,0,14B8
1437,28.740000,SIMULATED,DESCENT,8.624,0.008,4.879,-0.031,0.003,0.878,98040.4,277.10,-5.17,,,,,,,,1,0,8BB9
1438,28.760000,SIMULATED,DESCENT,8.484,0.147,4.952,-0.121,0.094,-0.574,98037.1,277.38,-5.16,,,,,,,,1,0,4A8D
1439,28.780000,SIMULATED,DESCENT,8.476,-0.033,5.156,0.053,0.138,-1.856,98045.8,276.63,-5.20,,,,,,,,1,0,3500
1440,28.800000,SIMULATED,DESCENT,8.359,-0.062,5.182,-0.058,0.067,-3.255,98040.8,277.06,-5.20,,,,,,,,1,0,69F8
1441,28.820000,SIMULATED,DESCENT,8.333,-0.054,5.345,0.170,0.142,-4.433,98041.9,276.97,-5.20,,,,,,,,1,0,C1FF
1442,28.840000,SIMULATED,DESCENT,8.228,0.068,5.448,0.041,0.092,-5.670,98040.3,277.10,-5.18,,,,,,,,1,0,A19E
1443,28.860000,SIMULATED,DESCENT,8.145,0.000,5.494,0.096,-0.184,-6.727,98041.4,277.01,-5.15,,,,,,,,1,0,EFC4
1444,28.880000,SIMULATED,DESCENT,8.103,-0.070,5.509,0.082,0.045,-7.982,98046.3,276.59,-5.16,,,,,,,,1,0,81F3
1445,28.900000,SIMULATED,DESCENT,7.963,0.108,5.716,0.012,-0.106,-9.145,98045.8,276.63,-5.15,,,,,,,,1,0,7A9A
1446,28.920000,SIMULATED,DESCENT,7.931,-0.027,5.750,0.003,0.030,-10.462,98050.1,276.27,-5.16,,,,,,,,1,0,39B3
1447,28.940000,SIMULATED,DESCENT,7.770,0.071,5.840,-0.102,0.166,-11.568,98052.2,276.08,-5.18,,,,,,,,1,0,32E3
1448,28.960000,SIMULATED,DESCENT,7.747,-0.020,5.951,0.004,-0.233,-12.595,98057.2,275.66,-5.23,,,,,,,,1,0,9246
1449,28.980000,SIMULATED,DESCENT,7.743,0.014,5.971,0.010,0.127,-13.746,98055.0,275.85,-5.25,,,,,,,,1,0,A534
1450,29.000000,SIMULATED,DESCENT,7.607,0.066,6.126,-0.053,-0.016,-14.597,98053.4,275.98,-5.25,21.82,0.0001531,0.0003280,272.4,3,9,4.075,1,0,3C6D
1451,29.020000,SIMULATED,DESCENT,7.580,0.014,6.317,0.039,-0.131,-15.645,98052.4,276.07,-5.23,,,,,,,,1,0,79F4
1452,29.040000,SIMULATED,DESCENT,7.508,-0.071,6.299,0.013,-0.003,-16.664,98055.0,275.85,-5.22,,,,,,,,1,0,DF99
1453,29.060000,SIMULATED,DESCENT,7.378,0.072,6.303,0.160,0.110,-17.563,98054.2,275.92,-5.20,,,,,,,,1,0,4EB2
1454,29.080000,SIMULATED,DESCENT,7.470,0.006,6.353,0.270,-0.051,-18.565,98052.6,276.05,-5.16,,,,,,,,1,0,987F
1455,29.100000,SIMULATED,DESCENT,7.397,-0.040,6.508,-0.021,0.113,-19.319,98056.2,275.74,-5.14,,,,,,,,1,0,7147
1456,29.120000,SIMULATED,DESCENT,7.325,-0.054,6.593,-0.136,-0.119,-20.012,98069.3,274.63,-5.21,,,,,,,,1,0,A8CD
1457,29.140000,SIMULATED,DESCENT,7.296,0.037,6.594,-0.238,0.065,-20.724,98063.3,275.14,-5.22,,,,,,,,1,0,CE0A
1458,29.160000,SIMULATED,DESCENT,7.113,0.042,6.674,0.042,-0.019,-21.306,98065.6,274.94,-5.23,,,,,,,,1,0,0414
1459,29.180000,SIMULATED,DESCENT,7.181,-0.035,6.744,-0.021,0.140,-21.844,98064.0,275.08,-5.23,,,,,,,,1,0,CEBE
1460,29.200000,SIMULATED,DESCENT,7.098,-0.018,6.770,-0.132,0.077,-22.445,98062.7,275.19,-5.21,,,,,,,,1,0,6009
1461,29.220000,SIMULATED,DESCENT,7.157,0.094,6.718,-0.010,-0.064,-23.095,98069.5,274.61,-5.23,,,,,,,,1,0,D549
1462,29.240000,SIMULATED,DESCENT,7.068,-0.086,6.884,0.022,0.090,-23.470,98066.6,274.86,-5.22,,,,,,,,1,0,0644
1463,29.260000,SIMULATED,DESCENT,6.983,-0.048,6.814,-0.016,0.116,-23.900,98070.0,274.57,-5.22,,,,,,,,1,0,F306
1464,29.280000,SIMULATED,DESCENT,6.988,-0.052,6.941,0.008,-0.202,-24.149,98067.6,274.77,-5.20,,,,,,,,1,0,E6F1
1465,29.300000,SIMULATED,DESCENT,6.931,0.033,6.903,0.190,0.054,-24.533,98066.3,274.88,-5.16,,,,,,,,1,0,0661
1466,29.320000,SIMULATED,DESCENT,6.988,0.040,7.051,-0.026,-0.078,-24.703,98078.1,273.87,-5.20,,,,,,,,1,0,1685
1467,29.340000,SIMULATED,DESCENT,6.927,-0.046,6.969,0.001,-0.020,-24.996,98072.8,274.33,-5.19,,,,,,,,1,0,581A
1468,29.360000,SIMULATED,DESCENT,6.938,0.071,6.890,0.090,-0.031,-25.160,98075.9,274.06,-5.20,,,,,,,,1,0,B6FA
1469,29.380000,SIMULATED,DESCENT,6.951,0.039,6.872,-0.109,-0.057,-24.822,98075.9,274.06,-5.20,,,,,,,,1,0,EFD1
1470,29.400000,SIMULATED,DESCENT,6.880,-0.022,6.996,-0.008,-0.013,-24.886,98078.4,273.85,-5.20,,,,,,,,1,0,C127
1471,29.420000,SIMULATED,DESCENT,6.824,0.031,6.931,-0.068,-0.175,-24.851,98081.0,273.62,-5.22,,,,,,,,1,0,78C8
1472,29.440000,SIMULATED,DESCENT,6.999,0.043,6.938,-0.108,0.083,-24.672,98078.4,273.85,-5.20,,,,,,,,1,0,8919
1473,29.460000,SIMULATED,DESCENT,6.970,-0.008,7.011,0.045,0.125,-24.447,98075.5,274.09,-5.16,,,,,,,,1,0,1619
1474,29.480000,SIMULATED,DESCENT,6.913,0.085,6.911,-0.088,-0.131,-23.911,98080.9,273.63,-5.15,,,,,,,,1,0,B0F6
1475,29.500000,SIMULATED,DESCENT,7.073,0.020,6.818,-0.106,0.036,-23.806,98079.5,273.75,-5.13,,,,,,,,1,0,39B5
1476,29.520000,SIMULATED,DESCENT,7.075,0.008,6.827,0.032,0.058,-23.274,98079.6,273.75,-5.09,,,,,,,,1,0,96A9
1477,29.540000,SIMULATED,DESCENT,7.029,0.005,6.795,-0.178,0.054,-22.941,98083.4,273.42,-5.08,,,,,,,,1,0,9BEE
1478,29.560000,SIMULATED,DESCENT,7.143,-0.005,6.758,0.058,0.064,-22.228,98086.4,273.16,-5.08,,,,,,,,1,0,4C07
1479,29.580000,SIMULATED,DESCENT,7.172,-0.063,6.777,0.033,0.039,-21.769,98089.6,272.89,-5.09,,,,,,,,1,0,DFFF
1480,29.600000,SIMULATED,DESCENT,7.151,0.052,6.625,0.161,0.047,-21.123,98090.3,272.83,-5.11,,,,,,,,1,0,C50A
1481,29.620000,SIMULATED,DESCENT,7.237,0.043,6.547,-0.187,-0.082,-20.319,98091.8,272.70,-5.12,,,,,,,,1,0,6993
1482,29.640000,SIMULATED,DESCENT,7.382,-0.009,6.530,-0.048,0.016,-19.568,98094.2,272.49,-5.14,,,,,,,,1,0,2F24
1483,29.660000,SIMULATED,DESCENT,7.419,0.035,6.452,-0.090,-0.010,-18.823,98093.5,272.55,-5.14,,,,,,,,1,0,2920
1484,29.680000,SIMULATED,DESCENT,7.432,0.006,6.451,0.121,0.028,-18.012,98098.6,272.12,-5.17,,,,,,,,1,0,64E4
1485,29.700000,SIMULATED,DESCENT,7.396,-0.007,6.397,-0.050,-0.026,-17.102,98097.4,272.22,-5.19,,,,,,,,1,0,A030
1486,29.720000,SIMULATED,DESCENT,7.592,0.065,6.252,-0.107,-0.016,-16.119,98091.1,272.76,-5.15,,,,,,,,1,0,977F
1487,29.740000,SIMULATED,DESCENT,7.529,-0.010,6.157,0.042,0.026,-15.187,98096.6,272.29,-5.14,,,,,,,,1,0,755B
1488,29.760000,SIMULATED,DESCENT,7.702,-0.011,6.089,-0.022,0.090,-14.312,98099.6,272.03,-5.15,,,,,,,,1,0,CCD6
1489,29.780000,SIMULATED,DESCENT,7.722,0.075,5.949,0.030,0.000,-13.138,98098.3,272.15,-5.13,,,,,,,,1,0,739D
1490,29.800000,SIMULATED,DESCENT,7.762,-0.050,5.889,-0.064,-0.034,-12.153,98101.3,271.89,-5.13,,,,,,,,1,0,F275
1491,29.820000,SIMULATED,DESCENT,7.872,0.008,5.837,0.067,0.198,-10.936,98103.8,271.68,-5.14,,,,,,,,1,0,6243
1492,29.840000,SIMULATED,DESCENT,7.910,-0.080,5.861,-0.107,0.098,-9.866,98102.7,271.77,-5.14,,,,,,,,1,0,C289
1493,29.860000,SIMULATED,DESCENT,8.008,-0.034,5.677,0.145,0.121,-8.586,98105.4,271.54,-5.14,,,,,,,,1,0,AAF2
1494,29.880000,SIMULATED,DESCENT,8.019,-0.078,5.501,0.114,-0.038,-7.408,98105.6,271.52,-5.14,,,,,,,,1,0,80F1
1495,29.900000,SIMULATED,DESCENT,8.097,-0.031,5.490,-0.161,-0.121,-6.177,98104.6,271.60,-5.12,,,,,,,,1,0,AEA6
1496,29.920000,SIMULATED,DESCENT,8.167,0.004,5.383,-0.006,0.114,-4.928,98107.6,271.35,-5.11,,,,,,,,1,0,2AD4
1497,29.940000,SIMULATED,DESCENT,8.295,0.006,5.256,0.040,0.129,-3.797,98114.5,270.76,-5.15,,,,,,,,1,0,229B
1498,29.960000,SIMULATED,DESCENT,8.343,-0.038,5.161,-0.065,0.117,-2.375,98108.8,271.25,-5.14,,,,,,,,1,0,8472
1499,29.980000,SIMULATED,DESCENT,8.405,-0.055,5.031,0.054,0.046,-1.200,98115.4,270.69,-5.16,,,,,,,,1,0,871D
1500,30.000000,SIMULATED,DESCENT,8.563,0.120,4.809,0.093,0.042,0.060,98114.9,270.73,-5.17,21.73,0.0001720,0.0003475,270.2,3,9,4.073,1,0,D63D
1501,30.020000,SIMULATED,DESCENT,8.491,-0.031,4.740,0.024,0.006,1.291,98112.8,270.91,-5.16,,,,,,,,1,0,9FCF
1502,30.040000,SIMULATED,DESCENT,8.545,0.032,4.689,0.112,-0.006,2.558,98118.3,270.43,-5.17,,,,,,,,1,0,FED9
1503,30.060000,SIMULATED,DESCENT,8.683,0.086,4.530,0.036,-0.020,3.697,98117.8,270.48,-5.18,,,,,,,,1,0,A64B
1504,30.080000,SIMULATED,DESCENT,8.772,0.140,4.424,0.116,-0.068,4.955,98118.4,270.43,-5.18,,,,,,,,1,0,BEC8
1505,30.100000,SIMULATED,DESCENT,8.751,0.009,4.417,-0.110,-0.025,6.267,98117.4,270.52,-5.16,,,,,,,,1,0,0CEC
1506,30.120000,SIMULATED,DESCENT,8.808,-0.035,4.292,-0.032,0.177,7.294,98120.8,270.23,-5.16,,,,,,,,1,0,EDE8
1507,30.140000,SIMULATED,DESCENT,8.864,0.029,4.089,-0.010,-0.030,8.632,98122.3,270.10,-5.16,,,,,,,,1,0,9F43
1508,30.160000,SIMULATED,DESCENT,8.967,-0.015,4.047,0.036,0.009,9.961,98122.1,270.11,-5.16,,,,,,,,1,0,7038
1509,30.180000,SIMULATED,DESCENT,8.986,0.055,3.954,-0.091,-0.139,10.894,98124.9,269.88,-5.16,,,,,,,,1,0,A540
1510,30.200000,SIMULATED,DESCENT,9.120,-0.001,3.770,0.036,0.020,12.027,98126.4,269.75,-5.17,,,,,,,,1,0,98FC
1511,30.220000,SIMULATED,DESCENT,9.084,-0.053,3.725,-0.004,-0.115,13.157,98129.7,269.46,-5.19,,,,,,,,1,0,ADEF
1512,30.240000,SIMULATED,DESCENT,9.097,0.019,3.510,0.021,0.023,14.419,98123.4,270.00,-5.15,,,,,,,,1,0,909F
1513,30.260000,SIMULATED,DESCENT,9.220,-0.005,3.592,-0.014,0.048,15.175,98131.4,269.32,-5.17,,,,,,,,1,0,C6B9
1514,30.280000,SIMULATED,DESCENT,9.167,-0.075,3.445,0.088,0.042,16.200,98130.1,269.43,-5.17,,,,,,,,1,0,5C75
1515,30.300000,SIMULATED,DESCENT,9.225,-0.068,3.298,-0.031,0.123,17.233,98134.6,269.04,-5.19,,,,,,,,1,0,C391
1516,30.320000,SIMULATED,DESCENT,9.312,0.015,3.134,-0.043,0.000,18.149,98129.7,269.46,-5.17,,,,,,,,1,0,8245
1517,30.340000,SIMULATED,DESCENT,9.314,0.008,3.159,-0.050,0.025,18.838,98135.3,268.98,-5.17,,,,,,,,1,0,1970
1518,30.360000,SIMULATED,DESCENT,9.286,0.014,3.074,0.181,-0.158,19.765,98131.9,269.28,-5.15,,,,,,,,1,0,2F5C
1519,30.380000,SIMULATED,DESCENT,9.402,-0.072,2.978,-0.127,-0.131,20.535,98132.1,269.26,-5.12,,,,,,,,1,0,72B8
1520,30.400000,SIMULATED,DESCENT,9.300,0.065,2.878,-0.162,-0.145,21.054,98141.9,268.42,-5.15,,,,,,,,1,0,D0BE
1521,30.420000,SIMULATED,DESCENT,9.437,-0.051,2.959,-0.060,0.054,21.702,98139.7,268.61,-5.16,,,,,,,,1,0,C975
1522,30.440000,SIMULATED,DESCENT,9.399,-0.045,2.846,0.066,0.087,22.340,98135.4,268.97,-5.13,,,,,,,,1,0,E3FF
1523,30.460000,SIMULATED,DESCENT,9.419,-0.067,2.783,0.050,0.166,22.799,98143.5,268.29,-5.14,,,,,,,,1,0,4055
1524,30.480000,SIMULATED,DESCENT,9.373,-0.048,2.759,-0.028,-0.043,23.396,98145.0,268.16,-5.16,,,,,,,,1,0,2EFB
1525,30.500000,SIMULATED,DESCENT,9.394,0.032,2.650,0.213,0.108,23.704,98144.7,268.18,-5.17,,,,,,,,1,0,C583
1526,30.520000,SIMULATED,DESCENT,9.423,-0.100,2.554,-0.024,0.066,24.004,98146.0,268.07,-5.18,,,,,,,,1,0,5567
1527,30.540000,SIMULATED,DESCENT,9.478,-0.008,2.585,0.014,-0.052,24.480,98146.6,268.02,-5.18,,,,,,,,1,0,6466
1528,30.560000,SIMULATED,DESCENT,9.448,0.004,2.581,0.002,0.165,24.738,98148.1,267.89,-5.19,,,,,,,,1,0,7AF6
1529,30.580000,SIMULATED,DESCENT,9.558,0.018,2.535,0.012,-0.103,24.933,98148.5,267.86,-5.18,,,,,,,,1,0,4C60
1530,30.600000,SIMULATED,DESCENT,9.525,-0.061,2.463,0.079,-0.063,24.859,98147.2,267.97,-5.16,,,,,,,,1,0,2BB8
1531,30.620000,SIMULATED,DESCENT,9.480,0.054,2.534,-0.023,-0.104,24.935,98154.7,267.33,-5.19,,,,,,,,1,0,EF61
1532,30.640000,SIMULATED,DESCENT,9.418,-0.020,2.476,0.042,0.047,25.008,98154.2,267.37,-5.20,,,,,,,,1,0,4817
1533,30.660000,SIMULATED,DESCENT,9.479,0.056,2.534,0.234,0.022,25.018,98154.6,267.34,-5.21,,,,,,,,1,0,297F
1534,30.680000,SIMULATED,DESCENT,9.539,-0.021,2.526,-0.053,0.092,24.722,98156.7,267.16,-5.22,,,,,,,,1,0,0BA9
1535,30.700000,SIMULATED,DESCENT,9.512,-0.025,2.511,-0.094,0.106,24.455,98150.8,267.66,-5.18,,,,,,,,1,0,4105
1536,30.720000,SIMULATED,DESCENT,9.513,-0.007,2.609,0.203,0.039,24.072,98157.9,267.05,-5.19,,,,,,,,1,0,D012
1537,30.740000,SIMULATED,DESCENT,9.409,-0.025,2.624,-0.049,0.011,24.148,98158.4,267.01,-5.19,,,,,,,,1,0,D05F
1538,30.760000,SIMULATED,DESCENT,9.517,0.006,2.624,0.077,-0.241,23.498,98155.7,267.24,-5.16,,,,,,,,1,0,9077
1539,30.780000,SIMULATED,DESCENT,9.367,0.005,2.750,0.012,-0.106,23.194,98165.8,266.38,-5.20,,,,,,,,1,0,E0EC
1540,30.800000,SIMULATED,DESCENT,9.334,0.003,2.784,-0.017,0.096,22.523,98159.7,266.90,-5.18,,,,,,,,1,0,C9C1
1541,30.820000,SIMULATED,DESCENT,9.388,-0.029,2.871,0.135,0.054,22.145,98158.9,266.97,-5.15,,,,,,,,1,0,324A
1542,30.840000,SIMULATED,DESCENT,9.319,-0.032,2.947,-0.017,-0.019,21.623,98163.3,266.59,-5.14,,,,,,,,1,0,9615
1543,30.860000,SIMULATED,DESCENT,9.312,0.017,2.975,0.063,-0.109,20.598,98164.4,266.50,-5.14,,,,,,,,1,0,C17D
1544,30.880000,SIMULATED,DESCENT,9.329,-0.058,3.032,-0.026,0.047,19.948,98167.2,266.26,-5.14,,,,,,,,1,0,7469
1545,30.900000,SIMULATED,DESCENT,9.329,-0.085,3.067,0.157,0.153,19.273,98172.0,265.85,-5.17,,,,,,,,1,0,6D8B
1546,30.920000,SIMULATED,DESCENT,9.278,0.003,3.182,0.056,0.131,18.518,98175.2,265.57,-5.21,,,,,,,,1,0,03D9
1547,30.940000,SIMULATED,DESCENT,9.262,-0.020,3.233,-0.077,0.035,17.553,98172.9,265.77,-5.23,,,,,,,,1,0,5511
1548,30.960000,SIMULATED,DESCENT,9.213,0.010,3.311,-0.012,0.051,16.649,98172.3,265.82,-5.23,,,,,,,,1,0,321B
1549,30.980000,SIMULATED,DESCENT,9.121,0.000,3.506,0.081,0.030,15.578,98171.2,265.92,-5.22,,,,,,,,1,0,D615
1550,31.000000,SIMULATED,DESCENT,9.217,0.037,3.526,0.016,-0.103,14.615,98174.4,265.64,-5.22,21.67,0.0001831,0.0003582,269.9,3,9,4.077,1,0,DA17
1551,31.020000,SIMULATED,DESCENT,8.939,-0.016,3.631,-0.010,-0.098,13.628,98179.0,265.25,-5.24,,,,,,,,1,0,49DB
1552,31.040000,SIMULATED,DESCENT,9.131,0.062,3.770,0.102,-0.089,12.593,98176.3,265.49,-5.23,,,,,,,,1,0,39E2
1553,31.060000,SIMULATED,DESCENT,8.911,-0.029,3.771,0.054,0.037,11.448,98178.9,265.26,-5.24,,,,,,,,1,0,161A
1554,31.080000,SIMULATED,DESCENT,8.962,0.050,3.959,0.159,-0.018,10.516,98181.6,265.03,-5.25,,,,,,,,1,0,72C1
1555,31.100000,SIMULATED,DESCENT,8.843,-0.076,4.013,0.061,0.025,9.349,98177.1,265.42,-5.23,,,,,,,,1,0,1DAE
1556,31.120000,SIMULATED,DESCENT,8.921,0.013,4.148,0.032,0.017,7.785,98175.9,265.51,-5.18,,,,,,,,1,0,F045
1557,31.140000,SIMULATED,DESCENT,8.837,0.027,4.275,0.173,-0.039,6.756,98188.6,264.43,-5.23,,,,,,,,1,0,25F7
1558,31.160000,SIMULATED,DESCENT,8.747,-0.132,4.346,-0.124,-0.005,5.463,98178.2,265.32,-5.18,,,,,,,,1,0,C4E8
1559,31.180000,SIMULATED,DESCENT,8.603,0.034,4.595,-0.067,-0.150,4.436,98186.2,264.63,-5.19,,,,,,,,1,0,EE48
1560,31.200000,SIMULATED,DESCENT,8.614,0.066,4.615,0.056,-0.102,3.197,98186.8,264.59,-5.19,,,,,,,,1,0,6299
1561,31.220000,SIMULATED,DESCENT,8.569,0.077,4.721,0.154,0.050,1.888,98186.6,264.60,-5.18,,,,,,,,1,0,599B
1562,31.240000,SIMULATED,DESCENT,8.580,-0.015,4.861,-0.015,-0.045,0.798,98189.4,264.36,-5.19,,,,,,,,1,0,1E1E
1563,31.260000,SIMULATED,DESCENT,8.430,0.006,4.985,0.249,0.061,-0.641,98187.5,264.53,-5.17,,,,,,,,1,0,7923
1564,31.280000,SIMULATED,DESCENT,8.364,0.106,5.041,0.067,-0.029,-1.809,98190.3,264.29,-5.16,,,,,,,,1,0,F91D
1565,31.300000,SIMULATED,DESCENT,8.396,-0.004,5.156,-0.009,-0.009,-3.195,98187.6,264.52,-5.13,,,,,,,,1,0,FBDA
1566,31.320000,SIMULATED,DESCENT,8.327,0.046,5.281,0.025,0.134,-4.486,98194.9,263.89,-5.14,,,,,,,,1,0,CAD3
1567,31.340000,SIMULATED,DESCENT,8.150,-0.069,5.411,0.097,-0.104,-5.518,98192.8,264.07,-5.13,,,,,,,,1,0,A03F
1568,31.360000,SIMULATED,DESCENT,8.097,0.042,5.510,-0.146,-0.089,-6.948,98197.8,263.64,-5.15,,,,,,,,1,0,AA5C
1569,31.380000,SIMULATED,DESCENT,7.966,-0.039,5.628,0.135,-0.059,-7.962,98193.1,264.05,-5.12,,,,,,,,1,0,4D59
1570,31.400000,SIMULATED,DESCENT,8.108,0.054,5.641,-0.075,-0.065,-9.143,98193.1,264.05,-5.08,,,,,,,,1,0,0626
1571,31.420000,SIMULATED,DESCENT,7.863,-0.002,5.853,-0.039,-0.035,-10.370,98196.2,263.78,-5.07,,,,,,,,1,0,E898
1572,31.440000,SIMULATED,DESCENT,7.855,-0.009,6.014,0.103,0.061,-11.498,98200.2,263.45,-5.07,,,,,,,,1,0,5C6C
1573,31.460000,SIMULATED,DESCENT,7.799,-0.024,6.043,-0.160,-0.002,-12.628,98200.4,263.42,-5.06,,,,,,,,1,0,968C
1574,31.480000,SIMULATED,DESCENT,7.737,0.072,6.064,0.029,0.023,-13.525,98203.6,263.16,-5.07,,,,,,,,1,0,EEB6
1575,31.500000,SIMULATED,DESCENT,7.676,-0.033,6.178,0.010,-0.150,-14.587,98205.8,262.96,-5.09,,,,,,,,1,0,5689
1576,31.520000,SIMULATED,DESCENT,7.548,0.094,6.284,-0.032,0.108,-15.705,98201.1,263.36,-5.06,,,,,,,,1,0,C822
1577,31.540000,SIMULATED,DESCENT,7.579,0.000,6.296,0.051,0.030,-16.672,98204.6,263.06,-5.05,,,,,,,,1,0,0C96
1578,31.560000,SIMULATED,DESCENT,7.468,-0.029,6.432,-0.040,0.039,-17.516,98207.6,262.81,-5.06,,,,,,,,1,0,B2E0
1579,31.580000,SIMULATED,DESCENT,7.425,-0.012,6.460,-0.165,0.067,-18.632,98210.6,262.55,-5.08,,,,,,,,1,0,6F0B
1580,31.600000,SIMULATED,DESCENT,7.309,0.088,6.463,0.081,0.127,-19.271,98209.7,262.63,-5.08,,,,,,,,1,0,0084
1581,31.620000,SIMULATED,DESCENT,7.256,0.064,6.574,-0.053,-0.088,-20.107,98207.7,262.80,-5.06,,,,,,,,1,0,747D
1582,31.640000,SIMULATED,DESCENT,7.255,0.051,6.576,-0.159,-0.049,-20.734,98212.2,262.42,-5.06,,,,,,,,1,0,2749
1583,31.660000,SIMULATED,DESCENT,7.273,0.023,6.670,0.051,-0.007,-21.445,98216.1,262.09,-5.08,,,,,,,,1,0,BCB8
1584,31.680000,SIMULATED,DESCENT,7.210,0.074,6.748,0.066,-0.041,-21.912,98210.6,262.56,-5.06,,,,,,,,1,0,1AF4
1585,31.700000,SIMULATED,DESCENT,7.057,-0.014,6.744,0.136,-0.032,-22.631,98220.9,261.68,-5.09,,,,,,,,1,0,1A75
1586,31.720000,SIMULATED,DESCENT,7.036,-0.013,6.793,0.012,-0.161,-23.275,98212.1,262.43,-5.06,,,,,,,,1,0,8C9F
1587,31.740000,SIMULATED,DESCENT,6.982,0.075,6.826,-0.169,0.036,-23.582,98216.3,262.07,-5.05,,,,,,,,1,0,A3B9
1588,31.760000,SIMULATED,DESCENT,6.948,-0.063,6.849,-0.121,0.085,-24.080,98222.8,261.52,-5.08,,,,,,,,1,0,0E05
1589,31.780000,SIMULATED,DESCENT,6.996,0.028,6.960,0.097,-0.174,-24.301,98221.7,261.61,-5.09,,,,,,,,1,0,511A
1590,31.800000,SIMULATED,DESCENT,6.927,0.000,6.855,-0.045,-0.237,-24.498,98222.9,261.51,-5.10,,,,,,,,1,0,34D4
1591,31.820000,SIMULATED,DESCENT,6.877,-0.025,6.994,-0.108,0.036,-24.711,98222.6,261.53,-5.10,,,,,,,,1,0,D7DE
1592,31.840000,SIMULATED,DESCENT,6.947,0.021,6.920,-0.044,-0.061,-25.059,98223.6,261.45,-5.10,,,,,,,,1,0,F943
1593,31.860000,SIMULATED,DESCENT,6.912,-0.025,6.965,-0.004,-0.133,-24.967,98230.9,260.82,-5.14,,,,,,,,1,0,C4D0
1594,31.880000,SIMULATED,DESCENT,6.947,-0.037,6.948,-0.207,0.013,-25.061,98227.6,261.10,-5.14,,,,,,,,1,0,BD55
1595,31.900000,SIMULATED,DESCENT,6.869,0.063,6.910,0.038,0.021,-25.047,98228.1,261.06,-5.14,,,,,,,,1,0,1684
1596,31.920000,SIMULATED,DESCENT,6.968,-0.028,6.875,0.037,-0.057,-24.788,98225.3,261.30,-5.12,,,,,,,,1,0,1FE5
1597,31.940000,SIMULATED,DESCENT,7.012,0.003,6.938,-0.090,0.153,-24.578,98234.7,260.50,-5.15,,,,,,,,1,0,B903
1598,31.960000,SIMULATED,DESCENT,6.957,-0.014,6.898,0.122,0.029,-24.329,98233.2,260.62,-5.16,,,,,,,,1,0,6045
1599,31.980000,SIMULATED,DESCENT,6.966,-0.015,6.934,-0.221,0.109,-24.135,98233.4,260.61,-5.17,,,,,,,,1,0,2DF7
1600,32.000000,SIMULATED,DESCENT,7.138,0.059,6.878,0.124,0.116,-23.853,98234.1,260.54,-5.17,21.64,0.0001742,0.0003849,261.5,3,9,4.077,1,0,456C
1601,32.020000,SIMULATED,DESCENT,7.049,-0.005,6.807,0.042,0.025,-23.345,98231.8,260.74,-5.14,,,,,,,,1,0,F74A
1602,32.040000,SIMULATED,DESCENT,7.049,0.011,6.773,0.019,-0.134,-22.951,98233.7,260.58,-5.12,,,,,,,,1,0,8EF8
1603,32.060000,SIMULATED,DESCENT,7.110,0.130,6.648,-0.060,0.010,-22.371,98238.6,260.16,-5.13,,,,,,,,1,0,E231
1604,32.080000,SIMULATED,DESCENT,7.221,0.058,6.724,0.050,0.005,-21.717,98238.1,260.20,-5.13,,,,,,,,1,0,071F
1605,32.100000,SIMULATED,DESCENT,7.172,0.050,6.596,0.143,0.006,-20.843,98237.3,260.27,-5.11,,,,,,,,1,0,2A9D
1606,32.120000,SIMULATED,DESCENT,7.287,-0.079,6.507,-0.217,-0.049,-20.279,98240.8,259.98,-5.11,,,,,,,,1,0,0FAD
1607,32.140000,SIMULATED,DESCENT,7.215,-0.039,6.534,0.020,0.077,-19.700,98246.0,259.53,-5.14,,,,,,,,1,0,52C7
1608,32.160000,SIMULATED,DESCENT,7.269,-0.009,6.455,0.057,0.088,-18.911,98244.6,259.65,-5.15,,,,,,,,1,0,E59E
1609,32.180000,SIMULATED,DESCENT,7.408,0.020,6.336,-0.015,0.277,-17.992,98242.1,259.86,-5.13,,,,,,,,1,0,911D
1610,32.200000,SIMULATED,DESCENT,7.439,0.012,6.303,0.085,-0.101,-16.936,98242.0,259.87,-5.10,,,,,,,,1,0,6C39
1611,32.220000,SIMULATED,DESCENT,7.576,-0.020,6.235,-0.023,0.069,-16.134,98242.2,259.86,-5.07,,,,,,,,1,0,8B53
1612,32.240000,SIMULATED,DESCENT,7.606,-0.022,6.205,-0.041,-0.148,-15.065,98250.5,259.14,-5.09,,,,,,,,1,0,FEA3
1613,32.260000,SIMULATED,DESCENT,7.552,-0.018,6.173,0.091,0.121,-14.219,98253.0,258.93,-5.12,,,,,,,,1,0,1C94
1614,32.280000,SIMULATED,DESCENT,7.844,-0.050,6.016,-0.122,0.090,-13.221,98254.9,258.77,-5.15,,,,,,,,1,0,1135
1615,32.300000,SIMULATED,DESCENT,7.776,-0.026,6.014,0.010,-0.172,-11.994,98254.0,258.85,-5.16,,,,,,,,1,0,C3BC
1616,32.320000,SIMULATED,DESCENT,7.805,0.004,5.805,-0.037,0.018,-11.165,98251.6,259.06,-5.15,,,,,,,,1,0,F8EB
1617,32.340000,SIMULATED,DESCENT,7.937,-0.050,5.749,0.183,0.000,-9.588,98253.8,258.87,-5.14,,,,,,,,1,0,A009
1618,32.360000,SIMULATED,DESCENT,7.906,0.033,5.611,0.006,-0.092,-8.584,98258.3,258.48,-5.16,,,,,,,,1,0,68E8
1619,32.380000,SIMULATED,DESCENT,7.968,-0.022,5.543,-0.044,0.104,-7.466,98254.1,258.84,-5.14,,,,,,,,1,0,994A
1620,32.400000,SIMULATED,DESCENT,8.115,-0.022,5.436,-0.085,0.079,-6.102,98256.7,258.62,-5.13,,,,,,,,1,0,13CA
1621,32.420000,SIMULATED,DESCENT,8.231,0.009,5.390,-0.111,-0.179,-5.018,98260.5,258.30,-5.14,,,,,,,,1,0,2C4F
1622,32.440000,SIMULATED,DESCENT,8.218,0.061,5.202,0.077,0.067,-3.674,98253.9,258.86,-5.10,,,,,,,,1,0,B85C
1623,32.460000,SIMULATED,DESCENT,8.318,0.033,5.099,0.097,-0.016,-2.542,98257.7,258.54,-5.07,,,,,,,,1,0,7471
1624,32.480000,SIMULATED,DESCENT,8.481,0.035,5.003,0.080,0.016,-1.278,98258.9,258.43,-5.05,,,,,,,,1,0,73D6
1625,32.500000,SIMULATED,DESCENT,8.526,0.009,4.982,-0.111,-0.082,0.062,98261.0,258.25,-5.03,,,,,,,,1,0,295E
1626,32.520000,SIMULATED,DESCENT,8.593,0.001,4.770,0.022,-0.036,1.182,98267.3,257.71,-5.06,,,,,,,,1,0,1EE2
1627,32.540000,SIMULATED,DESCENT,8.581,0.008,4.716,0.028,-0.023,2.608,98260.4,258.30,-5.02,,,,,,,,1,0,7E31
1628,32.560000,SIMULATED,DESCENT,8.656,0.043,4.538,-0.064,-0.066,3.852,98268.5,257.61,-5.03,,,,,,,,1,0,0AF1
1629,32.580000,SIMULATED,DESCENT,8.778,-0.008,4.473,-0.199,0.032,4.818,98270.5,257.44,-5.05,,,,,,,,1,0,9DCA
1630,32.600000,SIMULATED,DESCENT,8.730,0.022,4.322,-0.085,0.188,6.304,98271.8,257.33,-5.07,,,,,,,,1,0,14CC
1631,32.620000,SIMULATED,DESCENT,8.811,0.002,4.276,0.061,-0.049,7.472,98272.5,257.27,-5.09,,,,,,,,1,0,0A28
1632,32.640000,SIMULATED,DESCENT,8.894,0.015,4.172,0.142,-0.153,8.531,98267.2,257.73,-5.05,,,,,,,,1,0,BE4A
1633,32.660000,SIMULATED,DESCENT,8.906,0.033,3.995,0.014,-0.009,9.926,98271.5,257.35,-5.04,,,,,,,,1,0,171A
1634,32.680000,SIMULATED,DESCENT,9.055,0.005,3.904,-0.083,-0.022,11.045,98271.0,257.39,-5.03,,,,,,,,1,0,6A7F
1635,32.700000,SIMULATED,DESCENT,9.024,-0.089,3.796,0.111,-0.005,12.017,98279.4,256.68,-5.06,,,,,,,,1,0,62D9
1636,32.720000,SIMULATED,DESCENT,9.178,0.062,3.722,0.053,0.054,13.013,98277.7,256.83,-5.07,,,,,,,,1,0,24E8
1637,32.740000,SIMULATED,DESCENT,9.153,0.064,3.567,-0.046,-0.102,13.988,98274.4,257.11,-5.05,,,,,,,,1,0,0FF1
1638,32.760000,SIMULATED,DESCENT,9.243,0.036,3.518,0.103,-0.053,15.312,98281.5,256.51,-5.07,,,,,,,,1,0,A661
1639,32.780000,SIMULATED,DESCENT,9.152,0.046,3.387,-0.087,-0.097,16.043,98279.6,256.66,-5.06,,,,,,,,1,0,0DB3
1640,32.800000,SIMULATED,DESCENT,9.237,0.049,3.252,0.237,0.116,16.938,98281.9,256.47,-5.07,,,,,,,,1,0,4ECB
1641,32.820000,SIMULATED,DESCENT,9.274,-0.029,3.188,0.005,-0.005,17.936,98288.5,255.90,-5.11,,,,,,,,1,0,7D00
1642,32.840000,SIMULATED,DESCENT,9.421,0.087,3.136,0.064,0.068,18.886,98283.2,256.36,-5.11,,,,,,,,1,0,D522
1643,32.860000,SIMULATED,DESCENT,9.291,-0.004,3.074,0.072,0.004,19.562,98286.9,256.04,-5.12,,,,,,,,1,0,1CFF
1644,32.880000,SIMULATED,DESCENT,9.352,-0.033,3.019,-0.020,0.006,20.473,98280.9,256.56,-5.08,,,,,,,,1,0,663E
1645,32.900000,SIMULATED,DESCENT,9.402,0.065,2.890,-0.147,0.076,21.047,98288.1,255.94,-5.09,,,,,,,,1,0,7817
1646,32.920000,SIMULATED,DESCENT,9.329,-0.025,2.900,0.172,0.074,21.791,98286.1,256.11,-5.07,,,,,,,,1,0,CF78
1647,32.940000,SIMULATED,DESCENT,9.457,-0.032,2.799,0.141,-0.070,22.491,98286.9,256.04,-5.06,,,,,,,,1,0,8E2A
1648,32.960000,SIMULATED,DESCENT,9.403,-0.041,2.707,0.098,0.014,22.881,98294.1,255.43,-5.08,,,,,,,,1,0,925A
1649,32.980000,SIMULATED,DESCENT,9.511,-0.028,2.593,-0.016,0.094,23.244,98296.6,255.22,-5.11,,,,,,,,1,0,0A00
1650,33.000000,SIMULATED,DESCENT,9.368,-0.036,2.546,0.131,-0.127,23.575,98296.1,255.26,-5.13,21.50,0.0001873,0.0004411,250.0,3,9,4.074,1,0,3776
1651,33.020000,SIMULATED,DESCENT,9.531,-0.020,2.636,0.256,-0.099,24.162,98294.1,255.43,-5.13,,,,,,,,1,0,D412
1652,33.040000,SIMULATED,DESCENT,9.512,-0.092,2.564,0.117,0.052,24.354,98298.1,255.09,-5.14,,,,,,,,1,0,AB40
1653,33.060000,SIMULATED,DESCENT,9.450,-0.046,2.662,-0.253,0.083,24.667,98303.6,254.62,-5.19,,,,,,,,1,0,9103
1654,33.080000,SIMULATED,DESCENT,9.414,-0.101,2.535,-0.111,-0.069,24.674,98301.0,254.84,-5.20,,,,,,,,1,0,7DCB
1655,33.100000,SIMULATED,DESCENT,9.569,0.079,2.541,0.112,0.059,24.909,98303.4,254.64,-5.23,,,,,,,,1,0,3A83
1656,33.120000,SIMULATED,DESCENT,9.479,0.055,2.513,-0.106,-0.003,25.081,98300.8,254.86,-5.22,,,,,,,,1,0,B6CB
1657,33.140000,SIMULATED,DESCENT,9.498,-0.040,2.495,-0.007,-0.089,24.860,98303.1,254.66,-5.22,,,,,,,,1,0,02D3
1658,33.160000,SIMULATED,DESCENT,9.502,0.041,2.517,0.123,-0.134,24.709,98306.1,254.40,-5.24,,,,,,,,1,0,6B50
1659,33.180000,SIMULATED,DESCENT,9.471,-0.068,2.572,0.090,-0.142,24.806,98311.7,253.93,-5.28,,,,,,,,1,0,0FD3
1660,33.200000,SIMULATED,DESCENT,9.411,-0.089,2.646,-0.004,-0.136,24.640,98306.4,254.38,-5.28,,,,,,,,1,0,0C71
1661,33.220000,SIMULATED,DESCENT,9.508,0.055,2.523,0.078,0.115,24.207,98312.8,253.83,-5.31,,,,,,,,1,0,BF51
1662,33.240000,SIMULATED,DESCENT,9.427,-0.062,2.607,-0.008,0.117,24.043,98311.0,253.99,-5.32,,,,,,,,1,0,88E7
1663,33.260000,SIMULATED,DESCENT,9.377,0.019,2.737,-0.078,-0.081,23.393,98308.0,254.25,-5.30,,,,,,,,1,0,4241
1664,33.280000,SIMULATED,DESCENT,9.386,-0.009,2.666,-0.085,-0.107,23.069,98307.3,254.30,-5.27,,,,,,,,1,0,CA6C
1665,33.300000,SIMULATED,DESCENT,9.288,0.076,2.715,-0.146,-0.058,22.598,98311.2,253.97,-5.25,,,,,,,,1,0,5938
1666,33.320000,SIMULATED,DESCENT,9.382,0.043,2.857,-0.069,0.030,22.223,98312.8,253.84,-5.24,,,,,,,,1,0,C114
1667,33.340000,SIMULATED,DESCENT,9.359,0.008,2.893,0.091,0.077,21.312,98314.9,253.65,-5.24,,,,,,,,1,0,9A19
1668,33.360000,SIMULATED,DESCENT,9.364,-0.027,2.911,-0.211,0.014,20.799,98318.9,253.31,-5.26,,,,,,,,1,0,9877
1669,33.380000,SIMULATED,DESCENT,9.367,0.143,3.029,0.128,0.151,20.122,98314.2,253.71,-5.23,,,,,,,,1,0,197D
1670,33.400000,SIMULATED,DESCENT,9.341,-0.056,3.107,0.035,0.087,19.338,98316.2,253.54,-5.21,,,,,,,,1,0,8748
1671,33.420000,SIMULATED,DESCENT,9.279,-0.030,3.179,-0.237,0.091,18.271,98321.0,253.13,-5.22,,,,,,,,1,0,A617
1672,33.440000,SIMULATED,DESCENT,9.207,-0.041,3.287,0.161,0.063,17.544,98320.9,253.14,-5.22,,,,,,,,1,0,9552
1673,33.460000,SIMULATED,DESCENT,9.209,-0.037,3.444,-0.154,0.013,16.631,98324.0,252.88,-5.23,,,,,,,,1,0,36F1
1674,33.480000,SIMULATED,DESCENT,9.219,0.121,3.393,-0.183,0.073,15.573,98323.9,252.88,-5.23,,,,,,,,1,0,6231
1675,33.500000,SIMULATED,DESCENT,9.115,-0.025,3.640,-0.110,-0.015,14.718,98330.9,252.29,-5.27,,,,,,,,1,0,A1F2
1676,33.520000,SIMULATED,DESCENT,9.139,-0.007,3.601,0.142,0.150,13.530,98328.5,252.50,-5.28,,,,,,,,1,0,7CDC
1677,33.540000,SIMULATED,DESCENT,9.081,0.126,3.731,0.000,-0.211,12.486,98323.4,252.93,-5.25,,,,,,,,1,0,0973
1678,33.560000,SIMULATED,DESCENT,9.054,0.006,3.856,0.097,0.088,11.555,98332.6,252.15,-5.28,,,,,,,,1,0,2027
1679,33.580000,SIMULATED,DESCENT,8.945,0.002,3.904,0.214,-0.115,10.439,98331.5,252.23,-5.29,,,,,,,,1,0,80D9
1680,33.600000,SIMULATED,DESCENT,8.865,-0.027,4.080,0.030,-0.002,9.225,98332.5,252.15,-5.29,,,,,,,,1,0,5915
1681,33.620000,SIMULATED,DESCENT,8.848,-0.006,4.244,0.047,-0.082,8.072,98325.7,252.73,-5.24,,,,,,,,1,0,FFBA
1682,33.640000,SIMULATED,DESCENT,8.848,-0.013,4.261,-0.299,-0.141,6.873,98336.3,251.83,-5.26,,,,,,,,1,0,50FD
1683,33.660000,SIMULATED,DESCENT,8.825,0.014,4.397,-0.035,-0.043,5.413,98333.1,252.10,-5.25,,,,,,,,1,0,3B4A
1684,33.680000,SIMULATED,DESCENT,8.640,0.036,4.460,0.168,-0.089,4.526,98338.1,251.67,-5.26,,,,,,,,1,0,8103
1685,33.700000,SIMULATED,DESCENT,8.580,0.036,4.686,0.038,0.072,3.233,98340.1,251.51,-5.28,,,,,,,,1,0,5FA2
1686,33.720000,SIMULATED,DESCENT,8.610,-0.057,4.687,-0.083,-0.009,1.848,98337.9,251.69,-5.27,,,,,,,,1,0,4C88
1687,33.740000,SIMULATED,DESCENT,8.548,0.016,4.843,-0.018,0.010,0.617,98333.5,252.07,-5.22,,,,,,,,1,0,47EF
1688,33.760000,SIMULATED,DESCENT,8.491,-0.039,4.947,-0.035,-0.036,-0.710,98342.2,251.33,-5.23,,,,,,,,1,0,6323
1689,33.780000,SIMULATED,DESCENT,8.447,-0.063,5.071,-0.044,-0.120,-2.051,98338.5,251.64,-5.20,,,,,,,,1,0,3CE2
1690,33.800000,SIMULATED,DESCENT,8.310,-0.006,5.155,0.096,-0.104,-3.133,98341.7,251.37,-5.19,,,,,,,,1,0,3FF9
1691,33.820000,SIMULATED,DESCENT,8.162,-0.121,5.298,0.010,0.031,-4.302,98343.9,251.18,-5.19,,,,,,,,1,0,0F62
1692,33.840000,SIMULATED,DESCENT,8.218,0.036,5.412,0.038,0.034,-5.692,98348.9,250.75,-5.21,,,,,,,,1,0,9973
1693,33.860000,SIMULATED,DESCENT,8.112,0.040,5.513,0.182,0.015,-6.875,98340.9,251.43,-5.17,,,,,,,,1,0,2791
1694,33.880000,SIMULATED,DESCENT,8.108,0.119,5.600,0.023,0.094,-8.097,98346.1,250.99,-5.16,,,,,,,,1,0,0E3E
1695,33.900000,SIMULATED,DESCENT,7.978,-0.027,5.725,0.028,0.040,-9.057,98348.0,250.83,-5.15,,,,,,,,1,0,9335
1696,33.920000,SIMULATED,DESCENT,7.932,-0.087,5.718,0.005,0.003,-10.467,98350.5,250.61,-5.15,,,,,,,,1,0,4FE5
1697,33.940000,SIMULATED,DESCENT,7.801,0.010,5.953,-0.015,-0.069,-11.304,98347.8,250.85,-5.13,,,,,,,,1,0,6A60
1698,33.960000,SIMULATED,DESCENT,7.838,0.034,5.953,0.010,-0.039,-12.668,98356.5,250.10,-5.16,,,,,,,,1,0,2D8E
1699,33.980000,SIMULATED,DESCENT,7.699,0.008,6.081,0.050,-0.026,-13.709,98354.0,250.32,-5.16,,,,,,,,1,0,767A
1700,34.000000,SIMULATED,DESCENT,7.603,0.048,6.264,0.083,0.015,-14.727,98353.8,250.33,-5.15,21.50,0.0002117,0.0004171,243.1,3,9,4.077,1,0,E5E4
1701,34.020000,SIMULATED,DESCENT,7.591,-0.054,6.317,0.099,0.121,-15.617,98356.1,250.14,-5.15,,,,,,,,1,0,B9FB
1702,34.040000,SIMULATED,DESCENT,7.482,-0.085,6.237,-0.122,-0.106,-16.682,98360.4,249.77,-5.17,,,,,,,,1,0,A818
1703,34.060000,SIMULATED,DESCENT,7.534,-0.038,6.414,0.058,0.047,-17.585,98355.4,250.20,-5.15,,,,,,,,1,0,FDD9
1704,34.080000,SIMULATED,DESCENT,7.370,0.043,6.381,-0.039,0.188,-18.460,98358.3,249.95,-5.14,,,,,,,,1,0,D822
1705,34.100000,SIMULATED,DESCENT,7.350,-0.119,6.491,-0.012,0.216,-19.180,98361.2,249.70,-5.14,,,,,,,,1,0,7EC6
1706,34.120000,SIMULATED,DESCENT,7.242,-0.037,6.629,-0.099,0.179,-19.888,98364.3,249.44,-5.15,,,,,,,,1,0,32AD
1707,34.140000,SIMULATED,DESCENT,7.165,-0.041,6.604,-0.048,0.146,-20.891,98363.1,249.54,-5.15,,,,,,,,1,0,C655
1708,34.160000,SIMULATED,DESCENT,7.140,0.014,6.622,-0.087,0.022,-21.378,98360.9,249.73,-5.12,,,,,,,,1,0,1741
1709,34.180000,SIMULATED,DESCENT,7.214,0.031,6.763,-0.054,0.013,-22.029,98365.4,249.35,-5.12,,,,,,,,1,0,3E13
1710,34.200000,SIMULATED,DESCENT,7.100,0.130,6.824,0.035,-0.048,-22.668,98367.5,249.17,-5.13,,,,,,,,1,0,2B19
1711,34.220000,SIMULATED,DESCENT,7.060,0.109,6.774,0.041,-0.187,-23.174,98368.8,249.06,-5.13,,,,,,,,1,0,B56A
1712,34.240000,SIMULATED,DESCENT,6.957,-0.043,6.853,-0.032,0.112,-23.769,98369.9,248.96,-5.14,,,,,,,,1,0,7469
1713,34.260000,SIMULATED,DESCENT,7.131,0.110,6.827,0.003,-0.113,-24.041,98372.8,248.71,-5.15,,,,,,,,1,0,7176
1714,34.280000,SIMULATED,DESCENT,6.967,0.027,6.903,-0.015,0.137,-24.223,98372.5,248.74,-5.16,,,,,,,,1,0,C9C9
1715,34.300000,SIMULATED,DESCENT,6.929,0.069,6.833,0.173,0.122,-24.789,98368.4,249.09,-5.12,,,,,,,,1,0,4177
1716,34.320000,SIMULATED,DESCENT,6.874,-0.117,6.837,-0.048,0.095,-24.684,98379.9,248.11,-5.16,,,,,,,,1,0,686A
1717,34.340000,SIMULATED,DESCENT,6.948,0.047,6.959,-0.086,0.035,-24.968,98371.8,248.80,-5.14,,,,,,,,1,0,8722
1718,34.360000,SIMULATED,DESCENT,6.867,-0.010,6.908,-0.066,-0.021,-24.976,98378.6,248.22,-5.15,,,,,,,,1,0,A3FB
1719,34.380000,SIMULATED,DESCENT,6.888,0.010,6.902,0.020,0.227,-25.065,98376.6,248.40,-5.14,,,,,,,,1,0,90F7
1720,34.400000,SIMULATED,DESCENT,6.981,0.011,6.922,0.146,0.129,-25.015,98377.4,248.32,-5.13,,,,,,,,1,0,E890
1721,34.420000,SIMULATED,DESCENT,6.969,-0.018,6.851,-0.007,-0.073,-24.792,98379.1,248.18,-5.12,,,,,,,,1,0,D927
1722,34.440000,SIMULATED,DESCENT,6.968,-0.018,6.947,0.172,0.019,-24.640,98384.6,247.71,-5.15,,,,,,,,1,0,FDF2
1723,34.460000,SIMULATED,DESCENT,6.952,-0.007,6.895,-0.159,-0.004,-24.390,98384.8,247.70,-5.16,,,,,,,,1,0,A073
1724,34.480000,SIMULATED,DESCENT,7.009,-0.019,6.820,0.147,-0.007,-24.233,98383.9,247.77,-5.16,,,,,,,,1,0,DCBC
1725,34.500000,SIMULATED,DESCENT,6.884,0.096,6.824,-0.123,0.078,-23.992,98383.6,247.79,-5.15,,,,,,,,1,0,BAB8
1726,34.520000,SIMULATED,DESCENT,6.983,-0.022,6.854,-0.034,-0.050,-23.426,98385.0,247.68,-5.14,,,,,,,,1,0,F941
1727,34.540000,SIMULATED,DESCENT,6.974,0.064,6.820,-0.027,-0.107,-23.077,98391.7,247.11,-5.17,,,,,,,,1,0,D091
1728,34.560000,SIMULATED,DESCENT,7.136,0.021,6.707,-0.121,-0.076,-22.393,98388.1,247.41,-5.16,,,,,,,,1,0,ACBC
1729,34.580000,SIMULATED,DESCENT,7.082,-0.042,6.758,0.162,-0.158,-21.628,98390.4,247.21,-5.17,,,,,,,,1,0,A0A4
1730,34.600000,SIMULATED,DESCENT,7.231,-0.034,6.670,0.093,-0.125,-21.050,98391.6,247.11,-5.17,,,,,,,,1,0,3E72
1731,34.620000,SIMULATED,DESCENT,7.240,0.022,6.630,0.048,0.135,-20.385,98397.7,246.59,-5.20,,,,,,,,1,0,3E71
1732,34.640000,SIMULATED,DESCENT,7.333,0.022,6.495,0.131,-0.012,-19.700,98394.3,246.89,-5.21,,,,,,,,1,0,3E79
1733,34.660000,SIMULATED,DESCENT,7.381,0.065,6.540,-0.034,0.051,-18.739,98392.2,247.06,-5.18,,,,,,,,1,0,37A4
1734,34.680000,SIMULATED,DESCENT,7.418,-0.042,6.429,0.088,0.025,-17.734,98393.7,246.94,-5.17,,,,,,,,1,0,D854
1735,34.700000,SIMULATED,DESCENT,7.552,0.030,6.303,0.049,0.074,-16.999,98392.6,247.03,-5.13,,,,,,,,1,0,C639
1736,34.720000,SIMULATED,DESCENT,7.542,-0.059,6.297,0.008,-0.042,-16.141,98396.6,246.68,-5.12,,,,,,,,1,0,4202
1737,34.740000,SIMULATED,DESCENT,7.497,-0.025,6.143,-0.005,0.027,-15.097,98396.7,246.67,-5.10,,,,,,,,1,0,97F7
1738,34.760000,SIMULATED,DESCENT,7.674,-0.036,6.076,0.003,0.088,-14.081,98401.7,246.26,-5.11,,,,,,,,1,0,9DDF
1739,34.780000,SIMULATED,DESCENT,7.813,0.041,6.024,-0.243,-0.118,-13.007,98396.2,246.72,-5.07,,,,,,,,1,0,2EAA
1740,34.800000,SIMULATED,DESCENT,7.827,0.027,6.042,0.020,-0.148,-11.990,98408.0,245.71,-5.11,,,,,,,,1,0,C80B
1741,34.820000,SIMULATED,DESCENT,7.842,0.040,5.846,-0.093,0.010,-10.794,98408.1,245.70,-5.14,,,,,,,,1,0,F7BB
1742,34.840000,SIMULATED,DESCENT,7.899,-0.071,5.741,-0.078,0.010,-9.989,98407.9,245.72,-5.15,,,,,,,,1,0,E2B7
1743,34.860000,SIMULATED,DESCENT,7.944,-0.006,5.771,-0.001,-0.139,-8.736,98404.9,245.98,-5.14,,,,,,,,1,0,67C3
1744,34.880000,SIMULATED,DESCENT,8.048,-0.067,5.469,-0.173,-0.101,-7.415,98409.4,245.60,-5.15,,,,,,,,1,0,3727
1745,34.900000,SIMULATED,DESCENT,8.156,-0.028,5.464,0.068,-0.023,-6.196,98407.0,245.80,-5.13,,,,,,,,1,0,2975
1746,34.920000,SIMULATED,DESCENT,8.152,0.065,5.434,0.073,-0.134,-4.982,98409.4,245.59,-5.13,,,,,,,,1,0,EC4C
1747,34.940000,SIMULATED,DESCENT,8.257,0.003,5.214,-0.056,0.026,-3.870,98410.0,245.55,-5.12,,,,,,,,1,0,3F9F
1748,34.960000,SIMULATED,DESCENT,8.421,-0.031,5.123,0.027,-0.084,-2.511,98413.8,245.22,-5.12,,,,,,,,1,0,B4C4
1749,34.980000,SIMULATED,DESCENT,8.495,0.079,4.980,-0.055,-0.148,-1.178,98413.7,245.23,-5.12,,,,,,,,1,0,CE7C
1750,35.000000,SIMULATED,DESCENT,8.577,-0.041,4.934,-0.134,-0.074,0.039,98416.2,245.02,-5.13,21.43,0.0002410,0.0004619,247.5,3,9,4.070,1,0,6A4B
1751,35.020000,SIMULATED,DESCENT,8.561,-0.028,4.799,-0.085,-0.033,1.281,98417.7,244.89,-5.14,,,,,,,,1,0,13E9
1752,35.040000,SIMULATED,DESCENT,8.642,-0.014,4.692,0.051,-0.020,2.543,98413.0,245.29,-5.11,,,,,,,,1,0,EB02
1753,35.060000,SIMULATED,DESCENT,8.704,0.008,4.473,-0.029,-0.124,3.745,98420.2,244.68,-5.12,,,,,,,,1,0,3358
1754,35.080000,SIMULATED,DESCENT,8.736,0.015,4.444,0.142,-0.023,4.997,98416.7,244.98,-5.10,,,,,,,,1,0,6BBA
1755,35.100000,SIMULATED,DESCENT,8.754,-0.092,4.331,-0.055,0.146,6.166,98421.8,244.54,-5.10,,,,,,,,1,0,CAFC
1756,35.120000,SIMULATED,DESCENT,8.885,0.096,4.255,-0.001,0.016,7.526,98421.4,244.57,-5.10,,,,,,,,1,0,EBA1
1757,35.140000,SIMULATED,DESCENT,8.868,0.046,4.188,-0.061,0.109,8.467,98422.4,244.49,-5.09,,,,,,,,1,0,378B
1758,35.160000,SIMULATED,DESCENT,8.921,0.010,4.021,-0.050,0.020,9.631,98425.9,244.19,-5.10,,,,,,,,1,0,C172
1759,35.180000,SIMULATED,DESCENT,9.030,0.014,3.825,0.053,0.059,10.757,98425.9,244.19,-5.10,,,,,,,,1,0,7751
1760,35.200000,SIMULATED,DESCENT,9.144,0.083,3.794,-0.109,0.155,11.973,98425.4,244.23,-5.09,,,,,,,,1,0,9E3B
1761,35.220000,SIMULATED,DESCENT,9.118,-0.028,3.707,0.050,-0.329,12.958,98435.7,243.36,-5.15,,,,,,,,1,0,9A6A
1762,35.240000,SIMULATED,DESCENT,9.121,0.020,3.641,0.088,-0.031,14.157,98430.0,243.84,-5.15,,,,,,,,1,0,ADEE
1763,35.260000,SIMULATED,DESCENT,9.217,-0.027,3.526,0.128,-0.144,15.129,98431.1,243.75,-5.15,,,,,,,,1,0,C3B8
1764,35.280000,SIMULATED,DESCENT,9.229,0.069,3.489,0.005,0.068,16.319,98433.9,243.51,-5.16,,,,,,,,1,0,27E7
1765,35.300000,SIMULATED,DESCENT,9.246,-0.039,3.236,-0.145,0.026,17.088,98436.9,243.25,-5.19,,,,,,,,1,0,5F39
1766,35.320000,SIMULATED,DESCENT,9.226,0.077,3.170,0.088,-0.141,18.153,98431.8,243.69,-5.17,,,,,,,,1,0,8C69
1767,35.340000,SIMULATED,DESCENT,9.377,-0.008,3.171,-0.035,0.122,18.871,98436.3,243.30,-5.17,,,,,,,,1,0,88A9
1768,35.360000,SIMULATED,DESCENT,9.274,0.016,3.122,-0.007,-0.137,19.639,98438.4,243.13,-5.18,,,,,,,,1,0,EEC1
1769,35.380000,SIMULATED,DESCENT,9.376,-0.069,2.980,-0.070,-0.016,20.355,98437.7,243.19,-5.17,,,,,,,,1,0,269D
1770,35.400000,SIMULATED,DESCENT,9.269,-0.012,2.979,-0.105,0.057,21.167,98438.7,243.10,-5.17,,,,,,,,1,0,6018
1771,35.420000,SIMULATED,DESCENT,9.394,0.033,2.863,-0.183,0.065,21.632,98441.8,242.83,-5.17,,,,,,,,1,0,5D8D
1772,35.440000,SIMULATED,DESCENT,9.461,-0.081,2.782,0.033,-0.139,22.106,98444.5,242.61,-5.19,,,,,,,,1,0,204D
1773,35.460000,SIMULATED,DESCENT,9.482,-0.044,2.780,0.168,0.112,22.732,98442.7,242.75,-5.19,,,,,,,,1,0,2876
1774,35.480000,SIMULATED,DESCENT,9.392,-0.011,2.841,0.105,0.046,23.428,98440.4,242.95,-5.16,,,,,,,,1,0,1928
1775,35.500000,SIMULATED,DESCENT,9.479,-0.102,2.660,0.114,0.167,23.643,98446.8,242.41,-5.17,,,,,,,,1,0,FC8B
1776,35.520000,SIMULATED,DESCENT,9.369,0.000,2.645,0.041,0.043,24.022,98446.1,242.47,-5.16,,,,,,,,1,0,5235
1777,35.540000,SIMULATED,DESCENT,9.528,-0.026,2.571,-0.025,-0.005,24.362,98447.5,242.35,-5.16,,,,,,,,1,0,338A
1778,35.560000,SIMULATED,DESCENT,9.506,0.040,2.524,-0.045,-0.060,24.844,98440.5,242.94,-5.10,,,,,,,,1,0,90AA
1779,35.580000,SIMULATED,DESCENT,9.437,0.051,2.514,0.055,-0.174,24.892,98446.8,242.41,-5.08,,,,,,,,1,0,95A8
1780,35.600000,SIMULATED,DESCENT,9.485,0.020,2.535,0.018,-0.052,25.091,98457.2,241.52,-5.12,,,,,,,,1,0,7F85
1781,35.620000,SIMULATED,DESCENT,9.422,-0.002,2.551,-0.032,-0.073,25.097,98453.9,241.80,-5.13,,,,,,,,1,0,9DB0
1782,35.640000,SIMULATED,DESCENT,9.448,-0.032,2.551,-0.053,0.000,24.892,98453.8,241.81,-5.13,,,,,,,,1,0,6D51
1783,35.660000,SIMULATED,DESCENT,9.437,-0.057,2.559,-0.049,-0.079,24.929,98453.4,241.85,-5.12,,,,,,,,1,0,5B4B
1784,35.680000,SIMULATED,DESCENT,9.437,0.019,2.463,-0.008,0.009,24.864,98459.9,241.30,-5.15,,,,,,,,1,0,F114
1785,35.700000,SIMULATED,DESCENT,9.452,-0.032,2.549,0.038,0.062,24.710,98455.7,241.65,-5.13,,,,,,,,1,0,9B9E
1786,35.720000,SIMULATED,DESCENT,9.419,-0.044,2.700,-0.094,0.050,24.254,98463.5,240.98,-5.17,,,,,,,,1,0,BBCB
1787,35.740000,SIMULATED,DESCENT,9.437,-0.037,2.615,0.092,-0.135,23.933,98461.4,241.17,-5.18,,,,,,,,1,0,19B8
1788,35.760000,SIMULATED,DESCENT,9.405,-0.121,2.644,0.114,0.131,23.602,98453.8,241.81,-5.13,,,,,,,,1,0,4A85
1789,35.780000,SIMULATED,DESCENT,9.499,-0.030,2.673,-0.144,0.025,23.270,98462.7,241.05,-5.13,,,,,,,,1,0,73E7
1790,35.800000,SIMULATED,DESCENT,9.339,-0.009,2.738,0.105,0.007,22.477,98460.8,241.21,-5.11,,,,,,,,1,0,68B8
1791,35.820000,SIMULATED,DESCENT,9.418,0.030,2.859,0.131,-0.218,22.101,98460.4,241.25,-5.08,,,,,,,,1,0,3287
1792,35.840000,SIMULATED,DESCENT,9.373,0.034,2.982,0.016,-0.129,21.603,98465.1,240.85,-5.08,,,,,,,,1,0,440A
1793,35.860000,SIMULATED,DESCENT,9.382,-0.066,2.940,-0.006,0.048,20.737,98467.1,240.68,-5.08,,,,,,,,1,0,E247
1794,35.880000,SIMULATED,DESCENT,9.355,0.026,3.054,-0.026,0.002,20.043,98469.6,240.47,-5.10,,,,,,,,1,0,5335
1795,35.900000,SIMULATED,DESCENT,9.323,0.080,3.079,-0.023,0.215,19.084,98470.6,240.38,-5.11,,,,,,,,1,0,F281
1796,35.920000,SIMULATED,DESCENT,9.204,-0.077,3.306,0.076,0.053,18.349,98471.2,240.33,-5.11,,,,,,,,1,0,E97C
1797,35.940000,SIMULATED,DESCENT,9.235,-0.129,3.322,-0.141,-0.007,17.650,98474.2,240.08,-5.13,,,,,,,,1,0,1A9B
1798,35.960000,SIMULATED,DESCENT,9.226,0.029,3.350,0.018,0.086,16.797,98471.4,240.31,-5.12,,,,,,,,1,0,A0FC
1799,35.980000,SIMULATED,DESCENT,9.240,0.001,3.456,0.036,-0.027,15.797,98473.8,240.11,-5.12,,,,,,,,1,0,13EA
1800,36.000000,SIMULATED,DESCENT,9.236,0.055,3.507,0.097,0.110,14.708,98472.2,240.25,-5.10,21.30,0.0002330,0.0005131,238.0,3,9,4.078,1,0,A429
1801,36.020000,SIMULATED,DESCENT,9.107,0.050,3.588,-0.125,-0.013,13.607,98479.4,239.63,-5.12,,,,,,,,1,0,A374
1802,36.040000,SIMULATED,DESCENT,9.137,-0.035,3.667,0.194,0.009,12.581,98477.0,239.83,-5.11,,,,,,,,1,0,323A
1803,36.060000,SIMULATED,DESCENT,9.064,0.034,3.877,-0.048,0.024,11.386,98474.0,240.09,-5.08,,,,,,,,1,0,2261
1804,36.080000,SIMULATED,DESCENT,9.095,0.034,3.911,-0.248,0.026,10.409,98482.6,239.36,-5.10,,,,,,,,1,0,6405
1805,36.100000,SIMULATED,DESCENT,8.935,-0.046,4.088,-0.064,0.089,9.218,98484.3,239.21,-5.12,,,,,,,,1,0,5C39
1806,36.120000,SIMULATED,DESCENT,8.919,-0.057,4.142,0.093,0.033,7.895,98479.2,239.65,-5.10,,,,,,,,1,0,58FA
1807,36.140000,SIMULATED,DESCENT,8.926,-0.067,4.312,-0.130,-0.020,6.888,98487.2,238.97,-5.12,,,,,,,,1,0,8E9A
1808,36.160000,SIMULATED,DESCENT,8.725,-0.039,4.440,0.016,0.097,5.790,98487.7,238.93,-5.14,,,,,,,,1,0,6EDC
1809,36.180000,SIMULATED,DESCENT,8.669,-0.019,4.514,0.205,-0.014,4.336,98490.4,238.69,-5.17,,,,,,,,1,0,1057
1810,36.200000,SIMULATED,DESCENT,8.624,0.087,4.601,-0.244,0.131,3.157,98486.8,239.00,-5.17,,,,,,,,1,0,2EF1
1811,36.220000,SIMULATED,DESCENT,8.691,-0.032,4.717,-0.032,0.073,1.799,98485.6,239.11,-5.14,,,,,,,,1,0,7C87
1812,36.240000,SIMULATED,DESCENT,8.552,0.007,4.841,0.164,0.042,0.563,98486.2,239.06,-5.12,,,,,,,,1,0,E45C
1813,36.260000,SIMULATED,DESCENT,8.403,0.047,4.859,0.019,0.035,-0.631,98481.9,239.42,-5.05,,,,,,,,1,0,B32B
1814,36.280000,SIMULATED,DESCENT,8.453,0.046,5.007,0.106,0.066,-1.875,98487.0,238.99,-5.02,,,,,,,,1,0,C985
1815,36.300000,SIMULATED,DESCENT,8.266,-0.105,5.200,-0.007,-0.045,-3.399,98493.6,238.42,-5.03,,,,,,,,1,0,5DFA
1816,36.320000,SIMULATED,DESCENT,8.190,-0.069,5.279,-0.028,-0.005,-4.410,98494.3,238.36,-5.03,,,,,,,,1,0,3C77
1817,36.340000,SIMULATED,DESCENT,8.241,0.075,5.463,-0.157,-0.152,-5.573,98497.9,238.06,-5.05,,,,,,,,1,0,FD6C
1818,36.360000,SIMULATED,DESCENT,8.118,0.030,5.446,-0.046,0.127,-6.967,98498.7,237.99,-5.07,,,,,,,,1,0,B84B
1819,36.380000,SIMULATED,DESCENT,8.095,-0.002,5.617,-0.162,-0.084,-7.864,98499.4,237.93,-5.08,,,,,,,,1,0,7363
1820,36.400000,SIMULATED,DESCENT,7.933,-0.042,5.765,-0.167,0.012,-9.085,98504.2,237.51,-5.12,,,,,,,,1,0,9112
1821,36.420000,SIMULATED,DESCENT,7.935,-0.084,5.757,0.179,0.178,-10.262,98500.9,237.80,-5.12,,,,,,,,1,0,ADFF
1822,36.440000,SIMULATED,DESCENT,7.845,0.001,5.914,0.068,0.030,-11.332,98500.0,237.87,-5.11,,,,,,,,1,0,66CD
1823,36.460000,SIMULATED,DESCENT,7.765,0.026,5.914,-0.026,-0.084,-12.794,98497.8,238.06,-5.08,,,,,,,,1,0,6DF0
1824,36.480000,SIMULATED,DESCENT,7.766,-0.056,6.073,0.039,-0.016,-13.728,98504.6,237.48,-5.08,,,,,,,,1,0,5DFC
1825,36.500000,SIMULATED,DESCENT,7.611,0.054,6.111,-0.116,-0.002,-14.727,98504.5,237.49,-5.08,,,,,,,,1,0,3F17
1826,36.520000,SIMULATED,DESCENT,7.594,0.040,6.201,0.028,-0.192,-15.774,98502.7,237.64,-5.06,,,,,,,,1,0,9315
1827,36.540000,SIMULATED,DESCENT,7.534,-0.032,6.336,-0.077,0.033,-16.636,98504.9,237.46,-5.04,,,,,,,,1,0,4359
1828,36.560000,SIMULATED,DESCENT,7.448,-0.039,6.336,0.109,0.047,-17.542,98508.9,237.12,-5.05,,,,,,,,1,0,00A8
1829,36.580000,SIMULATED,DESCENT,7.329,0.092,6.426,0.181,0.099,-18.403,98513.3,236.74,-5.07,,,,,,,,1,0,B0D4
1830,36.600000,SIMULATED,DESCENT,7.359,-0.045,6.477,-0.092,-0.006,-19.316,98516.3,236.49,-5.11,,,,,,,,1,0,84D1
1831,36.620000,SIMULATED,DESCENT,7.208,0.024,6.553,0.098,-0.003,-20.038,98507.6,237.23,-5.08,,,,,,,,1,0,8EA0
1832,36.640000,SIMULATED,DESCENT,7.278,0.056,6.553,0.169,-0.064,-20.741,98513.5,236.73,-5.08,,,,,,,,1,0,CF92
1833,36.660000,SIMULATED,DESCENT,7.132,-0.025,6.720,-0.010,-0.007,-21.331,98516.3,236.49,-5.09,,,,,,,,1,0,9598
1834,36.680000,SIMULATED,DESCENT,7.165,0.094,6.798,-0.089,0.022,-22.040,98518.4,236.31,-5.11,,,,,,,,1,0,04C9
1835,36.700000,SIMULATED,DESCENT,7.136,0.005,6.778,0.010,-0.095,-22.645,98511.7,236.88,-5.07,,,,,,,,1,0,8992
1836,36.720000,SIMULATED,DESCENT,6.934,-0.066,6.837,0.039,-0.073,-23.110,98524.1,235.82,-5.12,,,,,,,,1,0,9E89
1837,36.740000,SIMULATED,DESCENT,7.069,-0.034,6.786,0.160,-0.081,-23.244,98521.8,236.02,-5.13,,,,,,,,1,0,62D4
1838,36.760000,SIMULATED,DESCENT,7.016,0.027,6.875,-0.124,0.141,-23.904,98521.5,236.05,-5.14,,,,,,,,1,0,396C
1839,36.780000,SIMULATED,DESCENT,7.000,0.101,6.895,-0.027,0.036,-24.311,98523.0,235.92,-5.14,,,,,,,,1,0,A8EC
1840,36.800000,SIMULATED,DESCENT,6.926,0.075,6.893,0.301,-0.021,-24.547,98521.0,236.09,-5.13,,,,,,,,1,0,7C96
1841,36.820000,SIMULATED,DESCENT,6.860,-0.032,6.835,-0.085,0.099,-24.727,98520.8,236.11,-5.10,,,,,,,,1,0,56A0
1842,36.840000,SIMULATED,DESCENT,6.935,-0.012,6.837,-0.387,-0.046,-24.747,98524.7,235.77,-5.10,,,,,,,,1,0,7C83
1843,36.860000,SIMULATED,DESCENT,6.926,0.001,6.889,-0.103,-0.104,-24.911,98525.5,235.71,-5.09,,,,,,,,1,0,4256
1844,36.880000,SIMULATED,DESCENT,6.951,0.009,6.925,0.012,0.182,-24.986,98533.2,235.05,-5.13,,,,,,,,1,0,DB82
1845,36.900000,SIMULATED,DESCENT,6.934,-0.040,6.970,-0.044,0.161,-25.146,98526.5,235.62,-5.11,,,,,,,,1,0,0459
1846,36.920000,SIMULATED,DESCENT,6.971,0.031,6.920,-0.050,-0.063,-24.700,98532.2,235.13,-5.12,,,,,,,,1,0,82D7
1847,36.940000,SIMULATED,DESCENT,6.902,0.020,6.894,-0.062,0.009,-24.657,98536.3,234.78,-5.16,,,,,,,,1,0,F502
1848,36.960000,SIMULATED,DESCENT,6.985,0.046,6.870,-0.027,0.096,-24.337,98533.7,235.00,-5.16,,,,,,,,1,0,75C0
1849,36.980000,SIMULATED,DESCENT,6.922,-0.005,6.860,-0.069,0.051,-24.225,98536.7,234.75,-5.18,,,,,,,,1,0,FD99
1850,37.000000,SIMULATED,DESCENT,7.067,-0.012,6.842,0.019,0.075,-23.812,98535.6,234.85,-5.18,21.23,0.0002247,0.0005113,232.0,3,9,4.079,1,0,BEBF
1851,37.020000,SIMULATED,DESCENT,7.086,0.027,6.828,0.040,0.036,-23.381,98541.0,234.39,-5.21,,,,,,,,1,0,7AF9
1852,37.040000,SIMULATED,DESCENT,7.128,0.014,6.837,-0.037,-0.142,-22.945,98538.5,234.60,-5.21,,,,,,,,1,0,B8F0
1853,37.060000,SIMULATED,DESCENT,7.198,0.039,6.691,-0.050,-0.163,-22.237,98535.8,234.82,-5.18,,,,,,,,1,0,68BF
1854,37.080000,SIMULATED,DESCENT,7.247,-0.045,6.729,0.139,0.021,-21.584,98546.8,233.89,-5.22,,,,,,,,1,0,4E53
1855,37.100000,SIMULATED,DESCENT,7.156,-0.020,6.685,0.007,-0.086,-21.110,98541.9,234.31,-5.22,,,,,,,,1,0,FA21
1856,37.120000,SIMULATED,DESCENT,7.285,0.120,6.576,0.078,0.122,-20.329,98545.2,234.03,-5.24,,,,,,,,1,0,1027
1857,37.140000,SIMULATED,DESCENT,7.344,-0.030,6.495,-0.004,-0.089,-19.656,98541.5,234.34,-5.21,,,,,,,,1,0,419B
1858,37.160000,SIMULATED,DESCENT,7.348,0.012,6.541,-0.031,-0.101,-18.996,98542.9,234.22,-5.19,,,,,,,,1,0,8B04
1859,37.180000,SIMULATED,DESCENT,7.410,-0.016,6.449,0.059,0.087,-17.898,98549.4,233.67,-5.21,,,,,,,,1,0,C3A3
1860,37.200000,SIMULATED,DESCENT,7.472,-0.017,6.346,0.134,0.422,-17.217,98550.9,233.55,-5.23,,,,,,,,1,0,1218
1861,37.220000,SIMULATED,DESCENT,7.449,-0.011,6.264,-0.050,-0.096,-16.010,98550.5,233.57,-5.24,,,,,,,,1,0,2BDD
1862,37.240000,SIMULATED,DESCENT,7.633,-0.054,6.216,0.099,-0.133,-15.249,98554.3,233.25,-5.26,,,,,,,,1,0,4408
1863,37.260000,SIMULATED,DESCENT,7.666,-0.056,6.180,-0.004,-0.062,-13.970,98555.3,233.17,-5.28,,,,,,,,1,0,B67D
1864,37.280000,SIMULATED,DESCENT,7.682,0.010,5.970,0.040,-0.097,-13.187,98552.2,233.43,-5.27,,,,,,,,1,0,2DEB
1865,37.300000,SIMULATED,DESCENT,7.863,-0.042,5.964,0.001,-0.037,-12.029,98559.6,232.81,-5.31,,,,,,,,1,0,A338
1866,37.320000,SIMULATED,DESCENT,7.922,0.071,5.857,0.003,-0.086,-10.703,98560.1,232.76,-5.33,,,,,,,,1,0,287A
1867,37.340000,SIMULATED,DESCENT,8.007,0.007,5.768,0.158,-0.032,-9.626,98553.7,233.31,-5.30,,,,,,,,1,0,7062
1868,37.360000,SIMULATED,DESCENT,7.975,0.048,5.718,-0.137,0.149,-8.625,98557.3,233.00,-5.29,,,,,,,,1,0,A6E9
1869,37.380000,SIMULATED,DESCENT,8.126,0.016,5.554,-0.039,-0.048,-7.442,98566.3,232.23,-5.34,,,,,,,,1,0,DC43
1870,37.400000,SIMULATED,DESCENT,8.168,-0.033,5.521,0.197,-0.056,-6.266,98554.1,233.27,-5.28,,,,,,,,1,0,26DB
1871,37.420000,SIMULATED,DESCENT,8.234,-0.045,5.382,0.119,-0.026,-4.899,98557.5,232.98,-5.25,,,,,,,,1,0,9DEC
1872,37.440000,SIMULATED,DESCENT,8.278,-0.002,5.235,0.131,-0.005,-3.923,98561.1,232.68,-5.23,,,,,,,,1,0,A472
1873,37.460000,SIMULATED,DESCENT,8.413,0.046,5.112,-0.165,0.054,-2.551,98563.2,232.49,-5.22,,,,,,,,1,0,7F30
1874,37.480000,SIMULATED,DESCENT,8.511,0.031,4.986,0.037,-0.161,-1.310,98565.7,232.28,-5.22,,,,,,,,1,0,3B3E
1875,37.500000,SIMULATED,DESCENT,8.521,0.076,4.822,-0.114,-0.181,-0.011,98562.0,232.59,-5.19,,,,,,,,1,0,CEE8
1876,37.520000,SIMULATED,DESCENT,8.573,-0.047,4.756,-0.028,0.065,1.231,98566.6,232.20,-5.18,,,,,,,,1,0,964B
1877,37.540000,SIMULATED,DESCENT,8.567,0.039,4.713,-0.085,0.045,2.388,98565.5,232.30,-5.16,,,,,,,,1,0,6CDB
1878,37.560000,SIMULATED,DESCENT,8.671,-0.115,4.563,0.010,0.024,3.798,98569.6,231.95,-5.16,,,,,,,,1,0,3B7F
1879,37.580000,SIMULATED,DESCENT,8.703,0.037,4.439,0.035,-0.285,4.918,98573.3,231.63,-5.17,,,,,,,,1,0,66D6
1880,37.600000,SIMULATED,DESCENT,8.827,-0.054,4.340,0.134,0.027,6.171,98570.0,231.92,-5.15,,,,,,,,1,0,BB2D
1881,37.620000,SIMULATED,DESCENT,8.755,-0.060,4.271,0.012,0.079,7.385,98579.9,231.07,-5.20,,,,,,,,1,0,BA06
1882,37.640000,SIMULATED,DESCENT,8.876,-0.055,4.066,0.010,0.089,8.843,98574.3,231.55,-5.19,,,,,,,,1,0,EAFF
1883,37.660000,SIMULATED,DESCENT,8.969,-0.058,4.035,0.019,-0.146,9.836,98570.4,231.88,-5.15,,,,,,,,1,0,77BA
1884,37.680000,SIMULATED,DESCENT,9.017,0.065,3.801,0.113,0.108,10.790,98578.6,231.19,-5.16,,,,,,,,1,0,DC1B
1885,37.700000,SIMULATED,DESCENT,9.127,0.112,3.842,-0.036,0.034,12.103,98578.9,231.16,-5.16,,,,,,,,1,0,56A8
1886,37.720000,SIMULATED,DESCENT,9.063,-0.038,3.772,0.186,-0.295,13.228,98576.3,231.38,-5.14,,,,,,,,1,0,B7E4
1887,37.740000,SIMULATED,DESCENT,9.125,0.016,3.523,0.178,-0.102,14.281,98579.8,231.08,-5.13,,,,,,,,1,0,0AE7
1888,37.760000,SIMULATED,DESCENT,9.061,0.027,3.521,-0.153,0.042,15.264,98582.1,230.89,-5.13,,,,,,,,1,0,0974
1889,37.780000,SIMULATED,DESCENT,9.186,0.023,3.430,0.119,0.041,16.103,98586.8,230.49,-5.16,,,,,,,,1,0,AE2A
1890,37.800000,SIMULATED,DESCENT,9.145,-0.025,3.313,-0.023,-0.103,17.187,98584.3,230.70,-5.16,,,,,,,,1,0,141A
1891,37.820000,SIMULATED,DESCENT,9.330,-0.092,3.296,0.011,-0.082,18.182,98585.1,230.63,-5.15,,,,,,,,1,0,680D
1892,37.840000,SIMULATED,DESCENT,9.211,-0.084,3.154,-0.187,0.061,18.846,98587.6,230.42,-5.16,,,,,,,,1,0,57B0
1893,37.860000,SIMULATED,DESCENT,9.234,0.053,3.134,-0.131,0.033,19.769,98585.9,230.56,-5.14,,,,,,,,1,0,429B
1894,37.880000,SIMULATED,DESCENT,9.313,-0.026,2.958,0.096,0.035,20.557,98590.0,230.22,-5.15,,,,,,,,1,0,1FAC
1895,37.900000,SIMULATED,DESCENT,9.344,-0.052,2.957,0.127,-0.022,21.010,98589.5,230.26,-5.14,,,,,,,,1,0,C104
1896,37.920000,SIMULATED,DESCENT,9.432,0.045,2.883,-0.232,-0.023,21.859,98590.4,230.18,-5.13,,,,,,,,1,0,B7FC
1897,37.940000,SIMULATED,DESCENT,9.399,0.004,2.873,-0.212,-0.010,22.344,98590.8,230.14,-5.12,,,,,,,,1,0,083B
1898,37.960000,SIMULATED,DESCENT,9.402,-0.030,2.778,0.132,0.030,22.843,98590.4,230.18,-5.09,,,,,,,,1,0,0967
1899,37.980000,SIMULATED,DESCENT,9.408,-0.090,2.679,0.032,0.184,23.411,98602.3,229.17,-5.15,,,,,,,,1,0,8152
1900,38.000000,SIMULATED,DESCENT,9.435,0.022,2.714,0.109,-0.004,23.652,98597.1,229.61,-5.15,21.28,0.0002573,0.0004731,231.8,3,9,4.077,1,0,B678
1901,38.020000,SIMULATED,DESCENT,9.463,0.041,2.488,-0.121,0.016,24.189,98593.1,229.95,-5.12,,,,,,,,1,0,ABB1
1902,38.040000,SIMULATED,DESCENT,9.490,0.015,2.638,0.164,0.068,24.512,98597.7,229.56,-5.11,,,,,,,,1,0,3D9B
1903,38.060000,SIMULATED,DESCENT,9.454,-0.070,2.602,-0.147,-0.188,24.576,98592.1,230.04,-5.06,,,,,,,,1,0,6D2B
1904,38.080000,SIMULATED,DESCENT,9.576,-0.010,2.534,-0.114,0.075,24.799,98604.3,229.00,-5.08,,,,,,,,1,0,ECA7
1905,38.100000,SIMULATED,DESCENT,9.427,0.003,2.584,-0.186,0.145,24.978,98604.7,228.96,-5.10,,,,,,,,1,0,C006
1906,38.120000,SIMULATED,DESCENT,9.597,-0.011,2.530,-0.092,0.002,24.821,98603.0,229.11,-5.10,,,,,,,,1,0,F83A
1907,38.140000,SIMULATED,DESCENT,9.421,0.020,2.646,0.058,0.147,24.898,98608.9,228.60,-5.13,,,,,,,,1,0,A519
1908,38.160000,SIMULATED,DESCENT,9.460,0.002,2.506,0.054,0.158,24.985,98605.8,228.87,-5.13,,,,,,,,1,0,87D9
1909,38.180000,SIMULATED,DESCENT,9.444,0.009,2.514,0.071,0.003,24.851,98609.9,228.52,-5.15,,,,,,,,1,0,57BC
1910,38.200000,SIMULATED,DESCENT,9.372,-0.003,2.548,-0.099,-0.029,24.537,98610.3,228.49,-5.16,,,,,,,,1,0,FDFE
1911,38.220000,SIMULATED,DESCENT,9.420,-0.014,2.535,-0.114,0.053,24.255,98604.9,228.94,-5.13,,,,,,,,1,0,01A8
1912,38.240000,SIMULATED,DESCENT,9.495,0.028,2.609,-0.077,0.000,23.780,98611.4,228.40,-5.13,,,,,,,,1,0,0C28
1913,38.260000,SIMULATED,DESCENT,9.365,-0.013,2.678,0.053,0.101,23.587,98608.0,228.68,-5.10,,,,,,,,1,0,9140
1914,38.280000,SIMULATED,DESCENT,9.417,-0.026,2.743,-0.043,-0.052,23.064,98609.0,228.60,-5.07,,,,,,,,1,0,5963
1915,38.300000,SIMULATED,DESCENT,9.418,-0.037,2.771,-0.066,-0.025,22.568,98618.7,227.78,-5.11,,,,,,,,1,0,71B2
1916,38.320000,SIMULATED,DESCENT,9.378,0.056,2.866,-0.043,0.094,22.064,98615.7,228.02,-5.11,,,,,,,,1,0,F129
1917,38.340000,SIMULATED,DESCENT,9.214,-0.081,2.842,0.004,-0.096,21.442,98622.4,227.45,-5.15,,,,,,,,1,0,6C64
1918,38.360000,SIMULATED,DESCENT,9.419,-0.066,2.883,0.046,-0.228,20.755,98620.5,227.62,-5.17,,,,,,,,1,0,B011
1919,38.380000,SIMULATED,DESCENT,9.331,0.011,2.953,0.020,0.103,19.921,98616.7,227.94,-5.15,,,,,,,,1,0,2DFB
1920,38.400000,SIMULATED,DESCENT,9.255,0.032,2.995,0.016,-0.038,19.402,98622.9,227.41,-5.16,,,,,,,,1,0,DD57
1921,38.420000,SIMULATED,DESCENT,9.347,0.024,3.105,0.104,-0.033,18.514,98619.2,227.73,-5.14,,,,,,,,1,0,E954
1922,38.440000,SIMULATED,DESCENT,9.248,-0.076,3.283,-0.006,-0.104,17.618,98627.0,227.07,-5.17,,,,,,,,1,0,D419
1923,38.460000,SIMULATED,DESCENT,9.294,-0.032,3.431,0.016,0.013,16.643,98625.8,227.17,-5.18,,,,,,,,1,0,7CCF
1924,38.480000,SIMULATED,DESCENT,9.181,-0.010,3.452,-0.053,-0.076,15.567,98624.9,227.25,-5.18,,,,,,,,1,0,0FF6
1925,38.500000,SIMULATED,DESCENT,9.164,0.064,3.504,0.273,0.204,14.601,98628.2,226.96,-5.19,,,,,,,,1,0,B036
1926,38.520000,SIMULATED,DESCENT,9.115,-0.021,3.551,0.084,-0.073,13.628,98625.7,227.17,-5.17,,,,,,,,1,0,0F85
1927,38.540000,SIMULATED,DESCENT,9.095,-0.030,3.733,0.192,-0.013,12.626,98624.7,227.26,-5.14,,,,,,,,1,0,2166
1928,38.560000,SIMULATED,DESCENT,8.957,-0.031,3.763,-0.001,0.066,11.535,98629.9,226.82,-5.13,,,,,,,,1,0,440C
1929,38.580000,SIMULATED,DESCENT,9.011,0.070,4.047,0.050,-0.014,10.438,98631.3,226.70,-5.13,,,,,,,,1,0,A98F
1930,38.600000,SIMULATED,DESCENT,8.896,0.019,4.174,0.010,-0.215,9.287,98632.9,226.56,-5.14,,,,,,,,1,0,61EB
1931,38.620000,SIMULATED,DESCENT,8.826,-0.079,4.153,-0.148,0.062,7.956,98637.2,226.20,-5.16,,,,,,,,1,0,1181
1932,38.640000,SIMULATED,DESCENT,8.746,0.017,4.266,0.146,-0.068,6.774,98630.6,226.76,-5.13,,,,,,,,1,0,3A4E
1933,38.660000,SIMULATED,DESCENT,8.767,-0.029,4.296,0.047,0.101,5.535,98641.7,225.82,-5.17,,,,,,,,1,0,5522
1934,38.680000,SIMULATED,DESCENT,8.716,-0.033,4.587,0.120,-0.019,4.284,98632.3,226.61,-5.13,,,,,,,,1,0,DAEB
1935,38.700000,SIMULATED,DESCENT,8.590,-0.011,4.650,0.035,-0.187,3.129,98637.2,226.19,-5.12,,,,,,,,1,0,0807
1936,38.720000,SIMULATED,DESCENT,8.618,0.031,4.754,0.002,-0.022,1.769,98639.6,226.00,-5.12,,,,,,,,1,0,A899
1937,38.740000,SIMULATED,DESCENT,8.503,0.015,4.822,-0.069,-0.115,0.567,98647.1,225.36,-5.16,,,,,,,,1,0,6CE0
1938,38.760000,SIMULATED,DESCENT,8.529,0.031,4.970,-0.293,-0.066,-0.480,98647.0,225.36,-5.19,,,,,,,,1,0,9149
1939,38.780000,SIMULATED,DESCENT,8.382,0.068,5.028,-0.156,0.047,-1.931,98644.2,225.60,-5.19,,,,,,,,1,0,91B6
1940,38.800000,SIMULATED,DESCENT,8.272,0.017,5.161,-0.018,0.012,-3.025,98643.4,225.67,-5.18,,,,,,,,1,0,B72C
1941,38.820000,SIMULATED,DESCENT,8.268,0.011,5.265,0.082,-0.006,-4.161,98647.4,225.33,-5.19,,,,,,,,1,0,598E
1942,38.840000,SIMULATED,DESCENT,8.210,0.063,5.428,-0.126,0.047,-5.719,98646.7,225.39,-5.18,,,,,,,,1,0,3DDE
1943,38.860000,SIMULATED,DESCENT,8.138,-0.021,5.571,0.001,0.017,-6.809,98645.8,225.47,-5.16,,,,,,,,1,0,0B4D
1944,38.880000,SIMULATED,DESCENT,7.995,0.012,5.704,0.083,-0.120,-7.892,98647.1,225.36,-5.14,,,,,,,,1,0,6DE2
1945,38.900000,SIMULATED,DESCENT,8.025,-0.061,5.583,-0.186,-0.189,-9.157,98650.4,225.08,-5.14,,,,,,,,1,0,C027
1946,38.920000,SIMULATED,DESCENT,7.769,0.062,5.763,0.130,-0.012,-10.356,98647.7,225.30,-5.11,,,,,,,,1,0,0C69
1947,38.940000,SIMULATED,DESCENT,7.816,0.060,5.905,-0.031,-0.027,-11.424,98649.7,225.14,-5.09,,,,,,,,1,0,4A12
1948,38.960000,SIMULATED,DESCENT,7.717,-0.010,5.930,-0.079,-0.016,-12.510,98653.8,224.78,-5.09,,,,,,,,1,0,95F1
1949,38.980000,SIMULATED,DESCENT,7.661,0.025,6.093,0.026,0.010,-13.637,98659.9,224.26,-5.12,,,,,,,,1,0,7B63
1950,39.000000,SIMULATED,DESCENT,7.715,0.046,6.186,0.001,-0.029,-14.676,98658.1,224.42,-5.13,21.19,0.0002385,0.0005046,232.8,3,9,4.066,1,0,36B6
1951,39.020000,SIMULATED,DESCENT,7.694,0.067,6.253,0.088,-0.041,-15.442,98656.7,224.54,-5.12,,,,,,,,1,0,ED25
1952,39.040000,SIMULATED,DESCENT,7.536,-0.019,6.308,-0.052,0.065,-16.518,98660.6,224.21,-5.13,,,,,,,,1,0,A4E8
1953,39.060000,SIMULATED,DESCENT,7.453,-0.104,6.342,-0.057,-0.035,-17.763,98659.4,224.31,-5.12,,,,,,,,1,0,B3E4
1954,39.080000,SIMULATED,DESCENT,7.420,0.037,6.357,-0.023,0.054,-18.520,98663.1,223.99,-5.14,,,,,,,,1,0,4870
1955,39.100000,SIMULATED,DESCENT,7.361,0.062,6.502,0.056,0.078,-19.346,98660.2,224.24,-5.12,,,,,,,,1,0,C4B7
1956,39.120000,SIMULATED,DESCENT,7.331,0.000,6.657,-0.080,-0.076,-20.017,98666.3,223.72,-5.13,,,,,,,,1,0,16D1
1957,39.140000,SIMULATED,DESCENT,7.217,0.026,6.701,-0.137,-0.040,-20.581,98663.5,223.96,-5.12,,,,,,,,1,0,E748
1958,39.160000,SIMULATED,DESCENT,7.188,-0.019,6.748,0.093,0.136,-21.546,98668.6,223.53,-5.14,,,,,,,,1,0,1A33
1959,39.180000,SIMULATED,DESCENT,7.133,0.005,6.590,-0.046,0.034,-22.136,98672.6,223.19,-5.17,,,,,,,,1,0,C826
1960,39.200000,SIMULATED,DESCENT,7.152,-0.091,6.738,0.073,0.023,-22.574,98663.7,223.95,-5.13,,,,,,,,1,0,83F9
1961,39.220000,SIMULATED,DESCENT,7.102,0.078,6.735,0.246,-0.178,-23.127,98674.1,223.06,-5.16,,,,,,,,1,0,6366
1962,39.240000,SIMULATED,DESCENT,7.120,0.072,6.778,-0.106,-0.148,-23.661,98670.8,223.34,-5.16,,,,,,,,1,0,F42E
1963,39.260000,SIMULATED,DESCENT,7.108,-0.125,6.882,-0.053,-0.108,-23.776,98672.2,223.22,-5.15,,,,,,,,1,0,D36D
1964,39.280000,SIMULATED,DESCENT,6.976,0.011,6.820,0.097,-0.070,-24.326,98670.6,223.35,-5.13,,,,,,,,1,0,346C
1965,39.300000,SIMULATED,DESCENT,7.024,-0.063,6.848,0.080,0.003,-24.481,98671.2,223.30,-5.10,,,,,,,,1,0,8774
1966,39.320000,SIMULATED,DESCENT,6.959,0.013,6.896,-0.008,-0.196,-24.706,98672.5,223.20,-5.08,,,,,,,,1,0,1F8C
1967,39.340000,SIMULATED,DESCENT,6.932,0.084,6.916,0.074,-0.106,-24.812,98674.6,223.02,-5.06,,,,,,,,1,0,0D9C
1968,39.360000,SIMULATED,DESCENT,6.930,-0.009,6.941,0.047,-0.032,-25.001,98678.0,222.73,-5.07,,,,,,,,1,0,04BE
1969,39.380000,SIMULATED,DESCENT,6.970,-0.062,6.960,0.095,-0.008,-25.009,98677.4,222.78,-5.05,,,,,,,,1,0,8AD8
1970,39.400000,SIMULATED,DESCENT,6.922,-0.055,7.001,0.005,0.043,-24.905,98678.3,222.70,-5.04,,,,,,,,1,0,E652
1971,39.420000,SIMULATED,DESCENT,6.983,-0.041,6.984,-0.004,-0.032,-24.896,98683.8,222.23,-5.06,,,,,,,,1,0,1836
1972,39.440000,SIMULATED,DESCENT,6.997,-0.013,6.890,0.050,0.054,-24.612,98688.1,221.87,-5.10,,,,,,,,1,0,73A0
1973,39.460000,SIMULATED,DESCENT,7.082,0.061,6.889,0.025,0.034,-24.460,98687.5,221.92,-5.12,,,,,,,,1,0,1328
1974,39.480000,SIMULATED,DESCENT,7.030,-0.027,6.867,0.041,0.147,-24.166,98681.8,222.41,-5.09,,,,,,,,1,0,FD55
1975,39.500000,SIMULATED,DESCENT,7.003,-0.082,6.813,-0.161,0.085,-23.769,98692.0,221.53,-5.13,,,,,,,,1,0,757F
1976,39.520000,SIMULATED,DESCENT,7.004,0.040,6.746,-0.089,0.126,-23.325,98689.3,221.76,-5.14,,,,,,,,1,0,7CB7
1977,39.540000,SIMULATED,DESCENT,7.075,0.017,6.753,0.033,-0.189,-23.030,98688.1,221.87,-5.13,,,,,,,,1,0,46A7
1978,39.560000,SIMULATED,DESCENT,7.083,-0.043,6.821,-0.003,0.086,-22.574,98689.9,221.72,-5.13,,,,,,,,1,0,5A4B
1979,39.580000,SIMULATED,DESCENT,7.136,-0.034,6.794,-0.072,-0.141,-21.765,98686.4,222.01,-5.09,,,,,,,,1,0,D387
1980,39.600000,SIMULATED,DESCENT,7.263,0.005,6.668,0.200,0.047,-21.180,98690.0,221.70,-5.07,,,,,,,,1,0,A9F3
1981,39.620000,SIMULATED,DESCENT,7.310,-0.005,6.556,-0.087,-0.021,-20.268,98697.2,221.09,-5.10,,,,,,,,1,0,BB09
1982,39.640000,SIMULATED,DESCENT,7.296,-0.060,6.482,-0.149,-0.099,-19.518,98694.2,221.35,-5.09,,,,,,,,1,0,99CA
1983,39.660000,SIMULATED,DESCENT,7.382,0.068,6.478,0.002,0.146,-18.660,98695.9,221.20,-5.09,,,,,,,,1,0,7BFD
1984,39.680000,SIMULATED,DESCENT,7.384,0.006,6.424,0.055,0.005,-18.032,98700.7,220.80,-5.12,,,,,,,,1,0,0D36
1985,39.700000,SIMULATED,DESCENT,7.356,-0.062,6.335,0.118,0.093,-17.055,98697.4,221.07,-5.11,,,,,,,,1,0,87EF
1986,39.720000,SIMULATED,DESCENT,7.492,-0.002,6.281,0.096,-0.013,-16.122,98698.9,220.95,-5.10,,,,,,,,1,0,06C2
1987,39.740000,SIMULATED,DESCENT,7.577,0.034,6.232,0.042,0.185,-15.014,98706.0,220.35,-5.14,,,,,,,,1,0,09A9
1988,39.760000,SIMULATED,DESCENT,7.639,0.030,6.078,0.142,0.168,-14.403,98701.1,220.76,-5.13,,,,,,,,1,0,3AD0
1989,39.780000,SIMULATED,DESCENT,7.717,0.024,6.090,0.188,-0.012,-13.161,98709.9,220.01,-5.17,,,,,,,,1,0,F02A
1990,39.800000,SIMULATED,DESCENT,7.847,0.011,5.937,0.036,-0.070,-12.031,98707.4,220.23,-5.19,,,,,,,,1,0,207E
1991,39.820000,SIMULATED,DESCENT,7.822,0.016,5.827,-0.003,-0.097,-11.200,98707.3,220.24,-5.19,,,,,,,,1,0,EBF5
1992,39.840000,SIMULATED,DESCENT,7.930,0.018,5.694,0.217,-0.126,-9.826,98709.5,220.05,-5.20,,,,,,,,1,0,7ADF
1993,39.860000,SIMULATED,DESCENT,7.951,0.029,5.631,-0.101,-0.087,-8.673,98711.7,219.87,-5.22,,,,,,,,1,0,7512
1994,39.880000,SIMULATED,DESCENT,8.172,-0.064,5.557,-0.041,-0.028,-7.502,98713.2,219.73,-5.24,,,,,,,,1,0,3B69
1995,39.900000,SIMULATED,DESCENT,8.155,0.080,5.529,0.113,0.074,-6.168,98712.3,219.81,-5.24,,,,,,,,1,0,67CF
1996,39.920000,SIMULATED,DESCENT,8.186,-0.004,5.285,-0.030,-0.006,-4.854,98709.6,220.04,-5.22,,,,,,,,1,0,0823
1997,39.940000,SIMULATED,DESCENT,8.287,-0.061,5.260,0.079,0.034,-3.814,98714.0,219.67,-5.22,,,,,,,,1,0,CAB3
1998,39.960000,SIMULATED,DESCENT,8.466,0.044,5.175,0.036,0.176,-2.462,98714.9,219.59,-5.21,,,,,,,,1,0,D053
1999,39.980000,SIMULATED,DESCENT,8.407,0.093,5.052,-0.085,0.115,-1.450,98717.6,219.36,-5.22,,,,,,,,1,0,5AE9
2000,40.000000,SIMULATED,DESCENT,8.460,0.071,4.946,-0.092,-0.012,0.043,98712.0,219.83,-5.18,21.05,0.0002665,0.0005546,216.0,3,9,4.067,1,0,585A
2001,40.020000,SIMULATED,DESCENT,8.477,-0.111,4.745,-0.044,0.107,1.324,98715.6,219.53,-5.16,,,,,,,,1,0,6278
2002,40.040000,SIMULATED,DESCENT,8.643,-0.018,4.661,0.057,-0.127,2.374,98723.9,218.82,-5.19,,,,,,,,1,0,A974
2003,40.060000,SIMULATED,DESCENT,8.662,-0.035,4.600,-0.090,-0.111,3.513,98719.4,219.21,-5.17,,,,,,,,1,0,53E5
2004,40.080000,SIMULATED,DESCENT,8.774,0.087,4.457,0.135,-0.127,4.943,98723.8,218.83,-5.18,,,,,,,,1,0,32C9
2005,40.100000,SIMULATED,DESCENT,8.807,0.041,4.270,0.063,-0.074,6.232,98721.1,219.07,-5.17,,,,,,,,1,0,4EA7
2006,40.120000,SIMULATED,DESCENT,8.836,0.077,4.318,0.079,-0.027,7.353,98723.4,218.86,-5.16,,,,,,,,1,0,587F
2007,40.140000,SIMULATED,DESCENT,8.873,0.031,4.063,0.025,0.056,8.560,98722.8,218.92,-5.14,,,,,,,,1,0,10C9
2008,40.160000,SIMULATED,DESCENT,8.918,-0.016,3.975,-0.003,-0.012,9.716,98721.9,218.99,-5.10,,,,,,,,1,0,1F60
2009,40.180000,SIMULATED,DESCENT,9.026,-0.038,3.917,-0.140,0.032,10.961,98727.5,218.52,-5.10,,,,,,,,1,0,5E58
2010,40.200000,SIMULATED,DESCENT,9.069,-0.045,3.751,0.112,-0.009,12.005,98726.6,218.60,-5.08,,,,,,,,1,0,76CA
2011,40.220000,SIMULATED,DESCENT,9.084,-0.032,3.661,-0.030,0.076,13.099,98726.0,218.65,-5.05,,,,,,,,1,0,0770
2012,40.240000,SIMULATED,DESCENT,9.140,0.001,3.651,-0.039,-0.027,14.175,98735.0,217.88,-5.08,,,,,,,,1,0,8EE8
2013,40.260000,SIMULATED,DESCENT,9.106,0.023,3.533,-0.169,0.038,15.188,98731.1,218.21,-5.07,,,,,,,,1,0,F73D
2014,40.280000,SIMULATED,DESCENT,9.283,0.020,3.383,-0.091,0.009,16.256,98733.7,217.99,-5.07,,,,,,,,1,0,20C8
2015,40.300000,SIMULATED,DESCENT,9.222,-0.083,3.376,0.063,-0.085,17.101,98732.3,218.11,-5.06,,,,,,,,1,0,8D64
2016,40.320000,SIMULATED,DESCENT,9.258,-0.024,3.166,-0.124,0.085,17.835,98742.9,217.21,-5.10,,,,,,,,1,0,E6BA
2017,40.340000,SIMULATED,DESCENT,9.305,0.010,3.137,0.149,-0.026,18.941,98737.1,217.70,-5.10,,,,,,,,1,0,0ABB
2018,40.360000,SIMULATED,DESCENT,9.288,0.017,3.073,-0.036,0.177,19.628,98738.9,217.55,-5.11,,,,,,,,1,0,389B
2019,40.380000,SIMULATED,DESCENT,9.348,0.014,2.961,-0.008,0.103,20.176,98742.3,217.26,-5.12,,,,,,,,1,0,6086
2020,40.400000,SIMULATED,DESCENT,9.342,-0.070,2.947,-0.071,0.028,20.947,98740.4,217.42,-5.12,,,,,,,,1,0,5574
2021,40.420000,SIMULATED,DESCENT,9.371,0.016,2.985,0.039,-0.036,21.803,98740.2,217.44,-5.10,,,,,,,,1,0,0C74
2022,40.440000,SIMULATED,DESCENT,9.417,0.001,2.795,0.092,-0.069,22.514,98742.7,217.22,-5.10,,,,,,,,1,0,4106
2023,40.460000,SIMULATED,DESCENT,9.399,0.012,2.776,-0.024,0.071,23.024,98749.3,216.67,-5.13,,,,,,,,1,0,5C85
2024,40.480000,SIMULATED,DESCENT,9.472,-0.028,2.787,0.018,0.172,23.497,98750.8,216.53,-5.16,,,,,,,,1,0,3CD5
2025,40.500000,SIMULATED,DESCENT,9.546,-0.003,2.612,-0.044,0.001,23.662,98752.3,216.41,-5.20,,,,,,,,1,0,AA0C
2026,40.520000,SIMULATED,DESCENT,9.426,0.040,2.619,0.049,0.020,24.124,98748.0,216.78,-5.19,,,,,,,,1,0,5499
2027,40.540000,SIMULATED,DESCENT,9.441,0.032,2.532,0.064,0.005,24.553,98754.2,216.25,-5.22,,,,,,,,1,0,D26D
2028,40.560000,SIMULATED,DESCENT,9.532,-0.005,2.531,-0.112,-0.271,24.741,98754.9,216.19,-5.24,,,,,,,,1,0,3F81
2029,40.580000,SIMULATED,DESCENT,9.403,0.025,2.570,0.089,0.116,24.972,98748.5,216.73,-5.21,,,,,,,,1,0,A1FB
2030,40.600000,SIMULATED,DESCENT,9.493,-0.049,2.548,0.001,-0.032,24.791,98749.4,216.66,-5.18,,,,,,,,1,0,29B2
2031,40.620000,SIMULATED,DESCENT,9.403,0.087,2.522,-0.071,-0.006,24.927,98758.1,215.91,-5.20,,,,,,,,1,0,C0D4
2032,40.640000,SIMULATED,DESCENT,9.530,-0.044,2.601,-0.117,0.129,24.734,98750.5,216.56,-5.16,,,,,,,,1,0,7278
2033,40.660000,SIMULATED,DESCENT,9.481,-0.023,2.483,0.007,0.057,24.828,98760.4,215.72,-5.18,,,,,,,,1,0,66C1
2034,40.680000,SIMULATED,DESCENT,9.562,0.111,2.615,-0.067,0.054,24.685,98760.7,215.70,-5.19,,,,,,,,1,0,FF84
2035,40.700000,SIMULATED,DESCENT,9.455,0.061,2.518,0.087,-0.067,24.522,98766.1,215.24,-5.24,,,,,,,,1,0,614A
2036,40.720000,SIMULATED,DESCENT,9.517,-0.025,2.599,-0.178,0.057,24.462,98759.3,215.81,-5.22,,,,,,,,1,0,8250
2037,40.740000,SIMULATED,DESCENT,9.426,-0.007,2.621,0.130,0.141,24.121,98761.0,215.67,-5.21,,,,,,,,1,0,9CB7
2038,40.760000,SIMULATED,DESCENT,9.412,0.030,2.697,0.047,-0.023,23.651,98760.3,215.73,-5.19,,,,,,,,1,0,FF77
2039,40.780000,SIMULATED,DESCENT,9.421,0.049,2.691,0.070,0.040,23.105,98763.9,215.43,-5.18,,,,,,,,1,0,F620
2040,40.800000,SIMULATED,DESCENT,9.302,0.071,2.811,-0.007,-0.032,22.757,98767.2,215.14,-5.19,,,,,,,,1,0,FC8D
2041,40.820000,SIMULATED,DESCENT,9.416,-0.032,2.922,-0.136,0.063,21.969,98769.3,214.96,-5.20,,,,,,,,1,0,1381
2042,40.840000,SIMULATED,DESCENT,9.481,-0.031,2.807,0.111,-0.101,21.513,98761.0,215.67,-5.15,,,,,,,,1,0,3E46
2043,40.860000,SIMULATED,DESCENT,9.346,0.053,2.973,-0.087,0.098,20.656,98766.3,215.22,-5.13,,,,,,,,1,0,1CDC
2044,40.880000,SIMULATED,DESCENT,9.293,0.136,2.969,-0.030,-0.013,20.065,98775.5,214.44,-5.16,,,,,,,,1,0,4579
2045,40.900000,SIMULATED,DESCENT,9.262,0.076,2.953,0.050,0.114,19.299,98772.1,214.73,-5.16,,,,,,,,1,0,E25C
2046,40.920000,SIMULATED,DESCENT,9.287,-0.058,3.117,0.029,-0.015,18.429,98771.6,214.77,-5.15,,,,,,,,1,0,6379
2047,40.940000,SIMULATED,DESCENT,9.333,0.044,3.272,0.019,0.175,17.493,98772.9,214.66,-5.14,,,,,,,,1,0,987D
2048,40.960000,SIMULATED,DESCENT,9.150,0.056,3.298,0.033,-0.137,16.824,98774.7,214.51,-5.14,,,,,,,,1,0,ECA2
2049,40.980000,SIMULATED,DESCENT,9.233,0.095,3.459,0.048,0.075,15.647,98778.6,214.17,-5.15,,,,,,,,1,0,AB91
2050,41.000000,SIMULATED,DESCENT,9.205,0.046,3.543,-0.093,-0.154,14.671,98778.3,214.20,-5.15,21.01,0.0002750,0.0005595,216.8,3,9,4.064,1,0,7587
2051,41.020000,SIMULATED,DESCENT,9.151,-0.060,3.666,-0.008,-0.136,13.702,98773.5,214.61,-5.11,,,,,,,,1,0,55A2
2052,41.040000,SIMULATED,DESCENT,9.019,0.055,3.688,0.127,-0.024,12.634,98778.7,214.17,-5.11,,,,,,,,1,0,FAD4
2053,41.060000,SIMULATED,DESCENT,8.957,-0.049,3.802,0.061,0.018,11.432,98786.6,213.49,-5.14,,,,,,,,1,0,3323
2054,41.080000,SIMULATED,DESCENT,8.963,-0.053,3.944,-0.088,0.006,10.255,98782.0,213.89,-5.14,,,,,,,,1,0,E7E3
2055,41.100000,SIMULATED,DESCENT,8.919,-0.081,4.035,0.064,-0.092,9.334,98782.9,213.81,-5.13,,,,,,,,1,0,21FD
2056,41.120000,SIMULATED,DESCENT,8.816,0.005,4.154,0.015,-0.161,7.989,98785.8,213.56,-5.14,,,,,,,,1,0,0808
2057,41.140000,SIMULATED,DESCENT,8.821,0.011,4.245,0.033,-0.188,6.799,98784.3,213.69,-5.12,,,,,,,,1,0,1DE0
2058,41.160000,SIMULATED,DESCENT,8.770,-0.039,4.468,0.066,0.022,5.696,98792.1,213.02,-5.16,,,,,,,,1,0,AAE3
2059,41.180000,SIMULATED,DESCENT,8.700,-0.114,4.508,0.046,0.030,4.383,98792.7,212.98,-5.18,,,,,,,,1,0,9F75
2060,41.200000,SIMULATED,DESCENT,8.593,0.050,4.641,-0.018,-0.041,3.121,98794.0,212.87,-5.21,,,,,,,,1,0,6C6E
2061,41.220000,SIMULATED,DESCENT,8.522,0.025,4.694,0.054,0.016,1.961,98788.3,213.35,-5.19,,,,,,,,1,0,83F3
2062,41.240000,SIMULATED,DESCENT,8.547,0.042,4.936,0.100,-0.122,0.625,98793.3,212.93,-5.19,,,,,,,,1,0,4D2F
2063,41.260000,SIMULATED,DESCENT,8.468,0.047,4.910,0.077,-0.036,-0.726,98794.3,212.84,-5.19,,,,,,,,1,0,602D
2064,41.280000,SIMULATED,DESCENT,8.457,0.064,5.121,-0.191,-0.240,-1.846,98797.8,212.55,-5.21,,,,,,,,1,0,B145
2065,41.300000,SIMULATED,DESCENT,8.341,0.055,5.204,0.171,0.206,-3.175,98796.9,212.62,-5.21,,,,,,,,1,0,EA46
2066,41.320000,SIMULATED,DESCENT,8.307,-0.039,5.298,-0.132,0.196,-4.516,98798.6,212.48,-5.22,,,,,,,,1,0,5994
2067,41.340000,SIMULATED,DESCENT,8.329,-0.022,5.419,-0.158,-0.112,-5.471,98794.9,212.79,-5.19,,,,,,,,1,0,ED64
2068,41.360000,SIMULATED,DESCENT,8.124,0.039,5.623,0.010,0.027,-6.902,98799.2,212.43,-5.18,,,,,,,,1,0,B53D
2069,41.380000,SIMULATED,DESCENT,8.047,-0.055,5.588,-0.051,-0.030,-8.117,98804.4,211.98,-5.20,,,,,,,,1,0,E2D9
2070,41.400000,SIMULATED,DESCENT,8.000,0.001,5.731,0.033,0.139,-9.083,98802.8,212.12,-5.20,,,,,,,,1,0,ADEE
2071,41.420000,SIMULATED,DESCENT,7.954,-0.011,5.698,0.014,-0.089,-10.264,98797.7,212.56,-5.16,,,,,,,,1,0,60C0
2072,41.440000,SIMULATED,DESCENT,7.923,-0.004,5.868,-0.145,-0.093,-11.340,98807.7,211.71,-5.18,,,,,,,,1,0,064D
2073,41.460000,SIMULATED,DESCENT,7.808,0.005,5.912,0.015,-0.055,-12.511,98806.1,211.84,-5.18,,,,,,,,1,0,DF41
2074,41.480000,SIMULATED,DESCENT,7.635,0.046,6.081,0.085,-0.122,-13.745,98811.2,211.41,-5.21,,,,,,,,1,0,EA97
2075,41.500000,SIMULATED,DESCENT,7.646,-0.047,6.218,-0.124,-0.117,-14.783,98810.7,211.45,-5.22,,,,,,,,1,0,BF18
2076,41.520000,SIMULATED,DESCENT,7.551,0.068,6.282,-0.010,-0.106,-15.839,98811.4,211.39,-5.23,,,,,,,,1,0,4A52
2077,41.540000,SIMULATED,DESCENT,7.505,0.039,6.373,0.088,0.069,-16.580,98813.3,211.23,-5.24,,,,,,,,1,0,45A0
2078,41.560000,SIMULATED,DESCENT,7.462,-0.008,6.349,0.103,0.055,-17.565,98814.0,211.17,-5.25,,,,,,,,1,0,1555
2079,41.580000,SIMULATED,DESCENT,7.302,0.013,6.478,-0.024,0.217,-18.415,98815.9,211.00,-5.26,,,,,,,,1,0,8B19
2080,41.600000,SIMULATED,DESCENT,7.361,0.074,6.570,-0.002,0.033,-19.196,98813.9,211.17,-5.25,,,,,,,,1,0,5BE1
2081,41.620000,SIMULATED,DESCENT,7.283,-0.027,6.551,-0.142,0.083,-20.013,98815.0,211.08,-5.24,,,,,,,,1,0,35B6
2082,41.640000,SIMULATED,DESCENT,7.131,0.033,6.604,-0.019,-0.055,-20.803,98814.5,211.13,-5.22,,,,,,,,1,0,CC94
2083,41.660000,SIMULATED,DESCENT,7.281,-0.070,6.692,-0.151,0.079,-21.556,98810.3,211.49,-5.16,,,,,,,,1,0,27EC
2084,41.680000,SIMULATED,DESCENT,7.103,0.077,6.723,0.099,0.038,-22.187,98820.2,210.64,-5.17,,,,,,,,1,0,2318
2085,41.700000,SIMULATED,DESCENT,7.069,-0.003,6.802,0.025,-0.042,-22.692,98813.8,211.18,-5.12,,,,,,,,1,0,381D
2086,41.720000,SIMULATED,DESCENT,7.096,-0.050,6.848,0.025,0.043,-23.162,98821.4,210.54,-5.12,,,,,,,,1,0,CF2A
2087,41.740000,SIMULATED,DESCENT,7.006,-0.075,6.781,-0.058,-0.027,-23.514,98819.2,210.72,-5.09,,,,,,,,1,0,22B7
2088,41.760000,SIMULATED,DESCENT,6.991,0.007,6.904,0.218,-0.039,-23.896,98823.2,210.38,-5.09,,,,,,,,1,0,073F
2089,41.780000,SIMULATED,DESCENT,7.016,-0.010,6.891,-0.116,0.127,-24.190,98821.1,210.57,-5.06,,,,,,,,1,0,B5E2
2090,41.800000,SIMULATED,DESCENT,6.959,0.020,6.925,0.032,0.138,-24.520,98823.8,210.33,-5.05,,,,,,,,1,0,412B
2091,41.820000,SIMULATED,DESCENT,6.921,0.041,6.904,0.166,0.080,-24.796,98823.7,210.34,-5.02,,,,,,,,1,0,2EB8
2092,41.840000,SIMULATED,DESCENT,6.903,-0.006,6.836,0.011,0.118,-25.095,98831.6,209.67,-5.05,,,,,,,,1,0,C3E7
2093,41.860000,SIMULATED,DESCENT,6.973,0.011,6.913,0.044,0.232,-24.925,98833.4,209.52,-5.08,,,,,,,,1,0,3989
2094,41.880000,SIMULATED,DESCENT,6.935,0.073,7.017,0.029,0.025,-25.059,98833.3,209.53,-5.09,,,,,,,,1,0,8277
2095,41.900000,SIMULATED,DESCENT,6.852,-0.024,6.892,0.205,-0.153,-24.914,98831.1,209.72,-5.09,,,,,,,,1,0,771D
2096,41.920000,SIMULATED,DESCENT,6.960,-0.025,6.931,-0.229,0.157,-24.824,98833.7,209.49,-5.09,,,,,,,,1,0,9D5B
2097,41.940000,SIMULATED,DESCENT,7.024,-0.040,6.930,0.103,0.066,-24.587,98837.4,209.18,-5.11,,,,,,,,1,0,E719
2098,41.960000,SIMULATED,DESCENT,7.004,-0.054,6.942,0.064,-0.255,-24.555,98837.0,209.22,-5.12,,,,,,,,1,0,7587
2099,41.980000,SIMULATED,DESCENT,7.050,-0.079,6.912,0.046,0.044,-24.146,98842.1,208.78,-5.15,,,,,,,,1,0,EFB2
2100,42.000000,SIMULATED,DESCENT,6.993,-0.099,6.900,0.046,0.118,-23.762,98835.3,209.36,-5.13,20.87,0.0002872,0.0005395,209.0,3,9,4.060,1,0,0AA9
2101,42.020000,SIMULATED,DESCENT,7.076,0.025,6.757,-0.246,-0.083,-23.355,98841.9,208.80,-5.14,,,,,,,,1,0,8591
2102,42.040000,SIMULATED,DESCENT,7.119,-0.001,6.837,-0.330,-0.045,-23.010,98836.8,209.23,-5.12,,,,,,,,1,0,E0EC
2103,42.060000,SIMULATED,DESCENT,7.092,0.029,6.721,0.110,-0.035,-22.188,98839.1,209.04,-5.10,,,,,,,,1,0,5DB1
2104,42.080000,SIMULATED,DESCENT,7.037,-0.029,6.682,0.037,0.179,-21.821,98844.0,208.62,-5.10,,,,,,,,1,0,53D0
2105,42.100000,SIMULATED,DESCENT,7.236,-0.036,6.646,0.005,0.054,-21.041,98847.9,208.29,-5.13,,,,,,,,1,0,EFED
2106,42.120000,SIMULATED,DESCENT,7.247,-0.087,6.626,0.046,-0.090,-20.371,98840.9,208.88,-5.09,,,,,,,,1,0,219F
2107,42.140000,SIMULATED,DESCENT,7.328,0.090,6.564,-0.046,0.161,-19.765,98841.7,208.81,-5.06,,,,,,,,1,0,104E
2108,42.160000,SIMULATED,DESCENT,7.368,0.031,6.528,-0.172,0.001,-18.847,98843.8,208.64,-5.03,,,,,,,,1,0,776E
2109,42.180000,SIMULATED,DESCENT,7.318,-0.081,6.506,0.086,-0.223,-18.073,98844.8,208.55,-5.01,,,,,,,,1,0,3B82
2110,42.200000,SIMULATED,DESCENT,7.550,-0.005,6.357,0.077,-0.214,-17.084,98845.3,208.51,-4.98,,,,,,,,1,0,4665
2111,42.220000,SIMULATED,DESCENT,7.522,0.032,6.315,-0.006,0.047,-16.221,98855.4,207.65,-5.01,,,,,,,,1,0,41CD
2112,42.240000,SIMULATED,DESCENT,7.614,0.054,6.187,0.116,-0.063,-15.096,98855.5,207.65,-5.04,,,,,,,,1,0,805A
2113,42.260000,SIMULATED,DESCENT,7.693,-0.122,6.155,0.077,0.073,-14.363,98850.3,208.09,-5.02,,,,,,,,1,0,0D09
2114,42.280000,SIMULATED,DESCENT,7.763,-0.097,6.114,0.048,-0.024,-13.002,98859.4,207.31,-5.06,,,,,,,,1,0,DD6F
2115,42.300000,SIMULATED,DESCENT,7.910,-0.075,6.014,0.035,-0.053,-12.019,98852.5,207.90,-5.03,,,,,,,,1,0,59A3
2116,42.320000,SIMULATED,DESCENT,7.775,-0.049,5.783,-0.070,0.036,-10.800,98858.6,207.38,-5.05,,,,,,,,1,0,8056
2117,42.340000,SIMULATED,DESCENT,7.914,-0.060,5.780,0.135,0.010,-9.739,98863.1,207.00,-5.08,,,,,,,,1,0,AB8D
2118,42.360000,SIMULATED,DESCENT,8.070,0.068,5.593,0.013,0.057,-8.472,98862.6,207.04,-5.10,,,,,,,,1,0,6780
2119,42.380000,SIMULATED,DESCENT,8.213,-0.036,5.500,-0.059,-0.051,-7.435,98858.8,207.37,-5.09,,,,,,,,1,0,5F07
2120,42.400000,SIMULATED,DESCENT,8.071,-0.048,5.443,0.008,-0.042,-6.351,98863.7,206.95,-5.10,,,,,,,,1,0,1FBF
2121,42.420000,SIMULATED,DESCENT,8.208,0.004,5.368,0.026,0.012,-4.914,98866.4,206.72,-5.12,,,,,,,,1,0,5C61
2122,42.440000,SIMULATED,DESCENT,8.297,0.048,5.243,-0.164,0.124,-3.738,98865.1,206.83,-5.12,,,,,,,,1,0,6DEB
2123,42.460000,SIMULATED,DESCENT,8.372,0.004,5.172,-0.076,-0.027,-2.462,98867.0,206.67,-5.13,,,,,,,,1,0,954F
2124,42.480000,SIMULATED,DESCENT,8.351,-0.005,4.956,0.153,0.130,-1.230,98867.2,206.65,-5.13,,,,,,,,1,0,2AAF
2125,42.500000,SIMULATED,DESCENT,8.533,0.102,4.917,0.116,-0.043,0.101,98866.4,206.72,-5.12,,,,,,,,1,0,2766
2126,42.520000,SIMULATED,DESCENT,8.546,-0.062,4.775,0.148,-0.005,1.412,98870.5,206.37,-5.13,,,,,,,,1,0,0E9C
2127,42.540000,SIMULATED,DESCENT,8.617,0.039,4.734,-0.038,0.069,2.499,98870.5,206.37,-5.12,,,,,,,,1,0,E8A1
2128,42.560000,SIMULATED,DESCENT,8.679,0.047,4.575,-0.086,-0.017,3.735,98870.7,206.35,-5.12,,,,,,,,1,0,CFDC
2129,42.580000,SIMULATED,DESCENT,8.709,-0.084,4.398,-0.011,0.072,5.034,98870.7,206.35,-5.10,,,,,,,,1,0,00C8
2130,42.600000,SIMULATED,DESCENT,8.783,-0.043,4.312,0.152,-0.072,6.316,98875.9,205.91,-5.11,,,,,,,,1,0,53CE
2131,42.620000,SIMULATED,DESCENT,8.823,-0.051,4.186,-0.008,-0.004,7.385,98874.4,206.04,-5.11,,,,,,,,1,0,BB6C
2132,42.640000,SIMULATED,DESCENT,8.979,-0.015,4.126,-0.047,-0.102,8.506,98878.7,205.68,-5.12,,,,,,,,1,0,BADA
2133,42.660000,SIMULATED,DESCENT,8.898,-0.082,4.084,0.091,0.070,9.947,98873.9,206.08,-5.09,,,,,,,,1,0,5F89
2134,42.680000,SIMULATED,DESCENT,9.001,0.015,3.790,-0.071,0.102,10.869,98876.9,205.82,-5.08,,,,,,,,1,0,562D
2135,42.700000,SIMULATED,DESCENT,9.046,0.087,3.747,-0.020,-0.094,12.098,98878.4,205.70,-5.07,,,,,,,,1,0,4AD5
2136,42.720000,SIMULATED,DESCENT,9.130,0.001,3.641,0.091,0.101,13.172,98878.3,205.70,-5.05,,,,,,,,1,0,8E29
2137,42.740000,SIMULATED,DESCENT,9.119,0.022,3.605,0.011,-0.077,14.063,98880.3,205.53,-5.04,,,,,,,,1,0,ACFC
2138,42.760000,SIMULATED,DESCENT,9.153,0.065,3.537,-0.021,-0.111,14.897,98884.5,205.18,-5.04,,,,,,,,1,0,AE7E
2139,42.780000,SIMULATED,DESCENT,9.169,0.006,3.422,0.050,-0.090,16.187,98889.2,204.78,-5.08,,,,,,,,1,0,A038
2140,42.800000,SIMULATED,DESCENT,9.190,-0.058,3.334,0.003,-0.035,17.082,98886.8,204.98,-5.08,,,,,,,,1,0,78C1
2141,42.820000,SIMULATED,DESCENT,9.272,0.089,3.278,-0.163,0.233,18.074,98890.7,204.65,-5.11,,,,,,,,1,0,8828
2142,42.840000,SIMULATED,DESCENT,9.366,0.006,3.134,-0.224,0.015,18.841,98891.2,204.61,-5.13,,,,,,,,1,0,F4E2
2143,42.860000,SIMULATED,DESCENT,9.346,-0.023,3.079,-0.069,0.014,19.687,98887.1,204.96,-5.11,,,,,,,,1,0,7960
2144,42.880000,SIMULATED,DESCENT,9.354,0.055,3.056,0.179,-0.100,20.238,98893.5,204.42,-5.13,,,,,,,,1,0,AE43
2145,42.900000,SIMULATED,DESCENT,9.398,0.047,2.896,0.090,-0.058,21.056,98894.0,204.38,-5.14,,,,,,,,1,0,011D
2146,42.920000,SIMULATED,DESCENT,9.373,0.006,2.871,0.028,0.044,21.841,98894.5,204.33,-5.14,,,,,,,,1,0,0859
2147,42.940000,SIMULATED,DESCENT,9.359,0.082,2.792,-0.035,-0.219,22.430,98895.5,204.25,-5.15,,,,,,,,1,0,E6A9
2148,42.960000,SIMULATED,DESCENT,9.347,-0.030,2.780,-0.049,-0.035,22.941,98901.3,203.75,-5.18,,,,,,,,1,0,625D
2149,42.980000,SIMULATED,DESCENT,9.425,-0.004,2.637,0.151,-0.108,23.386,98898.5,203.99,-5.19,,,,,,,,1,0,EFE5
2150,43.000000,SIMULATED,DESCENT,9.518,0.062,2.599,-0.014,-0.148,23.865,98898.1,204.03,-5.18,20.92,0.0002875,0.0005871,199.4,3,9,4.066,1,0,8C7E
2151,43.020000,SIMULATED,DESCENT,9.532,-0.051,2.636,0.007,0.091,24.119,98901.4,203.74,-5.19,,,,,,,,1,0,0D81
2152,43.040000,SIMULATED,DESCENT,9.429,0.004,2.517,-0.002,-0.006,24.271,98897.5,204.08,-5.17,,,,,,,,1,0,E7C4
2153,43.060000,SIMULATED,DESCENT,9.512,-0.019,2.571,0.039,-0.051,24.627,98908.1,203.18,-5.21,,,,,,,,1,0,3072
2154,43.080000,SIMULATED,DESCENT,9.492,0.027,2.511,-0.042,-0.147,24.876,98902.3,203.67,-5.19,,,,,,,,1,0,59E7
2155,43.100000,SIMULATED,DESCENT,9.433,0.011,2.546,0.113,-0.026,24.869,98907.3,203.25,-5.21,,,,,,,,1,0,5288
2156,43.120000,SIMULATED,DESCENT,9.502,-0.024,2.478,0.159,-0.021,25.102,98900.7,203.80,-5.17,,,,,,,,1,0,60B8
2157,43.140000,SIMULATED,DESCENT,9.432,-0.085,2.615,-0.050,-0.121,24.984,98913.6,202.71,-5.21,,,,,,,,1,0,613D
2158,43.160000,SIMULATED,DESCENT,9.469,0.003,2.492,0.133,0.002,25.105,98908.7,203.13,-5.21,,,,,,,,1,0,C134
2159,43.180000,SIMULATED,DESCENT,9.398,-0.004,2.571,0.111,0.033,24.797,98906.7,203.29,-5.19,,,,,,,,1,0,D142
2160,43.200000,SIMULATED,DESCENT,9.368,0.018,2.576,0.182,-0.137,24.715,98911.8,202.86,-5.19,,,,,,,,1,0,A06F
2161,43.220000,SIMULATED,DESCENT,9.470,0.056,2.630,-0.038,-0.126,24.229,98911.5,202.89,-5.19,,,,,,,,1,0,5DA9
2162,43.240000,SIMULATED,DESCENT,9.456,0.092,2.735,-0.127,0.039,23.939,98913.3,202.74,-5.18,,,,,,,,1,0,C68B
2163,43.260000,SIMULATED,DESCENT,9.511,-0.012,2.663,-0.101,-0.032,23.408,98917.7,202.36,-5.20,,,,,,,,1,0,C252
2164,43.280000,SIMULATED,DESCENT,9.473,-0.075,2.732,-0.056,-0.150,23.215,98919.0,202.26,-5.22,,,,,,,,1,0,E060
2165,43.300000,SIMULATED,DESCENT,9.421,0.025,2.717,-0.028,-0.189,22.595,98913.9,202.68,-5.20,,,,,,,,1,0,2900
2166,43.320000,SIMULATED,DESCENT,9.371,0.057,2.769,-0.048,-0.004,22.034,98915.4,202.56,-5.18,,,,,,,,1,0,6A21
2167,43.340000,SIMULATED,DESCENT,9.261,0.004,2.895,-0.106,-0.091,21.467,98918.1,202.33,-5.17,,,,,,,,1,0,AD7A
2168,43.360000,SIMULATED,DESCENT,9.285,-0.003,2.997,0.127,0.101,20.748,98918.9,202.26,-5.15,,,,,,,,1,0,763B
2169,43.380000,SIMULATED,DESCENT,9.350,0.031,3.022,-0.012,0.002,20.086,98923.0,201.91,-5.16,,,,,,,,1,0,5880
2170,43.400000,SIMULATED,DESCENT,9.228,0.006,3.080,0.076,0.016,19.329,98919.2,202.23,-5.13,,,,,,,,1,0,3A6F
2171,43.420000,SIMULATED,DESCENT,9.298,-0.050,3.183,0.118,-0.140,18.561,98922.2,201.98,-5.12,,,,,,,,1,0,33FC
2172,43.440000,SIMULATED,DESCENT,9.298,0.013,3.209,-0.101,0.035,17.652,98927.2,201.56,-5.13,,,,,,,,1,0,A80C
2173,43.460000,SIMULATED,DESCENT,9.156,-0.010,3.374,-0.081,-0.101,16.667,98921.0,202.08,-5.09,,,,,,,,1,0,4229
2174,43.480000,SIMULATED,DESCENT,9.178,0.060,3.406,-0.106,-0.072,15.612,98927.1,201.56,-5.09,,,,,,,,1,0,270B
2175,43.500000,SIMULATED,DESCENT,9.113,0.134,3.489,0.231,0.031,14.761,98931.0,201.23,-5.11,,,,,,,,1,0,9D67
2176,43.520000,SIMULATED,DESCENT,9.013,0.040,3.611,0.099,-0.162,13.573,98928.5,201.44,-5.10,,,,,,,,1,0,EE32
2177,43.540000,SIMULATED,DESCENT,9.078,0.012,3.834,0.070,-0.118,12.740,98933.5,201.02,-5.12,,,,,,,,1,0,8253
2178,43.560000,SIMULATED,DESCENT,9.006,-0.045,3.882,-0.057,0.076,11.604,98938.2,200.63,-5.16,,,,,,,,1,0,E611
2179,43.580000,SIMULATED,DESCENT,9.022,0.053,4.012,0.010,0.108,10.375,98934.6,200.92,-5.16,,,,,,,,1,0,599F
2180,43.600000,SIMULATED,DESCENT,8.929,0.076,4.092,0.044,-0.024,9.282,98932.5,201.11,-5.14,,,,,,,,1,0,F021
2181,43.620000,SIMULATED,DESCENT,8.818,-0.124,4.121,0.062,0.190,8.042,98940.0,200.47,-5.17,,,,,,,,1,0,6224
2182,43.640000,SIMULATED,DESCENT,8.812,-0.046,4.199,-0.033,0.023,6.633,98935.7,200.83,-5.15,,,,,,,,1,0,CD5C
2183,43.660000,SIMULATED,DESCENT,8.787,-0.021,4.363,0.254,-0.001,5.538,98937.7,200.66,-5.15,,,,,,,,1,0,3186
2184,43.680000,SIMULATED,DESCENT,8.610,0.041,4.545,0.210,0.077,4.318,98939.7,200.50,-5.14,,,,,,,,1,0,CBF4
2185,43.700000,SIMULATED,DESCENT,8.701,-0.023,4.531,0.196,-0.118,3.030,98939.9,200.48,-5.14,,,,,,,,1,0,04E4
2186,43.720000,SIMULATED,DESCENT,8.606,0.116,4.775,0.111,-0.006,1.954,98937.9,200.65,-5.11,,,,,,,,1,0,6420
2187,43.740000,SIMULATED,DESCENT,8.571,0.013,4.783,-0.137,0.144,0.476,98945.4,200.01,-5.12,,,,,,,,1,0,0939
2188,43.760000,SIMULATED,DESCENT,8.386,-0.005,4.918,0.080,0.032,-0.666,98944.8,200.07,-5.12,,,,,,,,1,0,0C1A
2189,43.780000,SIMULATED,DESCENT,8.411,-0.049,5.001,0.107,0.001,-1.916,98947.4,199.84,-5.13,,,,,,,,1,0,E5B4
2190,43.800000,SIMULATED,DESCENT,8.294,-0.049,5.120,0.169,-0.027,-3.232,98948.9,199.71,-5.15,,,,,,,,1,0,C506
2191,43.820000,SIMULATED,DESCENT,8.286,0.014,5.280,0.084,0.017,-4.445,98953.6,199.32,-5.18,,,,,,,,1,0,7D58
2192,43.840000,SIMULATED,DESCENT,8.098,-0.097,5.346,-0.165,0.218,-5.724,98952.0,199.45,-5.20,,,,,,,,1,0,7C68
2193,43.860000,SIMULATED,DESCENT,8.113,-0.020,5.463,-0.065,0.013,-6.948,98950.3,199.60,-5.19,,,,,,,,1,0,6551
2194,43.880000,SIMULATED,DESCENT,8.030,-0.088,5.501,-0.006,0.038,-7.921,98952.9,199.37,-5.19,,,,,,,,1,0,7577
2195,43.900000,SIMULATED,DESCENT,7.969,-0.028,5.744,0.052,-0.010,-9.239,98952.0,199.45,-5.18,,,,,,,,1,0,0A06
2196,43.920000,SIMULATED,DESCENT,7.917,0.034,5.810,0.183,0.188,-10.283,98958.8,198.88,-5.21,,,,,,,,1,0,9010
2197,43.940000,SIMULATED,DESCENT,7.835,0.000,5.911,0.111,-0.008,-11.521,98953.5,199.32,-5.19,,,,,,,,1,0,E941
2198,43.960000,SIMULATED,DESCENT,7.792,0.070,5.899,0.044,0.034,-12.662,98954.5,199.24,-5.17,,,,,,,,1,0,9270
2199,43.980000,SIMULATED,DESCENT,7.728,-0.074,6.025,-0.023,-0.082,-13.569,98961.7,198.63,-5.19,,,,,,,,1,0,5F23
2200,44.000000,SIMULATED,DESCENT,7.644,0.113,6.165,0.027,0.089,-14.652,98963.0,198.52,-5.22,20.86,0.0003131,0.0006104,196.9,3,9,4.066,1,0,CE49
2201,44.020000,SIMULATED,DESCENT,7.526,-0.010,6.206,0.147,-0.098,-15.672,98958.0,198.94,-5.19,,,,,,,,1,0,EA74
2202,44.040000,SIMULATED,DESCENT,7.415,0.091,6.296,-0.081,-0.008,-16.613,98963.1,198.51,-5.20,,,,,,,,1,0,214B
2203,44.060000,SIMULATED,DESCENT,7.489,0.039,6.381,0.027,-0.046,-17.507,98958.6,198.89,-5.16,,,,,,,,1,0,2834
2204,44.080000,SIMULATED,DESCENT,7.468,0.106,6.456,-0.036,0.149,-18.382,98963.8,198.45,-5.16,,,,,,,,1,0,EEF2
2205,44.100000,SIMULATED,DESCENT,7.276,-0.039,6.469,0.097,0.012,-19.236,98960.2,198.76,-5.12,,,,,,,,1,0,5453
2206,44.120000,SIMULATED,DESCENT,7.298,0.070,6.565,-0.024,0.034,-20.001,98965.3,198.32,-5.11,,,,,,,,1,0,8D15
2207,44.140000,SIMULATED,DESCENT,7.235,0.001,6.537,-0.153,-0.182,-20.857,98967.8,198.11,-5.11,,,,,,,,1,0,1852
2208,44.160000,SIMULATED,DESCENT,7.174,-0.015,6.631,0.039,-0.014,-21.327,98970.0,197.92,-5.12,,,,,,,,1,0,0310
2209,44.180000,SIMULATED,DESCENT,7.120,0.062,6.755,0.113,0.075,-21.997,98967.7,198.11,-5.11,,,,,,,,1,0,99C9
2210,44.200000,SIMULATED,DESCENT,7.146,0.023,6.748,-0.088,-0.144,-22.775,98967.8,198.11,-5.08,,,,,,,,1,0,AC88
2211,44.220000,SIMULATED,DESCENT,7.117,0.033,6.810,0.029,-0.004,-23.282,98968.7,198.04,-5.06,,,,,,,,1,0,A4F2
2212,44.240000,SIMULATED,DESCENT,6.942,-0.100,6.814,-0.171,0.004,-23.554,98977.9,197.25,-5.09,,,,,,,,1,0,D293
2213,44.260000,SIMULATED,DESCENT,6.955,0.015,6.907,0.047,0.161,-23.849,98976.8,197.34,-5.10,,,,,,,,1,0,B025
2214,44.280000,SIMULATED,DESCENT,6.981,-0.019,6.913,0.029,0.128,-24.426,98969.6,197.95,-5.06,,,,,,,,1,0,3EFF
2215,44.300000,SIMULATED,DESCENT,6.978,0.072,6.960,-0.056,0.075,-24.507,98975.3,197.47,-5.05,,,,,,,,1,0,DD02
2216,44.320000,SIMULATED,DESCENT,6.881,-0.017,6.855,-0.057,-0.082,-24.868,98972.9,197.68,-5.01,,,,,,,,1,0,42CA
2217,44.340000,SIMULATED,DESCENT,6.905,-0.034,6.846,-0.140,0.143,-25.124,98982.6,196.86,-5.04,,,,,,,,1,0,741D
2218,44.360000,SIMULATED,DESCENT,6.952,0.000,7.039,0.095,0.027,-25.115,98978.9,197.17,-5.03,,,,,,,,1,0,EC1A
2219,44.380000,SIMULATED,DESCENT,6.938,0.128,6.947,-0.122,-0.075,-24.998,98984.1,196.73,-5.05,,,,,,,,1,0,EE8A
2220,44.400000,SIMULATED,DESCENT,6.918,0.062,6.986,0.078,-0.128,-24.895,98984.0,196.74,-5.06,,,,,,,,1,0,BFE5
2221,44.420000,SIMULATED,DESCENT,6.917,-0.046,6.946,-0.003,-0.126,-24.906,98986.7,196.51,-5.08,,,,,,,,1,0,1D9F
2222,44.440000,SIMULATED,DESCENT,7.002,-0.067,6.947,0.044,-0.035,-24.645,98985.0,196.65,-5.08,,,,,,,,1,0,AA05
2223,44.460000,SIMULATED,DESCENT,6.994,0.064,6.854,0.012,0.076,-24.349,98985.0,196.65,-5.07,,,,,,,,1,0,9FBE
2224,44.480000,SIMULATED,DESCENT,6.967,-0.054,6.829,0.042,-0.008,-24.048,98983.1,196.81,-5.03,,,,,,,,1,0,EBA4
2225,44.500000,SIMULATED,DESCENT,7.032,0.015,6.820,-0.143,-0.029,-23.627,98991.1,196.13,-5.05,,,,,,,,1,0,F7B4
2226,44.520000,SIMULATED,DESCENT,7.150,0.067,6.900,0.101,-0.049,-23.450,98985.0,196.65,-5.02,,,,,,,,1,0,A232
2227,44.540000,SIMULATED,DESCENT,7.035,-0.032,6.721,0.062,-0.039,-22.897,98984.3,196.71,-4.97,,,,,,,,1,0,0133
2228,44.560000,SIMULATED,DESCENT,7.167,0.022,6.796,0.055,0.013,-22.337,98998.2,195.53,-5.02,,,,,,,,1,0,B1EC
2229,44.580000,SIMULATED,DESCENT,7.080,-0.027,6.688,-0.075,-0.071,-21.660,98992.8,195.99,-5.02,,,,,,,,1,0,08BF
2230,44.600000,SIMULATED,DESCENT,7.193,0.043,6.609,0.129,0.078,-21.013,98989.8,196.24,-4.99,,,,,,,,1,0,0781
2231,44.620000,SIMULATED,DESCENT,7.293,-0.036,6.521,-0.194,-0.088,-20.296,98991.9,196.06,-4.96,,,,,,,,1,0,231A
2232,44.640000,SIMULATED,DESCENT,7.374,0.059,6.561,0.201,-0.063,-19.542,98994.5,195.84,-4.95,,,,,,,,1,0,D095
2233,44.660000,SIMULATED,DESCENT,7.376,-0.023,6.473,0.007,-0.037,-18.736,99001.3,195.27,-4.98,,,,,,,,1,0,1CC4
2234,44.680000,SIMULATED,DESCENT,7.410,0.058,6.372,-0.053,-0.005,-18.079,98998.6,195.50,-4.98,,,,,,,,1,0,43EA
2235,44.700000,SIMULATED,DESCENT,7.486,0.009,6.270,-0.063,-0.061,-17.048,99002.3,195.18,-5.00,,,,,,,,1,0,6188
2236,44.720000,SIMULATED,DESCENT,7.528,-0.075,6.314,0.184,0.030,-16.195,99004.3,195.01,-5.02,,,,,,,,1,0,EED5
2237,44.740000,SIMULATED,DESCENT,7.572,0.104,6.180,-0.032,-0.062,-15.181,99001.9,195.21,-5.01,,,,,,,,1,0,7261
2238,44.760000,SIMULATED,DESCENT,7.680,-0.093,6.047,-0.096,0.151,-14.207,99005.1,194.94,-5.02,,,,,,,,1,0,2AC5
2239,44.780000,SIMULATED,DESCENT,7.792,-0.002,6.064,-0.041,-0.084,-13.028,99004.7,194.98,-5.02,,,,,,,,1,0,BB55
2240,44.800000,SIMULATED,DESCENT,7.788,0.051,5.908,-0.012,0.022,-12.082,99008.1,194.69,-5.04,,,,,,,,1,0,77F4
2241,44.820000,SIMULATED,DESCENT,7.969,0.031,5.815,0.176,-0.028,-11.023,99008.5,194.66,-5.04,,,,,,,,1,0,790F
2242,44.840000,SIMULATED,DESCENT,7.979,-0.030,5.712,-0.002,-0.081,-9.788,99012.6,194.31,-5.07,,,,,,,,1,0,3C85
2243,44.860000,SIMULATED,DESCENT,8.022,0.017,5.700,0.131,-0.049,-8.634,99014.0,194.19,-5.10,,,,,,,,1,0,0E03
2244,44.880000,SIMULATED,DESCENT,8.128,-0.066,5.614,-0.092,0.054,-7.503,99016.1,194.01,-5.13,,,,,,,,1,0,3211
2245,44.900000,SIMULATED,DESCENT,8.272,-0.082,5.424,0.136,0.070,-6.286,99018.6,193.80,-5.17,,,,,,,,1,0,4E0C
2246,44.920000,SIMULATED,DESCENT,8.165,0.002,5.340,0.090,0.069,-4.760,99012.2,194.35,-5.15,,,,,,,,1,0,DB41
2247,44.940000,SIMULATED,DESCENT,8.379,0.011,5.228,0.150,-0.016,-3.686,99015.6,194.06,-5.15,,,,,,,,1,0,1F78
2248,44.960000,SIMULATED,DESCENT,8.331,-0.019,5.224,0.033,0.074,-2.585,99019.2,193.75,-5.17,,,,,,,,1,0,55BE
2249,44.980000,SIMULATED,DESCENT,8.486,-0.037,5.074,0.084,-0.054,-1.124,99021.5,193.56,-5.19,,,,,,,,1,0,18BC
2250,45.000000,SIMULATED,DESCENT,8.534,-0.048,5.029,0.188,0.075,-0.231,99019.1,193.76,-5.19,20.69,0.0003091,0.0006398,198.6,3,9,4.065,1,0,D810
2251,45.020000,SIMULATED,DESCENT,8.632,0.031,4.827,-0.033,-0.175,1.132,99024.9,193.27,-5.22,,,,,,,,1,0,AAD8
2252,45.040000,SIMULATED,DESCENT,8.571,0.028,4.778,0.149,0.099,2.610,99015.0,194.11,-5.17,,,,,,,,1,0,4AF5
2253,45.060000,SIMULATED,DESCENT,8.714,0.031,4.565,-0.007,0.096,3.769,99024.0,193.35,-5.17,,,,,,,,1,0,18A6
2254,45.080000,SIMULATED,DESCENT,8.793,0.041,4.467,0.153,-0.060,4.987,99021.8,193.53,-5.16,,,,,,,,1,0,63E3
2255,45.100000,SIMULATED,DESCENT,8.773,0.008,4.318,0.108,-0.008,6.247,99030.4,192.80,-5.19,,,,,,,,1,0,445F
2256,45.120000,SIMULATED,DESCENT,8.880,0.061,4.174,0.106,0.049,7.482,99023.7,193.36,-5.17,,,,,,,,1,0,0384
2257,45.140000,SIMULATED,DESCENT,8.899,0.011,4.106,0.159,0.068,8.681,99030.3,192.81,-5.19,,,,,,,,1,0,AA24
2258,45.160000,SIMULATED,DESCENT,8.993,0.018,4.034,-0.029,-0.047,10.009,99029.3,192.89,-5.18,,,,,,,,1,0,052E
2259,45.180000,SIMULATED,DESCENT,8.940,-0.027,3.946,0.109,-0.028,10.956,99025.3,193.23,-5.15,,,,,,,,1,0,3BE9
2260,45.200000,SIMULATED,DESCENT,9.095,0.053,3.837,-0.074,-0.114,11.885,99031.1,192.74,-5.15,,,,,,,,1,0,EC5B
2261,45.220000,SIMULATED,DESCENT,9.094,0.128,3.712,-0.029,0.060,13.151,99032.4,192.63,-5.14,,,,,,,,1,0,4677
2262,45.240000,SIMULATED,DESCENT,9.032,0.013,3.560,0.118,0.048,14.162,99035.2,192.40,-5.15,,,,,,,,1,0,580D
2263,45.260000,SIMULATED,DESCENT,9.214,0.001,3.520,0.044,-0.040,15.293,99034.7,192.44,-5.15,,,,,,,,1,0,DC93
2264,45.280000,SIMULATED,DESCENT,9.218,0.047,3.440,-0.062,-0.068,16.263,99034.8,192.42,-5.14,,,,,,,,1,0,6B55
2265,45.300000,SIMULATED,DESCENT,9.185,-0.065,3.262,0.127,-0.063,17.146,99030.0,192.83,-5.09,,,,,,,,1,0,CB93
2266,45.320000,SIMULATED,DESCENT,9.303,0.007,3.198,-0.331,0.007,17.922,99039.0,192.07,-5.09,,,,,,,,1,0,1EA0
2267,45.340000,SIMULATED,DESCENT,9.334,-0.029,3.168,-0.044,0.040,18.905,99040.8,191.92,-5.10,,,,,,,,1,0,6F8B
2268,45.360000,SIMULATED,DESCENT,9.339,0.078,3.041,-0.105,0.068,19.657,99039.3,192.05,-5.09,,,,,,,,1,0,1236
2269,45.380000,SIMULATED,DESCENT,9.211,-0.017,2.945,-0.062,0.020,20.299,99041.7,191.84,-5.09,,,,,,,,1,0,C1AB
2270,45.400000,SIMULATED,DESCENT,9.349,-0.039,2.900,0.106,-0.215,21.075,99043.2,191.71,-5.09,,,,,,,,1,0,688D
2271,45.420000,SIMULATED,DESCENT,9.445,0.048,2.931,-0.128,0.066,21.781,99045.1,191.56,-5.10,,,,,,,,1,0,EE4D
2272,45.440000,SIMULATED,DESCENT,9.366,-0.025,2.760,-0.144,0.108,22.310,99044.8,191.58,-5.09,,,,,,,,1,0,7E6F
2273,45.460000,SIMULATED,DESCENT,9.445,-0.042,2.762,-0.066,-0.058,23.075,99047.9,191.31,-5.10,,,,,,,,1,0,47D6
2274,45.480000,SIMULATED,DESCENT,9.477,-0.026,2.588,-0.027,-0.060,23.293,99041.6,191.85,-5.06,,,,,,,,1,0,675A
2275,45.500000,SIMULATED,DESCENT,9.415,-0.077,2.712,0.033,-0.052,23.676,99049.0,191.23,-5.06,,,,,,,,1,0,B95C
2276,45.520000,SIMULATED,DESCENT,9.407,-0.035,2.690,0.085,-0.046,24.273,99055.0,190.72,-5.09,,,,,,,,1,0,8B91
2277,45.540000,SIMULATED,DESCENT,9.404,-0.048,2.609,-0.024,0.025,24.367,99054.0,190.80,-5.11,,,,,,,,1,0,1EDB
2278,45.560000,SIMULATED,DESCENT,9.560,0.006,2.523,0.001,-0.080,24.546,99055.3,190.69,-5.13,,,,,,,,1,0,2855
2279,45.580000,SIMULATED,DESCENT,9.558,0.005,2.524,0.054,-0.118,24.816,99059.1,190.37,-5.16,,,,,,,,1,0,CE28
2280,45.600000,SIMULATED,DESCENT,9.456,0.071,2.620,-0.031,0.101,25.002,99057.1,190.54,-5.17,,,,,,,,1,0,F276
2281,45.620000,SIMULATED,DESCENT,9.462,-0.032,2.579,0.203,-0.072,24.974,99056.4,190.60,-5.17,,,,,,,,1,0,A476
2282,45.640000,SIMULATED,DESCENT,9.409,0.007,2.533,0.114,-0.094,24.967,99061.2,190.19,-5.19,,,,,,,,1,0,2EAE
2283,45.660000,SIMULATED,DESCENT,9.475,-0.065,2.535,0.165,0.118,24.837,99057.8,190.48,-5.18,,,,,,,,1,0,47A6
2284,45.680000,SIMULATED,DESCENT,9.442,-0.120,2.587,0.050,0.030,24.742,99058.6,190.41,-5.16,,,,,,,,1,0,7A7F
2285,45.700000,SIMULATED,DESCENT,9.385,0.028,2.551,0.138,-0.003,24.583,99058.7,190.40,-5.14,,,,,,,,1,0,8F77
2286,45.720000,SIMULATED,DESCENT,9.340,0.032,2.580,-0.095,0.000,24.338,99065.9,189.79,-5.16,,,,,,,,1,0,7C90
2287,45.740000,SIMULATED,DESCENT,9.469,0.063,2.674,0.114,0.034,23.883,99064.0,189.95,-5.16,,,,,,,,1,0,8BCC
2288,45.760000,SIMULATED,DESCENT,9.458,-0.023,2.745,0.024,0.057,23.418,99065.2,189.85,-5.16,,,,,,,,1,0,2970
2289,45.780000,SIMULATED,DESCENT,9.339,-0.020,2.877,-0.122,0.064,23.123,99069.4,189.49,-5.18,,,,,,,,1,0,4908
2290,45.800000,SIMULATED,DESCENT,9.370,-0.079,2.810,-0.011,-0.072,22.520,99069.1,189.52,-5.19,,,,,,,,1,0,2A28
2291,45.820000,SIMULATED,DESCENT,9.436,0.006,2.844,-0.086,-0.102,22.195,99066.1,189.77,-5.17,,,,,,,,1,0,EE28
2292,45.840000,SIMULATED,DESCENT,9.490,-0.028,2.897,0.014,-0.175,21.518,99070.6,189.39,-5.17,,,,,,,,1,0,0722
2293,45.860000,SIMULATED,DESCENT,9.356,-0.016,3.001,-0.084,-0.136,20.767,99073.8,189.12,-5.18,,,,,,,,1,0,6696
2294,45.880000,SIMULATED,DESCENT,9.239,-0.018,3.104,0.120,0.036,20.223,99072.0,189.27,-5.18,,,,,,,,1,0,9B29
2295,45.900000,SIMULATED,DESCENT,9.345,-0.008,3.076,0.011,0.132,19.213,99074.0,189.11,-5.18,,,,,,,,1,0,68BE
2296,45.920000,SIMULATED,DESCENT,9.205,-0.054,3.102,-0.091,-0.078,18.367,99077.2,188.83,-5.19,,,,,,,,1,0,6707
2297,45.940000,SIMULATED,DESCENT,9.287,0.001,3.238,0.048,0.085,17.561,99076.0,188.93,-5.19,,,,,,,,1,0,8B11
2298,45.960000,SIMULATED,DESCENT,9.212,-0.082,3.302,-0.099,0.143,16.691,99078.7,188.70,-5.19,,,,,,,,1,0,8CE5
2299,45.980000,SIMULATED,DESCENT,9.089,0.100,3.437,-0.027,0.028,15.633,99080.6,188.55,-5.20,,,,,,,,1,0,CB5E
2300,46.000000,SIMULATED,DESCENT,9.097,-0.133,3.526,0.013,-0.076,14.709,99083.2,188.32,-5.22,20.76,0.0003428,0.0006326,182.4,3,9,4.071,1,0,EE57
2301,46.020000,SIMULATED,DESCENT,9.103,0.039,3.595,-0.007,0.039,13.557,99083.8,188.28,-5.24,,,,,,,,1,0,9DAA
2302,46.040000,SIMULATED,DESCENT,9.054,0.036,3.732,0.026,-0.001,12.611,99086.8,188.02,-5.26,,,,,,,,1,0,7E2B
2303,46.060000,SIMULATED,DESCENT,8.993,0.003,3.929,0.133,-0.134,11.450,99087.0,188.00,-5.28,,,,,,,,1,0,AA62
2304,46.080000,SIMULATED,DESCENT,8.976,-0.108,3.945,-0.186,0.013,10.321,99089.2,187.82,-5.30,,,,,,,,1,0,45DC
2305,46.100000,SIMULATED,DESCENT,9.014,-0.033,4.092,0.003,0.011,9.494,99089.2,187.82,-5.31,,,,,,,,1,0,FA52
2306,46.120000,SIMULATED,DESCENT,8.948,-0.059,4.151,-0.052,-0.033,7.991,99089.8,187.76,-5.32,,,,,,,,1,0,1EAC
2307,46.140000,SIMULATED,DESCENT,8.851,0.029,4.295,-0.061,-0.083,6.835,99088.1,187.91,-5.31,,,,,,,,1,0,5297
2308,46.160000,SIMULATED,DESCENT,8.780,-0.004,4.489,0.015,0.022,5.609,99091.3,187.63,-5.31,,,,,,,,1,0,3406
2309,46.180000,SIMULATED,DESCENT,8.704,-0.087,4.468,-0.052,-0.030,4.241,99089.2,187.82,-5.28,,,,,,,,1,0,6FE1
2310,46.200000,SIMULATED,DESCENT,8.621,0.093,4.673,0.053,-0.033,3.304,99089.5,187.79,-5.26,,,,,,,,1,0,73EF
2311,46.220000,SIMULATED,DESCENT,8.572,0.071,4.638,0.006,0.068,1.648,99093.7,187.44,-5.25,,,,,,,,1,0,AE31
2312,46.240000,SIMULATED,DESCENT,8.532,-0.018,4.816,0.013,-0.070,0.662,99098.5,187.03,-5.27,,,,,,,,1,0,E87B
2313,46.260000,SIMULATED,DESCENT,8.498,-0.077,5.060,-0.092,-0.084,-0.828,99096.7,187.18,-5.27,,,,,,,,1,0,9938
2314,46.280000,SIMULATED,DESCENT,8.322,0.106,5.007,-0.131,0.009,-2.037,99098.7,187.01,-5.27,,,,,,,,1,0,64E4
2315,46.300000,SIMULATED,DESCENT,8.319,-0.009,5.160,-0.048,0.220,-3.072,99100.1,186.89,-5.27,,,,,,,,1,0,A026
2316,46.320000,SIMULATED,DESCENT,8.233,0.009,5.309,-0.035,-0.086,-4.323,99099.5,186.94,-5.26,,,,,,,,1,0,4E70
2317,46.340000,SIMULATED,DESCENT,8.244,-0.016,5.363,-0.023,-0.003,-5.818,99102.3,186.71,-5.26,,,,,,,,1,0,3141
2318,46.360000,SIMULATED,DESCENT,8.049,-0.088,5.485,-0.207,0.123,-6.781,99099.4,186.95,-5.24,,,,,,,,1,0,20BC
2319,46.380000,SIMULATED,DESCENT,7.910,0.006,5.474,-0.098,0.109,-8.095,99100.6,186.85,-5.21,,,,,,,,1,0,F633
2320,46.400000,SIMULATED,DESCENT,8.098,-0.012,5.723,-0.070,-0.087,-9.210,99100.9,186.82,-5.18,,,,,,,,1,0,8FBF
2321,46.420000,SIMULATED,DESCENT,7.931,-0.034,5.736,-0.212,0.012,-10.159,99107.1,186.30,-5.19,,,,,,,,1,0,A2C3
2322,46.440000,SIMULATED,DESCENT,7.847,0.007,5.914,-0.027,-0.165,-11.747,99106.9,186.31,-5.18,,,,,,,,1,0,6AEF
2323,46.460000,SIMULATED,DESCENT,7.754,-0.044,6.000,0.041,0.085,-12.537,99107.9,186.23,-5.18,,,,,,,,1,0,72EE
2324,46.480000,SIMULATED,DESCENT,7.767,-0.091,5.946,0.068,0.036,-13.812,99106.3,186.37,-5.15,,,,,,,,1,0,9244
2325,46.500000,SIMULATED,DESCENT,7.557,-0.032,6.096,-0.178,0.050,-14.749,99105.6,186.42,-5.11,,,,,,,,1,0,D1FC
2326,46.520000,SIMULATED,DESCENT,7.576,0.027,6.283,0.000,-0.066,-15.698,99111.1,185.96,-5.11,,,,,,,,1,0,8230
2327,46.540000,SIMULATED,DESCENT,7.532,-0.086,6.235,-0.104,0.071,-16.673,99115.2,185.61,-5.12,,,,,,,,1,0,70F3
2328,46.560000,SIMULATED,DESCENT,7.371,0.051,6.448,0.029,-0.023,-17.549,99108.1,186.22,-5.08,,,,,,,,1,0,3C8E
2329,46.580000,SIMULATED,DESCENT,7.473,-0.101,6.444,-0.058,0.077,-18.450,99113.7,185.74,-5.07,,,,,,,,1,0,7CDC
2330,46.600000,SIMULATED,DESCENT,7.360,-0.052,6.498,-0.077,-0.129,-19.300,99112.8,185.82,-5.04,,,,,,,,1,0,594B
2331,46.620000,SIMULATED,DESCENT,7.310,0.040,6.525,0.005,-0.024,-20.118,99119.5,185.25,-5.06,,,,,,,,1,0,95DA
2332,46.640000,SIMULATED,DESCENT,7.202,-0.063,6.665,0.011,0.152,-20.658,99121.3,185.09,-5.08,,,,,,,,1,0,BB29
2333,46.660000,SIMULATED,DESCENT,7.179,-0.049,6.549,0.014,-0.037,-21.277,99121.7,185.07,-5.09,,,,,,,,1,0,1753
2334,46.680000,SIMULATED,DESCENT,7.113,0.027,6.779,0.066,-0.010,-22.136,99123.1,184.94,-5.10,,,,,,,,1,0,454D
2335,46.700000,SIMULATED,DESCENT,7.128,0.058,6.725,0.007,-0.037,-22.715,99120.0,185.20,-5.08,,,,,,,,1,0,90FF
2336,46.720000,SIMULATED,DESCENT,7.076,0.032,6.784,-0.025,-0.070,-23.087,99123.4,184.92,-5.08,,,,,,,,1,0,B8C4
2337,46.740000,SIMULATED,DESCENT,7.075,0.024,6.784,0.158,0.151,-23.356,99123.1,184.94,-5.07,,,,,,,,1,0,BED9
2338,46.760000,SIMULATED,DESCENT,7.058,-0.103,6.887,-0.009,-0.019,-23.919,99124.0,184.86,-5.06,,,,,,,,1,0,2F16
2339,46.780000,SIMULATED,DESCENT,7.007,-0.092,6.891,0.135,0.025,-24.183,99132.6,184.14,-5.10,,,,,,,,1,0,73D8
2340,46.800000,SIMULATED,DESCENT,7.032,0.056,6.901,0.108,-0.045,-24.472,99133.1,184.09,-5.13,,,,,,,,1,0,0AC8
2341,46.820000,SIMULATED,DESCENT,6.877,0.126,6.928,0.070,0.101,-24.611,99129.4,184.41,-5.13,,,,,,,,1,0,6448
2342,46.840000,SIMULATED,DESCENT,6.950,0.051,6.881,0.082,0.068,-24.878,99129.5,184.40,-5.11,,,,,,,,1,0,4BC3
2343,46.860000,SIMULATED,DESCENT,6.904,0.016,6.966,0.011,-0.088,-25.234,99131.7,184.21,-5.11,,,,,,,,1,0,10F0
2344,46.880000,SIMULATED,DESCENT,6.975,-0.068,6.936,0.050,-0.173,-24.913,99132.0,184.19,-5.10,,,,,,,,1,0,DC52
2345,46.900000,SIMULATED,DESCENT,7.022,0.085,6.936,-0.032,0.039,-24.943,99129.8,184.37,-5.07,,,,,,,,1,0,0EED
2346,46.920000,SIMULATED,DESCENT,6.975,0.026,6.982,-0.066,0.068,-24.927,99137.1,183.76,-5.08,,,,,,,,1,0,7836
2347,46.940000,SIMULATED,DESCENT,6.990,0.055,6.878,-0.005,-0.026,-24.774,99136.9,183.77,-5.08,,,,,,,,1,0,15F7
2348,46.960000,SIMULATED,DESCENT,7.047,0.043,6.803,0.006,-0.048,-24.550,99138.4,183.65,-5.08,,,,,,,,1,0,D9DB
2349,46.980000,SIMULATED,DESCENT,6.953,-0.047,6.923,0.004,-0.095,-24.215,99140.9,183.43,-5.09,,,,,,,,1,0,B0B8
2350,47.000000,SIMULATED,DESCENT,6.954,-0.040,6.973,0.175,-0.080,-23.699,99140.6,183.46,-5.09,20.69,0.0003339,0.0006854,176.8,3,9,4.065,1,0,F1AB
2351,47.020000,SIMULATED,DESCENT,7.104,-0.132,6.835,0.050,0.092,-23.284,99141.5,183.39,-5.09,,,,,,,,1,0,926F
2352,47.040000,SIMULATED,DESCENT,7.085,0.033,6.801,-0.038,-0.239,-22.773,99144.4,183.14,-5.10,,,,,,,,1,0,B7F5
2353,47.060000,SIMULATED,DESCENT,7.036,-0.067,6.768,0.113,-0.112,-22.182,99146.0,183.00,-5.11,,,,,,,,1,0,48C8
2354,47.080000,SIMULATED,DESCENT,7.199,-0.102,6.663,-0.062,0.051,-21.817,99146.5,182.96,-5.12,,,,,,,,1,0,9029
2355,47.100000,SIMULATED,DESCENT,7.265,0.026,6.703,0.101,0.158,-21.096,99146.2,182.99,-5.12,,,,,,,,1,0,E65D
2356,47.120000,SIMULATED,DESCENT,7.273,0.006,6.551,0.046,0.065,-20.501,99146.9,182.92,-5.11,,,,,,,,1,0,351E
2357,47.140000,SIMULATED,DESCENT,7.278,0.039,6.531,0.011,-0.046,-19.843,99146.9,182.93,-5.09,,,,,,,,1,0,AC3F
2358,47.160000,SIMULATED,DESCENT,7.354,0.005,6.478,-0.126,0.181,-18.862,99148.7,182.77,-5.08,,,,,,,,1,0,7E34
2359,47.180000,SIMULATED,DESCENT,7.385,0.029,6.339,-0.010,-0.173,-17.855,99154.4,182.29,-5.11,,,,,,,,1,0,B98B
2360,47.200000,SIMULATED,DESCENT,7.472,-0.004,6.346,0.018,0.043,-17.387,99152.6,182.44,-5.11,,,,,,,,1,0,E1FC
2361,47.220000,SIMULATED,DESCENT,7.555,-0.078,6.290,0.035,-0.130,-16.277,99152.2,182.48,-5.09,,,,,,,,1,0,C156
2362,47.240000,SIMULATED,DESCENT,7.584,0.027,6.101,0.138,0.154,-15.429,99153.2,182.40,-5.08,,,,,,,,1,0,2935
2363,47.260000,SIMULATED,DESCENT,7.646,-0.038,6.170,0.089,-0.075,-14.339,99155.2,182.22,-5.07,,,,,,,,1,0,36A7
2364,47.280000,SIMULATED,DESCENT,7.827,-0.004,6.026,0.036,0.083,-13.177,99155.9,182.16,-5.07,,,,,,,,1,0,5613
2365,47.300000,SIMULATED,DESCENT,7.819,0.026,5.947,-0.119,0.047,-11.893,99159.6,181.85,-5.07,,,,,,,,1,0,56E2
2366,47.320000,SIMULATED,DESCENT,7.862,0.163,5.950,0.002,-0.100,-10.958,99159.6,181.85,-5.07,,,,,,,,1,0,191A
2367,47.340000,SIMULATED,DESCENT,7.987,0.032,5.752,-0.034,-0.176,-9.930,99159.3,181.88,-5.06,,,,,,,,1,0,A86D
2368,47.360000,SIMULATED,DESCENT,7.965,0.037,5.741,0.214,0.010,-8.371,99161.5,181.69,-5.06,,,,,,,,1,0,6601
2369,47.380000,SIMULATED,DESCENT,8.049,0.003,5.570,0.044,0.029,-7.542,99164.4,181.44,-5.07,,,,,,,,1,0,8DD1
2370,47.400000,SIMULATED,DESCENT,8.116,-0.052,5.473,-0.072,-0.044,-6.199,99165.2,181.38,-5.08,,,,,,,,1,0,1512
2371,47.420000,SIMULATED,DESCENT,8.285,-0.020,5.306,0.040,-0.117,-4.904,99167.2,181.21,-5.09,,,,,,,,1,0,0F9D
2372,47.440000,SIMULATED,DESCENT,8.236,0.027,5.286,-0.023,-0.069,-3.722,99164.0,181.48,-5.07,,,,,,,,1,0,06EA
2373,47.460000,SIMULATED,DESCENT,8.384,-0.036,5.117,0.182,-0.115,-2.562,99168.5,181.09,-5.07,,,,,,,,1,0,B27E
2374,47.480000,SIMULATED,DESCENT,8.432,0.027,4.969,-0.032,0.106,-1.311,99169.4,181.02,-5.07,,,,,,,,1,0,1087
2375,47.500000,SIMULATED,DESCENT,8.522,-0.007,4.966,-0.004,0.064,-0.020,99170.2,180.95,-5.07,,,,,,,,1,0,3ACA
2376,47.520000,SIMULATED,DESCENT,8.551,0.060,4.767,-0.139,0.135,1.169,99174.5,180.59,-5.09,,,,,,,,1,0,7CF9
2377,47.540000,SIMULATED,DESCENT,8.647,-0.058,4.704,0.010,0.093,2.577,99177.4,180.34,-5.12,,,,,,,,1,0,0CDE
2378,47.560000,SIMULATED,DESCENT,8.798,0.093,4.559,0.107,0.002,3.664,99172.1,180.79,-5.11,,,,,,,,1,0,D34F
2379,47.580000,SIMULATED,DESCENT,8.729,0.065,4.443,-0.002,-0.132,4.981,99178.4,180.25,-5.13,,,,,,,,1,0,6B1B
2380,47.600000,SIMULATED,DESCENT,8.773,0.087,4.370,-0.164,-0.024,6.321,99173.8,180.64,-5.11,,,,,,,,1,0,0594
2381,47.620000,SIMULATED,DESCENT,8.859,-0.018,4.218,-0.013,0.236,7.443,99181.3,180.01,-5.13,,,,,,,,1,0,2FE5
2382,47.640000,SIMULATED,DESCENT,8.818,0.061,4.108,0.111,0.135,8.619,99178.3,180.26,-5.12,,,,,,,,1,0,DE7E
2383,47.660000,SIMULATED,DESCENT,8.908,0.011,4.066,0.034,-0.084,9.770,99178.1,180.28,-5.11,,,,,,,,1,0,6E52
2384,47.680000,SIMULATED,DESCENT,9.018,0.063,3.862,-0.053,-0.325,11.038,99186.9,179.54,-5.15,,,,,,,,1,0,7DBD
2385,47.700000,SIMULATED,DESCENT,9.022,0.047,3.836,0.082,-0.075,12.021,99187.2,179.51,-5.17,,,,,,,,1,0,2718
2386,47.720000,SIMULATED,DESCENT,9.084,0.040,3.661,-0.098,0.001,13.238,99182.2,179.94,-5.16,,,,,,,,1,0,B89B
2387,47.740000,SIMULATED,DESCENT,9.118,0.086,3.650,0.007,-0.103,14.109,99186.3,179.59,-5.16,,,,,,,,1,0,2B16
2388,47.760000,SIMULATED,DESCENT,9.149,-0.007,3.411,-0.046,-0.032,15.094,99187.7,179.47,-5.17,,,,,,,,1,0,44BD
2389,47.780000,SIMULATED,DESCENT,9.186,0.018,3.407,0.048,0.000,16.286,99189.7,179.30,-5.18,,,,,,,,1,0,4AE0
2390,47.800000,SIMULATED,DESCENT,9.302,-0.015,3.311,-0.045,-0.020,17.109,99189.0,179.36,-5.18,,,,,,,,1,0,9E0F
2391,47.820000,SIMULATED,DESCENT,9.253,-0.051,3.224,0.049,0.120,18.002,99188.9,179.37,-5.16,,,,,,,,1,0,DEDD
2392,47.840000,SIMULATED,DESCENT,9.275,0.019,3.120,-0.032,-0.177,18.921,99194.3,178.91,-5.18,,,,,,,,1,0,686F
2393,47.860000,SIMULATED,DESCENT,9.410,-0.054,3.036,-0.079,-0.157,19.620,99191.7,179.13,-5.17,,,,,,,,1,0,1D90
2394,47.880000,SIMULATED,DESCENT,9.326,0.029,3.008,0.003,-0.100,20.424,99189.2,179.34,-5.14,,,,,,,,1,0,BE9A
2395,47.900000,SIMULATED,DESCENT,9.325,0.080,2.860,-0.071,-0.007,20.982,99192.4,179.07,-5.12,,,,,,,,1,0,85DE
2396,47.920000,SIMULATED,DESCENT,9.340,-0.024,2.871,-0.022,0.108,21.771,99196.8,178.70,-5.12,,,,,,,,1,0,1EBD
2397,47.940000,SIMULATED,DESCENT,9.430,0.055,2.819,-0.015,0.018,22.366,99198.1,178.59,-5.13,,,,,,,,1,0,B3AA
2398,47.960000,SIMULATED,DESCENT,9.413,-0.061,2.859,-0.090,-0.167,23.042,99198.6,178.55,-5.13,,,,,,,,1,0,66B2
2399,47.980000,SIMULATED,DESCENT,9.351,0.006,2.663,-0.054,-0.181,23.405,99195.2,178.84,-5.09,,,,,,,,1,0,C334
2400,48.000000,SIMULATED,DESCENT,9.432,-0.029,2.675,-0.055,0.129,23.826,99201.1,178.33,-5.09,20.63,0.0003417,0.0006963,179.1,3,9,4.064,1,0,94B7
2401,48.020000,SIMULATED,DESCENT,9.550,0.080,2.560,-0.107,-0.035,24.088,99197.6,178.63,-5.06,,,,,,,,1,0,D49B
2402,48.040000,SIMULATED,DESCENT,9.444,0.023,2.504,-0.224,-0.249,24.246,99212.2,177.39,-5.13,,,,,,,,1,0,45DE
2403,48.060000,SIMULATED,DESCENT,9.394,0.084,2.633,0.052,-0.147,24.580,99212.0,177.41,-5.18,,,,,,,,1,0,923F
2404,48.080000,SIMULATED,DESCENT,9.556,0.050,2.492,-0.005,-0.082,24.845,99205.3,177.98,-5.17,,,,,,,,1,0,D459
2405,48.100000,SIMULATED,DESCENT,9.471,0.017,2.533,-0.067,0.172,25.000,99210.2,177.56,-5.19,,,,,,,,1,0,8527
2406,48.120000,SIMULATED,DESCENT,9.554,0.037,2.497,-0.022,0.051,24.874,99207.4,177.80,-5.18,,,,,,,,1,0,7B88
2407,48.140000,SIMULATED,DESCENT,9.419,-0.139,2.567,0.008,0.146,25.018,99207.9,177.76,-5.16,,,,,,,,1,0,9345
2408,48.160000,SIMULATED,DESCENT,9.443,-0.044,2.525,-0.015,0.008,24.662,99214.2,177.23,-5.18,,,,,,,,1,0,321D
2409,48.180000,SIMULATED,DESCENT,9.444,0.048,2.604,0.034,-0.030,24.627,99213.1,177.32,-5.19,,,,,,,,1,0,91C8
2410,48.200000,SIMULATED,DESCENT,9.423,-0.043,2.578,0.124,0.006,24.698,99216.6,177.02,-5.21,,,,,,,,1,0,5956
2411,48.220000,SIMULATED,DESCENT,9.453,-0.120,2.664,-0.023,0.030,24.170,99217.2,176.97,-5.22,,,,,,,,1,0,F9A7
2412,48.240000,SIMULATED,DESCENT,9.488,0.042,2.667,0.104,-0.075,24.098,99214.6,177.19,-5.21,,,,,,,,1,0,DAAE
2413,48.260000,SIMULATED,DESCENT,9.472,-0.024,2.655,0.070,-0.044,23.577,99220.7,176.67,-5.23,,,,,,,,1,0,AD1B
2414,48.280000,SIMULATED,DESCENT,9.522,0.102,2.744,0.039,-0.009,23.272,99217.4,176.95,-5.22,,,,,,,,1,0,F87C
2415,48.300000,SIMULATED,DESCENT,9.418,-0.053,2.692,-0.031,-0.302,22.603,99224.8,176.33,-5.25,,,,,,,,1,0,9FD6
2416,48.320000,SIMULATED,DESCENT,9.417,-0.009,2.856,-0.282,-0.070,22.134,99220.7,176.67,-5.24,,,,,,,,1,0,1DC1
2417,48.340000,SIMULATED,DESCENT,9.447,0.073,2.937,-0.042,-0.161,21.434,99223.0,176.48,-5.24,,,,,,,,1,0,939D
2418,48.360000,SIMULATED,DESCENT,9.354,0.047,2.937,-0.073,-0.037,20.738,99224.6,176.35,-5.25,,,,,,,,1,0,1AC8
2419,48.380000,SIMULATED,DESCENT,9.356,-0.057,2.949,0.159,-0.104,20.066,99225.5,176.27,-5.25,,,,,,,,1,0,1142
2420,48.400000,SIMULATED,DESCENT,9.237,0.107,3.177,0.054,-0.020,19.280,99223.2,176.46,-5.22,,,,,,,,1,0,7F80
2421,48.420000,SIMULATED,DESCENT,9.274,0.018,3.145,-0.100,-0.028,18.708,99228.3,176.04,-5.23,,,,,,,,1,0,805F
2422,48.440000,SIMULATED,DESCENT,9.231,-0.011,3.331,0.123,0.206,17.435,99230.0,175.89,-5.23,,,,,,,,1,0,FB6E
2423,48.460000,SIMULATED,DESCENT,9.161,-0.041,3.357,-0.023,-0.123,16.588,99232.7,175.66,-5.25,,,,,,,,1,0,3AC7
2424,48.480000,SIMULATED,DESCENT,9.138,0.057,3.421,0.114,-0.098,15.719,99229.8,175.91,-5.24,,,,,,,,1,0,2048
2425,48.500000,SIMULATED,DESCENT,9.140,-0.034,3.616,0.220,-0.031,14.854,99234.2,175.54,-5.25,,,,,,,,1,0,0B44
2426,48.520000,SIMULATED,DESCENT,9.151,-0.020,3.658,0.050,-0.098,13.745,99230.9,175.81,-5.23,,,,,,,,1,0,3D4F
2427,48.540000,SIMULATED,DESCENT,9.129,0.092,3.654,-0.009,0.053,12.556,99237.6,175.24,-5.24,,,,,,,,1,0,9EC5
2428,48.560000,SIMULATED,DESCENT,8.980,-0.042,3.824,0.001,0.023,11.669,99236.1,175.37,-5.24,,,,,,,,1,0,B6C2
2429,48.580000,SIMULATED,DESCENT,8.996,0.020,3.947,-0.101,0.036,10.235,99239.8,175.05,-5.26,,,,,,,,1,0,BDAB
2430,48.600000,SIMULATED,DESCENT,8.997,0.082,4.097,-0.004,0.124,9.238,99239.7,175.07,-5.26,,,,,,,,1,0,40D6
2431,48.620000,SIMULATED,DESCENT,8.804,-0.020,4.208,0.090,0.032,8.004,99233.7,175.58,-5.21,,,,,,,,1,0,B37E
2432,48.640000,SIMULATED,DESCENT,8.797,0.042,4.217,-0.112,0.023,6.916,99240.7,174.98,-5.21,,,,,,,,1,0,C9A4
2433,48.660000,SIMULATED,DESCENT,8.721,-0.022,4.397,0.026,0.199,5.584,99238.5,175.17,-5.18,,,,,,,,1,0,818D
2434,48.680000,SIMULATED,DESCENT,8.583,-0.035,4.494,0.346,0.088,4.397,99242.0,174.88,-5.17,,,,,,,,1,0,64EF
2435,48.700000,SIMULATED,DESCENT,8.619,-0.065,4.650,0.153,-0.127,2.858,99246.1,174.53,-5.18,,,,,,,,1,0,E3AA
2436,48.720000,SIMULATED,DESCENT,8.686,0.003,4.739,-0.011,-0.015,1.806,99244.1,174.70,-5.17,,,,,,,,1,0,BD58
2437,48.740000,SIMULATED,DESCENT,8.476,0.029,4.887,0.039,-0.114,0.633,99245.9,174.54,-5.16,,,,,,,,1,0,8E16
2438,48.760000,SIMULATED,DESCENT,8.384,0.025,4.830,0.037,0.140,-0.576,99239.4,175.10,-5.10,,,,,,,,1,0,9606
2439,48.780000,SIMULATED,DESCENT,8.455,-0.049,5.026,0.010,-0.017,-1.733,99241.4,174.92,-5.05,,,,,,,,1,0,D8E5
2440,48.800000,SIMULATED,DESCENT,8.299,-0.062,5.204,-0.114,-0.077,-3.088,99252.0,174.03,-5.07,,,,,,,,1,0,68DC
2441,48.820000,SIMULATED,DESCENT,8.324,-0.055,5.263,0.008,-0.027,-4.411,99251.6,174.06,-5.07,,,,,,,,1,0,A0DA
2442,48.840000,SIMULATED,DESCENT,8.137,-0.064,5.387,-0.112,0.049,-5.598,99250.4,174.16,-5.06,,,,,,,,1,0,FB53
2443,48.860000,SIMULATED,DESCENT,8.171,0.000,5.479,-0.036,0.016,-6.681,99255.3,173.75,-5.07,,,,,,,,1,0,B853
2444,48.880000,SIMULATED,DESCENT,8.099,-0.021,5.586,-0.051,0.017,-8.031,99249.1,174.27,-5.03,,,,,,,,1,0,0504
2445,48.900000,SIMULATED,DESCENT,7.941,0.010,5.709,-0.124,-0.088,-8.983,99256.1,173.68,-5.04,,,,,,,,1,0,054A
2446,48.920000,SIMULATED,DESCENT,7.897,0.016,5.827,-0.146,-0.143,-10.396,99258.1,173.51,-5.05,,,,,,,,1,0,E0F4
2447,48.940000,SIMULATED,DESCENT,7.742,0.028,5.894,-0.031,0.002,-11.236,99256.2,173.67,-5.03,,,,,,,,1,0,8569
2448,48.960000,SIMULATED,DESCENT,7.801,-0.027,6.046,-0.104,-0.081,-12.395,99258.4,173.48,-5.03,,,,,,,,1,0,1F5A
2449,48.980000,SIMULATED,DESCENT,7.770,-0.011,6.022,0.081,-0.009,-13.702,99261.1,173.26,-5.04,,,,,,,,1,0,8960
2450,49.000000,SIMULATED,DESCENT,7.616,-0.032,6.235,-0.029,-0.092,-14.701,99260.6,173.30,-5.03,20.56,0.0003350,0.0007097,171.9,3,9,4.057,1,0,640E
2451,49.020000,SIMULATED,DESCENT,7.599,-0.050,6.227,-0.101,0.007,-15.624,99257.1,173.59,-4.99,,,,,,,,1,0,11AD
2452,49.040000,SIMULATED,DESCENT,7.484,-0.114,6.409,0.122,-0.096,-16.616,99261.5,173.22,-4.98,,,,,,,,1,0,6102
2453,49.060000,SIMULATED,DESCENT,7.393,-0.022,6.339,0.028,0.050,-17.678,99262.7,173.12,-4.97,,,,,,,,1,0,3FC4
2454,49.080000,SIMULATED,DESCENT,7.469,0.035,6.461,-0.053,-0.014,-18.579,99263.6,173.04,-4.95,,,,,,,,1,0,E216
2455,49.100000,SIMULATED,DESCENT,7.321,-0.016,6.474,0.104,0.021,-19.248,99268.5,172.63,-4.96,,,,,,,,1,0,292E
2456,49.120000,SIMULATED,DESCENT,7.267,0.040,6.521,0.015,-0.086,-19.865,99268.5,172.63,-4.97,,,,,,,,1,0,CF96
2457,49.140000,SIMULATED,DESCENT,7.197,0.017,6.671,0.064,0.003,-20.618,99267.7,172.70,-4.96,,,,,,,,1,0,8D83
2458,49.160000,SIMULATED,DESCENT,7.252,0.113,6.726,-0.142,0.131,-21.387,99270.7,172.44,-4.96,,,,,,,,1,0,CE1A
2459,49.180000,SIMULATED,DESCENT,7.166,-0.025,6.722,-0.014,0.012,-22.073,99272.4,172.30,-4.97,,,,,,,,1,0,1C47
2460,49.200000,SIMULATED,DESCENT,7.123,-0.050,6.724,-0.028,0.005,-22.478,99270.6,172.45,-4.95,,,,,,,,1,0,E99E
2461,49.220000,SIMULATED,DESCENT,7.063,0.021,6.816,0.015,-0.080,-23.089,99272.9,172.25,-4.95,,,,,,,,1,0,BD20
2462,49.240000,SIMULATED,DESCENT,6.946,-0.021,6.793,0.201,0.027,-23.569,99276.2,171.98,-4.96,,,,,,,,1,0,DE9E
2463,49.260000,SIMULATED,DESCENT,7.029,-0.118,6.918,0.227,0.053,-24.001,99278.2,171.81,-4.97,,,,,,,,1,0,042A
2464,49.280000,SIMULATED,DESCENT,7.003,-0.029,6.867,0.010,0.005,-24.367,99286.9,171.07,-5.04,,,,,,,,1,0,4A8E
2465,49.300000,SIMULATED,DESCENT,6.937,0.038,6.921,-0.110,0.019,-24.388,99283.9,171.33,-5.07,,,,,,,,1,0,C791
2466,49.320000,SIMULATED,DESCENT,6.953,0.077,6.898,-0.027,-0.123,-24.395,99283.2,171.39,-5.09,,,,,,,,1,0,0751
2467,49.340000,SIMULATED,DESCENT,6.890,-0.028,6.975,-0.202,-0.045,-24.723,99282.1,171.48,-5.09,,,,,,,,1,0,B053
2468,49.360000,SIMULATED,DESCENT,6.966,0.017,6.988,0.117,0.114,-24.915,99286.3,171.13,-5.11,,,,,,,,1,0,8783
2469,49.380000,SIMULATED,DESCENT,6.889,-0.023,6.925,0.157,0.096,-25.142,99287.8,171.00,-5.14,,,,,,,,1,0,18CB
2470,49.400000,SIMULATED,DESCENT,6.887,-0.076,6.915,-0.095,0.012,-24.888,99281.4,171.54,-5.10,,,,,,,,1,0,4E5F
2471,49.420000,SIMULATED,DESCENT,6.943,0.079,6.945,0.039,-0.154,-25.070,99287.7,171.00,-5.11,,,,,,,,1,0,A5CE
2472,49.440000,SIMULATED,DESCENT,6.966,-0.040,6.932,-0.096,0.027,-24.635,99286.9,171.08,-5.10,,,,,,,,1,0,3C66
2473,49.460000,SIMULATED,DESCENT,6.944,0.071,6.921,-0.032,-0.032,-24.599,99288.4,170.94,-5.10,,,,,,,,1,0,685A
2474,49.480000,SIMULATED,DESCENT,6.970,0.054,6.877,-0.009,-0.085,-24.173,99292.8,170.57,-5.11,,,,,,,,1,0,BF9A
2475,49.500000,SIMULATED,DESCENT,7.022,-0.012,6.963,0.035,-0.115,-23.631,99292.1,170.63,-5.11,,,,,,,,1,0,8ED1
2476,49.520000,SIMULATED,DESCENT,7.061,-0.054,6.807,-0.101,-0.067,-23.369,99290.6,170.76,-5.10,,,,,,,,1,0,2225
2477,49.540000,SIMULATED,DESCENT,7.027,-0.002,6.747,-0.022,-0.064,-22.985,99298.2,170.11,-5.13,,,,,,,,1,0,784A
2478,49.560000,SIMULATED,DESCENT,7.133,-0.032,6.785,0.049,0.012,-22.316,99302.7,169.73,-5.18,,,,,,,,1,0,10B6
2479,49.580000,SIMULATED,DESCENT,7.192,0.011,6.615,-0.004,-0.040,-21.838,99295.9,170.31,-5.17,,,,,,,,1,0,34C5
2480,49.600000,SIMULATED,DESCENT,7.214,0.064,6.622,-0.082,0.082,-21.094,99297.4,170.18,-5.16,,,,,,,,1,0,B6D6
2481,49.620000,SIMULATED,DESCENT,7.177,-0.070,6.592,-0.054,-0.115,-20.395,99300.3,169.94,-5.17,,,,,,,,1,0,2E63
2482,49.640000,SIMULATED,DESCENT,7.311,0.028,6.491,-0.072,-0.032,-19.776,99301.0,169.88,-5.17,,,,,,,,1,0,8393
2483,49.660000,SIMULATED,DESCENT,7.419,-0.003,6.441,0.064,0.034,-18.920,99300.9,169.88,-5.16,,,,,,,,1,0,F84E
2484,49.680000,SIMULATED,DESCENT,7.450,-0.085,6.405,0.029,-0.062,-18.027,99303.1,169.70,-5.16,,,,,,,,1,0,B235
2485,49.700000,SIMULATED,DESCENT,7.463,0.007,6.340,-0.026,-0.107,-17.210,99302.2,169.78,-5.15,,,,,,,,1,0,F770
2486,49.720000,SIMULATED,DESCENT,7.551,-0.014,6.187,-0.259,0.000,-16.228,99303.1,169.70,-5.13,,,,,,,,1,0,D1D7
2487,49.740000,SIMULATED,DESCENT,7.568,0.044,6.175,0.033,0.161,-15.237,99306.0,169.46,-5.13,,,,,,,,1,0,7E2F
2488,49.760000,SIMULATED,DESCENT,7.628,0.020,6.096,-0.185,-0.138,-13.899,99303.7,169.65,-5.10,,,,,,,,1,0,C806
2489,49.780000,SIMULATED,DESCENT,7.730,-0.044,6.006,0.072,-0.079,-13.088,99311.7,168.97,-5.12,,,,,,,,1,0,4418
2490,49.800000,SIMULATED,DESCENT,7.795,0.051,5.921,0.066,0.025,-12.195,99307.2,169.35,-5.10,,,,,,,,1,0,55C4
2491,49.820000,SIMULATED,DESCENT,7.927,-0.034,5.895,0.110,0.016,-11.030,99308.5,169.24,-5.08,,,,,,,,1,0,87DC
2492,49.840000,SIMULATED,DESCENT,8.013,0.021,5.700,-0.107,0.039,-9.640,99316.0,168.61,-5.11,,,,,,,,1,0,578C
2493,49.860000,SIMULATED,DESCENT,7.896,-0.036,5.605,-0.217,-0.007,-8.525,99310.2,169.10,-5.09,,,,,,,,1,0,A61D
2494,49.880000,SIMULATED,DESCENT,8.074,-0.044,5.552,0.087,-0.058,-7.391,99318.5,168.40,-5.11,,,,,,,,1,0,63F9
2495,49.900000,SIMULATED,DESCENT,8.191,-0.085,5.385,-0.095,0.033,-6.262,99319.2,168.34,-5.14,,,,,,,,1,0,1C66
2496,49.920000,SIMULATED,DESCENT,8.095,0.013,5.392,0.147,0.137,-4.938,99321.4,168.16,-5.16,,,,,,,,1,0,2CC9
2497,49.940000,SIMULATED,DESCENT,8.360,0.013,5.205,-0.071,-0.050,-3.769,99318.5,168.40,-5.16,,,,,,,,1,0,C5FB
2498,49.960000,SIMULATED,DESCENT,8.384,-0.021,5.174,0.059,-0.133,-2.539,99318.6,168.39,-5.15,,,,,,,,1,0,345F
2499,49.980000,SIMULATED,DESCENT,8.513,-0.091,4.972,-0.024,0.065,-1.227,99323.8,167.95,-5.17,,,,,,,,1,0,0900
2500,50.000000,SIMULATED,DESCENT,8.529,0.029,4.923,-0.085,-0.135,0.102,99329.0,167.51,-5.21,20.57,0.0003787,0.0007137,170.6,3,9,4.056,1,0,DEC2
2501,50.020000,SIMULATED,DESCENT,8.596,-0.104,4.674,-0.122,0.092,1.154,99326.2,167.74,-5.23,,,,,,,,1,0,25E1
2502,50.040000,SIMULATED,DESCENT,8.662,0.067,4.682,-0.069,-0.117,2.497,99329.2,167.49,-5.25,,,,,,,,1,0,7B9E
2503,50.060000,SIMULATED,DESCENT,8.674,0.054,4.551,-0.002,0.013,3.933,99321.5,168.14,-5.22,,,,,,,,1,0,6CAB
2504,50.080000,SIMULATED,DESCENT,8.776,0.028,4.394,0.090,0.008,5.067,99325.1,167.84,-5.20,,,,,,,,1,0,2E08
2505,50.100000,SIMULATED,DESCENT,8.785,0.054,4.268,0.016,-0.184,6.232,99326.6,167.72,-5.18,,,,,,,,1,0,DD90
2506,50.120000,SIMULATED,DESCENT,8.841,0.037,4.202,0.008,-0.028,7.425,99322.9,168.03,-5.13,,,,,,,,1,0,32C7
2507,50.140000,SIMULATED,DESCENT,8.838,-0.035,4.187,-0.009,-0.112,8.629,99335.3,166.98,-5.16,,,,,,,,1,0,D8CE
2508,50.160000,SIMULATED,DESCENT,8.934,-0.006,4.038,-0.138,-0.249,9.897,99333.3,167.14,-5.17,,,,,,,,1,0,F9EC
2509,50.180000,SIMULATED,DESCENT,9.046,0.020,3.959,-0.166,-0.074,11.193,99328.6,167.54,-5.13,,,,,,,,1,0,F929
2510,50.200000,SIMULATED,DESCENT,9.020,0.102,3.773,-0.190,-0.012,12.212,99335.0,167.01,-5.14,,,,,,,,1,0,E6B7
2511,50.220000,SIMULATED,DESCENT,9.096,0.106,3.731,-0.053,0.153,13.026,99340.0,166.58,-5.16,,,,,,,,1,0,02E4
2512,50.240000,SIMULATED,DESCENT,9.117,-0.045,3.578,0.067,-0.067,14.171,99337.5,166.79,-5.17,,,,,,,,1,0,D011
2513,50.260000,SIMULATED,DESCENT,9.154,0.039,3.424,-0.006,-0.007,15.148,99338.4,166.71,-5.17,,,,,,,,1,0,EC8C
2514,50.280000,SIMULATED,DESCENT,9.231,-0.059,3.428,0.012,0.145,15.974,99336.7,166.86,-5.15,,,,,,,,1,0,206C
2515,50.300000,SIMULATED,DESCENT,9.321,0.060,3.228,-0.027,0.087,16.945,99334.9,167.01,-5.10,,,,,,,,1,0,A3F0
2516,50.320000,SIMULATED,DESCENT,9.173,0.003,3.176,-0.006,-0.024,17.975,99341.3,166.47,-5.10,,,,,,,,1,0,1D5F
2517,50.340000,SIMULATED,DESCENT,9.226,0.004,3.084,0.055,-0.002,18.959,99344.4,166.20,-5.11,,,,,,,,1,0,43CC
2518,50.360000,SIMULATED,DESCENT,9.338,-0.064,3.001,0.033,0.066,19.652,99346.6,166.03,-5.13,,,,,,,,1,0,7A47
2519,50.380000,SIMULATED,DESCENT,9.414,-0.090,3.008,-0.058,0.227,20.416,99349.6,165.76,-5.16,,,,,,,,1,0,F24C
2520,50.400000,SIMULATED,DESCENT,9.320,0.021,2.984,-0.108,0.054,21.257,99344.6,166.19,-5.14,,,,,,,,1,0,3B68
2521,50.420000,SIMULATED,DESCENT,9.318,0.002,2.863,-0.081,0.127,21.808,99345.0,166.16,-5.12,,,,,,,,1,0,64E3
2522,50.440000,SIMULATED,DESCENT,9.374,-0.018,2.790,-0.215,0.102,22.181,99353.1,165.47,-5.15,,,,,,,,1,0,5881
2523,50.460000,SIMULATED,DESCENT,9.368,0.027,2.815,0.015,-0.105,23.085,99350.7,165.68,-5.15,,,,,,,,1,0,5051
2524,50.480000,SIMULATED,DESCENT,9.465,0.023,2.673,-0.100,-0.017,23.449,99348.7,165.84,-5.13,,,,,,,,1,0,964E
2525,50.500000,SIMULATED,DESCENT,9.446,0.041,2.616,0.048,0.005,23.735,99349.3,165.79,-5.11,,,,,,,,1,0,1492
2526,50.520000,SIMULATED,DESCENT,9.407,-0.073,2.622,-0.007,0.129,24.107,99352.4,165.53,-5.10,,,,,,,,1,0,B09E
2527,50.540000,SIMULATED,DESCENT,9.444,-0.024,2.624,0.061,0.083,24.539,99350.9,165.65,-5.07,,,,,,,,1,0,AB91
2528,50.560000,SIMULATED,DESCENT,9.458,0.012,2.574,0.068,-0.010,24.630,99355.7,165.25,-5.07,,,,,,,,1,0,F14C
2529,50.580000,SIMULATED,DESCENT,9.438,0.048,2.581,0.024,0.037,24.839,99358.0,165.05,-5.08,,,,,,,,1,0,96C1
2530,50.600000,SIMULATED,DESCENT,9.389,0.026,2.489,0.058,-0.022,25.024,99359.4,164.94,-5.08,,,,,,,,1,0,4BF2
2531,50.620000,SIMULATED,DESCENT,9.440,0.064,2.543,-0.037,-0.006,25.120,99360.2,164.87,-5.09,,,,,,,,1,0,3562
2532,50.640000,SIMULATED,DESCENT,9.426,0.075,2.507,-0.022,0.089,24.979,99365.8,164.40,-5.12,,,,,,,,1,0,65FC
2533,50.660000,SIMULATED,DESCENT,9.400,-0.038,2.563,0.081,-0.070,24.891,99364.6,164.50,-5.14,,,,,,,,1,0,0650
2534,50.680000,SIMULATED,DESCENT,9.455,-0.185,2.689,0.078,-0.019,24.894,99362.5,164.68,-5.13,,,,,,,,1,0,AF1D
2535,50.700000,SIMULATED,DESCENT,9.522,0.028,2.511,0.047,-0.126,24.472,99366.5,164.34,-5.14,,,,,,,,1,0,5103
2536,50.720000,SIMULATED,DESCENT,9.513,-0.027,2.667,-0.020,-0.019,24.242,99367.2,164.28,-5.15,,,,,,,,1,0,0044
2537,50.740000,SIMULATED,DESCENT,9.479,-0.016,2.606,0.201,0.038,23.906,99372.0,163.87,-5.18,,,,,,,,1,0,C88D
2538,50.760000,SIMULATED,DESCENT,9.436,-0.059,2.605,0.021,-0.040,23.504,99370.9,163.96,-5.20,,,,,,,,1,0,2B04
2539,50.780000,SIMULATED,DESCENT,9.407,0.037,2.709,0.003,0.059,23.121,99370.0,164.05,-5.19,,,,,,,,1,0,6B7F
2540,50.800000,SIMULATED,DESCENT,9.393,-0.094,2.843,-0.054,-0.135,22.587,99373.2,163.77,-5.21,,,,,,,,1,0,A29B
2541,50.820000,SIMULATED,DESCENT,9.489,-0.037,2.824,-0.037,0.149,21.901,99373.5,163.74,-5.21,,,,,,,,1,0,D8D4
2542,50.840000,SIMULATED,DESCENT,9.422,0.079,2.759,-0.120,-0.057,21.370,99372.6,163.82,-5.20,,,,,,,,1,0,CA57
2543,50.860000,SIMULATED,DESCENT,9.318,0.023,2.899,-0.028,-0.022,20.803,99373.9,163.71,-5.19,,,,,,,,1,0,DDAD
2544,50.880000,SIMULATED,DESCENT,9.275,-0.032,3.045,0.093,-0.215,20.050,99379.5,163.24,-5.21,,,,,,,,1,0,1C3B
2545,50.900000,SIMULATED,DESCENT,9.367,0.042,3.165,-0.101,-0.026,19.106,99378.0,163.36,-5.22,,,,,,,,1,0,E6F7
2546,50.920000,SIMULATED,DESCENT,9.214,0.015,3.158,0.055,-0.059,18.380,99370.8,163.98,-5.16,,,,,,,,1,0,7710
2547,50.940000,SIMULATED,DESCENT,9.275,0.030,3.219,0.110,0.082,17.622,99384.2,162.84,-5.19,,,,,,,,1,0,ED78
2548,50.960000,SIMULATED,DESCENT,9.222,0.013,3.370,-0.089,0.049,16.650,99379.6,163.23,-5.18,,,,,,,,1,0,FA74
2549,50.980000,SIMULATED,DESCENT,9.209,0.037,3.506,-0.072,-0.042,15.749,99379.9,163.21,-5.16,,,,,,,,1,0,F877
2550,51.000000,SIMULATED,DESCENT,9.201,0.036,3.574,-0.136,0.089,14.534,99383.0,162.95,-5.16,20.45,0.0003739,0.0007498,164.0,3,9,4.062,1,0,1DCE
2551,51.020000,SIMULATED,DESCENT,9.154,-0.012,3.620,0.071,0.057,13.686,99387.7,162.55,-5.18,,,,,,,,1,0,EFC9
2552,51.040000,SIMULATED,DESCENT,9.079,-0.073,3.699,-0.060,0.009,12.494,99384.0,162.86,-5.16,,,,,,,,1,0,F1FD
2553,51.060000,SIMULATED,DESCENT,9.091,-0.066,3.873,-0.030,0.246,11.379,99385.2,162.75,-5.15,,,,,,,,1,0,0F84
2554,51.080000,SIMULATED,DESCENT,8.991,0.005,3.897,-0.038,-0.090,10.433,99389.4,162.40,-5.16,,,,,,,,1,0,7A5A
2555,51.100000,SIMULATED,DESCENT,8.974,-0.024,4.047,0.051,-0.115,9.183,99387.7,162.55,-5.15,,,,,,,,1,0,F344
2556,51.120000,SIMULATED,DESCENT,9.014,0.063,4.226,-0.097,-0.013,7.954,99391.0,162.27,-5.15,,,,,,,,1,0,09B5
2557,51.140000,SIMULATED,DESCENT,8.832,0.049,4.296,0.002,-0.029,6.821,99392.9,162.10,-5.16,,,,,,,,1,0,FBB7
2558,51.160000,SIMULATED,DESCENT,8.727,-0.055,4.411,-0.004,-0.256,5.537,99393.6,162.05,-5.16,,,,,,,,1,0,6FA9
2559,51.180000,SIMULATED,DESCENT,8.701,-0.031,4.506,0.117,-0.119,4.429,99391.6,162.22,-5.14,,,,,,,,1,0,4836
2560,51.200000,SIMULATED,DESCENT,8.597,-0.087,4.623,-0.074,-0.100,2.957,99392.5,162.14,-5.12,,,,,,,,1,0,B600
2561,51.220000,SIMULATED,DESCENT,8.563,-0.014,4.709,0.164,-0.009,1.661,99396.9,161.77,-5.12,,,,,,,,1,0,224E
2562,51.240000,SIMULATED,DESCENT,8.544,-0.041,4.944,-0.060,-0.137,0.551,99400.6,161.45,-5.14,,,,,,,,1,0,D77E
2563,51.260000,SIMULATED,DESCENT,8.446,-0.039,4.944,0.130,0.003,-0.511,99400.5,161.46,-5.15,,,,,,,,1,0,F466
2564,51.280000,SIMULATED,DESCENT,8.447,-0.058,5.117,0.033,-0.061,-1.962,99401.0,161.42,-5.15,,,,,,,,1,0,69DC
2565,51.300000,SIMULATED,DESCENT,8.334,-0.064,5.083,0.161,-0.069,-3.246,99398.9,161.60,-5.14,,,,,,,,1,0,E470
2566,51.320000,SIMULATED,DESCENT,8.181,-0.053,5.433,-0.008,0.019,-4.349,99401.6,161.37,-5.13,,,,,,,,1,0,93AC
2567,51.340000,SIMULATED,DESCENT,8.161,-0.024,5.350,0.004,0.073,-5.699,99405.1,161.08,-5.14,,,,,,,,1,0,13E5
2568,51.360000,SIMULATED,DESCENT,8.131,0.024,5.467,-0.129,0.061,-6.921,99403.8,161.19,-5.13,,,,,,,,1,0,AE71
2569,51.380000,SIMULATED,DESCENT,8.073,-0.021,5.602,0.119,-0.068,-8.067,99406.9,160.93,-5.13,,,,,,,,1,0,FA55
2570,51.400000,SIMULATED,DESCENT,7.991,0.074,5.633,0.108,-0.075,-9.320,99408.2,160.81,-5.13,,,,,,,,1,0,0BA9
2571,51.420000,SIMULATED,DESCENT,7.977,-0.052,5.672,-0.085,0.062,-10.524,99406.9,160.92,-5.12,,,,,,,,1,0,BFF4
2572,51.440000,SIMULATED,DESCENT,7.854,-0.042,5.900,0.063,-0.189,-11.490,99407.6,160.87,-5.11,,,,,,,,1,0,5BBB
2573,51.460000,SIMULATED,DESCENT,7.777,-0.026,5.985,-0.163,-0.073,-12.629,99407.9,160.84,-5.08,,,,,,,,1,0,627B
2574,51.480000,SIMULATED,DESCENT,7.647,0.105,6.041,0.082,-0.108,-13.694,99414.5,160.28,-5.10,,,,,,,,1,0,9228
2575,51.500000,SIMULATED,DESCENT,7.677,-0.029,6.204,-0.005,0.137,-14.568,99411.1,160.57,-5.08,,,,,,,,1,0,0F9D
2576,51.520000,SIMULATED,DESCENT,7.605,-0.015,6.200,0.227,-0.041,-15.909,99420.3,159.79,-5.13,,,,,,,,1,0,F6C0
2577,51.540000,SIMULATED,DESCENT,7.542,-0.030,6.150,-0.143,-0.052,-16.667,99422.8,159.58,-5.17,,,,,,,,1,0,43DA
2578,51.560000,SIMULATED,DESCENT,7.485,-0.058,6.401,-0.007,0.014,-17.631,99417.2,160.05,-5.17,,,,,,,,1,0,9850
2579,51.580000,SIMULATED,DESCENT,7.336,-0.067,6.482,-0.094,-0.005,-18.263,99418.2,159.97,-5.17,,,,,,,,1,0,E73E
2580,51.600000,SIMULATED,DESCENT,7.327,-0.053,6.501,0.075,-0.009,-19.339,99419.5,159.86,-5.16,,,,,,,,1,0,EC38
2581,51.620000,SIMULATED,DESCENT,7.334,0.093,6.517,-0.129,-0.143,-20.095,99420.6,159.76,-5.16,,,,,,,,1,0,4E2A
2582,51.640000,SIMULATED,DESCENT,7.279,-0.009,6.513,-0.159,0.061,-20.774,99422.0,159.65,-5.16,,,,,,,,1,0,6A3C
2583,51.660000,SIMULATED,DESCENT,7.161,0.072,6.641,-0.005,0.025,-21.530,99422.9,159.57,-5.15,,,,,,,,1,0,996B
2584,51.680000,SIMULATED,DESCENT,7.136,0.035,6.704,0.020,0.055,-22.108,99423.2,159.54,-5.14,,,,,,,,1,0,F7D1
2585,51.700000,SIMULATED,DESCENT,7.110,0.030,6.747,0.079,-0.088,-22.750,99420.1,159.80,-5.10,,,,,,,,1,0,BDDD
2586,51.720000,SIMULATED,DESCENT,7.117,-0.029,6.868,0.029,0.067,-23.137,99427.9,159.14,-5.11,,,,,,,,1,0,EF44
2587,51.740000,SIMULATED,DESCENT,7.021,-0.044,6.849,-0.012,0.049,-23.721,99427.7,159.17,-5.11,,,,,,,,1,0,E53A
2588,51.760000,SIMULATED,DESCENT,7.021,0.099,6.896,0.067,0.043,-24.008,99431.8,158.82,-5.12,,,,,,,,1,0,DB0D
2589,51.780000,SIMULATED,DESCENT,7.078,-0.036,6.857,0.017,-0.113,-24.322,99428.9,159.06,-5.11,,,,,,,,1,0,D7A9
2590,51.800000,SIMULATED,DESCENT,6.920,-0.093,6.996,0.021,-0.087,-24.663,99433.4,158.68,-5.13,,,,,,,,1,0,7D1B
2591,51.820000,SIMULATED,DESCENT,7.011,-0.031,6.919,-0.189,-0.104,-24.891,99433.2,158.70,-5.13,,,,,,,,1,0,6303
2592,51.840000,SIMULATED,DESCENT,7.037,0.075,6.873,0.051,0.162,-25.063,99439.1,158.20,-5.16,,,,,,,,1,0,5C3C
2593,51.860000,SIMULATED,DESCENT,6.954,-0.016,6.913,0.255,0.105,-24.945,99433.4,158.68,-5.14,,,,,,,,1,0,DBCA
2594,51.880000,SIMULATED,DESCENT,6.972,0.040,6.978,0.137,0.189,-24.864,99436.2,158.45,-5.14,,,,,,,,1,0,3B33
2595,51.900000,SIMULATED,DESCENT,6.910,0.024,6.933,-0.058,-0.006,-25.126,99438.3,158.27,-5.14,,,,,,,,1,0,F6EA
2596,51.920000,SIMULATED,DESCENT,6.825,-0.027,6.964,0.078,-0.085,-24.913,99440.2,158.11,-5.15,,,,,,,,1,0,19E3
2597,51.940000,SIMULATED,DESCENT,6.875,-0.035,6.954,0.171,0.206,-24.682,99433.0,158.71,-5.10,,,,,,,,1,0,3763
2598,51.960000,SIMULATED,DESCENT,6.998,-0.047,6.812,-0.042,-0.072,-24.203,99445.2,157.69,-5.12,,,,,,,,1,0,50FB
2599,51.980000,SIMULATED,DESCENT,6.974,-0.016,6.812,-0.170,0.126,-24.004,99442.3,157.93,-5.12,,,,,,,,1,0,0EAA
2600,52.000000,SIMULATED,DESCENT,7.048,0.049,6.902,-0.050,0.091,-23.913,99445.2,157.69,-5.13,20.41,0.0003855,0.0007562,154.2,3,9,4.060,1,0,0B34
2601,52.020000,SIMULATED,DESCENT,7.088,0.053,6.763,-0.064,0.096,-23.247,99446.2,157.60,-5.14,,,,,,,,1,0,7BC9
2602,52.040000,SIMULATED,DESCENT,7.123,-0.006,6.772,-0.014,0.196,-22.992,99442.9,157.88,-5.11,,,,,,,,1,0,D151
2603,52.060000,SIMULATED,DESCENT,7.123,-0.029,6.809,0.037,-0.068,-22.469,99447.3,157.51,-5.11,,,,,,,,1,0,C3C0
2604,52.080000,SIMULATED,DESCENT,7.103,-0.052,6.676,-0.060,-0.004,-21.662,99456.4,156.74,-5.17,,,,,,,,1,0,5205
2605,52.100000,SIMULATED,DESCENT,7.156,0.104,6.598,0.011,-0.070,-21.024,99445.1,157.70,-5.13,,,,,,,,1,0,AB97
2606,52.120000,SIMULATED,DESCENT,7.273,0.068,6.586,0.106,0.042,-20.417,99447.8,157.46,-5.10,,,,,,,,1,0,5BC1
2607,52.140000,SIMULATED,DESCENT,7.378,-0.016,6.522,0.008,-0.032,-19.499,99454.5,156.90,-5.12,,,,,,,,1,0,4F4C
2608,52.160000,SIMULATED,DESCENT,7.302,-0.020,6.418,-0.069,0.152,-18.823,99453.9,156.95,-5.12,,,,,,,,1,0,817D
2609,52.180000,SIMULATED,DESCENT,7.522,0.018,6.547,-0.151,0.081,-18.000,99450.6,157.22,-5.09,,,,,,,,1,0,F628
2610,52.200000,SIMULATED,DESCENT,7.488,0.029,6.380,0.166,-0.037,-17.157,99456.2,156.75,-5.10,,,,,,,,1,0,352A
2611,52.220000,SIMULATED,DESCENT,7.509,0.025,6.233,0.065,-0.046,-16.095,99458.0,156.60,-5.10,,,,,,,,1,0,9E6A
2612,52.240000,SIMULATED,DESCENT,7.573,-0.019,6.153,0.054,0.051,-15.147,99456.7,156.71,-5.09,,,,,,,,1,0,8563
2613,52.260000,SIMULATED,DESCENT,7.644,-0.063,6.117,-0.037,0.050,-14.248,99458.9,156.53,-5.09,,,,,,,,1,0,1A84
2614,52.280000,SIMULATED,DESCENT,7.714,-0.063,6.087,0.081,0.007,-13.216,99464.0,156.09,-5.11,,,,,,,,1,0,69E9
2615,52.300000,SIMULATED,DESCENT,7.896,0.033,5.901,-0.164,0.131,-12.090,99462.9,156.19,-5.12,,,,,,,,1,0,FE7C
2616,52.320000,SIMULATED,DESCENT,7.892,-0.032,5.783,-0.014,0.091,-10.817,99466.9,155.85,-5.14,,,,,,,,1,0,BFEF
2617,52.340000,SIMULATED,DESCENT,7.961,-0.014,5.708,0.011,0.041,-9.774,99460.9,156.35,-5.12,,,,,,,,1,0,BD71
2618,52.360000,SIMULATED,DESCENT,7.988,-0.047,5.647,0.124,0.015,-8.574,99463.8,156.11,-5.11,,,,,,,,1,0,E89E
2619,52.380000,SIMULATED,DESCENT,8.133,-0.017,5.532,0.086,0.022,-7.358,99466.8,155.86,-5.11,,,,,,,,1,0,6AAA
2620,52.400000,SIMULATED,DESCENT,8.137,-0.014,5.477,-0.125,0.084,-6.210,99468.5,155.72,-5.11,,,,,,,,1,0,0866
2621,52.420000,SIMULATED,DESCENT,8.235,-0.031,5.350,-0.064,0.093,-4.924,99471.7,155.45,-5.13,,,,,,,,1,0,482B
2622,52.440000,SIMULATED,DESCENT,8.294,-0.022,5.165,-0.123,-0.100,-3.723,99470.7,155.53,-5.13,,,,,,,,1,0,9C93
2623,52.460000,SIMULATED,DESCENT,8.351,-0.017,5.177,0.035,0.073,-2.498,99469.7,155.61,-5.11,,,,,,,,1,0,8DD6
2624,52.480000,SIMULATED,DESCENT,8.400,0.017,4.996,0.054,-0.023,-1.269,99471.6,155.45,-5.10,,,,,,,,1,0,F34A
2625,52.500000,SIMULATED,DESCENT,8.551,0.021,4.894,0.086,0.170,0.095,99474.2,155.23,-5.11,,,,,,,,1,0,1082
2626,52.520000,SIMULATED,DESCENT,8.510,0.009,4.683,0.000,0.015,1.361,99474.2,155.23,-5.10,,,,,,,,1,0,37A2
2627,52.540000,SIMULATED,DESCENT,8.515,-0.026,4.662,0.041,-0.075,2.529,99470.9,155.51,-5.06,,,,,,,,1,0,9368
2628,52.560000,SIMULATED,DESCENT,8.762,-0.052,4.498,-0.119,-0.041,3.628,99477.5,154.95,-5.06,,,,,,,,1,0,2520
2629,52.580000,SIMULATED,DESCENT,8.731,-0.008,4.512,-0.080,0.067,5.037,99477.3,154.97,-5.05,,,,,,,,1,0,BF6E
2630,52.600000,SIMULATED,DESCENT,8.813,-0.028,4.320,0.148,-0.113,6.430,99480.9,154.67,-5.06,,,,,,,,1,0,7D1B
2631,52.620000,SIMULATED,DESCENT,8.888,-0.095,4.237,0.013,0.098,7.446,99479.0,154.83,-5.05,,,,,,,,1,0,05C8
2632,52.640000,SIMULATED,DESCENT,8.907,-0.017,4.161,0.107,0.130,8.673,99484.8,154.34,-5.07,,,,,,,,1,0,F374
2633,52.660000,SIMULATED,DESCENT,8.897,-0.100,4.035,0.091,0.211,9.715,99485.8,154.25,-5.09,,,,,,,,1,0,A5EC
2634,52.680000,SIMULATED,DESCENT,9.027,-0.001,3.844,-0.142,0.007,10.910,99476.5,155.04,-5.03,,,,,,,,1,0,137A
2635,52.700000,SIMULATED,DESCENT,9.096,-0.046,3.865,-0.003,-0.084,12.160,99489.7,153.92,-5.06,,,,,,,,1,0,C18B
2636,52.720000,SIMULATED,DESCENT,9.145,0.059,3.739,0.064,0.127,13.138,99486.9,154.16,-5.06,,,,,,,,1,0,6147
2637,52.740000,SIMULATED,DESCENT,9.104,0.064,3.605,0.039,-0.058,14.064,99490.4,153.87,-5.08,,,,,,,,1,0,2CA4
2638,52.760000,SIMULATED,DESCENT,9.102,-0.013,3.523,-0.140,0.029,15.076,99487.8,154.09,-5.06,,,,,,,,1,0,620A
2639,52.780000,SIMULATED,DESCENT,9.199,0.020,3.409,0.030,-0.058,16.088,99493.7,153.59,-5.09,,,,,,,,1,0,BD77
2640,52.800000,SIMULATED,DESCENT,9.223,-0.029,3.383,-0.135,-0.070,17.224,99490.3,153.87,-5.08,,,,,,,,1,0,7FC2
2641,52.820000,SIMULATED,DESCENT,9.273,-0.043,3.172,-0.240,0.017,17.765,99495.9,153.40,-5.10,,,,,,,,1,0,FAE0
2642,52.840000,SIMULATED,DESCENT,9.259,0.000,3.199,-0.288,0.146,18.809,99490.2,153.88,-5.07,,,,,,,,1,0,749A
2643,52.860000,SIMULATED,DESCENT,9.273,-0.048,3.172,-0.024,0.125,19.786,99495.0,153.48,-5.06,,,,,,,,1,0,399A
2644,52.880000,SIMULATED,DESCENT,9.318,-0.004,3.010,0.013,-0.159,20.470,99501.7,152.91,-5.10,,,,,,,,1,0,D9E7
2645,52.900000,SIMULATED,DESCENT,9.365,0.033,2.846,-0.193,0.192,21.014,99496.6,153.34,-5.09,,,,,,,,1,0,A6C5
2646,52.920000,SIMULATED,DESCENT,9.362,0.023,2.963,-0.001,0.007,21.701,99498.9,153.15,-5.09,,,,,,,,1,0,3D18
2647,52.940000,SIMULATED,DESCENT,9.377,0.055,2.825,0.068,0.087,22.432,99501.6,152.92,-5.10,,,,,,,,1,0,5C09
2648,52.960000,SIMULATED,DESCENT,9.431,-0.057,2.752,0.020,-0.040,22.836,99502.3,152.86,-5.10,,,,,,,,1,0,7174
2649,52.980000,SIMULATED,DESCENT,9.379,0.045,2.675,0.027,-0.032,23.361,99498.0,153.22,-5.07,,,,,,,,1,0,A951
2650,53.000000,SIMULATED,DESCENT,9.504,-0.003,2.656,-0.074,0.093,23.660,99506.0,152.55,-5.08,20.36,0.0004106,0.0007860,158.3,3,9,4.062,1,0,6B9E
2651,53.020000,SIMULATED,DESCENT,9.529,-0.078,2.634,0.055,0.105,24.025,99502.0,152.88,-5.06,,,,,,,,1,0,38D2
2652,53.040000,SIMULATED,DESCENT,9.427,0.025,2.707,-0.014,-0.110,24.186,99508.4,152.34,-5.08,,,,,,,,1,0,4B2B
2653,53.060000,SIMULATED,DESCENT,9.450,-0.039,2.577,-0.211,-0.163,24.566,99500.1,153.05,-5.03,,,,,,,,1,0,8C63
2654,53.080000,SIMULATED,DESCENT,9.473,0.017,2.592,-0.046,-0.203,24.661,99511.3,152.10,-5.05,,,,,,,,1,0,F34F
2655,53.100000,SIMULATED,DESCENT,9.443,0.006,2.594,-0.139,0.031,24.976,99508.4,152.35,-5.04,,,,,,,,1,0,B6CB
2656,53.120000,SIMULATED,DESCENT,9.551,-0.046,2.536,0.152,-0.044,25.043,99517.8,151.55,-5.09,,,,,,,,1,0,4429
2657,53.140000,SIMULATED,DESCENT,9.475,0.108,2.553,-0.030,0.089,25.017,99517.3,151.59,-5.12,,,,,,,,1,0,530D
2658,53.160000,SIMULATED,DESCENT,9.477,0.004,2.512,0.098,0.112,24.660,99514.7,151.82,-5.13,,,,,,,,1,0,E9D0
2659,53.180000,SIMULATED,DESCENT,9.401,0.068,2.617,-0.120,0.052,24.786,99513.7,151.89,-5.12,,,,,,,,1,0,77EA
2660,53.200000,SIMULATED,DESCENT,9.399,0.042,2.540,-0.115,0.074,24.479,99512.7,151.98,-5.10,,,,,,,,1,0,BB94
2661,53.220000,SIMULATED,DESCENT,9.461,-0.006,2.593,-0.016,0.168,24.240,99514.5,151.83,-5.08,,,,,,,,1,0,AA24
2662,53.240000,SIMULATED,DESCENT,9.485,-0.034,2.517,-0.018,0.038,24.120,99517.3,151.59,-5.07,,,,,,,,1,0,C0ED
2663,53.260000,SIMULATED,DESCENT,9.420,-0.026,2.729,-0.096,0.025,23.502,99520.7,151.30,-5.08,,,,,,,,1,0,20AD
2664,53.280000,SIMULATED,DESCENT,9.427,0.105,2.805,-0.053,0.118,23.138,99523.7,151.05,-5.10,,,,,,,,1,0,E710
2665,53.300000,SIMULATED,DESCENT,9.425,-0.025,2.802,0.081,-0.242,22.579,99524.0,151.03,-5.11,,,,,,,,1,0,20D2
2666,53.320000,SIMULATED,DESCENT,9.440,-0.049,2.782,-0.107,0.141,21.998,99530.1,150.51,-5.16,,,,,,,,1,0,6FDA
2667,53.340000,SIMULATED,DESCENT,9.374,-0.002,2.917,-0.001,-0.050,21.559,99524.0,151.02,-5.15,,,,,,,,1,0,FE61
2668,53.360000,SIMULATED,DESCENT,9.270,-0.072,2.967,-0.022,0.022,20.715,99529.3,150.58,-5.18,,,,,,,,1,0,AA9A
2669,53.380000,SIMULATED,DESCENT,9.340,0.003,3.008,0.042,-0.030,20.010,99528.6,150.64,-5.18,,,,,,,,1,0,06D4
2670,53.400000,SIMULATED,DESCENT,9.336,-0.061,3.064,0.252,0.043,19.188,99533.4,150.23,-5.21,,,,,,,,1,0,10EB
2671,53.420000,SIMULATED,DESCENT,9.246,-0.012,3.191,0.006,0.141,18.308,99532.7,150.29,-5.23,,,,,,,,1,0,6D49
2672,53.440000,SIMULATED,DESCENT,9.279,-0.034,3.218,0.036,0.039,17.641,99533.3,150.24,-5.24,,,,,,,,1,0,69F3
2673,53.460000,SIMULATED,DESCENT,9.165,-0.077,3.342,-0.016,0.041,16.654,99533.6,150.21,-5.25,,,,,,,,1,0,939D
2674,53.480000,SIMULATED,DESCENT,9.090,0.057,3.543,-0.130,-0.210,15.797,99530.6,150.47,-5.22,,,,,,,,1,0,DAD5
2675,53.500000,SIMULATED,DESCENT,9.133,0.083,3.602,0.090,0.058,14.862,99537.8,149.87,-5.24,,,,,,,,1,0,BA31
2676,53.520000,SIMULATED,DESCENT,9.115,-0.074,3.640,-0.011,0.036,13.746,99535.8,150.03,-5.23,,,,,,,,1,0,867A
2677,53.540000,SIMULATED,DESCENT,9.162,0.056,3.859,0.008,-0.056,12.712,99537.9,149.86,-5.23,,,,,,,,1,0,CEF4
2678,53.560000,SIMULATED,DESCENT,9.032,0.027,3.893,-0.058,-0.110,11.546,99533.5,150.22,-5.19,,,,,,,,1,0,4C9C
2679,53.580000,SIMULATED,DESCENT,8.953,-0.003,4.013,0.002,-0.104,10.276,99539.9,149.68,-5.19,,,,,,,,1,0,F4BA
2680,53.600000,SIMULATED,DESCENT,8.918,-0.008,4.031,0.118,-0.044,9.192,99543.0,149.42,-5.20,,,,,,,,1,0,5DF9
2681,53.620000,SIMULATED,DESCENT,8.935,0.042,4.131,0.068,0.054,8.149,99541.8,149.53,-5.20,,,,,,,,1,0,A78E
2682,53.640000,SIMULATED,DESCENT,8.801,-0.127,4.194,-0.160,-0.063,6.731,99546.2,149.16,-5.21,,,,,,,,1,0,2FE2
2683,53.660000,SIMULATED,DESCENT,8.801,0.082,4.418,0.012,0.012,5.669,99545.7,149.19,-5.22,,,,,,,,1,0,9D20
2684,53.680000,SIMULATED,DESCENT,8.682,-0.029,4.451,-0.045,-0.073,4.458,99547.3,149.06,-5.22,,,,,,,,1,0,ECDA
2685,53.700000,SIMULATED,DESCENT,8.651,-0.047,4.657,0.000,0.009,3.306,99547.8,149.02,-5.22,,,,,,,,1,0,F8AC
2686,53.720000,SIMULATED,DESCENT,8.529,0.011,4.792,-0.032,0.062,1.948,99546.2,149.15,-5.20,,,,,,,,1,0,9390
2687,53.740000,SIMULATED,DESCENT,8.590,0.023,4.858,0.036,-0.135,0.639,99552.7,148.60,-5.22,,,,,,,,1,0,EFB9
2688,53.760000,SIMULATED,DESCENT,8.521,0.022,4.999,-0.045,0.133,-0.571,99549.0,148.91,-5.21,,,,,,,,1,0,1D8A
2689,53.780000,SIMULATED,DESCENT,8.488,-0.001,5.108,0.028,-0.072,-1.971,99552.8,148.59,-5.21,,,,,,,,1,0,8183
2690,53.800000,SIMULATED,DESCENT,8.366,-0.066,5.250,-0.125,0.006,-3.144,99556.8,148.26,-5.23,,,,,,,,1,0,2A18
2691,53.820000,SIMULATED,DESCENT,8.216,-0.033,5.323,-0.039,-0.072,-4.470,99554.3,148.47,-5.22,,,,,,,,1,0,5C6B
2692,53.840000,SIMULATED,DESCENT,8.154,-0.046,5.390,-0.059,-0.107,-5.650,99560.3,147.96,-5.25,,,,,,,,1,0,0D4C
2693,53.860000,SIMULATED,DESCENT,8.136,0.045,5.564,0.194,-0.130,-6.798,99556.4,148.29,-5.24,,,,,,,,1,0,643E
2694,53.880000,SIMULATED,DESCENT,8.056,-0.030,5.580,-0.103,0.020,-8.092,99565.0,147.56,-5.28,,,,,,,,1,0,3354
2695,53.900000,SIMULATED,DESCENT,7.999,-0.047,5.729,0.108,-0.137,-9.155,99561.7,147.84,-5.29,,,,,,,,1,0,E6E7
2696,53.920000,SIMULATED,DESCENT,7.903,0.005,5.754,-0.079,0.051,-10.467,99557.6,148.19,-5.26,,,,,,,,1,0,6FC5
2697,53.940000,SIMULATED,DESCENT,7.868,0.151,5.819,0.081,-0.174,-11.453,99560.4,147.95,-5.24,,,,,,,,1,0,F21A
2698,53.960000,SIMULATED,DESCENT,7.807,-0.071,6.056,-0.059,-0.048,-12.563,99565.7,147.50,-5.25,,,,,,,,1,0,42DD
2699,53.980000,SIMULATED,DESCENT,7.695,-0.050,5.950,-0.068,0.101,-13.707,99568.3,147.29,-5.27,,,,,,,,1,0,27A5
2700,54.000000,SIMULATED,DESCENT,7.738,0.022,6.236,-0.149,0.124,-14.771,99566.0,147.48,-5.27,20.33,0.0004021,0.0007725,149.1,3,9,4.056,1,0,AD93
2701,54.020000,SIMULATED,DESCENT,7.544,0.029,6.223,-0.009,0.092,-15.913,99569.2,147.21,-5.28,,,,,,,,1,0,3F5C
2702,54.040000,SIMULATED,DESCENT,7.500,-0.044,6.261,-0.170,-0.121,-16.629,99568.8,147.24,-5.27,,,,,,,,1,0,17F5
2703,54.060000,SIMULATED,DESCENT,7.482,0.040,6.423,-0.134,-0.075,-17.648,99573.0,146.89,-5.29,,,,,,,,1,0,59ED
2704,54.080000,SIMULATED,DESCENT,7.397,0.019,6.363,-0.032,-0.037,-18.423,99570.5,147.10,-5.28,,,,,,,,1,0,D50F
2705,54.100000,SIMULATED,DESCENT,7.377,0.046,6.556,-0.033,-0.011,-19.111,99569.5,147.18,-5.26,,,,,,,,1,0,EC85
2706,54.120000,SIMULATED,DESCENT,7.267,-0.034,6.558,0.041,0.099,-20.034,99570.8,147.07,-5.23,,,,,,,,1,0,69E0
2707,54.140000,SIMULATED,DESCENT,7.277,0.038,6.634,0.018,0.156,-20.821,99574.3,146.78,-5.23,,,,,,,,1,0,9154
2708,54.160000,SIMULATED,DESCENT,7.223,-0.003,6.616,-0.036,0.064,-21.408,99570.7,147.08,-5.19,,,,,,,,1,0,DD16
2709,54.180000,SIMULATED,DESCENT,7.137,0.030,6.722,0.017,0.214,-22.030,99576.2,146.62,-5.18,,,,,,,,1,0,4B52
2710,54.200000,SIMULATED,DESCENT,7.032,-0.011,6.826,0.047,0.113,-22.577,99582.6,146.08,-5.21,,,,,,,,1,0,77AC
2711,54.220000,SIMULATED,DESCENT,7.085,-0.028,6.704,0.013,-0.015,-23.017,99577.2,146.53,-5.19,,,,,,,,1,0,1CC2
2712,54.240000,SIMULATED,DESCENT,7.044,-0.005,6.827,0.002,0.073,-23.539,99581.5,146.17,-5.20,,,,,,,,1,0,25ED
2713,54.260000,SIMULATED,DESCENT,7.013,-0.099,6.809,-0.101,-0.015,-23.966,99576.1,146.63,-5.15,,,,,,,,1,0,8C41
2714,54.280000,SIMULATED,DESCENT,7.053,-0.020,6.854,0.049,0.046,-24.155,99583.8,145.98,-5.16,,,,,,,,1,0,1DEE
2715,54.300000,SIMULATED,DESCENT,6.975,0.004,7.001,-0.009,0.081,-24.761,99585.4,145.84,-5.16,,,,,,,,1,0,D3E1
2716,54.320000,SIMULATED,DESCENT,6.915,0.057,6.957,0.107,0.070,-24.618,99583.6,145.99,-5.15,,,,,,,,1,0,7F56
2717,54.340000,SIMULATED,DESCENT,7.000,0.010,6.888,0.207,-0.127,-24.655,99584.4,145.93,-5.13,,,,,,,,1,0,B3EC
2718,54.360000,SIMULATED,DESCENT,6.876,-0.051,6.855,0.057,-0.173,-25.218,99586.6,145.75,-5.12,,,,,,,,1,0,850B
2719,54.380000,SIMULATED,DESCENT,6.885,0.015,6.977,0.011,-0.067,-25.062,99593.4,145.17,-5.16,,,,,,,,1,0,171C
2720,54.400000,SIMULATED,DESCENT,7.006,-0.073,6.998,-0.130,0.038,-25.168,99589.1,145.53,-5.15,,,,,,,,1,0,DC68
2721,54.420000,SIMULATED,DESCENT,6.969,0.007,6.891,0.057,0.258,-24.911,99586.9,145.71,-5.11,,,,,,,,1,0,F527
2722,54.440000,SIMULATED,DESCENT,6.926,0.082,6.878,0.144,-0.085,-24.522,99593.5,145.16,-5.12,,,,,,,,1,0,A2CD
2723,54.460000,SIMULATED,DESCENT,6.996,0.042,7.008,-0.073,0.025,-24.658,99592.0,145.29,-5.11,,,,,,,,1,0,1B1D
2724,54.480000,SIMULATED,DESCENT,7.039,-0.039,6.916,-0.175,0.008,-24.064,99591.5,145.33,-5.08,,,,,,,,1,0,AF3E
2725,54.500000,SIMULATED,DESCENT,7.032,0.006,6.944,-0.034,0.147,-23.735,99598.3,144.75,-5.10,,,,,,,,1,0,1295
2726,54.520000,SIMULATED,DESCENT,7.094,-0.002,6.817,0.052,0.025,-23.268,99594.0,145.12,-5.08,,,,,,,,1,0,5B75
2727,54.540000,SIMULATED,DESCENT,7.120,0.006,6.727,-0.033,0.094,-22.856,99598.5,144.74,-5.08,,,,,,,,1,0,06F4
2728,54.560000,SIMULATED,DESCENT,7.080,0.031,6.758,0.237,-0.018,-22.340,99603.0,144.35,-5.10,,,,,,,,1,0,0061
2729,54.580000,SIMULATED,DESCENT,7.190,-0.009,6.634,-0.124,0.063,-21.694,99599.0,144.70,-5.09,,,,,,,,1,0,1E81
2730,54.600000,SIMULATED,DESCENT,7.253,0.005,6.708,0.034,-0.089,-21.075,99602.8,144.37,-5.09,,,,,,,,1,0,AB51
2731,54.620000,SIMULATED,DESCENT,7.235,-0.076,6.656,0.087,-0.008,-20.166,99603.6,144.31,-5.10,,,,,,,,1,0,83F2
2732,54.640000,SIMULATED,DESCENT,7.321,0.034,6.523,-0.250,0.179,-19.799,99608.6,143.89,-5.13,,,,,,,,1,0,F80E
2733,54.660000,SIMULATED,DESCENT,7.303,0.047,6.513,-0.179,-0.018,-18.848,99606.1,144.10,-5.13,,,,,,,,1,0,F07D
2734,54.680000,SIMULATED,DESCENT,7.452,0.025,6.494,0.071,0.082,-18.027,99610.8,143.70,-5.15,,,,,,,,1,0,57C6
2735,54.700000,SIMULATED,DESCENT,7.406,0.056,6.434,0.084,-0.134,-17.061,99609.1,143.85,-5.16,,,,,,,,1,0,FC12
2736,54.720000,SIMULATED,DESCENT,7.558,-0.008,6.226,-0.101,0.116,-16.265,99607.6,143.97,-5.14,,,,,,,,1,0,0E19
2737,54.740000,SIMULATED,DESCENT,7.581,0.007,6.211,0.055,-0.029,-15.180,99610.5,143.73,-5.14,,,,,,,,1,0,BB13
2738,54.760000,SIMULATED,DESCENT,7.638,-0.031,6.128,0.091,-0.025,-14.214,99608.5,143.89,-5.11,,,,,,,,1,0,68DA
2739,54.780000,SIMULATED,DESCENT,7.805,0.022,6.004,0.009,-0.010,-13.075,99617.3,143.15,-5.14,,,,,,,,1,0,DD11
2740,54.800000,SIMULATED,DESCENT,7.808,0.000,5.986,-0.059,-0.110,-12.100,99613.3,143.49,-5.13,,,,,,,,1,0,FB66
2741,54.820000,SIMULATED,DESCENT,7.866,-0.049,5.851,-0.199,-0.013,-10.972,99617.7,143.11,-5.15,,,,,,,,1,0,2F60
2742,54.840000,SIMULATED,DESCENT,7.975,-0.002,5.794,-0.028,0.026,-9.707,99620.2,142.91,-5.17,,,,,,,,1,0,E5C3
2743,54.860000,SIMULATED,DESCENT,8.069,0.013,5.693,0.157,0.127,-8.665,99623.0,142.67,-5.20,,,,,,,,1,0,36CE
2744,54.880000,SIMULATED,DESCENT,8.149,0.022,5.479,0.094,-0.058,-7.618,99618.2,143.07,-5.19,,,,,,,,1,0,735E
2745,54.900000,SIMULATED,DESCENT,8.135,-0.070,5.457,-0.013,0.048,-6.197,99623.2,142.65,-5.20,,,,,,,,1,0,F22F
2746,54.920000,SIMULATED,DESCENT,8.206,-0.032,5.281,0.096,0.051,-5.087,99617.0,143.17,-5.16,,,,,,,,1,0,F6AE
2747,54.940000,SIMULATED,DESCENT,8.349,-0.086,5.052,-0.100,-0.018,-3.573,99623.8,142.60,-5.17,,,,,,,,1,0,A575
2748,54.960000,SIMULATED,DESCENT,8.331,-0.108,5.095,0.034,0.169,-2.676,99623.6,142.61,-5.16,,,,,,,,1,0,D98E
2749,54.980000,SIMULATED,DESCENT,8.369,-0.030,5.001,0.172,-0.063,-1.280,99626.2,142.40,-5.16,,,,,,,,1,0,5ED3
2750,55.000000,SIMULATED,DESCENT,8.514,0.022,4.905,-0.061,-0.084,-0.057,99620.5,142.88,-5.12,20.26,0.0003713,0.0008080,140.8,3,9,4.057,1,0,5958
2751,55.020000,SIMULATED,DESCENT,8.571,-0.014,4.780,-0.113,-0.023,1.338,99627.8,142.26,-5.12,,,,,,,,1,0,363F
2752,55.040000,SIMULATED,DESCENT,8.665,0.023,4.694,0.006,-0.081,2.614,99627.0,142.33,-5.10,,,,,,,,1,0,4B73
2753,55.060000,SIMULATED,DESCENT,8.592,0.055,4.722,0.011,-0.045,3.690,99627.2,142.32,-5.08,,,,,,,,1,0,D9D4
2754,55.080000,SIMULATED,DESCENT,8.778,0.013,4.385,-0.053,0.062,5.079,99632.8,141.84,-5.09,,,,,,,,1,0,F167
2755,55.100000,SIMULATED,DESCENT,8.786,-0.016,4.417,0.117,-0.010,6.222,99627.4,142.30,-5.06,,,,,,,,1,0,298A
2756,55.120000,SIMULATED,DESCENT,8.842,0.035,4.201,0.100,0.043,7.307,99627.8,142.27,-5.02,,,,,,,,1,0,C8C1
2757,55.140000,SIMULATED,DESCENT,8.887,0.082,4.079,-0.039,0.076,8.597,99623.8,142.61,-4.95,,,,,,,,1,0,1BC8
2758,55.160000,SIMULATED,DESCENT,8.899,-0.061,4.124,0.126,0.079,9.927,99637.0,141.48,-4.96,,,,,,,,1,0,7B40
2759,55.180000,SIMULATED,DESCENT,8.941,0.069,3.905,-0.037,0.089,10.956,99641.9,141.08,-5.00,,,,,,,,1,0,F54B
2760,55.200000,SIMULATED,DESCENT,9.023,0.042,3.824,-0.147,-0.031,12.173,99644.0,140.90,-5.05,,,,,,,,1,0,F613
2761,55.220000,SIMULATED,DESCENT,9.143,-0.029,3.825,0.096,0.075,13.083,99637.8,141.42,-5.04,,,,,,,,1,0,5F5D
2762,55.240000,SIMULATED,DESCENT,9.110,-0.025,3.576,-0.039,0.048,14.221,99644.2,140.88,-5.06,,,,,,,,1,0,D5FF
2763,55.260000,SIMULATED,DESCENT,9.185,0.041,3.536,0.041,-0.195,15.107,99640.3,141.21,-5.05,,,,,,,,1,0,5718
2764,55.280000,SIMULATED,DESCENT,9.139,0.120,3.397,0.033,-0.031,16.273,99642.1,141.06,-5.05,,,,,,,,1,0,7B7A
2765,55.300000,SIMULATED,DESCENT,9.299,-0.069,3.327,-0.142,-0.026,17.183,99645.0,140.81,-5.05,,,,,,,,1,0,CBEA
2766,55.320000,SIMULATED,DESCENT,9.240,-0.022,3.290,-0.084,-0.005,18.223,99646.1,140.72,-5.06,,,,,,,,1,0,24EE
2767,55.340000,SIMULATED,DESCENT,9.307,0.023,3.130,0.113,-0.007,18.953,99648.3,140.54,-5.07,,,,,,,,1,0,32A7
2768,55.360000,SIMULATED,DESCENT,9.318,-0.006,3.089,-0.098,-0.103,19.721,99650.9,140.32,-5.09,,,,,,,,1,0,B98B
2769,55.380000,SIMULATED,DESCENT,9.354,-0.057,2.972,0.115,0.104,20.508,99647.7,140.58,-5.08,,,,,,,,1,0,DC18
2770,55.400000,SIMULATED,DESCENT,9.273,-0.056,3.020,0.087,-0.026,20.959,99650.1,140.38,-5.08,,,,,,,,1,0,828E
2771,55.420000,SIMULATED,DESCENT,9.468,0.023,2.962,0.133,-0.044,21.811,99648.9,140.49,-5.06,,,,,,,,1,0,B7D7
2772,55.440000,SIMULATED,DESCENT,9.491,0.041,2.732,0.017,-0.129,22.228,99654.7,139.99,-5.08,,,,,,,,1,0,BDA0
2773,55.460000,SIMULATED,DESCENT,9.338,-0.011,2.712,-0.019,-0.017,22.832,99654.1,140.05,-5.08,,,,,,,,1,0,BE76
2774,55.480000,SIMULATED,DESCENT,9.494,-0.039,2.638,-0.068,0.067,23.477,99656.4,139.85,-5.09,,,,,,,,1,0,A99E
2775,55.500000,SIMULATED,DESCENT,9.550,-0.032,2.637,0.074,-0.028,23.834,99657.2,139.78,-5.09,,,,,,,,1,0,CB7A
2776,55.520000,SIMULATED,DESCENT,9.468,0.028,2.704,-0.109,0.014,23.915,99656.2,139.86,-5.08,,,,,,,,1,0,4B33
2777,55.540000,SIMULATED,DESCENT,9.452,0.064,2.572,0.002,-0.028,24.486,99654.9,139.98,-5.06,,,,,,,,1,0,0F6B
2778,55.560000,SIMULATED,DESCENT,9.390,0.042,2.545,0.048,-0.037,24.763,99658.9,139.64,-5.05,,,,,,,,1,0,0040
2779,55.580000,SIMULATED,DESCENT,9.514,-0.058,2.507,0.015,0.054,24.823,99658.5,139.68,-5.03,,,,,,,,1,0,3AC9
2780,55.600000,SIMULATED,DESCENT,9.519,-0.020,2.545,-0.114,-0.007,24.891,99661.9,139.39,-5.03,,,,,,,,1,0,E2D3
2781,55.620000,SIMULATED,DESCENT,9.473,-0.030,2.542,-0.079,0.001,24.848,99664.1,139.20,-5.04,,,,,,,,1,0,DA54
2782,55.640000,SIMULATED,DESCENT,9.495,-0.078,2.496,0.066,0.003,25.060,99664.8,139.14,-5.04,,,,,,,,1,0,AB09
2783,55.660000,SIMULATED,DESCENT,9.487,0.058,2.638,0.095,0.204,24.792,99658.6,139.66,-5.00,,,,,,,,1,0,654A
2784,55.680000,SIMULATED,DESCENT,9.521,0.098,2.547,-0.041,-0.179,24.775,99671.0,138.62,-5.03,,,,,,,,1,0,854C
2785,55.700000,SIMULATED,DESCENT,9.457,0.102,2.537,-0.064,-0.185,24.480,99667.8,138.89,-5.03,,,,,,,,1,0,F15E
2786,55.720000,SIMULATED,DESCENT,9.493,0.053,2.569,-0.133,-0.100,24.215,99669.2,138.77,-5.03,,,,,,,,1,0,BA45
2787,55.740000,SIMULATED,DESCENT,9.457,-0.041,2.562,0.042,0.122,23.899,99674.0,138.37,-5.05,,,,,,,,1,0,33D4
2788,55.760000,SIMULATED,DESCENT,9.416,0.083,2.819,0.119,-0.014,23.563,99670.7,138.64,-5.05,,,,,,,,1,0,EEB5
2789,55.780000,SIMULATED,DESCENT,9.520,0.000,2.684,0.098,-0.030,23.045,99675.3,138.25,-5.06,,,,,,,,1,0,77F5
2790,55.800000,SIMULATED,DESCENT,9.360,-0.028,2.679,-0.094,-0.108,22.746,99674.2,138.35,-5.07,,,,,,,,1,0,4A62
2791,55.820000,SIMULATED,DESCENT,9.387,0.006,2.886,-0.138,0.001,22.063,99676.9,138.12,-5.08,,,,,,,,1,0,C83A
2792,55.840000,SIMULATED,DESCENT,9.317,-0.022,2.848,-0.284,-0.183,21.435,99677.6,138.06,-5.08,,,,,,,,1,0,0A21
2793,55.860000,SIMULATED,DESCENT,9.346,0.007,2.867,-0.251,0.176,20.811,99681.1,137.76,-5.11,,,,,,,,1,0,7954
2794,55.880000,SIMULATED,DESCENT,9.383,-0.008,3.022,-0.014,0.097,20.104,99678.7,137.97,-5.10,,,,,,,,1,0,175A
2795,55.900000,SIMULATED,DESCENT,9.335,-0.083,3.096,0.108,0.077,19.114,99682.0,137.69,-5.11,,,,,,,,1,0,B479
2796,55.920000,SIMULATED,DESCENT,9.220,0.061,3.194,-0.049,-0.037,18.447,99687.0,137.27,-5.15,,,,,,,,1,0,437F
2797,55.940000,SIMULATED,DESCENT,9.239,0.049,3.208,0.072,-0.147,17.641,99684.8,137.46,-5.16,,,,,,,,1,0,C948
2798,55.960000,SIMULATED,DESCENT,9.271,0.033,3.405,0.001,0.080,16.578,99684.8,137.45,-5.16,,,,,,,,1,0,A38A
2799,55.980000,SIMULATED,DESCENT,9.214,0.016,3.474,0.031,0.157,15.716,99684.7,137.47,-5.15,,,,,,,,1,0,CCCC
2800,56.000000,SIMULATED,DESCENT,9.240,-0.077,3.497,-0.277,-0.033,14.690,99689.7,137.04,-5.17,20.15,0.0003875,0.0008355,140.8,3,9,4.053,1,0,E8AB
2801,56.020000,SIMULATED,DESCENT,9.095,-0.025,3.599,-0.121,0.060,13.793,99690.2,137.00,-5.18,,,,,,,,1,0,C91A
2802,56.040000,SIMULATED,DESCENT,9.069,-0.117,3.749,-0.086,-0.116,12.684,99683.9,137.53,-5.14,,,,,,,,1,0,D318
2803,56.060000,SIMULATED,DESCENT,9.052,0.148,3.859,0.167,-0.020,11.319,99688.5,137.14,-5.13,,,,,,,,1,0,9401
2804,56.080000,SIMULATED,DESCENT,9.032,0.008,3.898,0.141,-0.089,10.493,99694.9,136.60,-5.15,,,,,,,,1,0,1B45
2805,56.100000,SIMULATED,DESCENT,8.974,-0.032,4.011,0.113,-0.081,9.169,99698.7,136.28,-5.19,,,,,,,,1,0,872A
2806,56.120000,SIMULATED,DESCENT,8.832,-0.020,4.182,0.096,0.011,7.959,99687.4,137.24,-5.14,,,,,,,,1,0,64D0
2807,56.140000,SIMULATED,DESCENT,8.771,-0.078,4.307,0.044,-0.036,6.911,99691.3,136.91,-5.11,,,,,,,,1,0,A132
2808,56.160000,SIMULATED,DESCENT,8.720,0.020,4.304,0.099,0.075,5.571,99695.0,136.60,-5.10,,,,,,,,1,0,A016
2809,56.180000,SIMULATED,DESCENT,8.813,0.017,4.436,-0.178,-0.009,4.587,99703.2,135.90,-5.14,,,,,,,,1,0,4DD8
2810,56.200000,SIMULATED,DESCENT,8.555,-0.115,4.678,-0.283,-0.015,2.987,99697.4,136.40,-5.13,,,,,,,,1,0,E476
2811,56.220000,SIMULATED,DESCENT,8.656,-0.043,4.715,-0.150,0.124,1.863,99699.4,136.22,-5.12,,,,,,,,1,0,B6B1
2812,56.240000,SIMULATED,DESCENT,8.517,0.025,4.768,0.000,0.029,0.548,99700.9,136.10,-5.12,,,,,,,,1,0,CAE6
2813,56.260000,SIMULATED,DESCENT,8.535,0.035,4.947,-0.050,-0.058,-0.658,99697.2,136.41,-5.08,,,,,,,,1,0,B9D5
2814,56.280000,SIMULATED,DESCENT,8.402,0.006,5.046,-0.146,-0.064,-1.822,99703.9,135.84,-5.09,,,,,,,,1,0,FCDA
2815,56.300000,SIMULATED,DESCENT,8.288,0.002,5.198,-0.028,-0.001,-3.112,99702.8,135.94,-5.07,,,,,,,,1,0,2FE5
2816,56.320000,SIMULATED,DESCENT,8.329,0.038,5.235,-0.062,-0.016,-4.425,99705.7,135.70,-5.07,,,,,,,,1,0,8C2C
2817,56.340000,SIMULATED,DESCENT,8.192,-0.008,5.418,0.022,-0.083,-5.574,99708.1,135.49,-5.08,,,,,,,,1,0,927B
2818,56.360000,SIMULATED,DESCENT,8.169,-0.029,5.548,0.059,-0.086,-6.981,99705.8,135.68,-5.06,,,,,,,,1,0,43C8
2819,56.380000,SIMULATED,DESCENT,8.074,0.029,5.576,0.131,0.084,-8.273,99711.2,135.23,-5.07,,,,,,,,1,0,90D5
2820,56.400000,SIMULATED,DESCENT,8.006,-0.024,5.625,-0.055,-0.185,-9.209,99712.0,135.16,-5.08,,,,,,,,1,0,4C0A
2821,56.420000,SIMULATED,DESCENT,7.959,0.013,5.782,0.078,0.057,-10.135,99713.5,135.04,-5.10,,,,,,,,1,0,45D1
2822,56.440000,SIMULATED,DESCENT,7.846,-0.019,5.819,0.146,0.085,-11.449,99713.8,135.01,-5.10,,,,,,,,1,0,83F6
2823,56.460000,SIMULATED,DESCENT,7.763,-0.016,6.020,0.214,0.011,-12.583,99714.0,135.00,-5.10,,,,,,,,1,0,DFE8
2824,56.480000,SIMULATED,DESCENT,7.714,0.039,6.067,-0.212,0.137,-13.764,99710.8,135.26,-5.06,,,,,,,,1,0,DD87
2825,56.500000,SIMULATED,DESCENT,7.591,0.068,6.128,0.174,0.069,-14.800,99717.0,134.74,-5.07,,,,,,,,1,0,0E11
2826,56.520000,SIMULATED,DESCENT,7.550,-0.046,6.237,0.015,-0.010,-15.922,99714.8,134.92,-5.05,,,,,,,,1,0,F5D4
2827,56.540000,SIMULATED,DESCENT,7.565,0.060,6.348,0.007,0.135,-16.701,99719.0,134.57,-5.05,,,,,,,,1,0,B646
2828,56.560000,SIMULATED,DESCENT,7.558,-0.049,6.404,0.064,0.050,-17.452,99723.3,134.21,-5.07,,,,,,,,1,0,A652
2829,56.580000,SIMULATED,DESCENT,7.401,0.015,6.470,-0.138,-0.028,-18.441,99724.3,134.12,-5.09,,,,,,,,1,0,D3A4
2830,56.600000,SIMULATED,DESCENT,7.384,0.020,6.472,0.166,0.101,-19.267,99722.1,134.31,-5.09,,,,,,,,1,0,9B0B
2831,56.620000,SIMULATED,DESCENT,7.356,-0.036,6.547,-0.182,0.081,-19.901,99723.2,134.21,-5.08,,,,,,,,1,0,247B
2832,56.640000,SIMULATED,DESCENT,7.232,-0.032,6.675,-0.157,0.047,-20.652,99725.6,134.02,-5.08,,,,,,,,1,0,EAA3
2833,56.660000,SIMULATED,DESCENT,7.207,0.008,6.689,0.016,0.070,-21.481,99725.4,134.03,-5.08,,,,,,,,1,0,8A8A
2834,56.680000,SIMULATED,DESCENT,7.046,-0.134,6.746,0.121,-0.014,-22.005,99728.8,133.74,-5.09,,,,,,,,1,0,DC6D
2835,56.700000,SIMULATED,DESCENT,7.060,0.040,6.760,0.051,0.004,-22.665,99734.1,133.30,-5.12,,,,,,,,1,0,1CD9
2836,56.720000,SIMULATED,DESCENT,7.021,0.081,6.833,-0.059,-0.027,-22.903,99728.8,133.75,-5.11,,,,,,,,1,0,8722
2837,56.740000,SIMULATED,DESCENT,7.111,0.024,6.759,-0.104,-0.066,-23.601,99736.9,133.06,-5.15,,,,,,,,1,0,C007
2838,56.760000,SIMULATED,DESCENT,6.950,0.022,6.863,0.007,-0.179,-23.883,99728.0,133.81,-5.12,,,,,,,,1,0,C4A5
2839,56.780000,SIMULATED,DESCENT,6.964,0.023,6.894,0.086,0.129,-24.288,99731.6,133.51,-5.10,,,,,,,,1,0,AB39
2840,56.800000,SIMULATED,DESCENT,6.990,0.057,6.854,-0.101,-0.033,-24.714,99729.6,133.67,-5.06,,,,,,,,1,0,5F53
2841,56.820000,SIMULATED,DESCENT,6.921,-0.012,6.955,0.067,-0.122,-24.817,99737.5,133.01,-5.07,,,,,,,,1,0,475F
2842,56.840000,SIMULATED,DESCENT,7.054,0.096,6.881,-0.083,0.031,-24.966,99738.4,132.94,-5.08,,,,,,,,1,0,464F
2843,56.860000,SIMULATED,DESCENT,6.955,0.043,6.953,0.052,-0.203,-24.836,99736.4,133.11,-5.07,,,,,,,,1,0,1871
2844,56.880000,SIMULATED,DESCENT,6.940,0.077,6.994,0.088,0.036,-24.911,99743.4,132.51,-5.10,,,,,,,,1,0,6FC7
2845,56.900000,SIMULATED,DESCENT,6.988,-0.033,6.900,-0.019,-0.091,-24.979,99739.5,132.84,-5.09,,,,,,,,1,0,38A9
2846,56.920000,SIMULATED,DESCENT,6.960,0.043,6.917,0.033,0.054,-25.052,99743.0,132.55,-5.09,,,,,,,,1,0,2FAE
2847,56.940000,SIMULATED,DESCENT,6.998,-0.035,6.911,0.041,0.097,-24.757,99739.2,132.86,-5.06,,,,,,,,1,0,C9C6
2848,56.960000,SIMULATED,DESCENT,6.959,0.003,6.897,-0.066,-0.002,-24.532,99746.5,132.25,-5.08,,,,,,,,1,0,C37E
2849,56.980000,SIMULATED,DESCENT,7.008,-0.018,6.897,-0.129,-0.119,-24.008,99745.0,132.38,-5.07,,,,,,,,1,0,96D3
2850,57.000000,SIMULATED,DESCENT,6.982,0.006,6.886,-0.178,0.043,-23.850,99748.6,132.08,-5.09,20.07,0.0004327,0.0008318,134.5,3,9,4.061,1,0,8A53
2851,57.020000,SIMULATED,DESCENT,7.077,0.044,6.749,0.096,-0.050,-23.462,99745.4,132.35,-5.07,,,,,,,,1,0,89A3
2852,57.040000,SIMULATED,DESCENT,7.077,-0.005,6.794,0.100,-0.211,-22.735,99749.2,132.02,-5.07,,,,,,,,1,0,1BDD
2853,57.060000,SIMULATED,DESCENT,7.150,-0.012,6.689,0.109,0.073,-22.215,99752.8,131.72,-5.09,,,,,,,,1,0,066D
2854,57.080000,SIMULATED,DESCENT,7.146,0.063,6.706,0.168,0.148,-21.788,99752.2,131.78,-5.09,,,,,,,,1,0,E538
2855,57.100000,SIMULATED,DESCENT,7.232,0.031,6.631,-0.017,-0.122,-21.279,99750.9,131.88,-5.07,,,,,,,,1,0,DD71
2856,57.120000,SIMULATED,DESCENT,7.295,0.016,6.568,-0.121,0.028,-20.521,99750.8,131.89,-5.05,,,,,,,,1,0,20A7
2857,57.140000,SIMULATED,DESCENT,7.258,-0.040,6.499,0.144,-0.069,-19.457,99757.6,131.32,-5.07,,,,,,,,1,0,ED61
2858,57.160000,SIMULATED,DESCENT,7.393,0.057,6.499,0.006,0.191,-19.018,99753.2,131.69,-5.05,,,,,,,,1,0,9380
2859,57.180000,SIMULATED,DESCENT,7.448,0.056,6.396,-0.195,0.025,-17.797,99758.4,131.25,-5.05,,,,,,,,1,0,1F65
2860,57.200000,SIMULATED,DESCENT,7.575,-0.029,6.287,-0.053,-0.071,-17.056,99762.6,130.89,-5.08,,,,,,,,1,0,8D6E
2861,57.220000,SIMULATED,DESCENT,7.563,-0.033,6.329,0.120,0.157,-16.202,99760.2,131.10,-5.08,,,,,,,,1,0,7988
2862,57.240000,SIMULATED,DESCENT,7.635,0.037,6.179,-0.066,0.003,-15.426,99762.5,130.91,-5.09,,,,,,,,1,0,C28D
2863,57.260000,SIMULATED,DESCENT,7.654,-0.039,6.108,0.032,-0.233,-14.195,99760.8,131.05,-5.08,,,,,,,,1,0,67B5
2864,57.280000,SIMULATED,DESCENT,7.713,0.055,6.140,0.104,0.058,-13.159,99767.3,130.50,-5.10,,,,,,,,1,0,6D89
2865,57.300000,SIMULATED,DESCENT,7.837,-0.007,5.926,-0.091,0.141,-11.921,99764.7,130.72,-5.10,,,,,,,,1,0,04A9
2866,57.320000,SIMULATED,DESCENT,7.825,-0.101,5.834,0.056,0.086,-11.119,99768.6,130.39,-5.12,,,,,,,,1,0,09F7
2867,57.340000,SIMULATED,DESCENT,7.841,-0.003,5.736,-0.200,-0.002,-10.037,99772.5,130.06,-5.15,,,,,,,,1,0,46F3
2868,57.360000,SIMULATED,DESCENT,8.073,0.020,5.631,-0.139,-0.051,-8.420,99769.0,130.35,-5.15,,,,,,,,1,0,5ACF
2869,57.380000,SIMULATED,DESCENT,8.069,0.048,5.591,0.075,0.008,-7.524,99768.8,130.38,-5.14,,,,,,,,1,0,8735
2870,57.400000,SIMULATED,DESCENT,8.192,0.032,5.433,-0.006,-0.010,-6.217,99772.1,130.09,-5.14,,,,,,,,1,0,9BB8
2871,57.420000,SIMULATED,DESCENT,8.253,0.004,5.334,0.118,0.065,-5.190,99765.3,130.67,-5.09,,,,,,,,1,0,1AB5
2872,57.440000,SIMULATED,DESCENT,8.275,-0.076,5.237,-0.238,-0.124,-3.841,99771.4,130.15,-5.08,,,,,,,,1,0,87D2
2873,57.460000,SIMULATED,DESCENT,8.330,-0.029,5.126,0.096,0.032,-2.652,99775.6,129.80,-5.08,,,,,,,,1,0,10C8
2874,57.480000,SIMULATED,DESCENT,8.389,0.043,4.976,-0.119,-0.062,-1.313,99775.6,129.80,-5.08,,,,,,,,1,0,C68F
2875,57.500000,SIMULATED,DESCENT,8.536,-0.001,4.894,-0.098,-0.061,0.022,99782.0,129.26,-5.12,,,,,,,,1,0,B4D0
2876,57.520000,SIMULATED,DESCENT,8.600,-0.096,4.802,-0.124,-0.024,1.163,99779.6,129.47,-5.12,,,,,,,,1,0,33C0
2877,57.540000,SIMULATED,DESCENT,8.646,-0.076,4.659,-0.085,0.059,2.426,99780.1,129.42,-5.12,,,,,,,,1,0,7F81
2878,57.560000,SIMULATED,DESCENT,8.674,0.014,4.578,0.082,0.014,3.562,99783.1,129.17,-5.14,,,,,,,,1,0,D344
2879,57.580000,SIMULATED,DESCENT,8.735,0.001,4.482,-0.059,0.011,4.996,99782.6,129.21,-5.14,,,,,,,,1,0,01BF
2880,57.600000,SIMULATED,DESCENT,8.852,0.017,4.241,0.024,-0.107,6.111,99787.9,128.76,-5.17,,,,,,,,1,0,C523
2881,57.620000,SIMULATED,DESCENT,8.864,0.003,4.230,0.119,-0.216,7.192,99785.3,128.98,-5.17,,,,,,,,1,0,E824
2882,57.640000,SIMULATED,DESCENT,8.876,0.042,4.095,0.143,0.018,8.567,99785.6,128.96,-5.17,,,,,,,,1,0,1FE4
2883,57.660000,SIMULATED,DESCENT,9.070,-0.077,3.992,-0.064,0.003,9.723,99784.7,129.03,-5.15,,,,,,,,1,0,503A
2884,57.680000,SIMULATED,DESCENT,9.047,-0.055,3.855,0.302,0.068,11.082,99785.8,128.94,-5.13,,,,,,,,1,0,7A33
2885,57.700000,SIMULATED,DESCENT,9.023,-0.024,3.770,0.029,-0.001,12.195,99787.2,128.82,-5.11,,,,,,,,1,0,4F0B
2886,57.720000,SIMULATED,DESCENT,9.030,-0.030,3.652,0.066,-0.163,13.082,99796.6,128.03,-5.15,,,,,,,,1,0,AC6C
2887,57.740000,SIMULATED,DESCENT,9.118,0.066,3.576,-0.188,0.038,14.060,99786.0,128.92,-5.11,,,,,,,,1,0,2C7D
2888,57.760000,SIMULATED,DESCENT,9.184,-0.023,3.409,-0.082,0.177,15.084,99788.1,128.75,-5.07,,,,,,,,1,0,1C37
2889,57.780000,SIMULATED,DESCENT,9.166,0.063,3.397,-0.121,-0.229,16.162,99792.9,128.34,-5.07,,,,,,,,1,0,4820
2890,57.800000,SIMULATED,DESCENT,9.302,-0.061,3.331,0.187,0.082,17.178,99793.0,128.33,-5.05,,,,,,,,1,0,87B5
2891,57.820000,SIMULATED,DESCENT,9.178,0.007,3.201,0.025,-0.137,17.905,99794.1,128.24,-5.04,,,,,,,,1,0,08B9
2892,57.840000,SIMULATED,DESCENT,9.248,0.116,3.218,0.255,0.006,18.793,99797.1,127.98,-5.03,,,,,,,,1,0,D987
2893,57.860000,SIMULATED,DESCENT,9.311,0.012,2.999,0.153,-0.006,19.807,99799.3,127.80,-5.04,,,,,,,,1,0,C2ED
2894,57.880000,SIMULATED,DESCENT,9.417,-0.020,2.994,0.154,-0.129,20.317,99800.8,127.67,-5.05,,,,,,,,1,0,3E03
2895,57.900000,SIMULATED,DESCENT,9.312,-0.056,2.919,-0.102,-0.137,21.055,99807.3,127.13,-5.09,,,,,,,,1,0,9946
2896,57.920000,SIMULATED,DESCENT,9.366,-0.056,2.873,0.060,-0.070,21.768,99798.6,127.86,-5.06,,,,,,,,1,0,0729
2897,57.940000,SIMULATED,DESCENT,9.369,-0.072,2.763,-0.051,0.090,22.365,99806.0,127.23,-5.08,,,,,,,,1,0,4821
2898,57.960000,SIMULATED,DESCENT,9.499,0.055,2.762,0.071,0.050,23.004,99806.8,127.17,-5.09,,,,,,,,1,0,E57B
2899,57.980000,SIMULATED,DESCENT,9.417,-0.051,2.629,-0.014,0.038,23.448,99806.6,127.19,-5.10,,,,,,,,1,0,D3AF
2900,58.000000,SIMULATED,DESCENT,9.432,0.001,2.690,0.088,0.098,23.777,99808.8,127.00,-5.10,20.02,0.0004751,0.0008629,128.0,3,9,4.053,1,0,705F
2901,58.020000,SIMULATED,DESCENT,9.470,0.026,2.598,-0.065,0.082,24.157,99806.6,127.18,-5.09,,,,,,,,1,0,D2F8
2902,58.040000,SIMULATED,DESCENT,9.548,0.009,2.660,0.059,-0.050,24.465,99810.5,126.86,-5.09,,,,,,,,1,0,B12A
2903,58.060000,SIMULATED,DESCENT,9.352,0.002,2.596,0.006,0.032,24.792,99812.0,126.73,-5.10,,,,,,,,1,0,BA7B
2904,58.080000,SIMULATED,DESCENT,9.444,-0.007,2.495,0.190,-0.117,24.951,99817.9,126.23,-5.14,,,,,,,,1,0,F33D
2905,58.100000,SIMULATED,DESCENT,9.476,-0.053,2.560,-0.037,-0.044,24.870,99811.7,126.76,-5.13,,,,,,,,1,0,E963
2906,58.120000,SIMULATED,DESCENT,9.477,-0.064,2.560,-0.007,-0.014,24.968,99816.7,126.34,-5.14,,,,,,,,1,0,D539
2907,58.140000,SIMULATED,DESCENT,9.363,-0.020,2.567,-0.119,0.060,24.905,99815.2,126.46,-5.13,,,,,,,,1,0,D115
2908,58.160000,SIMULATED,DESCENT,9.530,0.020,2.618,0.171,0.135,24.925,99815.5,126.44,-5.12,,,,,,,,1,0,BB23
2909,58.180000,SIMULATED,DESCENT,9.389,0.015,2.552,0.052,0.097,24.849,99822.6,125.84,-5.14,,,,,,,,1,0,676C
2910,58.200000,SIMULATED,DESCENT,9.450,0.035,2.579,0.022,0.056,24.580,99820.6,126.00,-5.15,,,,,,,,1,0,F784
2911,58.220000,SIMULATED,DESCENT,9.494,0.126,2.630,0.216,0.098,24.283,99821.8,125.91,-5.15,,,,,,,,1,0,C2AE
2912,58.240000,SIMULATED,DESCENT,9.370,-0.032,2.575,0.070,0.033,23.993,99821.0,125.97,-5.14,,,,,,,,1,0,15EC
2913,58.260000,SIMULATED,DESCENT,9.523,0.033,2.589,-0.270,0.136,23.544,99826.4,125.52,-5.16,,,,,,,,1,0,3AFC
2914,58.280000,SIMULATED,DESCENT,9.466,-0.008,2.727,0.018,0.040,23.184,99829.9,125.22,-5.20,,,,,,,,1,0,3584
2915,58.300000,SIMULATED,DESCENT,9.338,0.004,2.780,-0.081,0.181,22.538,99820.0,126.06,-5.15,,,,,,,,1,0,3D6F
2916,58.320000,SIMULATED,DESCENT,9.308,0.040,2.795,0.002,-0.028,22.021,99825.8,125.57,-5.14,,,,,,,,1,0,302C
2917,58.340000,SIMULATED,DESCENT,9.413,0.067,2.839,0.030,-0.200,21.406,99825.9,125.56,-5.12,,,,,,,,1,0,BBDD
2918,58.360000,SIMULATED,DESCENT,9.405,-0.022,2.909,-0.034,-0.055,20.933,99832.2,125.03,-5.14,,,,,,,,1,0,7EB9
2919,58.380000,SIMULATED,DESCENT,9.330,0.014,3.049,0.074,-0.037,20.196,99832.8,124.98,-5.15,,,,,,,,1,0,E3D3
2920,58.400000,SIMULATED,DESCENT,9.270,-0.056,3.160,-0.002,0.032,19.357,99835.9,124.72,-5.18,,,,,,,,1,0,567A
2921,58.420000,SIMULATED,DESCENT,9.229,0.012,3.217,0.022,-0.068,18.314,99835.7,124.74,-5.19,,,,,,,,1,0,2818
2922,58.440000,SIMULATED,DESCENT,9.239,-0.025,3.290,0.150,0.148,17.585,99831.5,125.09,-5.17,,,,,,,,1,0,E496
2923,58.460000,SIMULATED,DESCENT,9.235,0.008,3.325,-0.111,0.051,16.532,99831.9,125.05,-5.14,,,,,,,,1,0,79D8
2924,58.480000,SIMULATED,DESCENT,9.197,0.029,3.501,0.142,0.087,15.690,99838.4,124.51,-5.15,,,,,,,,1,0,E570
2925,58.500000,SIMULATED,DESCENT,9.141,0.070,3.597,-0.217,-0.078,14.668,99840.3,124.34,-5.16,,,,,,,,1,0,AD44
2926,58.520000,SIMULATED,DESCENT,9.188,-0.022,3.632,0.015,-0.100,13.608,99842.4,124.17,-5.18,,,,,,,,1,0,A370
2927,58.540000,SIMULATED,DESCENT,9.079,0.042,3.752,0.030,0.074,12.700,99841.1,124.28,-5.18,,,,,,,,1,0,9EDA
2928,58.560000,SIMULATED,DESCENT,8.954,-0.015,3.812,-0.141,-0.002,11.386,99842.1,124.20,-5.18,,,,,,,,1,0,D8FE
2929,58.580000,SIMULATED,DESCENT,9.001,0.020,3.906,0.151,-0.079,10.293,99840.6,124.32,-5.16,,,,,,,,1,0,0A69
2930,58.600000,SIMULATED,DESCENT,8.978,0.000,3.981,-0.014,-0.021,9.248,99847.2,123.76,-5.18,,,,,,,,1,0,B737
2931,58.620000,SIMULATED,DESCENT,8.882,0.092,4.187,0.113,0.045,8.050,99842.1,124.20,-5.15,,,,,,,,1,0,F4DF
2932,58.640000,SIMULATED,DESCENT,8.866,-0.051,4.283,0.091,0.042,6.614,99842.7,124.14,-5.12,,,,,,,,1,0,9A3C
2933,58.660000,SIMULATED,DESCENT,8.755,-0.029,4.428,-0.005,0.219,5.719,99845.9,123.87,-5.10,,,,,,,,1,0,D271
2934,58.680000,SIMULATED,DESCENT,8.704,-0.002,4.414,-0.120,0.022,4.410,99845.6,123.90,-5.08,,,,,,,,1,0,3C7B
2935,58.700000,SIMULATED,DESCENT,8.697,-0.014,4.630,-0.040,-0.057,3.124,99846.5,123.82,-5.06,,,,,,,,1,0,B9B1
2936,58.720000,SIMULATED,DESCENT,8.582,-0.104,4.719,-0.161,0.217,2.179,99851.7,123.38,-5.06,,,,,,,,1,0,FDC1
2937,58.740000,SIMULATED,DESCENT,8.468,-0.019,4.831,0.011,0.162,0.616,99855.6,123.06,-5.08,,,,,,,,1,0,6700
2938,58.760000,SIMULATED,DESCENT,8.586,-0.015,4.935,0.001,-0.147,-0.829,99853.4,123.25,-5.08,,,,,,,,1,0,5618
2939,58.780000,SIMULATED,DESCENT,8.448,-0.029,5.013,-0.022,0.220,-1.955,99858.0,122.86,-5.10,,,,,,,,1,0,BE81
2940,58.800000,SIMULATED,DESCENT,8.356,0.033,5.242,0.038,0.053,-2.899,99857.4,122.91,-5.11,,,,,,,,1,0,CBA2
2941,58.820000,SIMULATED,DESCENT,8.175,-0.029,5.322,0.016,0.028,-4.389,99853.1,123.27,-5.08,,,,,,,,1,0,5603
2942,58.840000,SIMULATED,DESCENT,8.153,-0.062,5.422,-0.102,0.056,-5.624,99859.6,122.72,-5.09,,,,,,,,1,0,8640
2943,58.860000,SIMULATED,DESCENT,8.161,-0.108,5.489,0.101,0.208,-6.766,99859.9,122.69,-5.09,,,,,,,,1,0,6791
2944,58.880000,SIMULATED,DESCENT,8.009,0.009,5.582,-0.084,-0.076,-8.211,99861.9,122.53,-5.10,,,,,,,,1,0,869E
2945,58.900000,SIMULATED,DESCENT,8.033,0.038,5.789,-0.012,0.166,-9.102,99862.7,122.46,-5.10,,,,,,,,1,0,FCF9
2946,58.920000,SIMULATED,DESCENT,7.882,0.008,5.777,0.221,0.104,-10.240,99867.8,122.03,-5.13,,,,,,,,1,0,DAC0
2947,58.940000,SIMULATED,DESCENT,7.856,-0.045,5.886,-0.047,0.003,-11.401,99869.5,121.89,-5.16,,,,,,,,1,0,8888
2948,58.960000,SIMULATED,DESCENT,7.781,0.008,5.934,-0.051,0.192,-12.571,99862.4,122.48,-5.13,,,,,,,,1,0,F360
2949,58.980000,SIMULATED,DESCENT,7.656,-0.032,5.937,0.153,0.216,-13.705,99863.5,122.40,-5.11,,,,,,,,1,0,DFAC
2950,59.000000,SIMULATED,DESCENT,7.679,0.002,6.170,-0.031,0.148,-14.709,99867.0,122.10,-5.10,20.04,0.0004289,0.0008861,124.6,3,9,4.055,1,0,88F9
2951,59.020000,SIMULATED,DESCENT,7.580,0.030,6.277,-0.197,0.075,-15.515,99869.9,121.85,-5.10,,,,,,,,1,0,1ED0
2952,59.040000,SIMULATED,DESCENT,7.547,0.019,6.286,0.020,0.061,-16.400,99869.4,121.90,-5.09,,,,,,,,1,0,C54D
2953,59.060000,SIMULATED,DESCENT,7.475,0.007,6.339,-0.157,-0.072,-17.788,99872.5,121.63,-5.09,,,,,,,,1,0,1A54
2954,59.080000,SIMULATED,DESCENT,7.511,-0.057,6.501,0.100,0.142,-18.569,99865.7,122.21,-5.04,,,,,,,,1,0,8C54
2955,59.100000,SIMULATED,DESCENT,7.357,0.045,6.523,-0.134,0.187,-19.226,99874.6,121.45,-5.05,,,,,,,,1,0,6B69
2956,59.120000,SIMULATED,DESCENT,7.354,-0.027,6.563,0.081,0.167,-20.006,99875.4,121.39,-5.05,,,,,,,,1,0,EB48
2957,59.140000,SIMULATED,DESCENT,7.291,-0.007,6.595,-0.137,0.041,-20.845,99878.2,121.16,-5.06,,,,,,,,1,0,F09D
2958,59.160000,SIMULATED,DESCENT,7.206,0.009,6.605,-0.070,0.001,-21.536,99879.4,121.05,-5.07,,,,,,,,1,0,F204
2959,59.180000,SIMULATED,DESCENT,7.159,0.008,6.737,0.113,-0.036,-22.036,99876.5,121.30,-5.06,,,,,,,,1,0,1E02
2960,59.200000,SIMULATED,DESCENT,7.122,-0.005,6.764,-0.076,-0.090,-22.683,99878.9,121.09,-5.05,,,,,,,,1,0,0A12
2961,59.220000,SIMULATED,DESCENT,7.046,0.020,6.833,0.014,0.057,-23.145,99882.8,120.77,-5.06,,,,,,,,1,0,7496
2962,59.240000,SIMULATED,DESCENT,7.015,0.019,6.822,-0.060,-0.011,-23.654,99878.2,121.15,-5.03,,,,,,,,1,0,9BB3
2963,59.260000,SIMULATED,DESCENT,6.978,-0.044,6.844,0.040,0.131,-23.994,99883.3,120.73,-5.03,,,,,,,,1,0,A45C
2964,59.280000,SIMULATED,DESCENT,7.085,0.117,6.857,-0.120,-0.122,-24.411,99883.5,120.70,-5.02,,,,,,,,1,0,DF81
2965,59.300000,SIMULATED,DESCENT,6.972,0.034,6.879,-0.070,-0.066,-24.526,99890.5,120.12,-5.05,,,,,,,,1,0,48FD
2966,59.320000,SIMULATED,DESCENT,6.946,0.045,6.873,0.026,-0.142,-24.720,99889.7,120.19,-5.07,,,,,,,,1,0,F8FA
2967,59.340000,SIMULATED,DESCENT,6.966,-0.036,6.873,0.080,-0.107,-25.091,99890.5,120.12,-5.09,,,,,,,,1,0,4621
2968,59.360000,SIMULATED,DESCENT,6.927,-0.029,6.950,-0.011,0.042,-24.965,99894.8,119.75,-5.12,,,,,,,,1,0,0649
2969,59.380000,SIMULATED,DESCENT,6.917,0.000,6.968,-0.042,-0.101,-25.177,99893.9,119.83,-5.14,,,,,,,,1,0,19CA
2970,59.400000,SIMULATED,DESCENT,6.892,0.072,6.887,0.092,0.010,-24.998,99894.2,119.81,-5.15,,,,,,,,1,0,CAAE
2971,59.420000,SIMULATED,DESCENT,6.951,0.072,6.909,-0.007,-0.175,-24.711,99897.1,119.56,-5.17,,,,,,,,1,0,008C
2972,59.440000,SIMULATED,DESCENT,6.910,0.040,6.913,0.075,0.031,-24.669,99897.5,119.53,-5.18,,,,,,,,1,0,0D9D
2973,59.460000,SIMULATED,DESCENT,6.984,-0.045,6.861,-0.086,0.022,-24.266,99895.0,119.74,-5.17,,,,,,,,1,0,24EA
2974,59.480000,SIMULATED,DESCENT,6.945,-0.074,6.887,0.001,0.009,-24.130,99898.1,119.48,-5.17,,,,,,,,1,0,1B47
2975,59.500000,SIMULATED,DESCENT,7.044,-0.014,6.925,0.174,-0.056,-23.748,99897.8,119.51,-5.16,,,,,,,,1,0,CFF6
2976,59.520000,SIMULATED,DESCENT,7.081,-0.008,6.837,-0.024,0.083,-23.414,99899.9,119.32,-5.16,,,,,,,,1,0,86DB
2977,59.540000,SIMULATED,DESCENT,7.002,-0.021,6.867,-0.068,-0.098,-22.939,99902.0,119.15,-5.16,,,,,,,,1,0,1611
2978,59.560000,SIMULATED,DESCENT,7.078,0.097,6.744,-0.022,0.042,-22.549,99902.3,119.13,-5.16,,,,,,,,1,0,A6DB
2979,59.580000,SIMULATED,DESCENT,7.199,0.017,6.653,0.025,0.068,-21.796,99904.3,118.96,-5.16,,,,,,,,1,0,5EFF
2980,59.600000,SIMULATED,DESCENT,7.224,-0.052,6.730,-0.109,-0.042,-21.143,99910.7,118.42,-5.20,,,,,,,,1,0,A34C
2981,59.620000,SIMULATED,DESCENT,7.338,0.001,6.619,0.066,0.041,-20.294,99904.6,118.93,-5.18,,,,,,,,1,0,CDA9
2982,59.640000,SIMULATED,DESCENT,7.334,0.120,6.560,0.066,0.091,-19.531,99911.9,118.32,-5.21,,,,,,,,1,0,48A1
2983,59.660000,SIMULATED,DESCENT,7.380,-0.007,6.462,0.066,0.001,-18.824,99911.2,118.38,-5.23,,,,,,,,1,0,7EA1
2984,59.680000,SIMULATED,DESCENT,7.408,-0.007,6.359,-0.092,0.070,-17.869,99913.2,118.21,-5.24,,,,,,,,1,0,9154
2985,59.700000,SIMULATED,DESCENT,7.529,0.006,6.308,-0.040,-0.036,-17.087,99911.6,118.35,-5.24,,,,,,,,1,0,AE76
2986,59.720000,SIMULATED,DESCENT,7.548,-0.049,6.268,-0.163,0.029,-16.189,99910.7,118.42,-5.22,,,,,,,,1,0,1D74
2987,59.740000,SIMULATED,DESCENT,7.658,-0.091,6.126,0.054,-0.106,-15.191,99919.1,117.71,-5.25,,,,,,,,1,0,0AF8
2988,59.760000,SIMULATED,DESCENT,7.658,-0.046,6.020,0.037,0.048,-14.382,99909.3,118.54,-5.21,,,,,,,,1,0,B30F
2989,59.780000,SIMULATED,DESCENT,7.691,0.044,5.946,-0.043,-0.041,-12.944,99912.1,118.30,-5.18,,,,,,,,1,0,8C23
2990,59.800000,SIMULATED,DESCENT,7.737,-0.012,5.920,0.129,0.056,-12.204,99916.1,117.96,-5.17,,,,,,,,1,0,3FA1
2991,59.820000,SIMULATED,DESCENT,7.844,-0.013,5.891,-0.117,0.015,-10.881,99916.8,117.90,-5.15,,,,,,,,1,0,92FC
2992,59.840000,SIMULATED,DESCENT,7.993,0.102,5.759,-0.004,0.104,-9.734,99917.8,117.82,-5.14,,,,,,,,1,0,27D9
2993,59.860000,SIMULATED,DESCENT,7.952,0.040,5.783,-0.003,0.004,-8.581,99922.4,117.43,-5.15,,,,,,,,1,0,B8E6
2994,59.880000,SIMULATED,DESCENT,8.031,0.031,5.618,-0.016,-0.032,-7.429,99923.5,117.34,-5.15,,,,,,,,1,0,0F59
2995,59.900000,SIMULATED,DESCENT,8.082,-0.049,5.430,0.091,-0.161,-6.204,99926.7,117.07,-5.18,,,,,,,,1,0,68BE
2996,59.920000,SIMULATED,DESCENT,8.194,-0.089,5.298,-0.019,-0.004,-5.035,99925.9,117.14,-5.18,,,,,,,,1,0,C678
2997,59.940000,SIMULATED,DESCENT,8.278,-0.031,5.264,0.036,-0.005,-3.830,99927.5,117.00,-5.19,,,,,,,,1,0,1BFD
2998,59.960000,SIMULATED,DESCENT,8.368,0.018,5.076,0.124,-0.059,-2.342,99925.0,117.21,-5.17,,,,,,,,1,0,EBBA
2999,59.980000,SIMULATED,DESCENT,8.314,-0.109,5.015,0.072,-0.091,-1.166,99927.6,116.99,-5.16,,,,,,,,1,0,989C
3000,60.000000,SIMULATED,DESCENT,8.463,-0.091,4.917,-0.022,-0.082,0.145,99930.8,116.72,-5.17,19.92,0.0004305,0.0009046,115.8,3,9,4.051,1,0,22B8
3001,60.020000,SIMULATED,DESCENT,8.563,-0.055,4.832,0.092,0.060,1.287,99927.7,116.99,-5.15,,,,,,,,1,0,B681
3002,60.040000,SIMULATED,DESCENT,8.626,0.044,4.652,-0.042,-0.062,2.510,99933.4,116.50,-5.16,,,,,,,,1,0,DFA3
3003,60.060000,SIMULATED,DESCENT,8.689,0.035,4.647,0.188,0.087,3.824,99937.0,116.20,-5.18,,,,,,,,1,0,3926
3004,60.080000,SIMULATED,DESCENT,8.769,0.034,4.433,0.082,-0.195,5.081,99936.0,116.29,-5.19,,,,,,,,1,0,C716
3005,60.100000,SIMULATED,DESCENT,8.718,0.038,4.301,-0.165,0.007,6.343,99935.6,116.32,-5.18,,,,,,,,1,0,6F00
3006,60.120000,SIMULATED,DESCENT,8.822,0.017,4.208,-0.033,-0.152,7.477,99933.1,116.53,-5.15,,,,,,,,1,0,5ADC
3007,60.140000,SIMULATED,DESCENT,8.887,0.037,4.147,0.114,0.198,8.526,99941.0,115.86,-5.17,,,,,,,,1,0,C2A7
3008,60.160000,SIMULATED,DESCENT,8.983,-0.051,4.003,-0.029,0.046,9.734,99935.7,116.32,-5.14,,,,,,,,1,0,142B
3009,60.180000,SIMULATED,DESCENT,9.025,0.053,3.863,0.083,0.103,10.878,99938.9,116.04,-5.13,,,,,,,,1,0,940A
3010,60.200000,SIMULATED,DESCENT,9.083,0.034,3.796,-0.026,-0.144,12.097,99945.3,115.50,-5.15,,,,,,,,1,0,A797
3011,60.220000,SIMULATED,DESCENT,9.105,-0.028,3.760,-0.027,-0.271,13.193,99944.0,115.61,-5.16,,,,,,,,1,0,E2E5
3012,60.240000,SIMULATED,DESCENT,9.178,-0.051,3.648,-0.056,0.123,14.215,99943.6,115.65,-5.15,,,,,,,,1,0,08B0
3013,60.260000,SIMULATED,DESCENT,9.087,-0.030,3.515,0.013,0.121,15.053,99939.7,115.98,-5.11,,,,,,,,1,0,4B11
3014,60.280000,SIMULATED,DESCENT,9.260,0.017,3.379,-0.094,-0.065,16.070,99942.0,115.78,-5.08,,,,,,,,1,0,A8CD
3015,60.300000,SIMULATED,DESCENT,9.218,0.025,3.320,0.183,0.097,17.220,99955.6,114.64,-5.13,,,,,,,,1,0,19FB
3016,60.320000,SIMULATED,DESCENT,9.276,-0.078,3.276,-0.115,0.108,18.050,99948.8,115.21,-5.13,,,,,,,,1,0,E869
3017,60.340000,SIMULATED,DESCENT,9.435,0.039,3.071,-0.011,-0.117,18.812,99953.0,114.86,-5.15,,,,,,,,1,0,9D41
3018,60.360000,SIMULATED,DESCENT,9.412,0.059,3.035,-0.003,0.035,19.493,99945.8,115.46,-5.11,,,,,,,,1,0,68E3
3019,60.380000,SIMULATED,DESCENT,9.296,-0.013,2.971,0.053,-0.047,20.452,99946.1,115.44,-5.06,,,,,,,,1,0,FE5E
3020,60.400000,SIMULATED,DESCENT,9.407,-0.024,2.924,-0.127,0.022,21.121,99956.6,114.55,-5.08,,,,,,,,1,0,60FB
3021,60.420000,SIMULATED,DESCENT,9.339,-0.013,2.893,-0.182,-0.311,21.895,99954.7,114.72,-5.08,,,,,,,,1,0,2CAF
3022,60.440000,SIMULATED,DESCENT,9.410,-0.022,2.797,-0.028,0.122,22.307,99957.3,114.49,-5.09,,,,,,,,1,0,0EA1
3023,60.460000,SIMULATED,DESCENT,9.471,0.086,2.659,0.006,-0.007,22.869,99955.0,114.69,-5.08,,,,,,,,1,0,8E80
3024,60.480000,SIMULATED,DESCENT,9.356,-0.049,2.716,-0.061,0.043,23.383,99955.6,114.63,-5.06,,,,,,,,1,0,AA2A
3025,60.500000,SIMULATED,DESCENT,9.466,0.044,2.623,-0.132,0.092,23.702,99962.9,114.02,-5.08,,,,,,,,1,0,3ACA
3026,60.520000,SIMULATED,DESCENT,9.392,-0.031,2.717,-0.077,-0.114,24.174,99959.2,114.33,-5.07,,,,,,,,1,0,3D77
3027,60.540000,SIMULATED,DESCENT,9.461,0.042,2.629,-0.052,-0.021,24.376,99960.2,114.25,-5.06,,,,,,,,1,0,014F
3028,60.560000,SIMULATED,DESCENT,9.510,0.102,2.547,0.153,-0.024,24.707,99965.2,113.83,-5.07,,,,,,,,1,0,06EB
3029,60.580000,SIMULATED,DESCENT,9.491,0.066,2.434,0.067,0.104,24.848,99961.4,114.15,-5.05,,,,,,,,1,0,921D
3030,60.600000,SIMULATED,DESCENT,9.470,-0.005,2.570,-0.060,0.051,24.912,99963.6,113.96,-5.04,,,,,,,,1,0,7496
3031,60.620000,SIMULATED,DESCENT,9.508,-0.068,2.531,0.044,0.061,24.819,99967.1,113.67,-5.04,,,,,,,,1,0,622D
3032,60.640000,SIMULATED,DESCENT,9.445,0.045,2.509,-0.066,0.040,24.809,99970.7,113.37,-5.06,,,,,,,,1,0,D311
3033,60.660000,SIMULATED,DESCENT,9.436,-0.056,2.507,0.001,0.034,24.890,99975.8,112.93,-5.11,,,,,,,,1,0,22B5
3034,60.680000,SIMULATED,DESCENT,9.479,-0.035,2.633,-0.016,0.054,24.821,99966.0,113.76,-5.07,,,,,,,,1,0,6B07
3035,60.700000,SIMULATED,DESCENT,9.415,-0.048,2.580,-0.062,0.009,24.593,99977.1,112.83,-5.11,,,,,,,,1,0,7D76
3036,60.720000,SIMULATED,DESCENT,9.534,0.033,2.677,0.175,0.089,24.376,99972.5,113.22,-5.11,,,,,,,,1,0,A9BB
3037,60.740000,SIMULATED,DESCENT,9.480,-0.036,2.686,0.076,-0.112,23.738,99979.5,112.62,-5.14,,,,,,,,1,0,0206
3038,60.760000,SIMULATED,DESCENT,9.410,0.009,2.688,-0.024,-0.185,23.399,99977.0,112.83,-5.15,,,,,,,,1,0,5086
3039,60.780000,SIMULATED,DESCENT,9.369,-0.020,2.809,0.121,0.077,23.075,99975.0,113.01,-5.14,,,,,,,,1,0,FF1B
3040,60.800000,SIMULATED,DESCENT,9.411,0.043,2.898,-0.172,-0.135,22.663,99979.2,112.65,-5.14,,,,,,,,1,0,B88D
3041,60.820000,SIMULATED,DESCENT,9.428,0.137,2.898,-0.182,0.134,22.071,99982.9,112.34,-5.17,,,,,,,,1,0,7792
3042,60.840000,SIMULATED,DESCENT,9.416,0.005,2.851,0.059,0.072,21.531,99981.1,112.49,-5.17,,,,,,,,1,0,7D08
3043,60.860000,SIMULATED,DESCENT,9.322,0.054,3.014,-0.005,-0.016,20.773,99980.5,112.54,-5.16,,,,,,,,1,0,95FE
3044,60.880000,SIMULATED,DESCENT,9.386,0.001,3.048,0.064,-0.001,20.015,99984.9,112.18,-5.17,,,,,,,,1,0,C869
3045,60.900000,SIMULATED,DESCENT,9.272,-0.066,3.139,0.073,0.014,19.342,99983.8,112.26,-5.16,,,,,,,,1,0,6D01
3046,60.920000,SIMULATED,DESCENT,9.251,-0.166,3.150,0.009,-0.146,18.253,99985.0,112.17,-5.15,,,,,,,,1,0,EE9C
3047,60.940000,SIMULATED,DESCENT,9.141,-0.027,3.326,-0.073,-0.155,17.682,99981.4,112.47,-5.12,,,,,,,,1,0,2BCB
3048,60.960000,SIMULATED,DESCENT,9.278,-0.110,3.401,-0.036,0.021,16.684,99991.2,111.64,-5.14,,,,,,,,1,0,ED66
3049,60.980000,SIMULATED,DESCENT,9.156,-0.026,3.529,-0.113,0.161,15.764,99989.0,111.83,-5.14,,,,,,,,1,0,83F5
3050,61.000000,SIMULATED,DESCENT,9.125,0.038,3.564,0.156,-0.056,14.645,99984.8,112.18,-5.10,19.96,0.0004693,0.0008931,110.6,3,9,4.053,1,0,BC9C
3051,61.020000,SIMULATED,DESCENT,9.146,0.005,3.774,-0.006,-0.010,13.662,99990.1,111.74,-5.09,,,,,,,,1,0,9E41
3052,61.040000,SIMULATED,DESCENT,9.021,0.027,3.748,-0.106,-0.025,12.730,99992.6,111.53,-5.09,,,,,,,,1,0,2FDB
3053,61.060000,SIMULATED,DESCENT,8.960,0.103,3.842,-0.014,0.048,11.705,99995.1,111.31,-5.10,,,,,,,,1,0,6F13
3054,61.080000,SIMULATED,DESCENT,8.977,0.064,3.953,-0.030,0.133,10.407,99997.9,111.08,-5.12,,,,,,,,1,0,398E
3055,61.100000,SIMULATED,DESCENT,8.782,-0.055,3.919,0.004,-0.116,9.267,99991.9,111.58,-5.09,,,,,,,,1,0,DC5F
3056,61.120000,SIMULATED,DESCENT,8.767,0.053,4.177,0.005,-0.035,7.810,99999.4,110.95,-5.10,,,,,,,,1,0,18A4
3057,61.140000,SIMULATED,DESCENT,8.831,0.022,4.220,-0.175,-0.020,6.955,99999.7,110.93,-5.11,,,,,,,,1,0,CD9D
3058,61.160000,SIMULATED,DESCENT,8.747,-0.097,4.438,0.148,0.105,5.587,99995.6,111.27,-5.08,,,,,,,,1,0,1333
3059,61.180000,SIMULATED,DESCENT,8.751,0.036,4.498,0.051,0.196,4.204,99999.2,110.97,-5.07,,,,,,,,1,0,4231
3060,61.200000,SIMULATED,DESCENT,8.715,-0.087,4.560,-0.076,0.103,3.206,100000.7,110.84,-5.06,,,,,,,,1,0,ED0E
3061,61.220000,SIMULATED,DESCENT,8.597,0.123,4.820,0.056,-0.164,1.906,100003.6,110.60,-5.06,,,,,,,,1,0,D132
3062,61.240000,SIMULATED,DESCENT,8.509,-0.024,4.813,0.115,0.016,0.570,100002.1,110.72,-5.04,,,,,,,,1,0,C584
3063,61.260000,SIMULATED,DESCENT,8.476,-0.004,5.037,-0.080,0.164,-0.528,100008.4,110.19,-5.06,,,,,,,,1,0,1F19
3064,61.280000,SIMULATED,DESCENT,8.408,0.004,5.131,0.011,0.042,-1.899,100009.0,110.15,-5.08,,,,,,,,1,0,CAB9
3065,61.300000,SIMULATED,DESCENT,8.421,0.087,5.172,0.005,-0.116,-3.135,100007.2,110.30,-5.07,,,,,,,,1,0,BAFA
3066,61.320000,SIMULATED,DESCENT,8.217,-0.003,5.230,0.069,0.088,-4.297,100014.1,109.72,-5.11,,,,,,,,1,0,A2EE
3067,61.340000,SIMULATED,DESCENT,8.067,-0.045,5.358,-0.179,-0.015,-5.671,100009.0,110.15,-5.09,,,,,,,,1,0,7DF6
3068,61.360000,SIMULATED,DESCENT,8.138,-0.160,5.519,-0.022,-0.044,-6.826,100014.8,109.66,-5.11,,,,,,,,1,0,C8F8
3069,61.380000,SIMULATED,DESCENT,8.056,-0.025,5.547,-0.028,0.202,-8.185,100016.7,109.50,-5.14,,,,,,,,1,0,5658
3070,61.400000,SIMULATED,DESCENT,8.048,-0.075,5.646,0.046,-0.165,-8.914,100016.0,109.56,-5.15,,,,,,,,1,0,9631
3071,61.420000,SIMULATED,DESCENT,7.993,0.110,5.803,0.026,-0.095,-10.282,100016.1,109.55,-5.15,,,,,,,,1,0,8BB9
3072,61.440000,SIMULATED,DESCENT,7.856,-0.037,5.843,0.127,-0.085,-11.357,100016.8,109.49,-5.14,,,,,,,,1,0,D8DD
3073,61.460000,SIMULATED,DESCENT,7.775,-0.106,5.986,0.018,-0.096,-12.706,100015.3,109.61,-5.12,,,,,,,,1,0,ABC5
3074,61.480000,SIMULATED,DESCENT,7.726,0.132,6.112,0.218,-0.100,-13.504,100025.6,108.75,-5.16,,,,,,,,1,0,F694
3075,61.500000,SIMULATED,DESCENT,7.619,-0.035,6.166,0.112,0.386,-14.683,100025.8,108.73,-5.20,,,,,,,,1,0,53FD
3076,61.520000,SIMULATED,DESCENT,7.583,-0.027,6.138,0.088,0.100,-15.808,100024.0,108.88,-5.21,,,,,,,,1,0,F13E
3077,61.540000,SIMULATED,DESCENT,7.484,-0.004,6.364,-0.057,0.010,-16.616,100026.5,108.67,-5.23,,,,,,,,1,0,0BA7
3078,61.560000,SIMULATED,DESCENT,7.405,-0.007,6.401,0.166,0.024,-17.527,100026.4,108.68,-5.23,,,,,,,,1,0,9918
3079,61.580000,SIMULATED,DESCENT,7.472,0.000,6.436,-0.094,-0.032,-18.363,100024.2,108.87,-5.22,,,,,,,,1,0,4EB8
3080,61.600000,SIMULATED,DESCENT,7.305,0.003,6.496,0.011,-0.030,-19.319,100023.4,108.93,-5.19,,,,,,,,1,0,BABF
3081,61.620000,SIMULATED,DESCENT,7.227,-0.059,6.585,0.032,0.103,-20.127,100026.3,108.69,-5.17,,,,,,,,1,0,F3BF
3082,61.640000,SIMULATED,DESCENT,7.133,-0.043,6.544,-0.084,0.057,-20.801,100033.8,108.06,-5.20,,,,,,,,1,0,9ACA
3083,61.660000,SIMULATED,DESCENT,7.239,0.086,6.641,0.123,0.275,-21.487,100034.7,107.99,-5.22,,,,,,,,1,0,E7AD
3084,61.680000,SIMULATED,DESCENT,7.154,0.024,6.713,-0.060,0.219,-22.094,100033.8,108.06,-5.23,,,,,,,,1,0,C31C
3085,61.700000,SIMULATED,DESCENT,7.110,0.004,6.732,-0.072,-0.137,-22.642,100030.1,108.37,-5.20,,,,,,,,1,0,75CA
3086,61.720000,SIMULATED,DESCENT,7.056,0.110,6.833,0.002,0.013,-23.113,100038.7,107.65,-5.23,,,,,,,,1,0,037F
3087,61.740000,SIMULATED,DESCENT,6.962,0.050,6.843,0.058,-0.203,-23.483,100037.0,107.79,-5.23,,,,,,,,1,0,88AE
3088,61.760000,SIMULATED,DESCENT,6.999,-0.031,6.871,-0.006,-0.076,-23.856,100039.5,107.58,-5.25,,,,,,,,1,0,B25F
3089,61.780000,SIMULATED,DESCENT,6.972,-0.028,6.902,0.122,0.016,-24.440,100039.2,107.60,-5.25,,,,,,,,1,0,2554
3090,61.800000,SIMULATED,DESCENT,6.983,0.065,6.923,-0.030,0.042,-24.765,100038.7,107.65,-5.24,,,,,,,,1,0,92C1
3091,61.820000,SIMULATED,DESCENT,6.889,-0.007,7.028,0.102,-0.073,-24.712,100038.9,107.63,-5.22,,,,,,,,1,0,28FA
3092,61.840000,SIMULATED,DESCENT,6.949,-0.017,6.765,0.094,-0.039,-24.877,100044.6,107.15,-5.23,,,,,,,,1,0,5662
3093,61.860000,SIMULATED,DESCENT,6.879,0.016,6.990,0.096,-0.052,-25.119,100038.9,107.63,-5.20,,,,,,,,1,0,51B6
3094,61.880000,SIMULATED,DESCENT,6.797,0.027,6.963,-0.108,0.170,-25.030,100042.5,107.32,-5.18,,,,,,,,1,0,13E1
3095,61.900000,SIMULATED,DESCENT,6.975,0.020,6.868,0.130,-0.072,-24.895,100048.7,106.81,-5.20,,,,,,,,1,0,4DA2
3096,61.920000,SIMULATED,DESCENT,6.972,-0.032,6.893,0.091,0.037,-24.993,100045.4,107.08,-5.19,,,,,,,,1,0,3EE4
3097,61.940000,SIMULATED,DESCENT,6.961,-0.075,6.899,0.099,-0.022,-24.714,100046.2,107.02,-5.17,,,,,,,,1,0,4CF5
3098,61.960000,SIMULATED,DESCENT,7.004,-0.005,6.991,-0.105,0.007,-24.294,100049.5,106.74,-5.17,,,,,,,,1,0,9984
3099,61.980000,SIMULATED,DESCENT,7.022,0.049,6.917,-0.104,0.089,-24.235,100049.6,106.73,-5.16,,,,,,,,1,0,CE2E
3100,62.000000,SIMULATED,DESCENT,7.045,0.029,6.800,0.023,-0.084,-23.755,100051.2,106.59,-5.16,19.93,0.0004597,0.0009478,103.2,3,9,4.055,1,0,81F4
3101,62.020000,SIMULATED,DESCENT,6.981,0.011,6.829,-0.152,0.171,-23.347,100046.1,107.03,-5.11,,,,,,,,1,0,26F3
3102,62.040000,SIMULATED,DESCENT,7.106,0.030,6.659,-0.132,-0.127,-22.932,100051.5,106.57,-5.09,,,,,,,,1,0,9C84
3103,62.060000,SIMULATED,DESCENT,7.050,0.027,6.747,0.047,0.017,-22.230,100049.8,106.71,-5.05,,,,,,,,1,0,8FE2
3104,62.080000,SIMULATED,DESCENT,7.173,-0.006,6.710,-0.058,-0.112,-21.773,100056.2,106.17,-5.06,,,,,,,,1,0,C13E
3105,62.100000,SIMULATED,DESCENT,7.246,0.047,6.721,-0.067,-0.145,-21.122,100062.9,105.61,-5.10,,,,,,,,1,0,5987
3106,62.120000,SIMULATED,DESCENT,7.241,-0.003,6.585,0.051,0.054,-20.514,100061.0,105.77,-5.11,,,,,,,,1,0,EE92
3107,62.140000,SIMULATED,DESCENT,7.283,0.040,6.544,-0.017,-0.094,-19.667,100061.8,105.70,-5.12,,,,,,,,1,0,542E
3108,62.160000,SIMULATED,DESCENT,7.403,0.012,6.341,-0.014,-0.044,-18.864,100060.5,105.82,-5.12,,,,,,,,1,0,DBC9
3109,62.180000,SIMULATED,DESCENT,7.409,0.010,6.454,-0.087,-0.097,-17.988,100059.7,105.88,-5.10,,,,,,,,1,0,57EC
3110,62.200000,SIMULATED,DESCENT,7.436,0.003,6.334,-0.134,-0.152,-17.139,100063.8,105.53,-5.10,,,,,,,,1,0,AC33
3111,62.220000,SIMULATED,DESCENT,7.494,0.031,6.205,-0.034,0.181,-16.224,100066.0,105.35,-5.11,,,,,,,,1,0,A025
3112,62.240000,SIMULATED,DESCENT,7.603,-0.029,6.239,-0.083,0.095,-15.098,100069.8,105.03,-5.13,,,,,,,,1,0,4989
3113,62.260000,SIMULATED,DESCENT,7.749,-0.022,6.043,0.099,0.035,-14.089,100069.4,105.07,-5.15,,,,,,,,1,0,9DD5
3114,62.280000,SIMULATED,DESCENT,7.790,-0.020,6.057,0.049,-0.116,-13.005,100067.1,105.26,-5.13,,,,,,,,1,0,8515
3115,62.300000,SIMULATED,DESCENT,7.865,0.021,5.947,-0.065,-0.051,-11.893,100075.2,104.58,-5.17,,,,,,,,1,0,0361
3116,62.320000,SIMULATED,DESCENT,7.863,0.004,5.906,0.042,0.020,-10.797,100076.2,104.50,-5.20,,,,,,,,1,0,DDDF
3117,62.340000,SIMULATED,DESCENT,8.024,0.077,5.667,-0.132,0.045,-9.891,100065.7,105.38,-5.15,,,,,,,,1,0,A3A7
3118,62.360000,SIMULATED,DESCENT,8.008,0.002,5.660,0.045,0.220,-8.512,100075.9,104.52,-5.17,,,,,,,,1,0,45F1
3119,62.380000,SIMULATED,DESCENT,8.105,-0.082,5.499,0.029,-0.068,-7.328,100072.2,104.83,-5.14,,,,,,,,1,0,3034
3120,62.400000,SIMULATED,DESCENT,8.042,0.103,5.410,0.059,0.251,-6.202,100076.3,104.48,-5.15,,,,,,,,1,0,1C96
3121,62.420000,SIMULATED,DESCENT,8.209,0.038,5.285,-0.046,0.186,-4.926,100081.2,104.07,-5.17,,,,,,,,1,0,FF9E
3122,62.440000,SIMULATED,DESCENT,8.272,0.019,5.158,0.145,-0.098,-3.653,100077.8,104.36,-5.16,,,,,,,,1,0,A0C2
3123,62.460000,SIMULATED,DESCENT,8.365,0.011,5.117,0.085,0.035,-2.472,100080.3,104.15,-5.17,,,,,,,,1,0,07B5
3124,62.480000,SIMULATED,DESCENT,8.519,-0.034,5.070,0.065,-0.076,-1.217,100077.5,104.39,-5.14,,,,,,,,1,0,30C0
3125,62.500000,SIMULATED,DESCENT,8.507,0.051,4.936,0.132,0.131,-0.027,100078.3,104.31,-5.11,,,,,,,,1,0,7327
3126,62.520000,SIMULATED,DESCENT,8.539,0.014,4.761,0.074,-0.127,1.342,100079.8,104.19,-5.09,,,,,,,,1,0,BB78
3127,62.540000,SIMULATED,DESCENT,8.658,-0.001,4.683,-0.052,-0.151,2.445,100085.2,103.74,-5.09,,,,,,,,1,0,90C0
3128,62.560000,SIMULATED,DESCENT,8.622,-0.010,4.582,-0.033,0.093,3.784,100082.8,103.94,-5.07,,,,,,,,1,0,1678
3129,62.580000,SIMULATED,DESCENT,8.662,-0.030,4.386,0.049,0.160,5.099,100085.6,103.71,-5.07,,,,,,,,1,0,95A3
3130,62.600000,SIMULATED,DESCENT,8.748,-0.022,4.245,0.069,0.038,6.234,100091.5,103.21,-5.09,,,,,,,,1,0,75C5
3131,62.620000,SIMULATED,DESCENT,8.825,0.038,4.281,-0.015,0.043,7.344,100089.6,103.37,-5.10,,,,,,,,1,0,D79A
3132,62.640000,SIMULATED,DESCENT,8.881,0.075,4.176,0.150,-0.042,8.489,100090.0,103.33,-5.09,,,,,,,,1,0,E165
3133,62.660000,SIMULATED,DESCENT,8.879,-0.006,3.993,0.016,0.104,9.768,100092.4,103.13,-5.10,,,,,,,,1,0,1222
3134,62.680000,SIMULATED,DESCENT,8.976,-0.002,3.966,0.052,-0.041,11.066,100091.5,103.20,-5.09,,,,,,,,1,0,9356
3135,62.700000,SIMULATED,DESCENT,9.146,-0.047,3.823,-0.173,-0.020,11.904,100090.7,103.27,-5.07,,,,,,,,1,0,0E24
3136,62.720000,SIMULATED,DESCENT,9.061,-0.001,3.660,0.063,-0.065,13.116,100094.1,102.99,-5.06,,,,,,,,1,0,8B6C
3137,62.740000,SIMULATED,DESCENT,9.079,-0.023,3.618,0.007,-0.139,14.139,100094.0,103.00,-5.05,,,,,,,,1,0,B042
3138,62.760000,SIMULATED,DESCENT,9.194,-0.029,3.444,0.049,-0.153,15.289,100097.6,102.69,-5.05,,,,,,,,1,0,0DC6
3139,62.780000,SIMULATED,DESCENT,9.093,-0.005,3.413,-0.082,0.016,16.202,100100.9,102.41,-5.07,,,,,,,,1,0,C2A5
3140,62.800000,SIMULATED,DESCENT,9.260,-0.016,3.300,0.042,-0.116,17.002,100101.4,102.37,-5.08,,,,,,,,1,0,F26A
3141,62.820000,SIMULATED,DESCENT,9.344,-0.005,3.229,-0.088,-0.308,18.034,100097.7,102.68,-5.05,,,,,,,,1,0,9A12
3142,62.840000,SIMULATED,DESCENT,9.338,0.036,3.111,0.081,0.040,18.803,100102.2,102.31,-5.05,,,,,,,,1,0,22FB
3143,62.860000,SIMULATED,DESCENT,9.316,0.001,3.035,0.018,0.126,19.818,100098.9,102.59,-5.02,,,,,,,,1,0,9570
3144,62.880000,SIMULATED,DESCENT,9.342,-0.004,2.997,-0.088,-0.095,20.377,100101.5,102.36,-5.00,,,,,,,,1,0,258B
3145,62.900000,SIMULATED,DESCENT,9.390,0.069,3.047,-0.098,-0.127,21.005,100104.5,102.11,-5.00,,,,,,,,1,0,73CD
3146,62.920000,SIMULATED,DESCENT,9.390,0.007,2.847,-0.126,-0.139,21.586,100105.9,102.00,-4.99,,,,,,,,1,0,CFEB
3147,62.940000,SIMULATED,DESCENT,9.432,-0.077,2.739,-0.050,-0.055,22.312,100105.5,102.03,-4.98,,,,,,,,1,0,1701
3148,62.960000,SIMULATED,DESCENT,9.410,-0.009,2.721,-0.047,0.155,22.990,100112.8,101.41,-5.01,,,,,,,,1,0,A5FB
3149,62.980000,SIMULATED,DESCENT,9.394,0.024,2.744,-0.112,-0.231,23.302,100110.7,101.59,-5.01,,,,,,,,1,0,C6C7
3150,63.000000,SIMULATED,DESCENT,9.475,0.079,2.610,0.159,0.014,23.798,100105.8,102.01,-4.97,19.87,0.0004831,0.0009445,99.0,3,9,4.052,1,0,373B
3151,63.020000,SIMULATED,DESCENT,9.423,0.027,2.597,-0.042,0.059,24.099,100116.3,101.12,-5.00,,,,,,,,1,0,6963
3152,63.040000,SIMULATED,DESCENT,9.466,0.085,2.646,-0.034,-0.104,24.489,100114.0,101.32,-5.00,,,,,,,,1,0,7E23
3153,63.060000,SIMULATED,DESCENT,9.434,-0.016,2.536,-0.083,-0.155,24.763,100108.7,101.76,-4.96,,,,,,,,1,0,085D
3154,63.080000,SIMULATED,DESCENT,9.528,-0.009,2.570,-0.206,0.089,24.948,100115.1,101.22,-4.96,,,,,,,,1,0,052E
3155,63.100000,SIMULATED,DESCENT,9.491,0.007,2.518,0.109,-0.178,24.985,100114.0,101.32,-4.94,,,,,,,,1,0,2D33
3156,63.120000,SIMULATED,DESCENT,9.418,-0.018,2.476,-0.076,0.116,25.041,100118.7,100.92,-4.94,,,,,,,,1,0,B790
3157,63.140000,SIMULATED,DESCENT,9.467,-0.034,2.514,-0.027,-0.010,24.966,100117.3,101.04,-4.93,,,,,,,,1,0,FD74
3158,63.160000,SIMULATED,DESCENT,9.426,0.024,2.602,0.082,-0.003,24.916,100120.9,100.74,-4.94,,,,,,,,1,0,3521
3159,63.180000,SIMULATED,DESCENT,9.454,0.033,2.554,0.061,-0.092,24.808,100119.7,100.84,-4.93,,,,,,,,1,0,3F20
3160,63.200000,SIMULATED,DESCENT,9.481,0.030,2.578,0.027,0.146,24.500,100121.5,100.69,-4.92,,,,,,,,1,0,B734
3161,63.220000,SIMULATED,DESCENT,9.444,0.016,2.596,0.039,0.175,24.247,100126.5,100.26,-4.94,,,,,,,,1,0,57BE
3162,63.240000,SIMULATED,DESCENT,9.460,0.059,2.640,-0.219,-0.031,24.109,100124.3,100.45,-4.94,,,,,,,,1,0,BF30
3163,63.260000,SIMULATED,DESCENT,9.426,0.120,2.653,0.027,0.147,23.455,100126.5,100.26,-4.94,,,,,,,,1,0,0474
3164,63.280000,SIMULATED,DESCENT,9.433,-0.073,2.740,0.174,-0.050,23.086,100126.2,100.29,-4.93,,,,,,,,1,0,FA9E
3165,63.300000,SIMULATED,DESCENT,9.258,-0.057,2.793,0.102,-0.052,22.488,100132.2,99.78,-4.96,,,,,,,,1,0,EE9B
3166,63.320000,SIMULATED,DESCENT,9.400,0.058,2.858,0.035,0.008,21.905,100130.5,99.93,-4.96,,,,,,,,1,0,5908
3167,63.340000,SIMULATED,DESCENT,9.394,0.019,2.942,0.112,0.075,21.507,100132.9,99.73,-4.98,,,,,,,,1,0,5BC0
3168,63.360000,SIMULATED,DESCENT,9.312,-0.083,2.976,0.053,-0.109,20.710,100133.7,99.66,-4.99,,,,,,,,1,0,B0C0
3169,63.380000,SIMULATED,DESCENT,9.445,0.028,3.031,0.096,0.010,20.112,100135.0,99.55,-5.00,,,,,,,,1,0,9CC9
3170,63.400000,SIMULATED,DESCENT,9.291,-0.006,3.091,-0.112,-0.009,19.130,100131.2,99.87,-4.97,,,,,,,,1,0,CD22
3171,63.420000,SIMULATED,DESCENT,9.341,-0.073,3.206,-0.146,0.049,18.406,100144.0,98.79,-5.03,,,,,,,,1,0,0573
3172,63.440000,SIMULATED,DESCENT,9.191,0.007,3.286,0.130,0.049,17.454,100137.1,99.37,-5.03,,,,,,,,1,0,36C8
3173,63.460000,SIMULATED,DESCENT,9.313,-0.044,3.407,0.089,-0.059,16.764,100135.0,99.55,-5.00,,,,,,,,1,0,7502
3174,63.480000,SIMULATED,DESCENT,9.153,-0.015,3.513,-0.126,-0.044,15.654,100139.6,99.16,-5.00,,,,,,,,1,0,ED8C
3175,63.500000,SIMULATED,DESCENT,9.199,-0.058,3.528,-0.141,-0.027,14.715,100144.2,98.77,-5.03,,,,,,,,1,0,9989
3176,63.520000,SIMULATED,DESCENT,9.122,0.077,3.712,0.062,0.092,13.732,100146.3,98.60,-5.05,,,,,,,,1,0,2A76
3177,63.540000,SIMULATED,DESCENT,9.038,-0.059,3.688,-0.016,-0.174,12.648,100147.5,98.50,-5.08,,,,,,,,1,0,EDC4
3178,63.560000,SIMULATED,DESCENT,8.931,0.011,3.824,-0.077,0.073,11.492,100144.6,98.74,-5.08,,,,,,,,1,0,4A42
3179,63.580000,SIMULATED,DESCENT,9.006,-0.035,3.977,0.145,-0.078,10.393,100144.0,98.80,-5.06,,,,,,,,1,0,0569
3180,63.600000,SIMULATED,DESCENT,8.956,-0.044,4.097,0.077,-0.025,9.078,100152.0,98.12,-5.09,,,,,,,,1,0,03A0
3181,63.620000,SIMULATED,DESCENT,8.840,-0.006,4.269,0.015,-0.088,7.963,100147.9,98.46,-5.09,,,,,,,,1,0,61B2
3182,63.640000,SIMULATED,DESCENT,8.843,-0.040,4.283,-0.014,0.008,6.750,100145.2,98.69,-5.06,,,,,,,,1,0,5D32
3183,63.660000,SIMULATED,DESCENT,8.757,-0.004,4.394,-0.014,0.072,5.552,100145.0,98.71,-5.02,,,,,,,,1,0,D8D2
3184,63.680000,SIMULATED,DESCENT,8.648,-0.005,4.542,0.140,0.180,4.388,100154.5,97.91,-5.03,,,,,,,,1,0,1EC6
3185,63.700000,SIMULATED,DESCENT,8.652,0.002,4.641,-0.085,-0.132,3.267,100153.9,97.97,-5.04,,,,,,,,1,0,B053
3186,63.720000,SIMULATED,DESCENT,8.575,-0.042,4.718,0.038,-0.008,1.755,100155.4,97.83,-5.05,,,,,,,,1,0,8D9D
3187,63.740000,SIMULATED,DESCENT,8.528,0.043,4.818,-0.137,-0.114,0.717,100160.1,97.44,-5.08,,,,,,,,1,0,18A3
3188,63.760000,SIMULATED,DESCENT,8.530,0.073,4.913,0.015,-0.128,-0.680,100156.7,97.72,-5.08,,,,,,,,1,0,19BF
3189,63.780000,SIMULATED,DESCENT,8.319,0.006,5.033,0.015,-0.022,-1.909,100162.3,97.25,-5.10,,,,,,,,1,0,8E27
3190,63.800000,SIMULATED,DESCENT,8.270,-0.056,5.163,0.051,-0.033,-3.014,100159.2,97.51,-5.10,,,,,,,,1,0,5B7E
3191,63.820000,SIMULATED,DESCENT,8.314,0.069,5.361,0.058,-0.101,-4.371,100169.1,96.68,-5.16,,,,,,,,1,0,904F
3192,63.840000,SIMULATED,DESCENT,8.222,-0.031,5.425,-0.160,0.138,-5.363,100163.2,97.18,-5.16,,,,,,,,1,0,DDBC
3193,63.860000,SIMULATED,DESCENT,8.112,-0.085,5.531,-0.203,-0.196,-6.678,100165.2,97.01,-5.17,,,,,,,,1,0,2530
3194,63.880000,SIMULATED,DESCENT,8.000,-0.025,5.627,0.037,0.007,-8.162,100165.5,96.99,-5.17,,,,,,,,1,0,7006
3195,63.900000,SIMULATED,DESCENT,7.961,0.058,5.740,0.150,-0.046,-9.257,100168.9,96.70,-5.19,,,,,,,,1,0,37F5
3196,63.920000,SIMULATED,DESCENT,7.777,0.016,5.787,0.178,-0.041,-10.234,100166.9,96.87,-5.19,,,,,,,,1,0,BD26
3197,63.940000,SIMULATED,DESCENT,7.879,-0.026,5.897,0.020,-0.116,-11.405,100165.8,96.96,-5.16,,,,,,,,1,0,DCE2
3198,63.960000,SIMULATED,DESCENT,7.771,-0.081,5.949,0.078,-0.091,-12.398,100169.3,96.66,-5.16,,,,,,,,1,0,07F7
3199,63.980000,SIMULATED,DESCENT,7.696,-0.019,6.023,0.041,-0.045,-13.313,100171.5,96.48,-5.16,,,,,,,,1,0,2252
3200,64.000000,SIMULATED,DESCENT,7.582,0.064,6.203,-0.023,-0.080,-14.615,100175.4,96.16,-5.18,19.80,0.0004892,0.0009749,90.5,3,9,4.049,1,0,BDE1
3201,64.020000,SIMULATED,DESCENT,7.553,0.067,6.329,-0.044,0.080,-15.700,100174.3,96.25,-5.18,,,,,,,,1,0,B158
3202,64.040000,SIMULATED,DESCENT,7.510,0.012,6.208,-0.002,-0.052,-16.708,100171.1,96.51,-5.16,,,,,,,,1,0,26CE
3203,64.060000,SIMULATED,DESCENT,7.446,-0.022,6.348,-0.093,-0.111,-17.460,100178.1,95.93,-5.17,,,,,,,,1,0,66DD
3204,64.080000,SIMULATED,DESCENT,7.380,-0.004,6.501,0.014,-0.001,-18.156,100178.5,95.89,-5.18,,,,,,,,1,0,A08A
3205,64.100000,SIMULATED,DESCENT,7.393,-0.054,6.558,0.120,-0.124,-19.405,100176.8,96.04,-5.16,,,,,,,,1,0,A8FC
3206,64.120000,SIMULATED,DESCENT,7.386,-0.043,6.546,0.004,0.138,-20.100,100177.2,96.00,-5.15,,,,,,,,1,0,2311
3207,64.140000,SIMULATED,DESCENT,7.317,-0.057,6.562,0.027,-0.122,-20.663,100180.2,95.76,-5.14,,,,,,,,1,0,4A66
3208,64.160000,SIMULATED,DESCENT,7.164,0.048,6.612,-0.099,-0.126,-21.392,100181.5,95.64,-5.14,,,,,,,,1,0,FDBD
3209,64.180000,SIMULATED,DESCENT,7.201,0.009,6.776,-0.168,0.080,-21.993,100182.4,95.56,-5.13,,,,,,,,1,0,37DA
3210,64.200000,SIMULATED,DESCENT,7.080,0.018,6.849,-0.029,-0.083,-22.534,100187.9,95.11,-5.15,,,,,,,,1,0,61BF
3211,64.220000,SIMULATED,DESCENT,6.916,0.012,6.788,0.001,0.105,-23.139,100183.7,95.46,-5.14,,,,,,,,1,0,5D05
3212,64.240000,SIMULATED,DESCENT,7.076,0.000,6.779,0.051,-0.280,-23.498,100185.9,95.27,-5.13,,,,,,,,1,0,91F4
3213,64.260000,SIMULATED,DESCENT,6.923,0.006,6.813,0.054,0.065,-24.195,100185.2,95.34,-5.11,,,,,,,,1,0,8943
3214,64.280000,SIMULATED,DESCENT,6.939,-0.076,6.904,-0.237,-0.053,-24.367,100189.2,95.00,-5.11,,,,,,,,1,0,C6D0
3215,64.300000,SIMULATED,DESCENT,6.928,0.016,6.894,0.017,-0.038,-24.560,100184.0,95.44,-5.07,,,,,,,,1,0,325D
3216,64.320000,SIMULATED,DESCENT,6.954,-0.164,6.959,0.163,-0.111,-24.695,100192.5,94.72,-5.07,,,,,,,,1,0,653F
3217,64.340000,SIMULATED,DESCENT,6.931,-0.028,6.916,0.233,0.046,-24.908,100190.7,94.87,-5.06,,,,,,,,1,0,062E
3218,64.360000,SIMULATED,DESCENT,6.991,-0.083,6.881,-0.024,-0.056,-24.768,100195.0,94.51,-5.07,,,,,,,,1,0,6EA7
3219,64.380000,SIMULATED,DESCENT,6.995,0.001,6.847,-0.090,0.120,-24.939,100197.4,94.31,-5.09,,,,,,,,1,0,002B
3220,64.400000,SIMULATED,DESCENT,6.947,0.009,6.909,0.184,-0.033,-25.101,100190.9,94.86,-5.05,,,,,,,,1,0,4A6E
3221,64.420000,SIMULATED,DESCENT,6.977,-0.004,6.969,-0.078,0.123,-25.037,100198.9,94.18,-5.06,,,,,,,,1,0,D336
3222,64.440000,SIMULATED,DESCENT,6.871,-0.060,6.978,-0.010,0.014,-24.732,100195.5,94.47,-5.04,,,,,,,,1,0,671C
3223,64.460000,SIMULATED,DESCENT,6.949,-0.028,6.918,0.085,0.005,-24.415,100204.1,93.75,-5.07,,,,,,,,1,0,B8A5
3224,64.480000,SIMULATED,DESCENT,6.997,-0.084,6.800,-0.148,-0.095,-23.984,100203.3,93.81,-5.09,,,,,,,,1,0,579B
3225,64.500000,SIMULATED,DESCENT,6.999,-0.079,6.845,0.087,-0.114,-23.846,100205.3,93.65,-5.11,,,,,,,,1,0,483A
3226,64.520000,SIMULATED,DESCENT,7.018,0.065,6.828,-0.018,-0.158,-23.232,100199.8,94.11,-5.08,,,,,,,,1,0,EF64
3227,64.540000,SIMULATED,DESCENT,7.044,0.018,6.774,0.168,0.038,-22.905,100201.2,93.99,-5.06,,,,,,,,1,0,2CF4
3228,64.560000,SIMULATED,DESCENT,7.130,-0.103,6.665,-0.036,-0.147,-22.364,100201.6,93.95,-5.03,,,,,,,,1,0,634E
3229,64.580000,SIMULATED,DESCENT,7.231,-0.100,6.697,0.194,0.046,-21.813,100208.0,93.42,-5.04,,,,,,,,1,0,5653
3230,64.600000,SIMULATED,DESCENT,7.236,0.013,6.595,0.018,-0.002,-20.978,100210.7,93.19,-5.06,,,,,,,,1,0,33E4
3231,64.620000,SIMULATED,DESCENT,7.250,0.045,6.585,-0.010,-0.084,-20.250,100211.5,93.12,-5.07,,,,,,,,1,0,A17A
3232,64.640000,SIMULATED,DESCENT,7.235,0.040,6.513,-0.027,-0.049,-19.743,100212.0,93.08,-5.08,,,,,,,,1,0,FFE8
3233,64.660000,SIMULATED,DESCENT,7.355,-0.060,6.568,0.087,-0.033,-18.697,100215.1,92.82,-5.11,,,,,,,,1,0,4064
3234,64.680000,SIMULATED,DESCENT,7.411,-0.050,6.333,-0.023,-0.033,-18.129,100212.3,93.06,-5.10,,,,,,,,1,0,FCC6
3235,64.700000,SIMULATED,DESCENT,7.479,0.035,6.385,0.056,-0.036,-17.222,100214.3,92.89,-5.10,,,,,,,,1,0,470E
3236,64.720000,SIMULATED,DESCENT,7.525,0.010,6.263,-0.062,-0.003,-16.149,100213.2,92.98,-5.08,,,,,,,,1,0,A5C7
3237,64.740000,SIMULATED,DESCENT,7.650,0.011,6.269,0.070,-0.011,-15.127,100217.3,92.64,-5.08,,,,,,,,1,0,4693
3238,64.760000,SIMULATED,DESCENT,7.773,-0.007,6.135,-0.060,0.013,-14.008,100217.9,92.58,-5.08,,,,,,,,1,0,C85D
3239,64.780000,SIMULATED,DESCENT,7.714,-0.041,5.994,-0.161,0.030,-13.130,100218.5,92.54,-5.08,,,,,,,,1,0,1391
3240,64.800000,SIMULATED,DESCENT,7.767,0.090,6.092,-0.066,0.029,-12.095,100221.0,92.32,-5.08,,,,,,,,1,0,218B
3241,64.820000,SIMULATED,DESCENT,7.854,-0.041,5.904,-0.082,-0.043,-10.807,100217.5,92.62,-5.05,,,,,,,,1,0,B910
3242,64.840000,SIMULATED,DESCENT,7.962,0.039,5.786,0.020,0.039,-9.780,100222.0,92.24,-5.05,,,,,,,,1,0,6C65
3243,64.860000,SIMULATED,DESCENT,7.899,0.038,5.724,-0.079,0.056,-8.703,100223.8,92.09,-5.05,,,,,,,,1,0,4F20
3244,64.880000,SIMULATED,DESCENT,8.039,0.129,5.549,0.043,-0.004,-7.390,100226.2,91.89,-5.06,,,,,,,,1,0,FAD5
3245,64.900000,SIMULATED,DESCENT,8.137,-0.007,5.457,0.079,0.022,-6.390,100229.6,91.61,-5.08,,,,,,,,1,0,A081
3246,64.920000,SIMULATED,DESCENT,8.173,-0.011,5.306,-0.184,-0.090,-4.747,100220.8,92.34,-5.04,,,,,,,,1,0,6B5C
3247,64.940000,SIMULATED,DESCENT,8.262,-0.008,5.273,-0.016,-0.150,-3.739,100234.9,91.16,-5.08,,,,,,,,1,0,3ABB
3248,64.960000,SIMULATED,DESCENT,8.316,-0.026,5.171,0.070,0.109,-2.469,100232.5,91.36,-5.10,,,,,,,,1,0,356B
3249,64.980000,SIMULATED,DESCENT,8.367,-0.011,5.036,-0.091,0.187,-1.288,100228.4,91.71,-5.08,,,,,,,,1,0,2298
3250,65.000000,SIMULATED,DESCENT,8.510,-0.026,4.988,0.057,-0.011,-0.022,100234.4,91.20,-5.09,19.81,0.0004856,0.0009825,90.9,3,9,4.046,1,0,F40F
3251,65.020000,SIMULATED,DESCENT,8.507,-0.051,4.843,0.197,0.029,1.413,100232.8,91.34,-5.08,,,,,,,,1,0,4896
3252,65.040000,SIMULATED,DESCENT,8.649,0.093,4.628,0.096,0.125,2.538,100245.0,90.31,-5.15,,,,,,,,1,0,73E1
3253,65.060000,SIMULATED,DESCENT,8.644,-0.057,4.585,0.115,0.054,3.847,100231.8,91.42,-5.12,,,,,,,,1,0,EFCE
3254,65.080000,SIMULATED,DESCENT,8.697,-0.020,4.394,0.032,-0.049,5.032,100239.2,90.79,-5.13,,,,,,,,1,0,D92F
3255,65.100000,SIMULATED,DESCENT,8.783,0.000,4.346,0.017,0.016,6.249,100242.8,90.49,-5.16,,,,,,,,1,0,42EF
3256,65.120000,SIMULATED,DESCENT,8.896,-0.056,4.194,0.155,-0.110,7.543,100244.2,90.37,-5.18,,,,,,,,1,0,CEF5
3257,65.140000,SIMULATED,DESCENT,8.912,0.014,4.172,-0.021,-0.042,8.645,100242.5,90.52,-5.19,,,,,,,,1,0,8701
3258,65.160000,SIMULATED,DESCENT,8.959,0.062,4.102,0.105,-0.028,9.813,100243.9,90.40,-5.19,,,,,,,,1,0,76AD
3259,65.180000,SIMULATED,DESCENT,9.031,0.027,3.882,0.019,-0.062,10.763,100242.8,90.50,-5.18,,,,,,,,1,0,5194
3260,65.200000,SIMULATED,DESCENT,8.988,-0.082,3.813,0.029,0.017,12.053,100238.7,90.84,-5.13,,,,,,,,1,0,DCDB
3261,65.220000,SIMULATED,DESCENT,9.043,-0.023,3.759,-0.134,-0.021,13.133,100244.9,90.32,-5.12,,,,,,,,1,0,0808
3262,65.240000,SIMULATED,DESCENT,9.087,-0.033,3.616,-0.053,0.118,14.302,100245.7,90.25,-5.11,,,,,,,,1,0,E155
3263,65.260000,SIMULATED,DESCENT,9.277,0.009,3.527,0.038,-0.046,15.200,100246.7,90.17,-5.10,,,,,,,,1,0,C2BC
3264,65.280000,SIMULATED,DESCENT,9.210,-0.039,3.424,-0.046,0.062,16.175,100254.4,89.52,-5.13,,,,,,,,1,0,BB4A
3265,65.300000,SIMULATED,DESCENT,9.220,0.009,3.349,0.188,-0.021,17.055,100250.1,89.88,-5.12,,,,,,,,1,0,7702
3266,65.320000,SIMULATED,DESCENT,9.259,0.051,3.230,0.021,0.020,18.003,100253.9,89.56,-5.13,,,,,,,,1,0,4C5E
3267,65.340000,SIMULATED,DESCENT,9.194,-0.028,3.234,0.022,0.059,18.915,100255.5,89.43,-5.15,,,,,,,,1,0,DABE
3268,65.360000,SIMULATED,DESCENT,9.274,0.000,3.045,-0.068,-0.035,19.558,100252.3,89.70,-5.13,,,,,,,,1,0,5940
3269,65.380000,SIMULATED,DESCENT,9.373,-0.059,2.976,0.138,0.043,20.353,100257.1,89.29,-5.13,,,,,,,,1,0,2499
3270,65.400000,SIMULATED,DESCENT,9.266,-0.121,2.891,0.050,0.134,21.135,100260.7,88.99,-5.16,,,,,,,,1,0,96C1
3271,65.420000,SIMULATED,DESCENT,9.367,0.039,2.894,-0.132,0.136,21.930,100255.6,89.42,-5.13,,,,,,,,1,0,1964
3272,65.440000,SIMULATED,DESCENT,9.356,-0.024,2.815,0.168,0.146,22.584,100257.2,89.29,-5.12,,,,,,,,1,0,2209
3273,65.460000,SIMULATED,DESCENT,9.462,-0.017,2.879,0.029,-0.002,22.805,100263.1,88.79,-5.13,,,,,,,,1,0,304B
3274,65.480000,SIMULATED,DESCENT,9.506,0.043,2.688,-0.072,0.136,23.258,100259.4,89.10,-5.11,,,,,,,,1,0,992E
3275,65.500000,SIMULATED,DESCENT,9.354,-0.022,2.675,-0.043,-0.054,23.871,100266.6,88.50,-5.13,,,,,,,,1,0,8414
3276,65.520000,SIMULATED,DESCENT,9.506,-0.103,2.693,-0.063,-0.057,24.258,100260.4,89.01,-5.10,,,,,,,,1,0,0984
3277,65.540000,SIMULATED,DESCENT,9.405,-0.016,2.498,0.044,0.023,24.388,100269.0,88.29,-5.13,,,,,,,,1,0,84E8
3278,65.560000,SIMULATED,DESCENT,9.504,0.031,2.531,-0.127,0.029,24.644,100266.7,88.49,-5.13,,,,,,,,1,0,DF2C
3279,65.580000,SIMULATED,DESCENT,9.491,-0.025,2.508,-0.101,0.121,25.072,100268.2,88.37,-5.12,,,,,,,,1,0,F67C
3280,65.600000,SIMULATED,DESCENT,9.570,0.014,2.572,0.031,-0.151,25.112,100263.3,88.78,-5.08,,,,,,,,1,0,30B1
3281,65.620000,SIMULATED,DESCENT,9.476,0.049,2.641,-0.056,-0.077,25.025,100275.2,87.78,-5.11,,,,,,,,1,0,7EDE
3282,65.640000,SIMULATED,DESCENT,9.450,0.001,2.608,-0.085,0.030,24.969,100273.9,87.88,-5.13,,,,,,,,1,0,3998
3283,65.660000,SIMULATED,DESCENT,9.508,0.006,2.523,0.083,-0.126,24.881,100274.7,87.82,-5.14,,,,,,,,1,0,0C2D
3284,65.680000,SIMULATED,DESCENT,9.419,-0.005,2.429,-0.075,0.170,24.880,100276.4,87.67,-5.15,,,,,,,,1,0,6CD2
3285,65.700000,SIMULATED,DESCENT,9.543,0.052,2.642,0.086,-0.078,24.584,100277.2,87.61,-5.16,,,,,,,,1,0,8E5C
3286,65.720000,SIMULATED,DESCENT,9.536,0.082,2.628,0.005,0.108,24.287,100279.6,87.40,-5.18,,,,,,,,1,0,7BD8
3287,65.740000,SIMULATED,DESCENT,9.399,-0.033,2.639,-0.026,-0.095,23.713,100279.8,87.39,-5.19,,,,,,,,1,0,E897
3288,65.760000,SIMULATED,DESCENT,9.453,0.076,2.692,-0.082,-0.136,23.560,100278.1,87.53,-5.18,,,,,,,,1,0,4DB3
3289,65.780000,SIMULATED,DESCENT,9.383,0.038,2.646,0.001,0.094,23.040,100281.5,87.25,-5.18,,,,,,,,1,0,3E63
3290,65.800000,SIMULATED,DESCENT,9.383,0.112,2.761,0.069,-0.020,22.611,100280.6,87.32,-5.17,,,,,,,,1,0,4916
3291,65.820000,SIMULATED,DESCENT,9.314,0.004,2.799,-0.082,-0.121,22.013,100283.1,87.11,-5.17,,,,,,,,1,0,134D
3292,65.840000,SIMULATED,DESCENT,9.312,0.023,2.836,0.042,0.209,21.382,100285.5,86.91,-5.17,,,,,,,,1,0,CD9C
3293,65.860000,SIMULATED,DESCENT,9.313,-0.017,3.060,-0.004,-0.084,20.656,100285.7,86.90,-5.17,,,,,,,,1,0,F0AC
3294,65.880000,SIMULATED,DESCENT,9.334,-0.062,3.072,-0.011,-0.038,20.051,100288.4,86.66,-5.18,,,,,,,,1,0,1E85
3295,65.900000,SIMULATED,DESCENT,9.282,0.016,3.066,-0.047,0.027,19.217,100287.8,86.71,-5.18,,,,,,,,1,0,C741
3296,65.920000,SIMULATED,DESCENT,9.192,0.010,3.161,-0.087,0.062,18.470,100292.0,86.37,-5.19,,,,,,,,1,0,93DE
3297,65.940000,SIMULATED,DESCENT,9.226,0.039,3.365,0.040,0.041,17.536,100289.0,86.62,-5.18,,,,,,,,1,0,10DE
3298,65.960000,SIMULATED,DESCENT,9.228,-0.113,3.380,0.019,-0.053,16.735,100290.0,86.53,-5.17,,,,,,,,1,0,B602
3299,65.980000,SIMULATED,DESCENT,9.132,-0.025,3.542,0.042,-0.133,15.543,100294.0,86.19,-5.17,,,,,,,,1,0,126D
3300,66.000000,SIMULATED,DESCENT,9.186,0.027,3.559,0.223,0.139,14.562,100297.4,85.91,-5.19,19.73,0.0004981,0.0010264,90.1,3,9,4.051,1,0,5078
3301,66.020000,SIMULATED,DESCENT,9.113,-0.037,3.572,-0.128,-0.022,13.498,100296.6,85.98,-5.20,,,,,,,,1,0,9446
3302,66.040000,SIMULATED,DESCENT,9.071,0.078,3.852,-0.072,0.071,12.637,100293.7,86.22,-5.17,,,,,,,,1,0,D5E4
3303,66.060000,SIMULATED,DESCENT,8.987,-0.033,3.834,-0.074,0.052,11.415,100299.4,85.74,-5.18,,,,,,,,1,0,E7FC
3304,66.080000,SIMULATED,DESCENT,8.977,0.002,3.930,-0.029,-0.030,10.474,100302.3,85.50,-5.20,,,,,,,,1,0,BFA5
3305,66.100000,SIMULATED,DESCENT,8.952,-0.006,4.061,0.118,-0.038,9.265,100299.9,85.70,-5.19,,,,,,,,1,0,06AB
3306,66.120000,SIMULATED,DESCENT,8.885,-0.013,4.098,-0.010,-0.107,8.121,100300.7,85.63,-5.18,,,,,,,,1,0,B920
3307,66.140000,SIMULATED,DESCENT,8.855,-0.027,4.258,0.013,0.026,6.802,100298.7,85.80,-5.15,,,,,,,,1,0,956E
3308,66.160000,SIMULATED,DESCENT,8.822,0.074,4.387,0.010,-0.039,5.796,100305.3,85.25,-5.16,,,,,,,,1,0,F643
3309,66.180000,SIMULATED,DESCENT,8.659,0.023,4.497,-0.002,-0.044,4.497,100301.6,85.56,-5.13,,,,,,,,1,0,F2E2
3310,66.200000,SIMULATED,DESCENT,8.598,-0.041,4.692,-0.045,0.047,3.043,100305.9,85.19,-5.13,,,,,,,,1,0,21E2
3311,66.220000,SIMULATED,DESCENT,8.602,0.050,4.682,-0.004,0.039,1.843,100309.3,84.91,-5.14,,,,,,,,1,0,6182
3312,66.240000,SIMULATED,DESCENT,8.498,-0.124,4.853,-0.031,-0.109,0.471,100311.0,84.77,-5.15,,,,,,,,1,0,969D
3313,66.260000,SIMULATED,DESCENT,8.491,-0.027,4.926,0.024,0.011,-0.775,100309.2,84.92,-5.15,,,,,,,,1,0,4BD3
3314,66.280000,SIMULATED,DESCENT,8.396,0.096,4.994,-0.195,0.077,-1.791,100310.3,84.83,-5.14,,,,,,,,1,0,3C53
3315,66.300000,SIMULATED,DESCENT,8.346,0.060,5.223,0.117,-0.062,-3.130,100314.7,84.46,-5.15,,,,,,,,1,0,E910
3316,66.320000,SIMULATED,DESCENT,8.240,-0.037,5.257,0.202,-0.092,-4.301,100310.1,84.84,-5.12,,,,,,,,1,0,578C
3317,66.340000,SIMULATED,DESCENT,8.197,-0.010,5.314,-0.012,-0.002,-5.574,100314.9,84.44,-5.12,,,,,,,,1,0,1B76
3318,66.360000,SIMULATED,DESCENT,8.135,0.073,5.496,0.004,-0.003,-6.805,100308.1,85.01,-5.07,,,,,,,,1,0,6666
3319,66.380000,SIMULATED,DESCENT,8.062,0.060,5.513,0.026,-0.057,-8.274,100316.4,84.32,-5.06,,,,,,,,1,0,9EC5
3320,66.400000,SIMULATED,DESCENT,7.986,0.006,5.696,-0.145,-0.009,-9.261,100313.7,84.54,-5.03,,,,,,,,1,0,444D
3321,66.420000,SIMULATED,DESCENT,7.928,-0.012,5.846,-0.064,-0.020,-10.441,100320.7,83.95,-5.04,,,,,,,,1,0,DFC2
3322,66.440000,SIMULATED,DESCENT,7.809,0.005,5.895,0.100,-0.095,-11.389,100313.3,84.58,-5.00,,,,,,,,1,0,DE69
3323,66.460000,SIMULATED,DESCENT,7.838,0.068,5.916,-0.063,0.088,-12.609,100319.3,84.07,-4.98,,,,,,,,1,0,E925
3324,66.480000,SIMULATED,DESCENT,7.759,-0.010,6.077,-0.044,0.031,-13.615,100323.8,83.70,-4.99,,,,,,,,1,0,6617
3325,66.500000,SIMULATED,DESCENT,7.646,0.001,6.176,-0.038,-0.132,-14.578,100324.5,83.63,-5.00,,,,,,,,1,0,F649
3326,66.520000,SIMULATED,DESCENT,7.579,0.007,6.251,0.089,-0.071,-15.530,100330.4,83.14,-5.04,,,,,,,,1,0,5447
3327,66.540000,SIMULATED,DESCENT,7.448,-0.022,6.334,0.051,0.232,-16.737,100324.4,83.65,-5.03,,,,,,,,1,0,962C
3328,66.560000,SIMULATED,DESCENT,7.514,0.032,6.357,-0.025,0.105,-17.609,100321.5,83.89,-4.98,,,,,,,,1,0,EE99
3329,66.580000,SIMULATED,DESCENT,7.383,-0.046,6.445,-0.075,-0.159,-18.357,100334.2,82.83,-5.03,,,,,,,,1,0,AC1B
3330,66.600000,SIMULATED,DESCENT,7.332,0.035,6.576,0.015,0.174,-19.323,100331.5,83.05,-5.04,,,,,,,,1,0,61E8
3331,66.620000,SIMULATED,DESCENT,7.279,0.064,6.543,0.049,0.089,-19.927,100333.7,82.87,-5.06,,,,,,,,1,0,47B8
3332,66.640000,SIMULATED,DESCENT,7.220,-0.010,6.574,-0.042,-0.024,-20.832,100333.2,82.91,-5.06,,,,,,,,1,0,65F9
3333,66.660000,SIMULATED,DESCENT,7.187,0.045,6.631,0.141,0.069,-21.320,100333.1,82.91,-5.06,,,,,,,,1,0,F2BB
3334,66.680000,SIMULATED,DESCENT,7.154,-0.006,6.814,-0.059,0.160,-21.961,100334.9,82.76,-5.06,,,,,,,,1,0,513A
3335,66.700000,SIMULATED,DESCENT,7.141,0.011,6.824,0.192,-0.007,-22.660,100341.0,82.25,-5.09,,,,,,,,1,0,E2DC
3336,66.720000,SIMULATED,DESCENT,7.093,-0.037,6.777,-0.037,-0.125,-23.239,100342.2,82.16,-5.12,,,,,,,,1,0,432E
3337,66.740000,SIMULATED,DESCENT,6.954,-0.035,6.867,0.022,0.089,-23.841,100332.8,82.94,-5.08,,,,,,,,1,0,9831
3338,66.760000,SIMULATED,DESCENT,7.040,-0.002,6.874,-0.095,-0.047,-23.865,100339.8,82.36,-5.08,,,,,,,,1,0,44E9
3339,66.780000,SIMULATED,DESCENT,7.000,-0.081,6.920,0.087,0.104,-24.344,100345.9,81.84,-5.11,,,,,,,,1,0,D2DE
3340,66.800000,SIMULATED,DESCENT,6.896,0.015,6.901,-0.093,0.040,-24.498,100346.3,81.81,-5.14,,,,,,,,1,0,6ECD
3341,66.820000,SIMULATED,DESCENT,6.922,-0.051,6.885,-0.162,0.072,-24.681,100348.4,81.63,-5.17,,,,,,,,1,0,F6EF
3342,66.840000,SIMULATED,DESCENT,6.966,-0.024,6.966,0.085,0.094,-24.905,100342.9,82.09,-5.15,,,,,,,,1,0,26D5
3343,66.860000,SIMULATED,DESCENT,6.964,-0.081,6.985,0.008,0.003,-24.788,100344.8,81.94,-5.14,,,,,,,,1,0,855C
3344,66.880000,SIMULATED,DESCENT,6.898,-0.037,6.955,-0.042,-0.038,-25.014,100345.0,81.91,-5.12,,,,,,,,1,0,3042
3345,66.900000,SIMULATED,DESCENT,6.966,-0.096,6.965,0.074,-0.002,-24.868,100351.4,81.38,-5.14,,,,,,,,1,0,B5BA
3346,66.920000,SIMULATED,DESCENT,6.890,0.134,6.937,-0.009,0.113,-24.885,100354.8,81.10,-5.17,,,,,,,,1,0,1545
3347,66.940000,SIMULATED,DESCENT,6.965,0.020,6.833,-0.075,0.052,-24.626,100352.2,81.31,-5.17,,,,,,,,1,0,849F
3348,66.960000,SIMULATED,DESCENT,7.033,-0.024,6.885,0.074,0.123,-24.435,100351.4,81.38,-5.16,,,,,,,,1,0,D876
3349,66.980000,SIMULATED,DESCENT,6.992,0.010,6.804,0.051,-0.145,-23.913,100357.1,80.90,-5.18,,,,,,,,1,0,16D2
3350,67.000000,SIMULATED,DESCENT,7.024,0.097,6.867,0.036,-0.047,-23.758,100353.0,81.24,-5.17,19.65,0.0005442,0.0010350,82.4,3,9,4.050,1,0,A682
3351,67.020000,SIMULATED,DESCENT,7.091,-0.179,6.863,0.136,0.142,-23.297,100359.4,80.70,-5.19,,,,,,,,1,0,4482
3352,67.040000,SIMULATED,DESCENT,7.056,-0.023,6.824,0.110,-0.033,-22.987,100354.6,81.11,-5.16,,,,,,,,1,0,1E98
3353,67.060000,SIMULATED,DESCENT,7.217,0.002,6.744,-0.079,0.043,-22.384,100365.5,80.19,-5.21,,,,,,,,1,0,4774
3354,67.080000,SIMULATED,DESCENT,7.179,0.065,6.776,-0.039,-0.026,-21.799,100357.7,80.85,-5.19,,,,,,,,1,0,9036
3355,67.100000,SIMULATED,DESCENT,7.163,-0.049,6.646,0.012,0.124,-21.265,100362.8,80.42,-5.20,,,,,,,,1,0,F325
3356,67.120000,SIMULATED,DESCENT,7.297,-0.012,6.686,-0.243,0.166,-20.480,100362.1,80.48,-5.19,,,,,,,,1,0,CC6F
3357,67.140000,SIMULATED,DESCENT,7.361,-0.009,6.543,-0.121,-0.052,-19.742,100363.5,80.37,-5.19,,,,,,,,1,0,BC60
3358,67.160000,SIMULATED,DESCENT,7.391,0.028,6.390,0.016,-0.112,-18.859,100362.1,80.48,-5.16,,,,,,,,1,0,EA21
3359,67.180000,SIMULATED,DESCENT,7.456,0.070,6.388,-0.249,-0.127,-17.973,100362.7,80.43,-5.14,,,,,,,,1,0,EFD4
3360,67.200000,SIMULATED,DESCENT,7.515,-0.050,6.288,-0.206,0.049,-17.039,100367.3,80.04,-5.14,,,,,,,,1,0,0367
3361,67.220000,SIMULATED,DESCENT,7.520,0.005,6.287,-0.126,-0.073,-16.190,100366.6,80.10,-5.12,,,,,,,,1,0,5E66
3362,67.240000,SIMULATED,DESCENT,7.729,-0.062,6.136,-0.010,-0.062,-15.162,100362.5,80.45,-5.07,,,,,,,,1,0,813B
3363,67.260000,SIMULATED,DESCENT,7.585,-0.007,6.110,0.020,-0.014,-14.183,100369.3,79.88,-5.06,,,,,,,,1,0,9E6D
3364,67.280000,SIMULATED,DESCENT,7.800,-0.014,6.021,-0.084,0.050,-13.020,100372.5,79.61,-5.07,,,,,,,,1,0,51F7
3365,67.300000,SIMULATED,DESCENT,7.749,0.023,5.974,0.050,0.198,-12.021,100372.8,79.58,-5.07,,,,,,,,1,0,B148
3366,67.320000,SIMULATED,DESCENT,7.878,0.042,5.810,0.029,-0.096,-10.790,100370.0,79.82,-5.04,,,,,,,,1,0,F24B
3367,67.340000,SIMULATED,DESCENT,7.921,0.040,5.743,0.017,-0.045,-9.697,100375.9,79.33,-5.05,,,,,,,,1,0,0729
3368,67.360000,SIMULATED,DESCENT,8.010,0.008,5.595,-0.020,0.039,-8.757,100377.3,79.21,-5.05,,,,,,,,1,0,9736
3369,67.380000,SIMULATED,DESCENT,8.153,0.004,5.567,-0.219,0.065,-7.465,100374.9,79.41,-5.03,,,,,,,,1,0,43F4
3370,67.400000,SIMULATED,DESCENT,8.071,0.044,5.501,-0.098,0.067,-6.236,100377.4,79.20,-5.02,,,,,,,,1,0,4B3B
3371,67.420000,SIMULATED,DESCENT,8.235,-0.013,5.367,0.098,0.025,-5.150,100379.3,79.04,-5.02,,,,,,,,1,0,6BE1
3372,67.440000,SIMULATED,DESCENT,8.168,0.029,5.179,-0.028,-0.101,-3.713,100381.9,78.82,-5.03,,,,,,,,1,0,AA4B
3373,67.460000,SIMULATED,DESCENT,8.365,0.055,5.079,-0.095,0.124,-2.673,100382.7,78.75,-5.03,,,,,,,,1,0,ECC0
3374,67.480000,SIMULATED,DESCENT,8.384,0.079,4.989,0.118,0.076,-1.412,100385.1,78.55,-5.04,,,,,,,,1,0,1B1A
3375,67.500000,SIMULATED,DESCENT,8.531,0.015,4.926,-0.070,-0.138,-0.087,100385.6,78.51,-5.05,,,,,,,,1,0,BAED
3376,67.520000,SIMULATED,DESCENT,8.595,-0.091,4.720,0.115,0.064,1.247,100391.1,78.05,-5.08,,,,,,,,1,0,2F88
3377,67.540000,SIMULATED,DESCENT,8.573,0.022,4.750,0.065,-0.062,2.441,100388.0,78.31,-5.09,,,,,,,,1,0,1BEC
3378,67.560000,SIMULATED,DESCENT,8.627,-0.039,4.582,-0.106,-0.109,3.853,100387.9,78.32,-5.08,,,,,,,,1,0,EC0F
3379,67.580000,SIMULATED,DESCENT,8.804,0.022,4.418,0.004,0.135,5.031,100390.5,78.10,-5.09,,,,,,,,1,0,86E1
3380,67.600000,SIMULATED,DESCENT,8.854,-0.109,4.324,-0.077,0.107,6.296,100384.6,78.60,-5.04,,,,,,,,1,0,D17E
3381,67.620000,SIMULATED,DESCENT,8.853,0.097,4.203,-0.188,0.058,7.445,100398.2,77.46,-5.08,,,,,,,,1,0,3619
3382,67.640000,SIMULATED,DESCENT,8.882,0.005,4.138,0.132,0.076,8.450,100392.3,77.95,-5.07,,,,,,,,1,0,8720
3383,67.660000,SIMULATED,DESCENT,9.047,0.037,3.940,-0.068,-0.085,9.635,100400.6,77.25,-5.12,,,,,,,,1,0,63E5
3384,67.680000,SIMULATED,DESCENT,9.033,-0.002,3.861,-0.035,-0.057,10.849,100400.3,77.27,-5.14,,,,,,,,1,0,C1A3
3385,67.700000,SIMULATED,DESCENT,9.105,-0.178,3.911,-0.066,-0.074,12.038,100393.2,77.87,-5.11,,,,,,,,1,0,FF96
3386,67.720000,SIMULATED,DESCENT,9.101,0.097,3.696,-0.237,0.160,13.062,100399.4,77.35,-5.12,,,,,,,,1,0,A32D
3387,67.740000,SIMULATED,DESCENT,9.123,0.023,3.614,0.005,0.034,14.213,100400.1,77.29,-5.12,,,,,,,,1,0,5F40
3388,67.760000,SIMULATED,DESCENT,9.027,-0.017,3.536,0.022,-0.164,15.337,100399.4,77.36,-5.11,,,,,,,,1,0,0960
3389,67.780000,SIMULATED,DESCENT,9.150,-0.028,3.367,-0.138,0.056,16.044,100407.8,76.64,-5.15,,,,,,,,1,0,04A7
3390,67.800000,SIMULATED,DESCENT,9.303,-0.135,3.220,-0.142,-0.065,17.176,100404.9,76.89,-5.15,,,,,,,,1,0,F140
3391,67.820000,SIMULATED,DESCENT,9.239,-0.090,3.256,-0.014,0.056,18.105,100402.4,77.10,-5.13,,,,,,,,1,0,23E8
3392,67.840000,SIMULATED,DESCENT,9.223,-0.004,3.194,-0.226,0.042,19.062,100403.5,77.01,-5.12,,,,,,,,1,0,690F
3393,67.860000,SIMULATED,DESCENT,9.250,-0.007,3.080,-0.046,0.013,19.606,100404.5,76.93,-5.10,,,,,,,,1,0,F991
3394,67.880000,SIMULATED,DESCENT,9.365,0.012,3.027,-0.018,0.001,20.332,100405.7,76.83,-5.08,,,,,,,,1,0,17DA
3395,67.900000,SIMULATED,DESCENT,9.366,0.057,2.953,0.201,0.149,21.138,100410.1,76.46,-5.08,,,,,,,,1,0,B4D1
3396,67.920000,SIMULATED,DESCENT,9.361,-0.043,2.933,0.138,-0.126,21.771,100413.9,76.14,-5.11,,,,,,,,1,0,5621
3397,67.940000,SIMULATED,DESCENT,9.389,-0.052,2.775,0.290,0.055,22.316,100411.7,76.32,-5.10,,,,,,,,1,0,F257
3398,67.960000,SIMULATED,DESCENT,9.455,-0.031,2.785,0.025,-0.078,22.921,100411.6,76.33,-5.09,,,,,,,,1,0,F260
3399,67.980000,SIMULATED,DESCENT,9.481,0.075,2.772,-0.002,0.150,23.428,100421.9,75.47,-5.15,,,,,,,,1,0,C129
3400,68.000000,SIMULATED,DESCENT,9.436,0.008,2.583,-0.003,-0.053,23.756,100414.0,76.13,-5.13,19.69,0.0005277,0.0010505,77.6,3,9,4.042,1,0,61DD
3401,68.020000,SIMULATED,DESCENT,9.452,0.002,2.604,0.084,-0.165,24.136,100410.4,76.43,-5.09,,,,,,,,1,0,FFE3
3402,68.040000,SIMULATED,DESCENT,9.542,0.041,2.615,0.032,0.159,24.419,100417.8,75.81,-5.08,,,,,,,,1,0,BCD4
3403,68.060000,SIMULATED,DESCENT,9.448,-0.018,2.626,0.162,-0.074,24.821,100422.0,75.46,-5.10,,,,,,,,1,0,F62F
3404,68.080000,SIMULATED,DESCENT,9.435,0.048,2.539,-0.033,-0.005,24.794,100422.6,75.41,-5.12,,,,,,,,1,0,49C3
3405,68.100000,SIMULATED,DESCENT,9.542,-0.033,2.507,-0.029,-0.012,24.957,100417.1,75.87,-5.09,,,,,,,,1,0,C9C2
3406,68.120000,SIMULATED,DESCENT,9.412,-0.005,2.414,0.085,0.047,25.265,100422.4,75.42,-5.08,,,,,,,,1,0,E9B8
3407,68.140000,SIMULATED,DESCENT,9.497,0.001,2.481,0.069,0.158,24.948,100420.8,75.56,-5.06,,,,,,,,1,0,E8A1
3408,68.160000,SIMULATED,DESCENT,9.477,0.088,2.492,0.126,0.063,24.768,100431.7,74.64,-5.11,,,,,,,,1,0,6BF0
3409,68.180000,SIMULATED,DESCENT,9.448,-0.023,2.645,-0.067,-0.138,24.607,100426.1,75.11,-5.10,,,,,,,,1,0,0BFE
3410,68.200000,SIMULATED,DESCENT,9.351,0.014,2.549,-0.023,0.161,24.292,100426.7,75.07,-5.10,,,,,,,,1,0,0D59
3411,68.220000,SIMULATED,DESCENT,9.456,0.012,2.621,-0.149,0.088,24.267,100430.8,74.72,-5.11,,,,,,,,1,0,2C36
3412,68.240000,SIMULATED,DESCENT,9.537,0.026,2.571,0.046,-0.019,23.845,100431.9,74.63,-5.12,,,,,,,,1,0,85FF
3413,68.260000,SIMULATED,DESCENT,9.440,0.022,2.666,0.159,-0.073,23.627,100432.7,74.56,-5.13,,,,,,,,1,0,0730
3414,68.280000,SIMULATED,DESCENT,9.449,-0.027,2.645,0.102,-0.097,23.036,100430.4,74.75,-5.11,,,,,,,,1,0,BD82
3415,68.300000,SIMULATED,DESCENT,9.393,0.019,2.807,-0.013,-0.223,22.591,100428.8,74.89,-5.07,,,,,,,,1,0,D4E7
3416,68.320000,SIMULATED,DESCENT,9.355,-0.012,2.832,0.168,0.019,21.908,100434.7,74.39,-5.07,,,,,,,,1,0,BBCC
3417,68.340000,SIMULATED,DESCENT,9.389,0.013,2.827,-0.107,0.056,21.481,100438.4,74.09,-5.09,,,,,,,,1,0,33DE
3418,68.360000,SIMULATED,DESCENT,9.374,0.060,3.024,0.096,0.140,20.873,100440.3,73.93,-5.11,,,,,,,,1,0,B7EC
3419,68.380000,SIMULATED,DESCENT,9.270,-0.046,3.037,0.165,-0.033,19.962,100445.2,73.51,-5.15,,,,,,,,1,0,5FF6
3420,68.400000,SIMULATED,DESCENT,9.236,-0.040,3.097,-0.093,-0.122,19.586,100442.4,73.75,-5.17,,,,,,,,1,0,EE98
3421,68.420000,SIMULATED,DESCENT,9.234,0.060,3.219,-0.085,0.001,18.507,100433.4,74.51,-5.11,,,,,,,,1,0,17E3
3422,68.440000,SIMULATED,DESCENT,9.219,0.022,3.332,-0.013,-0.165,17.613,100443.8,73.63,-5.12,,,,,,,,1,0,E556
3423,68.460000,SIMULATED,DESCENT,9.231,-0.060,3.301,0.044,-0.144,16.509,100446.6,73.40,-5.14,,,,,,,,1,0,3B23
3424,68.480000,SIMULATED,DESCENT,9.244,0.018,3.460,-0.166,0.020,15.690,100446.6,73.40,-5.15,,,,,,,,1,0,CDCF
3425,68.500000,SIMULATED,DESCENT,9.182,-0.001,3.583,-0.075,0.040,14.589,100444.5,73.57,-5.13,,,,,,,,1,0,332B
3426,68.520000,SIMULATED,DESCENT,9.059,0.061,3.628,0.127,-0.155,13.679,100443.9,73.62,-5.11,,,,,,,,1,0,58E5
3427,68.540000,SIMULATED,DESCENT,9.000,0.036,3.837,-0.093,-0.161,12.675,100450.4,73.08,-5.12,,,,,,,,1,0,EB80
3428,68.560000,SIMULATED,DESCENT,9.034,-0.028,3.849,-0.081,-0.001,11.540,100456.9,72.53,-5.17,,,,,,,,1,0,4CCF
3429,68.580000,SIMULATED,DESCENT,9.040,0.008,3.887,0.046,0.270,10.317,100447.8,73.29,-5.14,,,,,,,,1,0,A955
3430,68.600000,SIMULATED,DESCENT,8.959,0.037,4.081,-0.139,-0.246,9.169,100448.6,73.23,-5.12,,,,,,,,1,0,5AD0
3431,68.620000,SIMULATED,DESCENT,8.914,0.025,4.165,-0.086,0.059,8.044,100447.8,73.29,-5.08,,,,,,,,1,0,D34F
3432,68.640000,SIMULATED,DESCENT,8.909,-0.090,4.274,-0.146,-0.018,6.698,100455.5,72.65,-5.08,,,,,,,,1,0,0DB1
3433,68.660000,SIMULATED,DESCENT,8.856,0.043,4.383,-0.180,0.056,5.548,100456.9,72.53,-5.09,,,,,,,,1,0,DAD7
3434,68.680000,SIMULATED,DESCENT,8.716,0.029,4.509,-0.118,-0.175,4.330,100457.2,72.51,-5.09,,,,,,,,1,0,3AEB
3435,68.700000,SIMULATED,DESCENT,8.687,-0.036,4.661,-0.003,-0.082,3.165,100459.8,72.29,-5.10,,,,,,,,1,0,6BB6
3436,68.720000,SIMULATED,DESCENT,8.591,0.071,4.854,-0.015,0.042,1.832,100460.0,72.27,-5.11,,,,,,,,1,0,1186
3437,68.740000,SIMULATED,DESCENT,8.489,-0.002,4.897,-0.115,-0.126,0.564,100459.6,72.31,-5.10,,,,,,,,1,0,3290
3438,68.760000,SIMULATED,DESCENT,8.526,-0.071,4.941,-0.068,0.097,-0.502,100463.0,72.02,-5.11,,,,,,,,1,0,ACB6
3439,68.780000,SIMULATED,DESCENT,8.357,0.011,5.025,0.085,0.040,-1.887,100461.3,72.16,-5.09,,,,,,,,1,0,5FFE
3440,68.800000,SIMULATED,DESCENT,8.254,0.035,5.202,-0.146,-0.035,-3.262,100467.7,71.63,-5.12,,,,,,,,1,0,B30C
3441,68.820000,SIMULATED,DESCENT,8.264,0.004,5.338,-0.076,-0.009,-4.235,100464.1,71.93,-5.10,,,,,,,,1,0,6502
3442,68.840000,SIMULATED,DESCENT,8.139,0.042,5.428,-0.179,0.057,-5.500,100466.6,71.72,-5.10,,,,,,,,1,0,D885
3443,68.860000,SIMULATED,DESCENT,8.040,-0.088,5.469,0.041,-0.019,-6.905,100467.7,71.63,-5.10,,,,,,,,1,0,5811
3444,68.880000,SIMULATED,DESCENT,8.102,0.052,5.608,-0.064,0.015,-8.067,100466.8,71.70,-5.08,,,,,,,,1,0,D0C4
3445,68.900000,SIMULATED,DESCENT,7.964,-0.002,5.710,0.010,-0.212,-9.237,100472.8,71.20,-5.10,,,,,,,,1,0,A391
3446,68.920000,SIMULATED,DESCENT,7.902,-0.095,5.865,0.098,0.002,-10.417,100471.5,71.31,-5.10,,,,,,,,1,0,2981
3447,68.940000,SIMULATED,DESCENT,7.782,-0.092,5.864,0.069,-0.077,-11.415,100470.5,71.40,-5.08,,,,,,,,1,0,D3CF
3448,68.960000,SIMULATED,DESCENT,7.784,0.036,6.067,-0.073,0.053,-12.822,100476.7,70.87,-5.10,,,,,,,,1,0,A1FF
3449,68.980000,SIMULATED,DESCENT,7.772,0.017,6.126,-0.094,0.029,-13.637,100481.9,70.43,-5.15,,,,,,,,1,0,D3EE
3450,69.000000,SIMULATED,DESCENT,7.641,0.040,6.133,-0.034,-0.076,-14.753,100479.9,70.61,-5.17,19.67,0.0005301,0.0010518,70.8,3,9,4.048,1,0,FAA8
3451,69.020000,SIMULATED,DESCENT,7.557,0.038,6.218,0.176,-0.058,-15.541,100475.5,70.98,-5.15,,,,,,,,1,0,3E35
3452,69.040000,SIMULATED,DESCENT,7.560,0.031,6.346,0.029,-0.188,-16.689,100477.9,70.77,-5.14,,,,,,,,1,0,4B9E
3453,69.060000,SIMULATED,DESCENT,7.492,0.041,6.251,-0.089,0.019,-17.556,100483.7,70.28,-5.16,,,,,,,,1,0,B5D6
3454,69.080000,SIMULATED,DESCENT,7.402,0.073,6.455,-0.101,0.059,-18.299,100485.9,70.10,-5.19,,,,,,,,1,0,30E3
3455,69.100000,SIMULATED,DESCENT,7.233,-0.040,6.511,0.010,0.119,-19.236,100484.2,70.25,-5.19,,,,,,,,1,0,87C0
3456,69.120000,SIMULATED,DESCENT,7.257,0.063,6.661,-0.037,-0.004,-19.938,100485.0,70.18,-5.19,,,,,,,,1,0,42A9
3457,69.140000,SIMULATED,DESCENT,7.228,0.013,6.671,0.061,0.119,-20.689,100481.9,70.44,-5.17,,,,,,,,1,0,3AAE
3458,69.160000,SIMULATED,DESCENT,7.230,0.033,6.643,0.064,0.099,-21.405,100487.0,70.01,-5.17,,,,,,,,1,0,EC52
3459,69.180000,SIMULATED,DESCENT,7.176,0.084,6.665,0.109,-0.008,-22.002,100487.4,69.98,-5.16,,,,,,,,1,0,5110
3460,69.200000,SIMULATED,DESCENT,7.063,0.002,6.710,-0.145,0.157,-22.776,100490.7,69.70,-5.17,,,,,,,,1,0,47DB
3461,69.220000,SIMULATED,DESCENT,7.050,-0.039,6.796,0.035,0.037,-23.046,100491.1,69.66,-5.17,,,,,,,,1,0,C4C0
3462,69.240000,SIMULATED,DESCENT,7.016,0.057,6.870,0.065,-0.068,-23.423,100490.0,69.76,-5.16,,,,,,,,1,0,4BE9
3463,69.260000,SIMULATED,DESCENT,7.040,-0.015,6.832,0.202,-0.113,-24.029,100496.8,69.19,-5.19,,,,,,,,1,0,0148
3464,69.280000,SIMULATED,DESCENT,7.007,0.031,6.841,-0.078,0.163,-24.292,100496.2,69.24,-5.20,,,,,,,,1,0,EB1F
3465,69.300000,SIMULATED,DESCENT,6.956,-0.075,6.898,-0.040,0.129,-24.623,100494.1,69.41,-5.18,,,,,,,,1,0,A07E
3466,69.320000,SIMULATED,DESCENT,6.930,-0.014,6.973,0.039,-0.010,-24.774,100494.2,69.41,-5.17,,,,,,,,1,0,B34E
3467,69.340000,SIMULATED,DESCENT,6.817,-0.019,6.965,0.053,0.156,-24.777,100494.6,69.37,-5.14,,,,,,,,1,0,343A
3468,69.360000,SIMULATED,DESCENT,6.871,-0.090,6.974,-0.025,-0.114,-24.964,100497.2,69.16,-5.13,,,,,,,,1,0,D15A
3469,69.380000,SIMULATED,DESCENT,6.896,0.024,6.952,-0.058,0.021,-24.865,100499.8,68.93,-5.13,,,,,,,,1,0,A29F
3470,69.400000,SIMULATED,DESCENT,6.930,0.107,6.969,0.219,0.004,-24.897,100497.9,69.09,-5.10,,,,,,,,1,0,4C91
3471,69.420000,SIMULATED,DESCENT,6.928,0.052,6.856,-0.009,-0.164,-24.780,100502.0,68.76,-5.10,,,,,,,,1,0,532B
3472,69.440000,SIMULATED,DESCENT,7.026,-0.001,6.953,-0.197,0.073,-24.805,100497.6,69.12,-5.06,,,,,,,,1,0,DE3D
3473,69.460000,SIMULATED,DESCENT,6.991,0.008,6.840,-0.085,-0.150,-24.652,100508.1,68.24,-5.08,,,,,,,,1,0,5C26
3474,69.480000,SIMULATED,DESCENT,6.964,-0.011,6.913,0.048,-0.116,-24.080,100512.4,67.88,-5.13,,,,,,,,1,0,4763
3475,69.500000,SIMULATED,DESCENT,7.004,0.030,6.791,-0.050,-0.041,-23.800,100509.3,68.14,-5.14,,,,,,,,1,0,350A
3476,69.520000,SIMULATED,DESCENT,7.130,-0.038,6.856,0.310,-0.036,-23.300,100507.6,68.28,-5.13,,,,,,,,1,0,29E2
3477,69.540000,SIMULATED,DESCENT,7.039,-0.044,6.743,-0.030,-0.104,-22.985,100507.3,68.31,-5.11,,,,,,,,1,0,7546
3478,69.560000,SIMULATED,DESCENT,7.083,-0.059,6.731,-0.087,-0.035,-22.471,100510.1,68.07,-5.11,,,,,,,,1,0,5F7A
3479,69.580000,SIMULATED,DESCENT,7.180,-0.065,6.723,-0.176,-0.093,-21.663,100511.3,67.97,-5.10,,,,,,,,1,0,277B
3480,69.600000,SIMULATED,DESCENT,7.232,0.035,6.591,0.153,-0.023,-21.305,100516.0,67.58,-5.12,,,,,,,,1,0,AC17
3481,69.620000,SIMULATED,DESCENT,7.204,0.085,6.552,-0.007,-0.233,-20.340,100517.1,67.49,-5.13,,,,,,,,1,0,797C
3482,69.640000,SIMULATED,DESCENT,7.248,0.009,6.559,0.066,-0.122,-19.541,100518.3,67.39,-5.15,,,,,,,,1,0,AFBA
3483,69.660000,SIMULATED,DESCENT,7.266,-0.056,6.517,0.034,-0.002,-18.939,100515.4,67.63,-5.13,,,,,,,,1,0,FA1C
3484,69.680000,SIMULATED,DESCENT,7.439,0.003,6.489,0.051,0.106,-18.061,100519.0,67.33,-5.14,,,,,,,,1,0,53CC
3485,69.700000,SIMULATED,DESCENT,7.434,-0.023,6.291,0.095,0.086,-17.078,100516.4,67.54,-5.11,,,,,,,,1,0,4270
3486,69.720000,SIMULATED,DESCENT,7.558,0.084,6.252,-0.153,0.003,-16.193,100518.7,67.36,-5.10,,,,,,,,1,0,8A1B
3487,69.740000,SIMULATED,DESCENT,7.549,-0.037,6.136,0.043,0.050,-15.062,100520.9,67.17,-5.09,,,,,,,,1,0,4894
3488,69.760000,SIMULATED,DESCENT,7.694,-0.004,6.072,-0.177,-0.038,-14.247,100523.8,66.93,-5.10,,,,,,,,1,0,178B
3489,69.780000,SIMULATED,DESCENT,7.737,-0.011,6.050,0.016,-0.048,-13.153,100527.9,66.58,-5.12,,,,,,,,1,0,427E
3490,69.800000,SIMULATED,DESCENT,7.737,0.019,5.889,-0.122,0.064,-11.995,100521.7,67.10,-5.09,,,,,,,,1,0,1A52
3491,69.820000,SIMULATED,DESCENT,7.828,-0.003,5.879,-0.246,-0.045,-10.839,100526.5,66.70,-5.09,,,,,,,,1,0,8C46
3492,69.840000,SIMULATED,DESCENT,8.043,0.018,5.757,0.107,-0.065,-9.642,100528.8,66.51,-5.10,,,,,,,,1,0,4A1F
3493,69.860000,SIMULATED,DESCENT,7.974,-0.006,5.678,-0.178,-0.135,-8.701,100530.3,66.38,-5.10,,,,,,,,1,0,45CA
3494,69.880000,SIMULATED,DESCENT,7.983,-0.016,5.614,0.183,0.127,-7.547,100531.3,66.30,-5.11,,,,,,,,1,0,83A5
3495,69.900000,SIMULATED,DESCENT,8.155,-0.045,5.484,0.021,-0.046,-6.296,100531.2,66.31,-5.11,,,,,,,,1,0,C7B8
3496,69.920000,SIMULATED,DESCENT,8.201,-0.035,5.306,-0.022,0.000,-5.013,100538.2,65.72,-5.14,,,,,,,,1,0,BBAE
3497,69.940000,SIMULATED,DESCENT,8.326,0.069,5.178,-0.107,-0.087,-3.848,100536.6,65.85,-5.16,,,,,,,,1,0,EC29
3498,69.960000,SIMULATED,DESCENT,8.347,-0.040,5.037,-0.116,-0.180,-2.406,100541.0,65.48,-5.19,,,,,,,,1,0,37CF
3499,69.980000,SIMULATED,DESCENT,8.576,0.057,5.009,0.086,-0.051,-1.318,100529.8,66.43,-5.14,,,,,,,,1,0,7607
3500,70.000000,SIMULATED,DESCENT,8.518,-0.043,4.918,-0.006,-0.185,0.105,100540.0,65.57,-5.15,19.50,0.0005267,0.0010653,65.4,3,9,4.046,1,0,DD56
3501,70.020000,SIMULATED,DESCENT,8.548,-0.016,4.724,0.032,-0.130,1.248,100534.8,66.00,-5.12,,,,,,,,1,0,CD19
3502,70.040000,SIMULATED,DESCENT,8.653,-0.007,4.686,-0.041,-0.082,2.540,100537.3,65.79,-5.10,,,,,,,,1,0,9822
3503,70.060000,SIMULATED,DESCENT,8.680,0.076,4.537,-0.013,-0.032,3.720,100540.8,65.51,-5.09,,,,,,,,1,0,A5AA
3504,70.080000,SIMULATED,DESCENT,8.628,-0.061,4.562,0.107,-0.034,5.113,100540.1,65.56,-5.08,,,,,,,,1,0,B1BB
3505,70.100000,SIMULATED,DESCENT,8.805,-0.023,4.351,0.027,0.101,6.088,100543.5,65.27,-5.07,,,,,,,,1,0,1FB9
3506,70.120000,SIMULATED,DESCENT,8.874,0.011,4.233,-0.178,0.024,7.453,100543.8,65.25,-5.07,,,,,,,,1,0,3C0D
3507,70.140000,SIMULATED,DESCENT,8.966,-0.062,4.094,0.110,-0.105,8.464,100553.0,64.48,-5.11,,,,,,,,1,0,FD76
3508,70.160000,SIMULATED,DESCENT,8.917,-0.029,4.030,-0.022,0.116,9.742,100545.2,65.13,-5.10,,,,,,,,1,0,4FCB
3509,70.180000,SIMULATED,DESCENT,8.942,-0.013,4.011,0.047,-0.054,10.999,100551.8,64.58,-5.12,,,,,,,,1,0,8ADB
3510,70.200000,SIMULATED,DESCENT,9.089,-0.015,3.804,-0.107,0.009,12.017,100546.5,65.03,-5.09,,,,,,,,1,0,ECBE
3511,70.220000,SIMULATED,DESCENT,9.101,-0.006,3.695,0.149,-0.073,13.001,100552.7,64.51,-5.10,,,,,,,,1,0,E6C7
3512,70.240000,SIMULATED,DESCENT,9.118,-0.040,3.544,-0.025,0.030,14.218,100549.7,64.76,-5.08,,,,,,,,1,0,0287
3513,70.260000,SIMULATED,DESCENT,9.244,-0.024,3.459,-0.112,-0.086,15.302,100546.7,65.01,-5.04,,,,,,,,1,0,8B59
3514,70.280000,SIMULATED,DESCENT,9.176,-0.032,3.512,-0.088,-0.126,16.210,100549.0,64.82,-5.00,,,,,,,,1,0,08C4
3515,70.300000,SIMULATED,DESCENT,9.245,-0.064,3.395,-0.134,0.194,17.007,100557.9,64.07,-5.02,,,,,,,,1,0,837B
3516,70.320000,SIMULATED,DESCENT,9.270,0.069,3.268,0.068,-0.076,17.968,100558.2,64.04,-5.03,,,,,,,,1,0,B1A7
3517,70.340000,SIMULATED,DESCENT,9.244,-0.031,3.049,-0.047,0.023,18.859,100557.9,64.07,-5.03,,,,,,,,1,0,1DB6
3518,70.360000,SIMULATED,DESCENT,9.395,0.048,3.071,-0.022,0.111,19.703,100565.2,63.46,-5.07,,,,,,,,1,0,D6F4
3519,70.380000,SIMULATED,DESCENT,9.373,0.008,2.927,-0.097,0.091,20.308,100560.7,63.83,-5.07,,,,,,,,1,0,7827
3520,70.400000,SIMULATED,DESCENT,9.359,-0.148,2.994,-0.114,0.031,21.112,100563.5,63.60,-5.08,,,,,,,,1,0,4C0A
3521,70.420000,SIMULATED,DESCENT,9.455,0.023,2.824,0.027,-0.004,21.645,100566.5,63.35,-5.11,,,,,,,,1,0,F3F0
3522,70.440000,SIMULATED,DESCENT,9.306,0.085,2.810,0.079,0.009,22.344,100566.0,63.39,-5.12,,,,,,,,1,0,9E1D
3523,70.460000,SIMULATED,DESCENT,9.408,-0.018,2.723,-0.014,-0.015,22.918,100568.1,63.22,-5.13,,,,,,,,1,0,76F9
3524,70.480000,SIMULATED,DESCENT,9.408,-0.033,2.778,0.000,0.123,23.316,100566.1,63.38,-5.12,,,,,,,,1,0,5E08
3525,70.500000,SIMULATED,DESCENT,9.382,0.040,2.805,0.039,-0.078,23.761,100563.1,63.63,-5.09,,,,,,,,1,0,FAB4
3526,70.520000,SIMULATED,DESCENT,9.463,0.044,2.618,-0.138,0.019,24.336,100568.5,63.18,-5.08,,,,,,,,1,0,5345
3527,70.540000,SIMULATED,DESCENT,9.461,0.111,2.602,-0.189,0.021,24.291,100570.1,63.05,-5.08,,,,,,,,1,0,E1C7
3528,70.560000,SIMULATED,DESCENT,9.374,0.031,2.569,-0.027,0.047,24.599,100567.3,63.28,-5.05,,,,,,,,1,0,294E
3529,70.580000,SIMULATED,DESCENT,9.444,-0.059,2.479,-0.019,0.063,24.916,100576.5,62.51,-5.08,,,,,,,,1,0,9743
3530,70.600000,SIMULATED,DESCENT,9.454,-0.023,2.492,-0.097,0.017,25.018,100577.8,62.41,-5.10,,,,,,,,1,0,F248
3531,70.620000,SIMULATED,DESCENT,9.479,0.024,2.481,0.187,-0.021,25.087,100574.2,62.71,-5.09,,,,,,,,1,0,EF20
3532,70.640000,SIMULATED,DESCENT,9.498,0.003,2.485,0.155,0.144,24.929,100573.5,62.76,-5.07,,,,,,,,1,0,FCB1
3533,70.660000,SIMULATED,DESCENT,9.494,-0.030,2.570,0.085,-0.002,24.923,100578.7,62.33,-5.08,,,,,,,,1,0,63E4
3534,70.680000,SIMULATED,DESCENT,9.451,0.036,2.619,0.007,-0.063,24.749,100579.3,62.28,-5.08,,,,,,,,1,0,116A
3535,70.700000,SIMULATED,DESCENT,9.444,-0.052,2.604,-0.051,0.029,24.443,100579.8,62.23,-5.08,,,,,,,,1,0,45A1
3536,70.720000,SIMULATED,DESCENT,9.429,-0.018,2.608,-0.027,-0.035,24.220,100583.3,61.95,-5.09,,,,,,,,1,0,39A5
3537,70.740000,SIMULATED,DESCENT,9.469,-0.012,2.647,-0.006,0.069,23.969,100579.1,62.29,-5.07,,,,,,,,1,0,8E3B
3538,70.760000,SIMULATED,DESCENT,9.478,-0.032,2.629,-0.007,-0.043,23.714,100585.2,61.79,-5.08,,,,,,,,1,0,D1E9
3539,70.780000,SIMULATED,DESCENT,9.368,0.060,2.716,-0.073,0.103,23.148,100581.0,62.14,-5.05,,,,,,,,1,0,5E0F
3540,70.800000,SIMULATED,DESCENT,9.378,-0.037,2.786,0.076,0.021,22.617,100581.7,62.07,-5.02,,,,,,,,1,0,4CF3
3541,70.820000,SIMULATED,DESCENT,9.421,-0.031,2.888,-0.030,0.083,22.030,100591.7,61.24,-5.05,,,,,,,,1,0,0B75
3542,70.840000,SIMULATED,DESCENT,9.280,0.020,2.825,-0.142,0.219,21.398,100589.0,61.46,-5.06,,,,,,,,1,0,7102
3543,70.860000,SIMULATED,DESCENT,9.387,-0.047,2.942,-0.088,0.104,20.716,100589.8,61.40,-5.06,,,,,,,,1,0,FA41
3544,70.880000,SIMULATED,DESCENT,9.295,-0.004,3.040,0.134,0.027,20.093,100594.1,61.04,-5.08,,,,,,,,1,0,1A14
3545,70.900000,SIMULATED,DESCENT,9.351,-0.003,3.123,0.004,-0.073,19.549,100590.8,61.31,-5.07,,,,,,,,1,0,A91D
3546,70.920000,SIMULATED,DESCENT,9.173,0.009,3.192,0.049,-0.041,18.495,100593.2,61.11,-5.07,,,,,,,,1,0,4000
3547,70.940000,SIMULATED,DESCENT,9.184,0.036,3.250,0.291,-0.037,17.714,100597.4,60.76,-5.09,,,,,,,,1,0,9682
3548,70.960000,SIMULATED,DESCENT,9.174,0.072,3.339,-0.111,-0.067,16.732,100600.5,60.50,-5.12,,,,,,,,1,0,CB10
3549,70.980000,SIMULATED,DESCENT,9.256,-0.004,3.488,-0.098,0.060,15.593,100594.7,60.99,-5.10,,,,,,,,1,0,8447
3550,71.000000,SIMULATED,DESCENT,9.082,-0.053,3.458,0.115,-0.043,14.728,100601.7,60.40,-5.12,19.48,0.0005496,0.0010880,55.9,3,9,4.042,1,0,E9DF
3551,71.020000,SIMULATED,DESCENT,9.134,-0.026,3.607,0.097,0.052,13.597,100597.2,60.78,-5.10,,,,,,,,1,0,578F
3552,71.040000,SIMULATED,DESCENT,9.133,-0.002,3.730,-0.078,-0.076,12.675,100601.4,60.43,-5.11,,,,,,,,1,0,6A75
3553,71.060000,SIMULATED,DESCENT,9.019,0.074,3.822,-0.013,-0.085,11.479,100606.0,60.05,-5.13,,,,,,,,1,0,E5D3
3554,71.080000,SIMULATED,DESCENT,8.913,-0.005,3.942,0.053,0.062,10.213,100608.2,59.86,-5.16,,,,,,,,1,0,FD5C
3555,71.100000,SIMULATED,DESCENT,8.958,0.025,3.983,-0.026,-0.094,9.111,100605.9,60.05,-5.17,,,,,,,,1,0,BF8D
3556,71.120000,SIMULATED,DESCENT,8.850,0.040,4.196,-0.098,-0.035,7.897,100601.6,60.41,-5.14,,,,,,,,1,0,1A5C
3557,71.140000,SIMULATED,DESCENT,8.783,0.024,4.324,-0.244,0.064,6.709,100614.5,59.33,-5.19,,,,,,,,1,0,678A
3558,71.160000,SIMULATED,DESCENT,8.795,0.059,4.405,0.131,0.031,5.521,100607.6,59.91,-5.18,,,,,,,,1,0,B442
3559,71.180000,SIMULATED,DESCENT,8.718,-0.014,4.475,0.019,-0.072,4.390,100611.7,59.57,-5.19,,,,,,,,1,0,E690
3560,71.200000,SIMULATED,DESCENT,8.664,-0.116,4.600,0.012,-0.046,3.181,100607.4,59.93,-5.16,,,,,,,,1,0,636F
3561,71.220000,SIMULATED,DESCENT,8.609,-0.021,4.713,-0.092,-0.047,1.788,100613.4,59.42,-5.16,,,,,,,,1,0,9CC9
3562,71.240000,SIMULATED,DESCENT,8.509,0.062,4.869,0.139,0.147,0.651,100609.8,59.73,-5.14,,,,,,,,1,0,387B
3563,71.260000,SIMULATED,DESCENT,8.518,0.038,5.027,0.080,-0.090,-0.531,100620.1,58.86,-5.17,,,,,,,,1,0,EBA6
3564,71.280000,SIMULATED,DESCENT,8.410,-0.004,5.161,0.106,-0.028,-1.819,100616.2,59.19,-5.17,,,,,,,,1,0,6EE2
3565,71.300000,SIMULATED,DESCENT,8.329,-0.014,5.216,0.145,0.091,-3.210,100615.1,59.28,-5.15,,,,,,,,1,0,40CC
3566,71.320000,SIMULATED,DESCENT,8.320,0.098,5.372,0.151,0.139,-4.177,100621.2,58.77,-5.17,,,,,,,,1,0,6ACA
3567,71.340000,SIMULATED,DESCENT,8.235,-0.044,5.498,0.086,0.240,-5.581,100620.9,58.79,-5.18,,,,,,,,1,0,B5DD
3568,71.360000,SIMULATED,DESCENT,8.109,0.017,5.433,0.000,0.092,-6.791,100616.7,59.15,-5.15,,,,,,,,1,0,82FF
3569,71.380000,SIMULATED,DESCENT,8.085,0.035,5.583,0.179,0.037,-7.947,100622.8,58.64,-5.15,,,,,,,,1,0,A11D
3570,71.400000,SIMULATED,DESCENT,7.960,-0.005,5.643,0.195,0.005,-9.038,100627.7,58.22,-5.18,,,,,,,,1,0,9338
3571,71.420000,SIMULATED,DESCENT,7.992,-0.028,5.862,-0.219,0.036,-10.375,100624.3,58.51,-5.17,,,,,,,,1,0,439A
3572,71.440000,SIMULATED,DESCENT,7.805,0.097,5.949,0.086,0.295,-11.656,100626.1,58.36,-5.17,,,,,,,,1,0,755B
3573,71.460000,SIMULATED,DESCENT,7.741,0.066,6.038,0.093,-0.027,-12.483,100623.7,58.56,-5.15,,,,,,,,1,0,BDA0
3574,71.480000,SIMULATED,DESCENT,7.713,-0.032,6.067,0.235,0.064,-13.792,100631.6,57.90,-5.17,,,,,,,,1,0,8A53
3575,71.500000,SIMULATED,DESCENT,7.656,-0.001,6.200,-0.058,-0.030,-14.853,100629.0,58.12,-5.16,,,,,,,,1,0,AAAC
3576,71.520000,SIMULATED,DESCENT,7.564,-0.028,6.215,-0.042,-0.047,-15.866,100630.8,57.96,-5.16,,,,,,,,1,0,244B
3577,71.540000,SIMULATED,DESCENT,7.507,0.008,6.397,-0.158,0.094,-16.613,100634.1,57.69,-5.17,,,,,,,,1,0,2DF5
3578,71.560000,SIMULATED,DESCENT,7.503,0.006,6.427,0.000,0.127,-17.595,100634.8,57.63,-5.18,,,,,,,,1,0,1F00
3579,71.580000,SIMULATED,DESCENT,7.382,0.046,6.454,-0.002,-0.128,-18.470,100636.6,57.48,-5.19,,,,,,,,1,0,3F16
3580,71.600000,SIMULATED,DESCENT,7.246,0.050,6.522,0.056,0.007,-19.287,100636.4,57.50,-5.19,,,,,,,,1,0,0765
3581,71.620000,SIMULATED,DESCENT,7.327,-0.033,6.621,-0.213,-0.123,-20.248,100635.6,57.57,-5.18,,,,,,,,1,0,0F62
3582,71.640000,SIMULATED,DESCENT,7.299,-0.074,6.717,-0.081,0.074,-20.571,100636.0,57.53,-5.16,,,,,,,,1,0,950C
3583,71.660000,SIMULATED,DESCENT,7.180,0.031,6.699,-0.088,-0.001,-21.619,100638.5,57.32,-5.15,,,,,,,,1,0,57E6
3584,71.680000,SIMULATED,DESCENT,7.201,0.025,6.813,-0.093,-0.080,-22.111,100641.3,57.09,-5.16,,,,,,,,1,0,E706
3585,71.700000,SIMULATED,DESCENT,7.172,-0.033,6.820,-0.158,-0.058,-22.509,100645.7,56.72,-5.18,,,,,,,,1,0,45CE
3586,71.720000,SIMULATED,DESCENT,7.109,-0.046,6.747,-0.064,-0.055,-23.250,100643.5,56.90,-5.18,,,,,,,,1,0,9B6B
3587,71.740000,SIMULATED,DESCENT,7.035,0.017,6.853,0.081,0.056,-23.640,100646.0,56.69,-5.19,,,,,,,,1,0,2A5C
3588,71.760000,SIMULATED,DESCENT,6.952,-0.018,6.791,0.119,0.238,-23.865,100647.6,56.56,-5.20,,,,,,,,1,0,D79F
3589,71.780000,SIMULATED,DESCENT,7.005,0.013,6.888,-0.014,-0.049,-24.178,100645.0,56.77,-5.18,,,,,,,,1,0,C35A
3590,71.800000,SIMULATED,DESCENT,6.937,0.005,6.823,0.091,-0.008,-24.518,100645.8,56.71,-5.16,,,,,,,,1,0,A445
3591,71.820000,SIMULATED,DESCENT,7.033,0.032,6.914,-0.076,-0.089,-24.815,100649.4,56.41,-5.16,,,,,,,,1,0,027B
3592,71.840000,SIMULATED,DESCENT,6.918,0.027,6.960,0.099,-0.035,-24.945,100647.2,56.60,-5.14,,,,,,,,1,0,79DF
3593,71.860000,SIMULATED,DESCENT,6.927,-0.002,6.956,0.248,0.183,-25.081,100648.4,56.49,-5.11,,,,,,,,1,0,ADD8
3594,71.880000,SIMULATED,DESCENT,6.910,-0.038,7.072,-0.172,0.041,-24.877,100657.1,55.76,-5.14,,,,,,,,1,0,C30F
3595,71.900000,SIMULATED,DESCENT,7.004,0.048,6.916,-0.060,-0.145,-24.979,100655.0,55.94,-5.15,,,,,,,,1,0,1E02
3596,71.920000,SIMULATED,DESCENT,6.932,0.016,7.001,0.030,0.022,-25.127,100657.0,55.77,-5.16,,,,,,,,1,0,8DFC
3597,71.940000,SIMULATED,DESCENT,6.930,-0.029,6.952,0.107,-0.167,-24.691,100654.5,55.98,-5.14,,,,,,,,1,0,E3A8
3598,71.960000,SIMULATED,DESCENT,6.917,-0.113,6.877,0.093,0.064,-24.708,100653.8,56.04,-5.11,,,,,,,,1,0,FBD6
3599,71.980000,SIMULATED,DESCENT,6.992,-0.107,6.784,-0.013,0.056,-23.799,100654.0,56.02,-5.08,,,,,,,,1,0,B295
3600,72.000000,SIMULATED,DESCENT,6.923,-0.030,6.835,-0.112,-0.008,-23.625,100659.3,55.58,-5.07,19.42,0.0005834,0.0011037,55.3,3,9,4.042,1,0,0FA9
3601,72.020000,SIMULATED,DESCENT,6.994,0.011,6.823,-0.070,0.137,-23.312,100665.4,55.07,-5.10,,,,,,,,1,0,64A5
3602,72.040000,SIMULATED,DESCENT,7.081,-0.048,6.768,0.151,-0.009,-22.725,100659.3,55.58,-5.08,,,,,,,,1,0,2B95
3603,72.060000,SIMULATED,DESCENT,7.079,-0.004,6.781,-0.076,-0.081,-22.396,100665.4,55.07,-5.09,,,,,,,,1,0,A000
3604,72.080000,SIMULATED,DESCENT,7.159,0.012,6.765,0.161,-0.042,-21.861,100667.1,54.93,-5.11,,,,,,,,1,0,004A
3605,72.100000,SIMULATED,DESCENT,7.151,0.006,6.602,-0.019,0.114,-21.034,100668.3,54.83,-5.12,,,,,,,,1,0,F9AC
3606,72.120000,SIMULATED,DESCENT,7.252,-0.019,6.607,-0.035,-0.048,-20.355,100660.1,55.51,-5.07,,,,,,,,1,0,E05B
3607,72.140000,SIMULATED,DESCENT,7.259,-0.093,6.533,-0.256,-0.027,-19.526,100664.9,55.12,-5.04,,,,,,,,1,0,4DA2
3608,72.160000,SIMULATED,DESCENT,7.304,-0.092,6.511,-0.017,-0.001,-18.808,100669.6,54.72,-5.05,,,,,,,,1,0,C41C
3609,72.180000,SIMULATED,DESCENT,7.499,0.033,6.377,0.004,-0.075,-18.191,100672.2,54.50,-5.06,,,,,,,,1,0,F67F
3610,72.200000,SIMULATED,DESCENT,7.522,-0.025,6.323,-0.158,0.036,-17.237,100675.0,54.26,-5.08,,,,,,,,1,0,6894
3611,72.220000,SIMULATED,DESCENT,7.553,-0.059,6.275,-0.008,0.004,-16.280,100674.7,54.29,-5.09,,,,,,,,1,0,634D
3612,72.240000,SIMULATED,DESCENT,7.566,0.014,6.242,-0.077,0.000,-15.250,100670.1,54.68,-5.06,,,,,,,,1,0,CE4D
3613,72.260000,SIMULATED,DESCENT,7.708,0.004,6.059,-0.103,0.099,-14.249,100673.6,54.38,-5.04,,,,,,,,1,0,C445
3614,72.280000,SIMULATED,DESCENT,7.751,-0.041,6.015,-0.170,0.077,-13.058,100673.0,54.43,-5.02,,,,,,,,1,0,723E
3615,72.300000,SIMULATED,DESCENT,7.792,-0.020,5.901,-0.081,0.108,-11.903,100677.0,54.10,-5.01,,,,,,,,1,0,B4A3
3616,72.320000,SIMULATED,DESCENT,7.894,0.082,5.826,0.066,0.100,-10.977,100679.9,53.86,-5.02,,,,,,,,1,0,5020
3617,72.340000,SIMULATED,DESCENT,7.966,-0.044,5.761,0.037,-0.080,-9.725,100678.2,54.00,-5.01,,,,,,,,1,0,7FF7
3618,72.360000,SIMULATED,DESCENT,8.082,0.015,5.568,-0.003,0.046,-8.658,100686.2,53.33,-5.04,,,,,,,,1,0,5125
3619,72.380000,SIMULATED,DESCENT,8.145,0.059,5.560,-0.021,0.092,-7.489,100680.1,53.84,-5.03,,,,,,,,1,0,83DF
3620,72.400000,SIMULATED,DESCENT,8.124,0.067,5.468,0.127,0.003,-6.211,100684.2,53.49,-5.03,,,,,,,,1,0,E592
3621,72.420000,SIMULATED,DESCENT,8.162,0.011,5.347,-0.039,0.208,-5.067,100684.0,53.51,-5.02,,,,,,,,1,0,15B4
3622,72.440000,SIMULATED,DESCENT,8.340,-0.012,5.169,-0.030,-0.077,-3.791,100688.4,53.14,-5.04,,,,,,,,1,0,760E
3623,72.460000,SIMULATED,DESCENT,8.453,0.003,5.191,0.112,-0.115,-2.420,100688.5,53.14,-5.05,,,,,,,,1,0,A290
3624,72.480000,SIMULATED,DESCENT,8.398,-0.098,5.047,-0.071,0.106,-1.280,100689.6,53.05,-5.05,,,,,,,,1,0,4CFC
3625,72.500000,SIMULATED,DESCENT,8.422,0.007,4.915,-0.191,0.047,-0.002,100691.2,52.91,-5.06,,,,,,,,1,0,85E3
3626,72.520000,SIMULATED,DESCENT,8.509,0.003,4.775,0.056,0.030,1.250,100693.2,52.74,-5.07,,,,,,,,1,0,9826
3627,72.540000,SIMULATED,DESCENT,8.615,0.029,4.662,0.156,-0.154,2.616,100695.3,52.57,-5.09,,,,,,,,1,0,2BE1
3628,72.560000,SIMULATED,DESCENT,8.673,0.005,4.488,0.092,0.023,3.797,100693.2,52.74,-5.09,,,,,,,,1,0,C718
3629,72.580000,SIMULATED,DESCENT,8.692,0.081,4.432,0.069,0.091,5.058,100693.6,52.71,-5.08,,,,,,,,1,0,D6C7
3630,72.600000,SIMULATED,DESCENT,8.761,-0.038,4.411,-0.028,-0.124,6.198,100699.6,52.21,-5.10,,,,,,,,1,0,B59E
3631,72.620000,SIMULATED,DESCENT,8.988,0.000,4.240,-0.053,0.182,7.488,100697.6,52.37,-5.10,,,,,,,,1,0,77F9
3632,72.640000,SIMULATED,DESCENT,8.905,0.047,4.115,-0.039,-0.130,8.565,100699.1,52.25,-5.10,,,,,,,,1,0,D2A7
3633,72.660000,SIMULATED,DESCENT,8.983,0.048,3.957,-0.075,0.035,9.729,100700.4,52.14,-5.11,,,,,,,,1,0,579D
3634,72.680000,SIMULATED,DESCENT,8.956,0.042,3.955,-0.095,0.007,11.012,100706.2,51.65,-5.14,,,,,,,,1,0,23D6
3635,72.700000,SIMULATED,DESCENT,9.042,0.021,3.838,0.004,-0.004,12.025,100705.2,51.74,-5.16,,,,,,,,1,0,FC67
3636,72.720000,SIMULATED,DESCENT,9.026,0.032,3.665,0.016,-0.015,12.861,100704.1,51.83,-5.16,,,,,,,,1,0,EE23
3637,72.740000,SIMULATED,DESCENT,9.039,0.045,3.619,0.003,-0.085,14.300,100703.6,51.88,-5.14,,,,,,,,1,0,B003
3638,72.760000,SIMULATED,DESCENT,9.122,0.020,3.550,0.114,-0.195,15.162,100703.0,51.92,-5.12,,,,,,,,1,0,0CF8
3639,72.780000,SIMULATED,DESCENT,9.216,0.105,3.322,0.062,0.086,16.303,100702.8,51.94,-5.08,,,,,,,,1,0,6409
3640,72.800000,SIMULATED,DESCENT,9.240,0.059,3.301,-0.132,-0.051,17.229,100715.7,50.86,-5.13,,,,,,,,1,0,A30C
3641,72.820000,SIMULATED,DESCENT,9.172,0.103,3.207,-0.048,-0.101,17.949,100707.8,51.52,-5.12,,,,,,,,1,0,E18A
3642,72.840000,SIMULATED,DESCENT,9.340,0.038,3.049,0.072,0.179,19.032,100712.3,51.14,-5.13,,,,,,,,1,0,607C
3643,72.860000,SIMULATED,DESCENT,9.253,0.120,3.115,0.047,-0.067,19.719,100710.4,51.30,-5.11,,,,,,,,1,0,E463
3644,72.880000,SIMULATED,DESCENT,9.433,0.086,3.025,0.080,0.005,20.290,100718.1,50.66,-5.14,,,,,,,,1,0,B905
3645,72.900000,SIMULATED,DESCENT,9.361,-0.041,2.959,0.051,0.102,21.165,100715.7,50.86,-5.15,,,,,,,,1,0,67AF
3646,72.920000,SIMULATED,DESCENT,9.364,0.021,2.868,0.122,-0.310,21.679,100717.0,50.75,-5.15,,,,,,,,1,0,9B0C
3647,72.940000,SIMULATED,DESCENT,9.399,0.007,2.823,-0.098,-0.015,22.292,100714.5,50.97,-5.13,,,,,,,,1,0,318B
3648,72.960000,SIMULATED,DESCENT,9.413,-0.013,2.768,-0.087,0.122,22.585,100718.8,50.60,-5.13,,,,,,,,1,0,B6EC
3649,72.980000,SIMULATED,DESCENT,9.474,-0.018,2.702,-0.126,0.026,23.307,100719.8,50.52,-5.13,,,,,,,,1,0,965D
3650,73.000000,SIMULATED,DESCENT,9.502,0.004,2.650,0.020,0.052,23.689,100715.9,50.85,-5.09,19.28,0.0005707,0.0011321,45.7,3,9,4.045,1,0,9089
3651,73.020000,SIMULATED,DESCENT,9.519,0.030,2.715,0.189,0.011,24.186,100722.8,50.26,-5.10,,,,,,,,1,0,CEBA
3652,73.040000,SIMULATED,DESCENT,9.363,-0.106,2.560,0.053,-0.025,24.411,100720.1,50.49,-5.07,,,,,,,,1,0,11CB
3653,73.060000,SIMULATED,DESCENT,9.426,0.089,2.548,0.136,-0.064,24.597,100723.8,50.19,-5.07,,,,,,,,1,0,BD36
3654,73.080000,SIMULATED,DESCENT,9.425,-0.069,2.441,0.003,-0.093,24.866,100725.1,50.08,-5.07,,,,,,,,1,0,5D6B
3655,73.100000,SIMULATED,DESCENT,9.437,-0.012,2.485,-0.114,-0.113,24.865,100727.0,49.92,-5.07,,,,,,,,1,0,9FC9
3656,73.120000,SIMULATED,DESCENT,9.442,-0.039,2.471,0.056,0.116,24.926,100727.4,49.88,-5.07,,,,,,,,1,0,915D
3657,73.140000,SIMULATED,DESCENT,9.476,0.005,2.554,-0.024,-0.037,25.106,100727.2,49.90,-5.05,,,,,,,,1,0,CF07
3658,73.160000,SIMULATED,DESCENT,9.482,-0.008,2.573,-0.197,0.105,24.773,100730.3,49.64,-5.05,,,,,,,,1,0,3223
3659,73.180000,SIMULATED,DESCENT,9.526,0.007,2.597,-0.033,-0.153,24.786,100730.4,49.63,-5.05,,,,,,,,1,0,A3F6
3660,73.200000,SIMULATED,DESCENT,9.425,-0.076,2.589,0.061,-0.126,24.598,100729.2,49.73,-5.02,,,,,,,,1,0,2AF4
3661,73.220000,SIMULATED,DESCENT,9.555,-0.027,2.603,0.015,0.025,24.370,100734.3,49.30,-5.03,,,,,,,,1,0,27D1
3662,73.240000,SIMULATED,DESCENT,9.456,-0.018,2.627,0.027,-0.156,23.985,100736.1,49.16,-5.04,,,,,,,,1,0,FCDC
3663,73.260000,SIMULATED,DESCENT,9.440,0.048,2.653,-0.170,-0.094,23.697,100734.2,49.32,-5.02,,,,,,,,1,0,C52F
3664,73.280000,SIMULATED,DESCENT,9.289,-0.055,2.699,0.058,-0.045,23.141,100738.8,48.93,-5.03,,,,,,,,1,0,844C
3665,73.300000,SIMULATED,DESCENT,9.314,0.054,2.788,0.068,0.329,22.655,100743.0,48.58,-5.06,,,,,,,,1,0,4CDF
3666,73.320000,SIMULATED,DESCENT,9.382,-0.113,2.861,0.102,-0.196,22.079,100741.7,48.69,-5.08,,,,,,,,1,0,9D55
3667,73.340000,SIMULATED,DESCENT,9.406,-0.020,2.813,-0.225,-0.073,21.484,100745.2,48.40,-5.10,,,,,,,,1,0,2558
3668,73.360000,SIMULATED,DESCENT,9.310,0.001,3.086,0.089,0.120,20.839,100741.5,48.70,-5.09,,,,,,,,1,0,D07B
3669,73.380000,SIMULATED,DESCENT,9.232,0.021,2.970,-0.017,-0.032,19.956,100740.3,48.80,-5.07,,,,,,,,1,0,4797
3670,73.400000,SIMULATED,DESCENT,9.341,-0.075,3.094,0.123,-0.042,19.213,100743.2,48.56,-5.06,,,,,,,,1,0,D951
3671,73.420000,SIMULATED,DESCENT,9.239,-0.051,3.141,0.010,0.168,18.293,100744.7,48.43,-5.05,,,,,,,,1,0,3EEA
3672,73.440000,SIMULATED,DESCENT,9.228,0.041,3.334,0.067,-0.083,17.675,100742.0,48.66,-5.01,,,,,,,,1,0,81D0
3673,73.460000,SIMULATED,DESCENT,9.266,-0.102,3.333,-0.019,-0.002,16.536,100748.6,48.11,-5.02,,,,,,,,1,0,F7C2
3674,73.480000,SIMULATED,DESCENT,9.191,-0.072,3.453,0.103,0.106,15.788,100748.2,48.14,-5.01,,,,,,,,1,0,6D5D
3675,73.500000,SIMULATED,DESCENT,9.162,0.040,3.598,0.098,-0.201,14.571,100752.6,47.78,-5.03,,,,,,,,1,0,1E95
3676,73.520000,SIMULATED,DESCENT,9.168,-0.011,3.772,-0.083,0.086,13.737,100756.5,47.45,-5.06,,,,,,,,1,0,67BF
3677,73.540000,SIMULATED,DESCENT,9.144,-0.081,3.721,0.071,-0.080,12.633,100757.0,47.41,-5.09,,,,,,,,1,0,8570
3678,73.560000,SIMULATED,DESCENT,8.969,0.023,3.893,-0.069,0.017,11.262,100758.3,47.30,-5.11,,,,,,,,1,0,66F8
3679,73.580000,SIMULATED,DESCENT,9.045,-0.029,3.834,-0.072,0.043,10.215,100753.7,47.68,-5.09,,,,,,,,1,0,9501
3680,73.600000,SIMULATED,DESCENT,8.884,-0.062,4.163,0.192,-0.057,9.227,100761.3,47.05,-5.12,,,,,,,,1,0,CCB4
3681,73.620000,SIMULATED,DESCENT,8.987,-0.074,4.133,0.086,-0.038,8.090,100764.5,46.78,-5.16,,,,,,,,1,0,35AD
3682,73.640000,SIMULATED,DESCENT,8.793,0.066,4.270,0.067,-0.015,6.655,100757.8,47.34,-5.15,,,,,,,,1,0,DAE2
3683,73.660000,SIMULATED,DESCENT,8.757,0.020,4.381,0.209,-0.117,5.562,100759.6,47.19,-5.13,,,,,,,,1,0,6C7B
3684,73.680000,SIMULATED,DESCENT,8.705,-0.021,4.604,0.051,-0.068,4.465,100755.9,47.50,-5.09,,,,,,,,1,0,28C6
3685,73.700000,SIMULATED,DESCENT,8.571,0.027,4.563,0.053,-0.055,3.274,100766.0,46.65,-5.11,,,,,,,,1,0,D317
3686,73.720000,SIMULATED,DESCENT,8.576,0.043,4.663,-0.193,0.035,1.770,100763.9,46.83,-5.10,,,,,,,,1,0,0C16
3687,73.740000,SIMULATED,DESCENT,8.532,-0.028,4.860,-0.089,-0.112,0.670,100762.5,46.94,-5.08,,,,,,,,1,0,796B
3688,73.760000,SIMULATED,DESCENT,8.436,-0.026,5.127,0.047,0.078,-0.614,100767.4,46.54,-5.08,,,,,,,,1,0,2110
3689,73.780000,SIMULATED,DESCENT,8.416,-0.010,5.117,-0.018,-0.184,-2.106,100767.0,46.57,-5.08,,,,,,,,1,0,3498
3690,73.800000,SIMULATED,DESCENT,8.300,-0.047,5.124,-0.048,-0.079,-3.051,100766.5,46.61,-5.06,,,,,,,,1,0,E8F3
3691,73.820000,SIMULATED,DESCENT,8.189,0.000,5.260,-0.082,-0.143,-4.517,100776.8,45.75,-5.10,,,,,,,,1,0,F4B9
3692,73.840000,SIMULATED,DESCENT,8.134,-0.062,5.367,0.036,0.075,-5.624,100772.9,46.08,-5.11,,,,,,,,1,0,6E5E
3693,73.860000,SIMULATED,DESCENT,8.200,-0.006,5.480,-0.056,0.054,-6.779,100772.4,46.12,-5.10,,,,,,,,1,0,7FBA
3694,73.880000,SIMULATED,DESCENT,8.131,-0.059,5.573,0.056,-0.107,-7.985,100775.5,45.86,-5.11,,,,,,,,1,0,8EB3
3695,73.900000,SIMULATED,DESCENT,7.903,-0.080,5.654,0.147,-0.032,-9.264,100777.3,45.71,-5.12,,,,,,,,1,0,4977
3696,73.920000,SIMULATED,DESCENT,7.981,0.048,5.816,0.124,0.032,-10.458,100779.9,45.49,-5.14,,,,,,,,1,0,CFD6
3697,73.940000,SIMULATED,DESCENT,7.901,0.003,5.846,0.032,0.159,-11.545,100778.0,45.65,-5.14,,,,,,,,1,0,25FC
3698,73.960000,SIMULATED,DESCENT,7.735,-0.011,5.933,0.057,0.013,-12.550,100781.8,45.33,-5.16,,,,,,,,1,0,A6CD
3699,73.980000,SIMULATED,DESCENT,7.670,-0.072,6.130,0.015,-0.132,-13.655,100783.5,45.19,-5.18,,,,,,,,1,0,7756
3700,74.000000,SIMULATED,DESCENT,7.652,0.007,6.144,0.109,-0.053,-14.690,100788.6,44.77,-5.22,19.36,0.0005753,0.0011669,44.9,3,9,4.049,1,0,2899
3701,74.020000,SIMULATED,DESCENT,7.552,-0.020,6.201,-0.061,-0.014,-15.678,100784.0,45.15,-5.22,,,,,,,,1,0,22B7
3702,74.040000,SIMULATED,DESCENT,7.543,0.015,6.222,0.082,0.026,-16.749,100784.1,45.14,-5.21,,,,,,,,1,0,76E7
3703,74.060000,SIMULATED,DESCENT,7.441,0.024,6.332,0.017,0.001,-17.619,100789.5,44.69,-5.23,,,,,,,,1,0,40C1
3704,74.080000,SIMULATED,DESCENT,7.397,-0.032,6.450,-0.183,-0.135,-18.421,100791.7,44.51,-5.26,,,,,,,,1,0,99EC
3705,74.100000,SIMULATED,DESCENT,7.372,-0.044,6.452,-0.026,-0.093,-19.178,100786.0,44.98,-5.24,,,,,,,,1,0,C566
3706,74.120000,SIMULATED,DESCENT,7.265,-0.018,6.542,-0.012,-0.090,-19.964,100783.7,45.17,-5.19,,,,,,,,1,0,B7D0
3707,74.140000,SIMULATED,DESCENT,7.254,-0.034,6.583,0.134,0.057,-20.643,100790.3,44.62,-5.19,,,,,,,,1,0,DCD5
3708,74.160000,SIMULATED,DESCENT,7.178,0.001,6.551,-0.041,-0.155,-21.433,100791.8,44.50,-5.18,,,,,,,,1,0,32EB
3709,74.180000,SIMULATED,DESCENT,7.143,0.016,6.696,0.038,0.161,-21.976,100794.3,44.29,-5.19,,,,,,,,1,0,61D9
3710,74.200000,SIMULATED,DESCENT,7.134,-0.006,6.790,-0.053,0.053,-22.683,100792.2,44.47,-5.17,,,,,,,,1,0,B278
3711,74.220000,SIMULATED,DESCENT,7.232,0.047,6.755,-0.060,0.165,-23.152,100798.8,43.91,-5.19,,,,,,,,1,0,5EAB
3712,74.240000,SIMULATED,DESCENT,7.061,-0.037,6.795,0.013,0.110,-23.668,100795.2,44.21,-5.17,,,,,,,,1,0,A2CC
3713,74.260000,SIMULATED,DESCENT,6.909,0.028,7.008,-0.050,0.089,-24.018,100805.4,43.36,-5.22,,,,,,,,1,0,EBE7
3714,74.280000,SIMULATED,DESCENT,7.000,-0.045,6.889,-0.145,-0.025,-24.325,100794.9,44.24,-5.19,,,,,,,,1,0,D194
3715,74.300000,SIMULATED,DESCENT,7.007,0.111,6.971,-0.132,0.117,-24.532,100797.0,44.06,-5.16,,,,,,,,1,0,2EB9
3716,74.320000,SIMULATED,DESCENT,6.961,-0.092,6.866,-0.022,-0.035,-24.770,100806.9,43.23,-5.19,,,,,,,,1,0,C9D9
3717,74.340000,SIMULATED,DESCENT,6.947,-0.023,6.944,-0.235,-0.076,-25.055,100799.0,43.89,-5.16,,,,,,,,1,0,7749
3718,74.360000,SIMULATED,DESCENT,6.954,0.063,6.942,0.008,-0.049,-25.104,100800.8,43.74,-5.13,,,,,,,,1,0,ABA1
3719,74.380000,SIMULATED,DESCENT,6.953,-0.033,6.882,-0.012,-0.010,-24.904,100803.0,43.56,-5.12,,,,,,,,1,0,1710
3720,74.400000,SIMULATED,DESCENT,6.923,-0.009,6.931,0.039,0.040,-24.899,100802.5,43.60,-5.09,,,,,,,,1,0,EFA0
3721,74.420000,SIMULATED,DESCENT,7.012,-0.008,6.866,0.054,0.012,-24.716,100805.1,43.39,-5.07,,,,,,,,1,0,5E57
3722,74.440000,SIMULATED,DESCENT,6.995,-0.017,6.881,-0.090,0.017,-24.692,100810.4,42.95,-5.08,,,,,,,,1,0,8759
3723,74.460000,SIMULATED,DESCENT,6.978,0.048,6.954,0.059,-0.029,-24.326,100812.9,42.74,-5.10,,,,,,,,1,0,948D
3724,74.480000,SIMULATED,DESCENT,6.948,0.074,6.856,0.055,-0.054,-24.165,100811.7,42.83,-5.10,,,,,,,,1,0,275E
3725,74.500000,SIMULATED,DESCENT,7.074,0.040,6.871,-0.009,0.090,-23.954,100816.3,42.45,-5.13,,,,,,,,1,0,02DC
3726,74.520000,SIMULATED,DESCENT,7.054,-0.036,6.755,-0.089,-0.017,-23.387,100810.8,42.91,-5.11,,,,,,,,1,0,2FA3
3727,74.540000,SIMULATED,DESCENT,7.140,0.000,6.731,-0.033,0.094,-22.899,100812.3,42.79,-5.09,,,,,,,,1,0,00AC
3728,74.560000,SIMULATED,DESCENT,7.099,-0.002,6.717,-0.089,0.079,-22.387,100820.9,42.07,-5.12,,,,,,,,1,0,55AA
3729,74.580000,SIMULATED,DESCENT,7.171,0.001,6.689,-0.060,-0.049,-21.828,100814.2,42.63,-5.09,,,,,,,,1,0,F780
3730,74.600000,SIMULATED,DESCENT,7.275,-0.074,6.610,-0.030,0.250,-21.204,100819.3,42.20,-5.10,,,,,,,,1,0,275E
3731,74.620000,SIMULATED,DESCENT,7.317,0.027,6.505,-0.048,0.133,-20.414,100816.4,42.44,-5.07,,,,,,,,1,0,0BFE
3732,74.640000,SIMULATED,DESCENT,7.276,-0.082,6.704,0.030,-0.037,-19.558,100822.9,41.90,-5.09,,,,,,,,1,0,6C86
3733,74.660000,SIMULATED,DESCENT,7.340,0.003,6.461,-0.128,-0.026,-18.740,100819.3,42.20,-5.07,,,,,,,,1,0,AA9F
3734,74.680000,SIMULATED,DESCENT,7.436,-0.021,6.433,-0.013,0.032,-17.937,100819.3,42.19,-5.04,,,,,,,,1,0,8747
3735,74.700000,SIMULATED,DESCENT,7.450,-0.133,6.354,0.031,-0.063,-17.128,100827.2,41.54,-5.06,,,,,,,,1,0,D032
3736,74.720000,SIMULATED,DESCENT,7.596,-0.010,6.332,0.177,-0.031,-16.292,100821.8,41.99,-5.03,,,,,,,,1,0,90F5
3737,74.740000,SIMULATED,DESCENT,7.666,0.035,6.287,0.121,0.049,-15.017,100827.2,41.54,-5.04,,,,,,,,1,0,9897
3738,74.760000,SIMULATED,DESCENT,7.684,-0.057,6.160,-0.012,-0.031,-14.151,100829.2,41.37,-5.05,,,,,,,,1,0,9A05
3739,74.780000,SIMULATED,DESCENT,7.816,0.058,5.957,0.013,0.009,-12.927,100827.1,41.55,-5.03,,,,,,,,1,0,6EBF
3740,74.800000,SIMULATED,DESCENT,7.793,-0.016,5.909,0.062,-0.094,-11.857,100832.3,41.11,-5.05,,,,,,,,1,0,22D3
3741,74.820000,SIMULATED,DESCENT,7.918,0.042,5.820,0.158,0.045,-10.778,100828.9,41.40,-5.03,,,,,,,,1,0,E685
3742,74.840000,SIMULATED,DESCENT,7.920,-0.006,5.820,-0.063,0.033,-9.778,100835.7,40.82,-5.05,,,,,,,,1,0,BF7F
3743,74.860000,SIMULATED,DESCENT,7.930,-0.039,5.680,0.047,0.012,-8.790,100834.2,40.96,-5.05,,,,,,,,1,0,A5E2
3744,74.880000,SIMULATED,DESCENT,8.074,-0.013,5.526,-0.037,-0.012,-7.333,100835.3,40.86,-5.05,,,,,,,,1,0,3AE2
3745,74.900000,SIMULATED,DESCENT,8.142,0.068,5.511,-0.055,0.235,-6.036,100831.0,41.22,-5.01,,,,,,,,1,0,8020
3746,74.920000,SIMULATED,DESCENT,8.244,-0.030,5.290,-0.051,0.033,-4.995,100837.6,40.67,-5.01,,,,,,,,1,0,265E
3747,74.940000,SIMULATED,DESCENT,8.300,0.114,5.188,-0.144,-0.125,-3.734,100837.9,40.65,-5.01,,,,,,,,1,0,01CA
3748,74.960000,SIMULATED,DESCENT,8.349,0.029,5.083,0.122,0.084,-2.573,100839.4,40.51,-5.01,,,,,,,,1,0,092D
3749,74.980000,SIMULATED,DESCENT,8.406,-0.061,5.043,0.045,-0.229,-1.314,100839.4,40.52,-5.00,,,,,,,,1,0,BA80
3750,75.000000,SIMULATED,DESCENT,8.529,0.003,4.869,-0.040,0.018,0.135,100840.8,40.40,-4.99,19.35,0.0006024,0.0012036,38.5,3,9,4.034,1,0,9E22
3751,75.020000,SIMULATED,DESCENT,8.502,0.021,4.822,0.135,0.033,1.242,100840.7,40.41,-4.97,,,,,,,,1,0,F2E6
3752,75.040000,SIMULATED,DESCENT,8.635,-0.021,4.679,-0.216,0.021,2.541,100847.5,39.84,-4.99,,,,,,,,1,0,A38A
3753,75.060000,SIMULATED,DESCENT,8.733,0.025,4.571,0.043,0.070,3.799,100848.8,39.73,-5.02,,,,,,,,1,0,6BEF
3754,75.080000,SIMULATED,DESCENT,8.741,0.047,4.381,0.010,0.106,5.143,100847.6,39.84,-5.02,,,,,,,,1,0,5B04
3755,75.100000,SIMULATED,DESCENT,8.789,0.009,4.303,-0.001,-0.011,6.198,100849.0,39.71,-5.03,,,,,,,,1,0,25D4
3756,75.120000,SIMULATED,DESCENT,8.743,0.064,4.198,-0.057,0.046,7.469,100848.6,39.75,-5.02,,,,,,,,1,0,7DA1
3757,75.140000,SIMULATED,DESCENT,8.960,0.024,3.991,0.118,-0.145,8.704,100844.3,40.11,-4.98,,,,,,,,1,0,03EB
3758,75.160000,SIMULATED,DESCENT,8.942,0.044,3.985,-0.075,-0.233,9.774,100848.3,39.78,-4.96,,,,,,,,1,0,3738
3759,75.180000,SIMULATED,DESCENT,8.982,0.148,3.835,0.049,0.040,10.858,100845.0,40.05,-4.90,,,,,,,,1,0,8ABD
3760,75.200000,SIMULATED,DESCENT,9.103,-0.056,3.804,0.112,-0.158,12.026,100855.2,39.20,-4.92,,,,,,,,1,0,533C
3761,75.220000,SIMULATED,DESCENT,8.990,-0.005,3.666,-0.015,0.022,13.060,100861.5,38.68,-4.97,,,,,,,,1,0,44A7
3762,75.240000,SIMULATED,DESCENT,9.205,-0.073,3.605,0.007,-0.074,14.057,100857.9,38.97,-4.98,,,,,,,,1,0,228B
3763,75.260000,SIMULATED,DESCENT,9.112,-0.011,3.469,-0.112,0.108,15.142,100856.9,39.06,-4.98,,,,,,,,1,0,5BEA
3764,75.280000,SIMULATED,DESCENT,9.220,-0.006,3.443,-0.011,0.032,16.118,100861.8,38.65,-5.00,,,,,,,,1,0,09A8
3765,75.300000,SIMULATED,DESCENT,9.227,0.046,3.285,0.151,-0.057,17.156,100862.4,38.60,-5.02,,,,,,,,1,0,4043
3766,75.320000,SIMULATED,DESCENT,9.244,-0.003,3.297,-0.017,-0.014,18.051,100864.2,38.45,-5.04,,,,,,,,1,0,FD76
3767,75.340000,SIMULATED,DESCENT,9.230,-0.044,3.180,-0.023,0.076,18.767,100871.6,37.83,-5.10,,,,,,,,1,0,F467
3768,75.360000,SIMULATED,DESCENT,9.367,0.059,2.952,-0.199,-0.006,19.632,100863.9,38.47,-5.09,,,,,,,,1,0,C40B
3769,75.380000,SIMULATED,DESCENT,9.366,0.065,3.062,0.207,0.027,20.402,100865.8,38.31,-5.10,,,,,,,,1,0,1A2B
3770,75.400000,SIMULATED,DESCENT,9.409,0.009,2.946,-0.012,0.023,20.992,100867.7,38.16,-5.10,,,,,,,,1,0,B7FD
3771,75.420000,SIMULATED,DESCENT,9.342,0.026,2.803,-0.045,0.011,21.768,100863.4,38.51,-5.07,,,,,,,,1,0,6B1C
3772,75.440000,SIMULATED,DESCENT,9.290,-0.080,2.734,0.178,-0.055,22.229,100867.2,38.20,-5.06,,,,,,,,1,0,D32F
3773,75.460000,SIMULATED,DESCENT,9.434,-0.021,2.766,-0.092,0.088,22.947,100872.4,37.76,-5.07,,,,,,,,1,0,4216
3774,75.480000,SIMULATED,DESCENT,9.466,0.079,2.683,0.045,0.071,23.288,100865.2,38.36,-5.03,,,,,,,,1,0,F135
3775,75.500000,SIMULATED,DESCENT,9.387,-0.031,2.695,0.008,0.053,23.796,100876.9,37.39,-5.06,,,,,,,,1,0,AD7C
3776,75.520000,SIMULATED,DESCENT,9.494,-0.081,2.555,-0.013,-0.069,24.051,100877.1,37.37,-5.09,,,,,,,,1,0,873F
3777,75.540000,SIMULATED,DESCENT,9.476,-0.030,2.500,0.138,-0.114,24.460,100878.5,37.25,-5.11,,,,,,,,1,0,9EB5
3778,75.560000,SIMULATED,DESCENT,9.468,0.038,2.544,0.035,0.082,24.615,100879.5,37.17,-5.13,,,,,,,,1,0,6E76
3779,75.580000,SIMULATED,DESCENT,9.507,0.015,2.590,-0.058,-0.045,24.872,100874.3,37.60,-5.10,,,,,,,,1,0,DF79
3780,75.600000,SIMULATED,DESCENT,9.483,-0.045,2.479,-0.025,-0.079,24.982,100878.1,37.28,-5.10,,,,,,,,1,0,82D4
3781,75.620000,SIMULATED,DESCENT,9.507,-0.071,2.581,-0.126,-0.144,25.148,100877.9,37.30,-5.08,,,,,,,,1,0,0E91
3782,75.640000,SIMULATED,DESCENT,9.503,0.119,2.551,-0.119,-0.056,25.138,100883.4,36.84,-5.10,,,,,,,,1,0,DBBA
3783,75.660000,SIMULATED,DESCENT,9.490,0.044,2.563,0.039,0.102,24.962,100882.3,36.93,-5.09,,,,,,,,1,0,2A5E
3784,75.680000,SIMULATED,DESCENT,9.450,0.011,2.526,-0.006,-0.092,24.709,100881.1,37.03,-5.08,,,,,,,,1,0,D3B2
3785,75.700000,SIMULATED,DESCENT,9.539,0.026,2.626,-0.068,-0.066,24.654,100886.0,36.63,-5.08,,,,,,,,1,0,FC76
3786,75.720000,SIMULATED,DESCENT,9.412,0.129,2.589,0.127,0.085,24.183,100883.0,36.88,-5.06,,,,,,,,1,0,D3AF
3787,75.740000,SIMULATED,DESCENT,9.577,0.058,2.660,0.065,0.075,23.968,100891.1,36.20,-5.09,,,,,,,,1,0,DD1B
3788,75.760000,SIMULATED,DESCENT,9.528,0.026,2.663,0.002,-0.036,23.529,100884.8,36.72,-5.06,,,,,,,,1,0,93A2
3789,75.780000,SIMULATED,DESCENT,9.471,-0.038,2.623,0.037,0.071,23.134,100886.1,36.61,-5.04,,,,,,,,1,0,975F
3790,75.800000,SIMULATED,DESCENT,9.380,-0.011,2.762,-0.169,-0.056,22.642,100888.5,36.42,-5.02,,,,,,,,1,0,B911
3791,75.820000,SIMULATED,DESCENT,9.360,0.062,2.779,0.141,0.046,22.167,100892.1,36.11,-5.03,,,,,,,,1,0,816E
3792,75.840000,SIMULATED,DESCENT,9.444,0.084,2.940,-0.067,-0.024,21.353,100893.2,36.03,-5.03,,,,,,,,1,0,5D4C
3793,75.860000,SIMULATED,DESCENT,9.370,0.055,2.972,-0.071,0.045,20.602,100892.1,36.11,-5.01,,,,,,,,1,0,848F
3794,75.880000,SIMULATED,DESCENT,9.350,-0.068,2.949,0.133,0.130,19.926,100892.8,36.06,-5.00,,,,,,,,1,0,1F6E
3795,75.900000,SIMULATED,DESCENT,9.372,0.059,3.072,-0.057,-0.039,19.317,100899.1,35.53,-5.02,,,,,,,,1,0,DF0E
3796,75.920000,SIMULATED,DESCENT,9.139,0.075,3.134,0.016,-0.053,18.265,100902.7,35.23,-5.05,,,,,,,,1,0,CAFB
3797,75.940000,SIMULATED,DESCENT,9.180,-0.037,3.212,-0.116,-0.027,17.581,100898.7,35.56,-5.05,,,,,,,,1,0,8D96
3798,75.960000,SIMULATED,DESCENT,9.190,0.079,3.378,0.147,0.014,16.757,100899.2,35.53,-5.04,,,,,,,,1,0,DE75
3799,75.980000,SIMULATED,DESCENT,9.214,-0.051,3.440,-0.053,0.153,15.616,100901.7,35.31,-5.04,,,,,,,,1,0,0A61
3800,76.000000,SIMULATED,DESCENT,9.169,-0.039,3.539,0.095,-0.067,14.677,100900.9,35.38,-5.03,19.23,0.0005747,0.0011990,33.7,3,9,4.040,1,0,5F22
3801,76.020000,SIMULATED,DESCENT,9.090,0.023,3.594,0.001,0.051,13.563,100914.4,34.26,-5.10,,,,,,,,1,0,12B1
3802,76.040000,SIMULATED,DESCENT,9.067,0.002,3.695,0.056,-0.216,12.620,100905.6,34.99,-5.10,,,,,,,,1,0,B288
3803,76.060000,SIMULATED,DESCENT,9.030,-0.012,3.908,0.076,-0.088,11.329,100907.9,34.80,-5.11,,,,,,,,1,0,2492
3804,76.080000,SIMULATED,DESCENT,9.019,-0.052,4.006,0.116,-0.078,10.318,100909.3,34.68,-5.12,,,,,,,,1,0,CF8C
3805,76.100000,SIMULATED,DESCENT,8.956,-0.021,4.083,-0.165,0.041,9.279,100913.3,34.34,-5.14,,,,,,,,1,0,17CB
3806,76.120000,SIMULATED,DESCENT,8.815,0.060,4.226,0.005,0.028,8.208,100913.1,34.36,-5.16,,,,,,,,1,0,31B6
3807,76.140000,SIMULATED,DESCENT,8.802,0.021,4.314,-0.130,0.004,6.974,100911.0,34.53,-5.15,,,,,,,,1,0,A289
3808,76.160000,SIMULATED,DESCENT,8.795,-0.008,4.412,0.127,0.087,5.423,100917.8,33.97,-5.18,,,,,,,,1,0,E0CF
3809,76.180000,SIMULATED,DESCENT,8.641,-0.043,4.496,-0.075,-0.038,4.333,100915.0,34.20,-5.18,,,,,,,,1,0,A269
3810,76.200000,SIMULATED,DESCENT,8.670,-0.073,4.608,0.012,0.104,3.232,100918.9,33.87,-5.20,,,,,,,,1,0,46A3
3811,76.220000,SIMULATED,DESCENT,8.596,0.032,4.786,0.132,-0.055,1.938,100915.3,34.18,-5.19,,,,,,,,1,0,1A8E
3812,76.240000,SIMULATED,DESCENT,8.492,-0.068,4.842,0.007,0.052,0.704,100917.6,33.99,-5.18,,,,,,,,1,0,80A3
3813,76.260000,SIMULATED,DESCENT,8.424,-0.012,4.941,0.117,0.107,-0.781,100923.1,33.53,-5.20,,,,,,,,1,0,4633
3814,76.280000,SIMULATED,DESCENT,8.446,-0.021,5.045,-0.037,-0.057,-1.828,100920.4,33.75,-5.20,,,,,,,,1,0,1F22
3815,76.300000,SIMULATED,DESCENT,8.289,0.042,5.113,0.045,0.053,-3.122,100923.0,33.53,-5.20,,,,,,,,1,0,ADA9
3816,76.320000,SIMULATED,DESCENT,8.206,0.103,5.155,0.118,-0.181,-4.382,100924.3,33.43,-5.20,,,,,,,,1,0,2BAC
3817,76.340000,SIMULATED,DESCENT,8.165,-0.020,5.423,-0.089,-0.009,-5.495,100921.9,33.63,-5.18,,,,,,,,1,0,2D51
3818,76.360000,SIMULATED,DESCENT,8.222,0.021,5.451,0.134,0.087,-6.714,100928.1,33.11,-5.20,,,,,,,,1,0,C18A
3819,76.380000,SIMULATED,DESCENT,7.976,-0.096,5.652,0.071,-0.035,-8.010,100924.1,33.45,-5.17,,,,,,,,1,0,EF70
3820,76.400000,SIMULATED,DESCENT,8.010,-0.070,5.755,0.156,0.036,-9.207,100926.3,33.26,-5.16,,,,,,,,1,0,2682
3821,76.420000,SIMULATED,DESCENT,7.871,0.144,5.717,0.024,-0.050,-10.244,100928.6,33.07,-5.15,,,,,,,,1,0,FA19
3822,76.440000,SIMULATED,DESCENT,7.848,0.027,5.884,-0.059,0.086,-11.553,100937.8,32.30,-5.20,,,,,,,,1,0,5805
3823,76.460000,SIMULATED,DESCENT,7.797,-0.036,6.030,-0.028,0.091,-12.695,100930.2,32.94,-5.18,,,,,,,,1,0,38D3
3824,76.480000,SIMULATED,DESCENT,7.693,0.022,6.062,-0.027,0.003,-13.657,100930.5,32.90,-5.16,,,,,,,,1,0,D7E5
3825,76.500000,SIMULATED,DESCENT,7.608,0.087,6.135,-0.145,-0.148,-14.648,100938.0,32.28,-5.19,,,,,,,,1,0,2ECD
3826,76.520000,SIMULATED,DESCENT,7.539,0.025,6.230,0.084,0.085,-15.723,100935.3,32.50,-5.18,,,,,,,,1,0,D6C0
3827,76.540000,SIMULATED,DESCENT,7.416,0.092,6.301,0.034,-0.107,-16.743,100938.5,32.24,-5.19,,,,,,,,1,0,F37B
3828,76.560000,SIMULATED,DESCENT,7.478,-0.005,6.476,0.052,0.084,-17.570,100936.2,32.43,-5.17,,,,,,,,1,0,B7A6
3829,76.580000,SIMULATED,DESCENT,7.333,-0.049,6.399,-0.004,0.130,-18.410,100937.8,32.30,-5.16,,,,,,,,1,0,F8F6
3830,76.600000,SIMULATED,DESCENT,7.282,-0.010,6.497,0.096,0.251,-19.245,100940.6,32.06,-5.16,,,,,,,,1,0,ECCE
3831,76.620000,SIMULATED,DESCENT,7.277,-0.040,6.559,-0.014,-0.072,-20.062,100942.4,31.92,-5.16,,,,,,,,1,0,8C83
3832,76.640000,SIMULATED,DESCENT,7.228,0.002,6.585,-0.040,-0.077,-20.745,100943.7,31.81,-5.17,,,,,,,,1,0,58EA
3833,76.660000,SIMULATED,DESCENT,7.213,-0.096,6.585,0.104,-0.066,-21.450,100937.9,32.29,-5.12,,,,,,,,1,0,A01F
3834,76.680000,SIMULATED,DESCENT,7.161,0.044,6.671,-0.045,-0.012,-22.047,100944.4,31.75,-5.11,,,,,,,,1,0,C0C3
3835,76.700000,SIMULATED,DESCENT,7.272,0.092,6.716,0.004,0.068,-22.934,100944.3,31.76,-5.10,,,,,,,,1,0,07DE
3836,76.720000,SIMULATED,DESCENT,7.089,0.082,6.768,0.058,-0.041,-23.048,100943.5,31.82,-5.07,,,,,,,,1,0,B0FD
3837,76.740000,SIMULATED,DESCENT,7.015,-0.016,6.823,0.041,0.005,-23.571,100948.0,31.44,-5.07,,,,,,,,1,0,4DBB
3838,76.760000,SIMULATED,DESCENT,6.926,-0.005,6.823,-0.028,0.010,-24.200,100950.8,31.22,-5.07,,,,,,,,1,0,C0FB
3839,76.780000,SIMULATED,DESCENT,6.948,0.033,6.855,0.029,-0.124,-24.449,100952.1,31.11,-5.08,,,,,,,,1,0,A776
3840,76.800000,SIMULATED,DESCENT,7.083,-0.064,6.854,-0.054,-0.023,-24.542,100952.2,31.09,-5.08,,,,,,,,1,0,9A8B
3841,76.820000,SIMULATED,DESCENT,7.070,0.041,6.928,-0.148,0.165,-24.751,100943.7,31.81,-5.01,,,,,,,,1,0,CFEC
3842,76.840000,SIMULATED,DESCENT,6.881,-0.016,6.945,0.133,0.116,-24.827,100953.3,31.00,-5.00,,,,,,,,1,0,6952
3843,76.860000,SIMULATED,DESCENT,6.969,0.004,6.843,0.148,0.053,-24.985,100955.6,30.81,-5.01,,,,,,,,1,0,D852
3844,76.880000,SIMULATED,DESCENT,6.891,-0.052,6.988,-0.073,-0.028,-24.972,100959.0,30.53,-5.02,,,,,,,,1,0,3832
3845,76.900000,SIMULATED,DESCENT,6.959,-0.051,6.959,0.027,0.008,-25.165,100957.6,30.65,-5.02,,,,,,,,1,0,35B1
3846,76.920000,SIMULATED,DESCENT,6.937,-0.040,6.908,-0.158,0.094,-24.864,100958.5,30.57,-5.02,,,,,,,,1,0,E364
3847,76.940000,SIMULATED,DESCENT,6.984,-0.037,7.001,-0.110,-0.140,-24.579,100961.3,30.33,-5.02,,,,,,,,1,0,7DAF
3848,76.960000,SIMULATED,DESCENT,7.107,-0.005,6.899,0.055,-0.254,-24.493,100966.0,29.94,-5.05,,,,,,,,1,0,3F44
3849,76.980000,SIMULATED,DESCENT,6.938,-0.005,6.867,-0.061,0.120,-24.258,100963.9,30.12,-5.06,,,,,,,,1,0,0B50
3850,77.000000,SIMULATED,DESCENT,7.055,0.099,6.879,0.075,0.071,-23.878,100964.9,30.03,-5.07,19.23,0.0006020,0.0012076,29.7,3,9,4.040,1,0,5892
3851,77.020000,SIMULATED,DESCENT,6.994,0.046,6.836,-0.109,-0.221,-23.360,100962.6,30.23,-5.05,,,,,,,,1,0,4CF7
3852,77.040000,SIMULATED,DESCENT,7.144,-0.003,6.745,-0.059,-0.006,-22.720,100969.5,29.65,-5.07,,,,,,,,1,0,D141
3853,77.060000,SIMULATED,DESCENT,7.067,-0.013,6.793,0.178,-0.084,-22.270,100972.4,29.41,-5.10,,,,,,,,1,0,ED33
3854,77.080000,SIMULATED,DESCENT,7.221,0.054,6.739,-0.064,-0.135,-21.757,100975.6,29.14,-5.14,,,,,,,,1,0,452C
3855,77.100000,SIMULATED,DESCENT,7.217,-0.102,6.605,-0.185,-0.058,-21.257,100974.2,29.26,-5.16,,,,,,,,1,0,9D1C
3856,77.120000,SIMULATED,DESCENT,7.242,0.041,6.600,0.016,0.055,-20.415,100974.2,29.26,-5.17,,,,,,,,1,0,33A7
3857,77.140000,SIMULATED,DESCENT,7.319,-0.022,6.462,0.022,0.142,-19.626,100975.0,29.19,-5.18,,,,,,,,1,0,C502
3858,77.160000,SIMULATED,DESCENT,7.304,0.037,6.458,0.055,-0.111,-18.744,100977.3,29.00,-5.20,,,,,,,,1,0,42C7
3859,77.180000,SIMULATED,DESCENT,7.351,-0.003,6.531,-0.157,0.049,-17.999,100984.9,28.37,-5.26,,,,,,,,1,0,5B20
3860,77.200000,SIMULATED,DESCENT,7.388,-0.062,6.373,-0.001,0.080,-17.127,100984.0,28.44,-5.30,,,,,,,,1,0,E808
3861,77.220000,SIMULATED,DESCENT,7.455,0.027,6.220,0.098,-0.051,-16.253,100974.9,29.20,-5.26,,,,,,,,1,0,8795
3862,77.240000,SIMULATED,DESCENT,7.601,0.021,6.103,-0.067,-0.063,-15.142,100975.4,29.16,-5.23,,,,,,,,1,0,6EDF
3863,77.260000,SIMULATED,DESCENT,7.626,-0.026,6.111,-0.130,-0.130,-14.374,100979.6,28.81,-5.21,,,,,,,,1,0,ADE5
3864,77.280000,SIMULATED,DESCENT,7.680,-0.010,6.023,-0.224,-0.091,-13.143,100977.2,29.01,-5.17,,,,,,,,1,0,90DF
3865,77.300000,SIMULATED,DESCENT,7.827,-0.047,5.892,-0.115,0.018,-12.068,100981.3,28.67,-5.16,,,,,,,,1,0,F21E
3866,77.320000,SIMULATED,DESCENT,7.823,-0.019,5.876,-0.057,0.009,-10.798,100980.2,28.76,-5.12,,,,,,,,1,0,6B43
3867,77.340000,SIMULATED,DESCENT,7.968,-0.064,5.677,0.021,0.081,-9.752,100989.1,28.02,-5.15,,,,,,,,1,0,71CD
3868,77.360000,SIMULATED,DESCENT,7.994,0.037,5.683,0.056,-0.101,-8.548,100990.8,27.88,-5.17,,,,,,,,1,0,35FD
3869,77.380000,SIMULATED,DESCENT,8.152,-0.106,5.613,-0.088,-0.075,-7.356,100987.6,28.14,-5.16,,,,,,,,1,0,B577
3870,77.400000,SIMULATED,DESCENT,8.149,0.061,5.474,0.124,-0.060,-6.167,100986.6,28.22,-5.14,,,,,,,,1,0,DA39
3871,77.420000,SIMULATED,DESCENT,8.316,-0.046,5.328,0.165,-0.177,-5.025,100990.8,27.87,-5.14,,,,,,,,1,0,7A0F
3872,77.440000,SIMULATED,DESCENT,8.291,-0.011,5.288,-0.131,-0.011,-3.652,100990.9,27.87,-5.13,,,,,,,,1,0,06CA
3873,77.460000,SIMULATED,DESCENT,8.291,-0.030,5.087,-0.176,-0.191,-2.442,100995.8,27.46,-5.15,,,,,,,,1,0,890D
3874,77.480000,SIMULATED,DESCENT,8.488,-0.016,4.976,0.081,0.033,-1.188,100992.4,27.74,-5.13,,,,,,,,1,0,77E4
3875,77.500000,SIMULATED,DESCENT,8.560,0.056,4.814,0.183,0.038,-0.074,100994.6,27.56,-5.13,,,,,,,,1,0,9BFC
3876,77.520000,SIMULATED,DESCENT,8.568,-0.046,4.784,0.096,0.163,1.198,100995.7,27.47,-5.12,,,,,,,,1,0,8DDD
3877,77.540000,SIMULATED,DESCENT,8.649,0.036,4.659,0.029,-0.016,2.475,101003.1,26.85,-5.15,,,,,,,,1,0,1CD6
3878,77.560000,SIMULATED,DESCENT,8.623,0.021,4.578,-0.084,0.005,3.677,100996.0,27.44,-5.13,,,,,,,,1,0,3EFB
3879,77.580000,SIMULATED,DESCENT,8.741,0.010,4.376,0.185,0.101,5.042,100997.0,27.36,-5.10,,,,,,,,1,0,8C0A
3880,77.600000,SIMULATED,DESCENT,8.771,-0.077,4.329,-0.003,-0.123,6.170,100999.3,27.17,-5.09,,,,,,,,1,0,7D20
3881,77.620000,SIMULATED,DESCENT,8.823,-0.013,4.203,-0.076,-0.033,7.290,100996.6,27.39,-5.04,,,,,,,,1,0,209A
3882,77.640000,SIMULATED,DESCENT,8.896,0.017,4.075,-0.099,0.012,8.715,101001.4,26.99,-5.03,,,,,,,,1,0,9603
3883,77.660000,SIMULATED,DESCENT,8.931,-0.015,4.015,-0.073,-0.142,9.706,101009.4,26.32,-5.06,,,,,,,,1,0,C874
3884,77.680000,SIMULATED,DESCENT,8.882,0.118,3.855,-0.062,-0.103,11.151,101009.7,26.30,-5.09,,,,,,,,1,0,90EB
3885,77.700000,SIMULATED,DESCENT,9.025,-0.004,3.841,-0.146,-0.056,12.121,101006.5,26.56,-5.08,,,,,,,,1,0,9BDE
3886,77.720000,SIMULATED,DESCENT,9.116,-0.031,3.636,-0.083,-0.013,13.163,101006.7,26.55,-5.06,,,,,,,,1,0,80D8
3887,77.740000,SIMULATED,DESCENT,9.230,0.030,3.656,0.122,-0.118,14.129,101013.0,26.02,-5.09,,,,,,,,1,0,B216
3888,77.760000,SIMULATED,DESCENT,9.097,0.020,3.449,0.047,0.004,15.214,101013.2,26.01,-5.10,,,,,,,,1,0,F687
3889,77.780000,SIMULATED,DESCENT,9.186,-0.053,3.425,0.037,-0.011,16.177,101012.0,26.10,-5.10,,,,,,,,1,0,75D0
3890,77.800000,SIMULATED,DESCENT,9.237,-0.009,3.369,0.014,-0.077,17.158,101010.3,26.25,-5.07,,,,,,,,1,0,6088
3891,77.820000,SIMULATED,DESCENT,9.283,-0.023,3.205,-0.153,-0.129,17.945,101012.9,26.03,-5.06,,,,,,,,1,0,BFA9
3892,77.840000,SIMULATED,DESCENT,9.377,0.099,3.137,0.000,-0.103,18.914,101015.2,25.83,-5.05,,,,,,,,1,0,559D
3893,77.860000,SIMULATED,DESCENT,9.312,0.093,3.048,0.054,-0.016,19.813,101015.3,25.83,-5.04,,,,,,,,1,0,7BC8
3894,77.880000,SIMULATED,DESCENT,9.366,0.029,2.984,0.005,0.157,20.388,101020.8,25.37,-5.06,,,,,,,,1,0,A6DA
3895,77.900000,SIMULATED,DESCENT,9.322,0.077,2.949,-0.101,0.017,21.089,101020.3,25.41,-5.07,,,,,,,,1,0,0EA5
3896,77.920000,SIMULATED,DESCENT,9.397,-0.053,2.910,0.067,-0.225,21.657,101024.3,25.08,-5.09,,,,,,,,1,0,C9C1
3897,77.940000,SIMULATED,DESCENT,9.366,-0.006,2.763,0.019,0.223,22.279,101022.8,25.20,-5.09,,,,,,,,1,0,0CD6
3898,77.960000,SIMULATED,DESCENT,9.491,-0.031,2.758,-0.112,0.041,23.051,101024.7,25.04,-5.10,,,,,,,,1,0,F2B7
3899,77.980000,SIMULATED,DESCENT,9.460,0.059,2.737,0.022,0.005,23.478,101025.8,24.96,-5.11,,,,,,,,1,0,947A
3900,78.000000,SIMULATED,DESCENT,9.348,0.033,2.594,-0.063,0.044,24.019,101028.6,24.72,-5.13,19.22,0.0006270,0.0012205,28.0,3,9,4.033,1,0,9B05
3901,78.020000,SIMULATED,DESCENT,9.356,0.013,2.655,-0.064,-0.067,24.156,101035.6,24.14,-5.18,,,,,,,,1,0,1D0E
3902,78.040000,SIMULATED,DESCENT,9.473,0.033,2.620,0.093,-0.040,24.470,101024.6,25.05,-5.15,,,,,,,,1,0,FACD
3903,78.060000,SIMULATED,DESCENT,9.472,0.092,2.501,-0.123,0.036,24.516,101030.9,24.53,-5.16,,,,,,,,1,0,311A
3904,78.080000,SIMULATED,DESCENT,9.490,-0.036,2.482,-0.154,-0.021,25.023,101034.1,24.26,-5.18,,,,,,,,1,0,3555
3905,78.100000,SIMULATED,DESCENT,9.460,-0.046,2.517,-0.012,0.069,24.936,101030.7,24.54,-5.16,,,,,,,,1,0,1786
3906,78.120000,SIMULATED,DESCENT,9.448,0.004,2.451,0.091,0.035,25.028,101035.9,24.11,-5.18,,,,,,,,1,0,0AAB
3907,78.140000,SIMULATED,DESCENT,9.437,-0.047,2.489,0.117,0.245,24.940,101034.3,24.24,-5.17,,,,,,,,1,0,C474
3908,78.160000,SIMULATED,DESCENT,9.485,0.075,2.590,0.095,-0.034,24.902,101033.6,24.30,-5.15,,,,,,,,1,0,9698
3909,78.180000,SIMULATED,DESCENT,9.420,0.031,2.490,0.147,0.064,24.900,101040.1,23.76,-5.17,,,,,,,,1,0,8CE7
3910,78.200000,SIMULATED,DESCENT,9.479,-0.018,2.639,-0.083,-0.108,24.631,101038.5,23.89,-5.17,,,,,,,,1,0,58FE
3911,78.220000,SIMULATED,DESCENT,9.402,0.001,2.688,0.080,0.020,24.379,101041.7,23.63,-5.18,,,,,,,,1,0,FD9C
3912,78.240000,SIMULATED,DESCENT,9.425,0.018,2.599,0.005,-0.006,23.943,101037.1,24.01,-5.15,,,,,,,,1,0,83AC
3913,78.260000,SIMULATED,DESCENT,9.477,-0.063,2.669,0.032,-0.046,23.720,101042.8,23.53,-5.15,,,,,,,,1,0,E193
3914,78.280000,SIMULATED,DESCENT,9.334,-0.056,2.698,0.094,0.025,23.084,101039.1,23.84,-5.12,,,,,,,,1,0,FF39
3915,78.300000,SIMULATED,DESCENT,9.517,0.012,2.715,0.036,0.093,22.691,101047.7,23.12,-5.14,,,,,,,,1,0,0724
3916,78.320000,SIMULATED,DESCENT,9.345,0.037,2.829,0.002,-0.124,22.000,101047.6,23.13,-5.15,,,,,,,,1,0,C225
3917,78.340000,SIMULATED,DESCENT,9.395,-0.008,2.909,-0.002,0.053,21.667,101047.3,23.16,-5.15,,,,,,,,1,0,E2AA
3918,78.360000,SIMULATED,DESCENT,9.370,0.021,2.953,-0.064,0.030,20.647,101047.7,23.12,-5.14,,,,,,,,1,0,DC4A
3919,78.380000,SIMULATED,DESCENT,9.307,0.000,2.965,-0.001,0.098,19.963,101050.8,22.87,-5.15,,,,,,,,1,0,7D07
3920,78.400000,SIMULATED,DESCENT,9.191,-0.032,3.058,-0.008,0.098,19.207,101049.5,22.98,-5.14,,,,,,,,1,0,3218
3921,78.420000,SIMULATED,DESCENT,9.281,-0.022,3.182,0.003,0.155,18.474,101046.3,23.24,-5.10,,,,,,,,1,0,6DF9
3922,78.440000,SIMULATED,DESCENT,9.231,0.029,3.263,-0.016,0.077,17.466,101058.3,22.24,-5.14,,,,,,,,1,0,9520
3923,78.460000,SIMULATED,DESCENT,9.190,0.028,3.347,-0.039,-0.034,16.452,101056.8,22.37,-5.15,,,,,,,,1,0,C9F5
3924,78.480000,SIMULATED,DESCENT,9.177,-0.009,3.398,0.142,-0.088,15.662,101055.7,22.46,-5.15,,,,,,,,1,0,06E2
3925,78.500000,SIMULATED,DESCENT,9.114,-0.031,3.561,-0.157,0.118,14.703,101056.6,22.39,-5.14,,,,,,,,1,0,C9D7
3926,78.520000,SIMULATED,DESCENT,8.966,-0.042,3.704,0.066,0.031,13.610,101054.7,22.54,-5.12,,,,,,,,1,0,0CD5
3927,78.540000,SIMULATED,DESCENT,8.933,-0.071,3.778,-0.004,-0.002,12.635,101062.2,21.92,-5.14,,,,,,,,1,0,DF1A
3928,78.560000,SIMULATED,DESCENT,8.960,0.082,3.864,0.020,-0.007,11.552,101062.2,21.92,-5.15,,,,,,,,1,0,CAEB
3929,78.580000,SIMULATED,DESCENT,9.002,-0.029,4.016,0.094,0.187,10.407,101055.1,22.51,-5.10,,,,,,,,1,0,0FC3
3930,78.600000,SIMULATED,DESCENT,8.968,-0.013,4.091,0.011,-0.017,9.201,101062.5,21.89,-5.10,,,,,,,,1,0,1315
3931,78.620000,SIMULATED,DESCENT,8.827,-0.020,4.182,-0.032,-0.065,8.008,101065.9,21.61,-5.11,,,,,,,,1,0,F667
3932,78.640000,SIMULATED,DESCENT,8.915,0.009,4.254,0.136,-0.252,6.772,101068.1,21.42,-5.13,,,,,,,,1,0,D6CE
3933,78.660000,SIMULATED,DESCENT,8.761,-0.006,4.440,-0.104,0.017,5.662,101060.1,22.09,-5.08,,,,,,,,1,0,FF34
3934,78.680000,SIMULATED,DESCENT,8.720,-0.030,4.527,0.000,0.006,4.295,101074.9,20.86,-5.13,,,,,,,,1,0,9818
3935,78.700000,SIMULATED,DESCENT,8.653,0.000,4.659,-0.014,0.022,3.209,101066.5,21.56,-5.11,,,,,,,,1,0,C6F6
3936,78.720000,SIMULATED,DESCENT,8.564,-0.147,4.629,-0.049,0.113,1.739,101067.9,21.44,-5.09,,,,,,,,1,0,61F0
3937,78.740000,SIMULATED,DESCENT,8.442,-0.057,4.855,0.006,-0.023,0.552,101072.6,21.05,-5.10,,,,,,,,1,0,FCB5
3938,78.760000,SIMULATED,DESCENT,8.469,-0.029,4.978,0.238,-0.063,-0.726,101072.3,21.07,-5.10,,,,,,,,1,0,A8BC
3939,78.780000,SIMULATED,DESCENT,8.400,0.104,5.051,-0.004,-0.137,-1.672,101071.1,21.17,-5.08,,,,,,,,1,0,9376
3940,78.800000,SIMULATED,DESCENT,8.294,0.038,5.243,-0.099,0.144,-3.258,101075.3,20.83,-5.08,,,,,,,,1,0,9DC6
3941,78.820000,SIMULATED,DESCENT,8.250,0.036,5.262,-0.006,-0.107,-4.371,101073.4,20.98,-5.06,,,,,,,,1,0,88E3
3942,78.840000,SIMULATED,DESCENT,8.242,0.051,5.439,-0.051,-0.046,-5.601,101082.9,20.19,-5.10,,,,,,,,1,0,6B79
3943,78.860000,SIMULATED,DESCENT,8.137,0.064,5.519,-0.112,-0.059,-6.839,101076.1,20.76,-5.08,,,,,,,,1,0,C220
3944,78.880000,SIMULATED,DESCENT,8.077,-0.023,5.539,0.178,-0.069,-8.073,101083.1,20.18,-5.10,,,,,,,,1,0,C84D
3945,78.900000,SIMULATED,DESCENT,7.992,-0.039,5.662,-0.119,0.019,-9.162,101079.8,20.45,-5.09,,,,,,,,1,0,A513
3946,78.920000,SIMULATED,DESCENT,7.872,-0.004,5.787,0.094,-0.027,-10.344,101079.0,20.52,-5.07,,,,,,,,1,0,3DAD
3947,78.940000,SIMULATED,DESCENT,7.854,0.064,5.868,-0.045,0.158,-11.718,101086.3,19.91,-5.09,,,,,,,,1,0,DAF8
3948,78.960000,SIMULATED,DESCENT,7.733,-0.030,6.093,0.141,0.040,-12.519,101083.4,20.14,-5.08,,,,,,,,1,0,B25B
3949,78.980000,SIMULATED,DESCENT,7.701,-0.036,6.167,0.027,0.084,-13.755,101084.1,20.09,-5.06,,,,,,,,1,0,771F
3950,79.000000,SIMULATED,DESCENT,7.691,0.035,6.134,0.070,-0.197,-14.680,101083.6,20.13,-5.04,19.21,0.0006250,0.0012300,23.0,3,9,4.037,1,0,6E7C
3951,79.020000,SIMULATED,DESCENT,7.536,-0.078,6.206,-0.192,-0.081,-15.573,101087.6,19.80,-5.04,,,,,,,,1,0,A15B
3952,79.040000,SIMULATED,DESCENT,7.506,-0.033,6.314,0.074,0.017,-16.793,101090.8,19.53,-5.05,,,,,,,,1,0,C2D0
3953,79.060000,SIMULATED,DESCENT,7.458,-0.076,6.456,-0.017,-0.054,-17.542,101095.3,19.15,-5.08,,,,,,,,1,0,4AB0
3954,79.080000,SIMULATED,DESCENT,7.384,-0.020,6.546,0.061,0.063,-18.422,101092.9,19.35,-5.09,,,,,,,,1,0,8C7C
3955,79.100000,SIMULATED,DESCENT,7.308,0.049,6.458,-0.078,0.051,-19.150,101095.8,19.11,-5.10,,,,,,,,1,0,01E8
3956,79.120000,SIMULATED,DESCENT,7.204,-0.095,6.604,-0.037,0.059,-20.041,101094.1,19.26,-5.10,,,,,,,,1,0,778D
3957,79.140000,SIMULATED,DESCENT,7.248,0.013,6.618,0.069,0.021,-20.901,101092.2,19.41,-5.07,,,,,,,,1,0,74DF
3958,79.160000,SIMULATED,DESCENT,7.095,-0.025,6.646,-0.114,0.091,-21.297,101098.2,18.92,-5.08,,,,,,,,1,0,19CB
3959,79.180000,SIMULATED,DESCENT,7.144,0.019,6.665,0.123,-0.100,-22.091,101094.5,19.23,-5.06,,,,,,,,1,0,CC26
3960,79.200000,SIMULATED,DESCENT,7.076,-0.004,6.790,-0.006,-0.028,-22.508,101096.3,19.07,-5.04,,,,,,,,1,0,A930
3961,79.220000,SIMULATED,DESCENT,7.066,-0.003,6.775,-0.002,-0.030,-23.054,101101.7,18.63,-5.05,,,,,,,,1,0,D823
3962,79.240000,SIMULATED,DESCENT,7.063,-0.095,6.829,0.091,-0.043,-23.664,101102.9,18.52,-5.06,,,,,,,,1,0,F8B9
3963,79.260000,SIMULATED,DESCENT,7.061,0.062,6.820,0.003,-0.026,-23.925,101108.5,18.06,-5.10,,,,,,,,1,0,EB26
3964,79.280000,SIMULATED,DESCENT,6.900,-0.017,6.944,-0.082,0.054,-24.393,101101.8,18.62,-5.08,,,,,,,,1,0,D7E1
3965,79.300000,SIMULATED,DESCENT,6.968,0.006,6.993,-0.044,0.223,-24.509,101109.3,17.99,-5.10,,,,,,,,1,0,5713
3966,79.320000,SIMULATED,DESCENT,6.921,0.000,6.881,-0.021,0.083,-24.914,101107.8,18.12,-5.11,,,,,,,,1,0,EDC7
3967,79.340000,SIMULATED,DESCENT,6.876,-0.037,7.022,-0.012,-0.014,-24.790,101107.4,18.15,-5.10,,,,,,,,1,0,796C
3968,79.360000,SIMULATED,DESCENT,6.864,0.042,6.977,0.236,0.066,-24.932,101112.7,17.71,-5.13,,,,,,,,1,0,5A5E
3969,79.380000,SIMULATED,DESCENT,6.967,0.060,6.851,0.106,-0.029,-24.928,101101.4,18.65,-5.06,,,,,,,,1,0,2A6E
3970,79.400000,SIMULATED,DESCENT,6.994,-0.018,6.903,-0.006,-0.147,-24.989,101106.2,18.24,-5.03,,,,,,,,1,0,14A0
3971,79.420000,SIMULATED,DESCENT,6.929,0.031,6.927,-0.027,-0.190,-24.937,101111.6,17.80,-5.02,,,,,,,,1,0,758F
3972,79.440000,SIMULATED,DESCENT,6.972,-0.005,6.947,-0.072,-0.122,-24.803,101108.4,18.07,-4.99,,,,,,,,1,0,C0D2
3973,79.460000,SIMULATED,DESCENT,7.012,-0.058,6.907,-0.074,0.043,-24.381,101112.9,17.69,-4.98,,,,,,,,1,0,E032
3974,79.480000,SIMULATED,DESCENT,6.985,-0.109,6.815,-0.051,0.085,-23.923,101120.9,17.02,-5.01,,,,,,,,1,0,241F
3975,79.500000,SIMULATED,DESCENT,6.913,-0.034,6.956,0.169,-0.141,-23.735,101117.9,17.27,-5.02,,,,,,,,1,0,4BC3
3976,79.520000,SIMULATED,DESCENT,7.118,-0.015,6.737,0.000,-0.088,-23.400,101116.9,17.35,-5.01,,,,,,,,1,0,5860
3977,79.540000,SIMULATED,DESCENT,7.170,-0.013,6.780,0.017,0.064,-22.915,101118.7,17.21,-5.01,,,,,,,,1,0,EDE0
3978,79.560000,SIMULATED,DESCENT,7.095,0.061,6.726,0.061,0.062,-22.466,101116.6,17.38,-4.98,,,,,,,,1,0,3B39
3979,79.580000,SIMULATED,DESCENT,7.189,-0.028,6.707,-0.016,0.021,-21.854,101124.7,16.71,-5.00,,,,,,,,1,0,39F9
3980,79.600000,SIMULATED,DESCENT,7.191,-0.062,6.617,0.069,0.081,-21.093,101126.8,16.53,-5.03,,,,,,,,1,0,61D3
3981,79.620000,SIMULATED,DESCENT,7.329,0.070,6.599,0.059,0.027,-20.435,101121.3,16.99,-5.01,,,,,,,,1,0,32A7
3982,79.640000,SIMULATED,DESCENT,7.309,0.031,6.560,0.036,-0.036,-19.586,101124.1,16.75,-5.00,,,,,,,,1,0,DB90
3983,79.660000,SIMULATED,DESCENT,7.476,0.079,6.388,-0.071,0.178,-18.858,101127.8,16.45,-5.01,,,,,,,,1,0,81D7
3984,79.680000,SIMULATED,DESCENT,7.430,-0.051,6.441,0.013,-0.024,-17.878,101126.0,16.60,-4.99,,,,,,,,1,0,B2EB
3985,79.700000,SIMULATED,DESCENT,7.496,-0.025,6.379,-0.043,0.077,-16.965,101132.5,16.06,-5.02,,,,,,,,1,0,4322
3986,79.720000,SIMULATED,DESCENT,7.568,-0.009,6.341,-0.163,0.103,-16.139,101132.2,16.08,-5.03,,,,,,,,1,0,1EA7
3987,79.740000,SIMULATED,DESCENT,7.692,0.029,6.160,-0.091,-0.009,-15.242,101133.1,16.00,-5.04,,,,,,,,1,0,89EF
3988,79.760000,SIMULATED,DESCENT,7.609,-0.053,6.099,0.057,-0.121,-14.190,101135.1,15.84,-5.06,,,,,,,,1,0,C6F2
3989,79.780000,SIMULATED,DESCENT,7.766,0.013,6.053,0.033,0.178,-13.216,101140.2,15.41,-5.10,,,,,,,,1,0,4BA0
3990,79.800000,SIMULATED,DESCENT,7.913,-0.009,5.867,0.114,0.136,-12.096,101133.8,15.95,-5.09,,,,,,,,1,0,0C49
3991,79.820000,SIMULATED,DESCENT,7.874,0.085,5.844,0.152,0.097,-11.060,101135.1,15.84,-5.07,,,,,,,,1,0,44DC
3992,79.840000,SIMULATED,DESCENT,7.930,0.038,5.728,-0.118,-0.143,-9.858,101134.5,15.89,-5.05,,,,,,,,1,0,6966
3993,79.860000,SIMULATED,DESCENT,7.951,-0.023,5.674,0.215,0.033,-8.577,101141.1,15.34,-5.06,,,,,,,,1,0,C786
3994,79.880000,SIMULATED,DESCENT,8.132,-0.008,5.548,-0.010,-0.063,-7.383,101140.9,15.35,-5.07,,,,,,,,1,0,B445
3995,79.900000,SIMULATED,DESCENT,8.171,0.026,5.380,-0.053,-0.047,-6.162,101141.6,15.30,-5.07,,,,,,,,1,0,681F
3996,79.920000,SIMULATED,DESCENT,8.147,-0.009,5.259,0.182,0.082,-4.926,101140.8,15.36,-5.05,,,,,,,,1,0,7A07
3997,79.940000,SIMULATED,DESCENT,8.292,-0.063,5.115,0.041,-0.102,-3.690,101144.5,15.05,-5.06,,,,,,,,1,0,2EF3
3998,79.960000,SIMULATED,DESCENT,8.356,0.075,5.072,-0.202,0.052,-2.368,101149.3,14.65,-5.08,,,,,,,,1,0,90E2
3999,79.980000,SIMULATED,DESCENT,8.412,-0.042,4.991,0.061,-0.098,-1.277,101143.3,15.16,-5.06,,,,,,,,1,0,56D7
4000,80.000000,SIMULATED,DESCENT,8.534,0.007,4.876,-0.043,0.118,0.109,101148.9,14.69,-5.07,19.18,0.0006316,0.0012390,9.9,3,9,4.037,1,0,C35D
4001,80.020000,SIMULATED,DESCENT,8.596,-0.017,4.826,-0.113,0.112,1.301,101152.2,14.41,-5.09,,,,,,,,1,0,7DCF
4002,80.040000,SIMULATED,DESCENT,8.678,0.061,4.628,0.049,-0.094,2.574,101148.0,14.76,-5.08,,,,,,,,1,0,0389
4003,80.060000,SIMULATED,DESCENT,8.592,0.033,4.544,-0.099,-0.031,3.601,101152.9,14.35,-5.09,,,,,,,,1,0,7768
4004,80.080000,SIMULATED,DESCENT,8.675,0.039,4.412,-0.124,0.087,4.965,101157.9,13.93,-5.12,,,,,,,,1,0,2746
4005,80.100000,SIMULATED,DESCENT,8.843,-0.051,4.399,0.202,0.015,6.390,101151.0,14.52,-5.10,,,,,,,,1,0,3EA5
4006,80.120000,SIMULATED,DESCENT,8.824,0.101,4.289,-0.099,-0.002,7.436,101157.4,13.97,-5.12,,,,,,,,1,0,382B
4007,80.140000,SIMULATED,DESCENT,8.749,0.011,4.056,-0.095,0.054,8.903,101153.7,14.28,-5.10,,,,,,,,1,0,E77E
4008,80.160000,SIMULATED,DESCENT,8.958,-0.031,4.034,-0.080,0.039,9.825,101158.7,13.87,-5.10,,,,,,,,1,0,EF18
4009,80.180000,SIMULATED,DESCENT,8.969,0.029,3.901,0.103,0.103,10.936,101160.9,13.69,-5.12,,,,,,,,1,0,FFE8
4010,80.200000,SIMULATED,DESCENT,9.050,0.048,3.857,0.115,0.054,12.014,101160.2,13.75,-5.11,,,,,,,,1,0,F8AA
4011,80.220000,SIMULATED,DESCENT,9.018,0.034,3.672,-0.032,-0.021,13.051,101157.7,13.95,-5.09,,,,,,,,1,0,8B33
4012,80.240000,SIMULATED,DESCENT,9.113,-0.022,3.492,-0.019,0.053,14.255,101165.7,13.28,-5.11,,,,,,,,1,0,1981
4013,80.260000,SIMULATED,DESCENT,9.163,0.017,3.563,0.122,-0.143,15.101,101166.9,13.19,-5.13,,,,,,,,1,0,7770
4014,80.280000,SIMULATED,DESCENT,9.259,0.014,3.493,0.097,-0.010,16.050,101162.8,13.53,-5.11,,,,,,,,1,0,3B9C
4015,80.300000,SIMULATED,DESCENT,9.180,0.053,3.275,-0.005,0.006,17.056,101164.9,13.35,-5.10,,,,,,,,1,0,A60B
4016,80.320000,SIMULATED,DESCENT,9.302,-0.064,3.196,0.087,-0.071,18.219,101169.0,13.01,-5.11,,,,,,,,1,0,62FE
4017,80.340000,SIMULATED,DESCENT,9.319,0.067,3.228,-0.076,0.024,18.997,101165.4,13.31,-5.09,,,,,,,,1,0,6577
4018,80.360000,SIMULATED,DESCENT,9.252,-0.045,2.996,0.039,0.056,19.845,101175.8,12.44,-5.13,,,,,,,,1,0,327E
4019,80.380000,SIMULATED,DESCENT,9.320,0.035,2.951,0.047,0.037,20.308,101171.4,12.81,-5.13,,,,,,,,1,0,7E8F
4020,80.400000,SIMULATED,DESCENT,9.310,0.014,2.914,0.091,0.092,21.059,101171.9,12.77,-5.12,,,,,,,,1,0,C165
4021,80.420000,SIMULATED,DESCENT,9.334,0.030,2.892,0.004,0.219,21.794,101173.6,12.63,-5.12,,,,,,,,1,0,1E1A
4022,80.440000,SIMULATED,DESCENT,9.303,0.034,2.738,0.052,-0.140,22.459,101184.2,11.74,-5.18,,,,,,,,1,0,5E1C
4023,80.460000,SIMULATED,DESCENT,9.397,0.080,2.848,0.107,-0.044,22.981,101174.6,12.54,-5.17,,,,,,,,1,0,43E3
4024,80.480000,SIMULATED,DESCENT,9.382,-0.021,2.631,-0.033,0.085,23.308,101177.4,12.31,-5.17,,,,,,,,1,0,94C2
4025,80.500000,SIMULATED,DESCENT,9.445,-0.038,2.716,0.036,0.021,23.906,101179.0,12.18,-5.16,,,,,,,,1,0,7CA0
4026,80.520000,SIMULATED,DESCENT,9.478,-0.104,2.669,-0.076,0.001,24.152,101181.9,11.93,-5.18,,,,,,,,1,0,825E
4027,80.540000,SIMULATED,DESCENT,9.384,0.004,2.566,-0.011,0.003,24.463,101181.3,11.99,-5.17,,,,,,,,1,0,8475
4028,80.560000,SIMULATED,DESCENT,9.373,-0.046,2.548,-0.143,-0.088,24.830,101182.4,11.90,-5.17,,,,,,,,1,0,9767
4029,80.580000,SIMULATED,DESCENT,9.495,0.013,2.651,0.003,0.039,24.779,101185.0,11.68,-5.17,,,,,,,,1,0,6B27
4030,80.600000,SIMULATED,DESCENT,9.470,-0.023,2.528,-0.004,0.019,24.900,101178.2,12.24,-5.12,,,,,,,,1,0,F152
4031,80.620000,SIMULATED,DESCENT,9.457,-0.068,2.504,-0.040,-0.347,25.030,101183.8,11.78,-5.11,,,,,,,,1,0,845A
4032,80.640000,SIMULATED,DESCENT,9.533,0.062,2.521,-0.194,0.019,24.986,101190.8,11.19,-5.13,,,,,,,,1,0,75D5
4033,80.660000,SIMULATED,DESCENT,9.500,-0.047,2.618,-0.008,0.105,24.952,101184.9,11.69,-5.10,,,,,,,,1,0,277B
4034,80.680000,SIMULATED,DESCENT,9.507,0.128,2.615,0.003,0.134,24.838,101189.6,11.30,-5.10,,,,,,,,1,0,C9D3
4035,80.700000,SIMULATED,DESCENT,9.473,0.001,2.584,0.280,0.008,24.509,101194.8,10.86,-5.13,,,,,,,,1,0,F3A0
4036,80.720000,SIMULATED,DESCENT,9.456,0.029,2.617,-0.153,0.140,24.301,101194.9,10.85,-5.15,,,,,,,,1,0,DA62
4037,80.740000,SIMULATED,DESCENT,9.469,0.052,2.710,-0.038,0.037,24.064,101192.0,11.10,-5.13,,,,,,,,1,0,99C1
4038,80.760000,SIMULATED,DESCENT,9.382,-0.002,2.620,0.032,-0.110,23.561,101196.8,10.69,-5.15,,,,,,,,1,0,5569
4039,80.780000,SIMULATED,DESCENT,9.462,-0.014,2.729,-0.004,0.066,23.111,101198.7,10.54,-5.16,,,,,,,,1,0,31DC
4040,80.800000,SIMULATED,DESCENT,9.466,0.036,2.759,0.046,0.179,22.685,101191.6,11.13,-5.12,,,,,,,,1,0,9A18
4041,80.820000,SIMULATED,DESCENT,9.363,-0.076,2.869,-0.063,0.136,22.227,101204.3,10.07,-5.16,,,,,,,,1,0,9633
4042,80.840000,SIMULATED,DESCENT,9.493,-0.053,2.955,0.171,-0.003,21.564,101201.2,10.33,-5.17,,,,,,,,1,0,A4D3
4043,80.860000,SIMULATED,DESCENT,9.300,-0.027,2.903,0.008,-0.027,20.376,101198.6,10.54,-5.15,,,,,,,,1,0,1CA6
4044,80.880000,SIMULATED,DESCENT,9.246,0.099,3.055,-0.075,0.204,19.966,101201.7,10.28,-5.14,,,,,,,,1,0,C600
4045,80.900000,SIMULATED,DESCENT,9.343,0.006,3.061,-0.047,-0.059,19.176,101202.0,10.26,-5.13,,,,,,,,1,0,029F
4046,80.920000,SIMULATED,DESCENT,9.247,-0.029,3.227,0.010,-0.007,18.517,101207.2,9.83,-5.15,,,,,,,,1,0,BFFD
4047,80.940000,SIMULATED,DESCENT,9.361,-0.019,3.231,-0.057,0.031,17.738,101204.7,10.04,-5.14,,,,,,,,1,0,2D00
4048,80.960000,SIMULATED,DESCENT,9.270,-0.054,3.416,-0.069,0.041,16.856,101206.9,9.85,-5.13,,,,,,,,1,0,89D0
4049,80.980000,SIMULATED,DESCENT,9.255,-0.068,3.503,-0.026,-0.094,15.786,101209.7,9.62,-5.14,,,,,,,,1,0,3A24
4050,81.000000,SIMULATED,DESCENT,9.143,0.014,3.680,0.067,-0.045,14.588,101210.7,9.54,-5.15,19.19,0.0006530,0.0012648,2.7,3,9,4.035,1,0,D2E1
4051,81.020000,SIMULATED,DESCENT,9.081,0.041,3.633,-0.157,-0.116,13.645,101206.1,9.92,-5.11,,,,,,,,1,0,B296
4052,81.040000,SIMULATED,DESCENT,8.976,0.045,3.727,-0.156,0.083,12.467,101209.2,9.66,-5.09,,,,,,,,1,0,C340
4053,81.060000,SIMULATED,DESCENT,8.996,0.030,3.812,0.002,-0.048,11.438,101216.0,9.10,-5.11,,,,,,,,1,0,E088
4054,81.080000,SIMULATED,DESCENT,9.025,0.047,3.963,0.051,0.095,10.213,101213.7,9.29,-5.11,,,,,,,,1,0,5E86
4055,81.100000,SIMULATED,DESCENT,8.943,-0.034,4.033,0.028,0.001,9.239,101217.0,9.01,-5.12,,,,,,,,1,0,BB47
4056,81.120000,SIMULATED,DESCENT,8.856,0.031,4.144,-0.075,-0.018,8.043,101217.2,9.00,-5.12,,,,,,,,1,0,6887
4057,81.140000,SIMULATED,DESCENT,8.783,-0.011,4.300,0.067,0.078,6.774,101221.4,8.65,-5.14,,,,,,,,1,0,5DE8
4058,81.160000,SIMULATED,DESCENT,8.787,-0.040,4.405,-0.165,-0.124,5.501,101216.5,9.05,-5.12,,,,,,,,1,0,8CBB
4059,81.180000,SIMULATED,DESCENT,8.696,-0.080,4.522,-0.098,0.049,4.479,101222.8,8.52,-5.13,,,,,,,,1,0,BB8D
4060,81.200000,SIMULATED,DESCENT,8.650,0.049,4.555,-0.049,0.019,3.172,101219.7,8.79,-5.12,,,,,,,,1,0,9F2C
4061,81.220000,SIMULATED,DESCENT,8.610,-0.059,4.712,0.006,-0.055,1.844,101223.2,8.50,-5.12,,,,,,,,1,0,5DD0
4062,81.240000,SIMULATED,DESCENT,8.538,0.133,4.795,-0.080,-0.162,0.744,101222.2,8.58,-5.10,,,,,,,,1,0,754F
4063,81.260000,SIMULATED,DESCENT,8.479,-0.021,4.956,0.003,-0.001,-0.676,101224.9,8.35,-5.10,,,,,,,,1,0,665D
4064,81.280000,SIMULATED,DESCENT,8.400,0.051,5.034,0.172,0.003,-1.858,101221.6,8.63,-5.06,,,,,,,,1,0,0930
4065,81.300000,SIMULATED,DESCENT,8.369,0.013,5.181,0.061,-0.016,-3.097,101225.0,8.35,-5.05,,,,,,,,1,0,F149
4066,81.320000,SIMULATED,DESCENT,8.223,0.015,5.269,0.109,-0.053,-4.434,101231.2,7.83,-5.06,,,,,,,,1,0,B370
4067,81.340000,SIMULATED,DESCENT,8.225,0.024,5.496,0.094,-0.161,-5.687,101223.6,8.46,-5.02,,,,,,,,1,0,F784
4068,81.360000,SIMULATED,DESCENT,8.147,-0.010,5.498,0.005,-0.012,-6.771,101230.6,7.88,-5.02,,,,,,,,1,0,6441
4069,81.380000,SIMULATED,DESCENT,8.024,-0.044,5.551,-0.108,-0.153,-8.101,101232.1,7.75,-5.02,,,,,,,,1,0,0E1F
4070,81.400000,SIMULATED,DESCENT,7.983,0.025,5.686,-0.077,-0.120,-9.308,101236.8,7.36,-5.04,,,,,,,,1,0,5D3E
4071,81.420000,SIMULATED,DESCENT,7.819,-0.026,5.880,-0.037,0.120,-10.404,101234.8,7.53,-5.04,,,,,,,,1,0,A59F
4072,81.440000,SIMULATED,DESCENT,7.883,0.000,5.923,0.040,-0.090,-11.423,101235.6,7.46,-5.04,,,,,,,,1,0,E782
4073,81.460000,SIMULATED,DESCENT,7.734,-0.021,6.026,-0.084,-0.048,-12.458,101237.2,7.33,-5.04,,,,,,,,1,0,5A42
4074,81.480000,SIMULATED,DESCENT,7.809,0.025,6.120,0.157,-0.045,-13.625,101240.3,7.07,-5.06,,,,,,,,1,0,8E6E
4075,81.500000,SIMULATED,DESCENT,7.641,0.014,6.144,0.044,-0.076,-14.786,101239.3,7.16,-5.05,,,,,,,,1,0,5E8F
4076,81.520000,SIMULATED,DESCENT,7.617,-0.007,6.220,0.033,-0.114,-15.698,101243.8,6.78,-5.07,,,,,,,,1,0,2DBD
4077,81.540000,SIMULATED,DESCENT,7.526,0.037,6.235,0.236,0.000,-16.794,101240.9,7.02,-5.06,,,,,,,,1,0,229F
4078,81.560000,SIMULATED,DESCENT,7.379,-0.012,6.303,-0.012,-0.374,-17.692,101241.7,6.95,-5.05,,,,,,,,1,0,078A
4079,81.580000,SIMULATED,DESCENT,7.311,-0.044,6.453,0.089,0.159,-18.446,101242.2,6.91,-5.04,,,,,,,,1,0,C295
4080,81.600000,SIMULATED,DESCENT,7.379,0.013,6.573,-0.139,-0.064,-19.290,101242.3,6.90,-5.02,,,,,,,,1,0,DC9B
4081,81.620000,SIMULATED,DESCENT,7.287,-0.052,6.611,-0.025,0.126,-19.993,101251.2,6.16,-5.05,,,,,,,,1,0,34F0
4082,81.640000,SIMULATED,DESCENT,7.209,-0.065,6.606,0.095,-0.105,-20.716,101249.9,6.27,-5.06,,,,,,,,1,0,13C8
4083,81.660000,SIMULATED,DESCENT,7.203,0.070,6.693,-0.109,-0.055,-21.581,101247.9,6.44,-5.05,,,,,,,,1,0,DF1B
4084,81.680000,SIMULATED,DESCENT,7.162,0.014,6.659,0.036,0.081,-21.946,101252.1,6.09,-5.06,,,,,,,,1,0,BC1D
4085,81.700000,SIMULATED,DESCENT,7.142,0.024,6.857,-0.054,-0.003,-22.627,101253.5,5.97,-5.07,,,,,,,,1,0,563E
4086,81.720000,SIMULATED,DESCENT,7.061,-0.092,6.813,0.186,-0.125,-23.115,101248.7,6.37,-5.04,,,,,,,,1,0,0ADE
4087,81.740000,SIMULATED,DESCENT,7.031,0.054,6.763,-0.226,0.141,-23.358,101256.4,5.73,-5.06,,,,,,,,1,0,BC4E
4088,81.760000,SIMULATED,DESCENT,7.045,0.010,6.854,-0.082,-0.012,-23.969,101251.1,6.17,-5.03,,,,,,,,1,0,89C9
4089,81.780000,SIMULATED,DESCENT,7.031,0.129,7.014,-0.155,-0.096,-24.423,101254.8,5.86,-5.02,,,,,,,,1,0,356D
4090,81.800000,SIMULATED,DESCENT,7.014,0.096,6.859,0.224,-0.121,-24.532,101257.1,5.67,-5.01,,,,,,,,1,0,F273
4091,81.820000,SIMULATED,DESCENT,6.927,-0.040,6.905,0.233,-0.071,-24.836,101253.5,5.97,-4.98,,,,,,,,1,0,5504
4092,81.840000,SIMULATED,DESCENT,7.014,-0.038,6.925,0.082,0.039,-25.040,101258.2,5.58,-4.97,,,,,,,,1,0,352C
4093,81.860000,SIMULATED,DESCENT,6.903,-0.025,6.881,-0.074,-0.041,-25.046,101256.3,5.74,-4.94,,,,,,,,1,0,72B3
4094,81.880000,SIMULATED,DESCENT,6.905,0.036,6.951,-0.033,-0.186,-24.861,101262.7,5.21,-4.95,,,,,,,,1,0,9496
4095,81.900000,SIMULATED,DESCENT,6.878,0.007,6.953,-0.015,-0.065,-24.805,101263.8,5.12,-4.95,,,,,,,,1,0,8C9E
4096,81.920000,SIMULATED,DESCENT,6.856,-0.018,6.950,0.118,-0.023,-24.922,101268.7,4.71,-4.98,,,,,,,,1,0,4A8B
4097,81.940000,SIMULATED,DESCENT,6.932,-0.020,6.859,0.098,0.168,-24.703,101265.7,4.96,-4.98,,,,,,,,1,0,C55E
4098,81.960000,SIMULATED,DESCENT,7.029,0.033,6.894,-0.003,0.039,-24.469,101266.2,4.92,-4.98,,,,,,,,1,0,9345
4099,81.980000,SIMULATED,DESCENT,6.990,-0.037,6.907,0.058,-0.158,-23.962,101272.9,4.36,-5.01,,,,,,,,1,0,E81D
4100,82.000000,SIMULATED,DESCENT,7.009,-0.045,6.881,-0.072,0.221,-23.718,101270.4,4.56,-5.02,19.04,0.0006618,0.0013135,3.5,3,9,4.040,1,0,F4F0
4101,82.020000,SIMULATED,DESCENT,6.936,-0.036,6.863,0.163,0.022,-23.501,101270.0,4.60,-5.02,,,,,,,,1,0,A715
4102,82.040000,SIMULATED,DESCENT,7.062,-0.087,6.746,-0.167,0.075,-22.869,101268.3,4.74,-4.99,,,,,,,,1,0,57A4
4103,82.060000,SIMULATED,DESCENT,7.189,0.094,6.740,0.025,0.101,-22.369,101272.8,4.36,-4.99,,,,,,,,1,0,D2EC
4104,82.080000,SIMULATED,DESCENT,7.202,-0.013,6.709,0.064,-0.090,-21.826,101273.1,4.34,-4.98,,,,,,,,1,0,125E
4105,82.100000,SIMULATED,DESCENT,7.181,0.023,6.674,-0.090,0.035,-21.263,101278.4,3.90,-5.01,,,,,,,,1,0,BF37
4106,82.120000,SIMULATED,DESCENT,7.191,0.010,6.629,-0.002,-0.186,-20.345,101273.7,4.29,-4.99,,,,,,,,1,0,6102
4107,82.140000,SIMULATED,DESCENT,7.237,0.082,6.529,-0.085,-0.130,-19.530,101273.2,4.33,-4.96,,,,,,,,1,0,4AC5
4108,82.160000,SIMULATED,DESCENT,7.360,-0.077,6.420,-0.140,0.066,-18.839,101276.8,4.03,-4.94,,,,,,,,1,0,BB22
4109,82.180000,SIMULATED,DESCENT,7.443,0.064,6.367,-0.009,0.085,-18.198,101280.7,3.71,-4.95,,,,,,,,1,0,A6D2
4110,82.200000,SIMULATED,DESCENT,7.380,-0.043,6.315,-0.145,0.098,-17.323,101280.2,3.74,-4.95,,,,,,,,1,0,CF9C
4111,82.220000,SIMULATED,DESCENT,7.542,-0.016,6.362,-0.185,-0.025,-16.131,101286.7,3.21,-4.98,,,,,,,,1,0,AE02
4112,82.240000,SIMULATED,DESCENT,7.706,0.025,6.153,-0.021,0.134,-15.062,101282.1,3.59,-4.97,,,,,,,,1,0,71A9
4113,82.260000,SIMULATED,DESCENT,7.647,-0.013,6.095,-0.040,0.065,-14.254,101289.3,2.99,-5.00,,,,,,,,1,0,4515
4114,82.280000,SIMULATED,DESCENT,7.765,0.059,6.011,0.275,-0.015,-13.201,101286.1,3.26,-5.00,,,,,,,,1,0,FD13
4115,82.300000,SIMULATED,DESCENT,7.869,0.057,5.965,-0.228,0.149,-12.171,101285.3,3.33,-4.99,,,,,,,,1,0,93A1
4116,82.320000,SIMULATED,DESCENT,8.032,-0.039,5.835,0.019,0.074,-10.913,101296.3,2.41,-5.04,,,,,,,,1,0,BACF
4117,82.340000,SIMULATED,DESCENT,7.877,0.008,5.826,0.086,0.007,-9.837,101285.5,3.31,-5.01,,,,,,,,1,0,2F25
4118,82.360000,SIMULATED,DESCENT,8.032,-0.008,5.650,0.054,-0.211,-8.497,101297.1,2.34,-5.05,,,,,,,,1,0,98CF
4119,82.380000,SIMULATED,DESCENT,8.058,-0.034,5.544,-0.015,0.053,-7.288,101294.2,2.58,-5.07,,,,,,,,1,0,F138
4120,82.400000,SIMULATED,DESCENT,8.172,-0.001,5.529,-0.008,-0.036,-6.164,101291.9,2.78,-5.05,,,,,,,,1,0,0C06
4121,82.420000,SIMULATED,DESCENT,8.208,-0.032,5.488,0.019,-0.120,-4.951,101297.4,2.32,-5.07,,,,,,,,1,0,AA41
4122,82.440000,SIMULATED,DESCENT,8.291,0.086,5.216,-0.086,-0.035,-3.767,101295.5,2.47,-5.06,,,,,,,,1,0,B802
4123,82.460000,SIMULATED,DESCENT,8.310,-0.030,5.093,-0.003,-0.008,-2.453,101300.2,2.08,-5.08,,,,,,,,1,0,D906
4124,82.480000,SIMULATED,DESCENT,8.419,-0.018,4.972,0.094,0.088,-1.244,101302.4,1.90,-5.11,,,,,,,,1,0,C533
4125,82.500000,SIMULATED,DESCENT,8.472,-0.030,4.889,0.080,0.155,-0.050,101299.9,2.11,-5.10,,,,,,,,1,0,5D88
4126,82.520000,SIMULATED,DESCENT,8.542,-0.057,4.805,0.126,0.029,1.218,101298.4,2.24,-5.08,,,,,,,,1,0,A30A
4127,82.540000,SIMULATED,DESCENT,8.693,-0.030,4.714,0.099,0.020,2.466,101300.6,2.05,-5.07,,,,,,,,1,0,E279
4128,82.560000,SIMULATED,DESCENT,8.701,0.053,4.509,-0.076,0.112,3.843,101309.8,1.28,-5.11,,,,,,,,1,0,02C4
4129,82.580000,SIMULATED,DESCENT,8.748,0.023,4.494,-0.015,-0.033,4.947,101304.6,1.72,-5.11,,,,,,,,1,0,4E53
4130,82.600000,SIMULATED,DESCENT,8.729,0.006,4.293,-0.146,0.046,6.337,101311.0,1.18,-5.14,,,,,,,,1,0,7316
4131,82.620000,SIMULATED,DESCENT,8.858,0.122,4.172,-0.103,-0.031,7.556,101305.8,1.62,-5.12,,,,,,,,1,0,BED1
4132,82.640000,SIMULATED,DESCENT,8.847,0.052,4.168,-0.058,-0.057,8.588,101306.2,1.58,-5.11,,,,,,,,1,0,97EC
4133,82.660000,SIMULATED,DESCENT,8.930,-0.072,4.086,0.131,0.012,9.992,101309.1,1.35,-5.10,,,,,,,,1,0,4762
4134,82.680000,SIMULATED,DESCENT,8.957,-0.015,3.999,-0.090,-0.122,10.678,101312.8,1.03,-5.11,,,,,,,,1,0,8F44
4135,82.700000,SIMULATED,DESCENT,9.001,-0.008,3.819,-0.015,-0.187,12.096,101306.4,1.56,-5.07,,,,,,,,1,0,C90A
4136,82.720000,SIMULATED,DESCENT,9.039,0.024,3.674,0.137,-0.003,12.975,101314.6,0.88,-5.07,,,,,,,,1,0,187B
4137,82.740000,SIMULATED,DESCENT,9.041,0.013,3.620,-0.081,0.030,14.229,101313.6,0.96,-5.07,,,,,,,,1,0,9FE9
4138,82.760000,SIMULATED,DESCENT,9.118,-0.033,3.505,-0.086,-0.017,14.934,101317.0,0.68,-5.08,,,,,,,,1,0,2BC7
4139,82.780000,SIMULATED,DESCENT,9.257,0.059,3.366,0.173,0.066,16.221,101315.2,0.83,-5.06,,,,,,,,1,0,F265
4140,82.800000,SIMULATED,DESCENT,9.281,0.033,3.325,-0.088,-0.134,17.170,101319.8,0.45,-5.07,,,,,,,,1,0,612C
4141,82.820000,SIMULATED,DESCENT,9.256,-0.003,3.295,-0.022,0.025,18.053,101325.7,-0.04,-5.11,,,,,,,,1,0,193B
4142,82.840000,SIMULATED,DESCENT,9.308,0.063,3.157,0.045,0.020,18.829,101322.7,0.21,-5.12,,,,,,,,1,0,FC74
4143,82.860000,SIMULATED,DESCENT,9.359,0.025,3.109,-0.126,-0.232,19.764,101322.7,0.21,-5.13,,,,,,,,1,0,6051
4144,82.880000,SIMULATED,DESCENT,9.317,-0.054,3.060,0.052,0.057,20.218,101325.3,-0.01,-5.14,,,,,,,,1,0,2807
4145,82.900000,SIMULATED,DESCENT,9.355,0.066,2.920,-0.091,-0.065,21.161,101322.0,0.27,-5.12,,,,,,,,1,0,CADB
4146,82.920000,SIMULATED,DESCENT,9.779,0.091,-0.006,0.019,0.032,-0.062,101326.0,-0.07,-5.12,,,,,,,,1,0,C2D6
4147,82.940000,SIMULATED,DESCENT,9.840,-0.047,-0.037,0.128,0.020,0.165,101316.6,0.71,-5.04,,,,,,,,1,0,C32C
4148,82.960000,SIMULATED,DESCENT,9.782,-0.020,0.035,-0.119,0.169,-0.041,101324.9,0.02,-5.02,,,,,,,,1,0,E09A
4149,82.980000,SIMULATED,DESCENT,9.799,0.034,-0.003,-0.147,0.104,-0.004,101320.2,0.41,-4.96,,,,,,,,1,0,B1E5
4150,83.000000,SIMULATED,DESCENT,9.949,0.046,0.033,0.018,0.000,0.147,101325.2,0.00,-4.93,19.06,0.0006483,0.0013230,0.0,3,9,4.026,1,0,0825
4151,83.020000,SIMULATED,DESCENT,9.731,-0.024,-0.019,-0.201,0.161,-0.005,101321.6,0.30,-4.87,,,,,,,,1,0,B3D7
4152,83.040000,SIMULATED,DESCENT,9.716,0.023,0.047,0.056,-0.220,-0.025,101326.8,-0.13,-4.84,,,,,,,,1,0,F04F
4153,83.060000,SIMULATED,DESCENT,9.767,0.043,-0.100,-0.007,0.014,0.120,101326.6,-0.11,-4.80,,,,,,,,1,0,B823
4154,83.080000,SIMULATED,DESCENT,9.826,-0.016,-0.062,-0.037,0.072,-0.138,101326.8,-0.13,-4.76,,,,,,,,1,0,22BC
4155,83.100000,SIMULATED,DESCENT,9.795,-0.020,0.007,0.025,0.307,0.152,101322.2,0.25,-4.68,,,,,,,,1,0,4BAB
4156,83.120000,SIMULATED,DESCENT,9.723,0.053,0.051,-0.152,0.010,-0.047,101324.6,0.05,-4.61,,,,,,,,1,0,94A5
4157,83.140000,SIMULATED,DESCENT,9.669,-0.012,0.054,0.230,0.107,0.091,101324.0,0.10,-4.54,,,,,,,,1,0,3A06
4158,83.160000,SIMULATED,DESCENT,9.838,0.051,0.028,-0.047,0.132,-0.104,101320.9,0.36,-4.44,,,,,,,,1,0,5B3D
4159,83.180000,SIMULATED,DESCENT,9.696,-0.040,0.050,0.184,-0.041,-0.015,101320.8,0.36,-4.34,,,,,,,,1,0,84B4
4160,83.200000,SIMULATED,DESCENT,9.736,-0.007,0.060,0.000,0.027,-0.043,101319.6,0.47,-4.23,,,,,,,,1,0,AE8C
4161,83.220000,SIMULATED,DESCENT,9.711,0.044,-0.062,0.100,-0.037,0.069,101320.5,0.39,-4.12,,,,,,,,1,0,A1DF
4162,83.240000,SIMULATED,DESCENT,9.847,0.014,0.031,0.046,0.178,0.042,101326.5,-0.10,-4.06,,,,,,,,1,0,C9AE
4163,83.260000,SIMULATED,DESCENT,9.780,0.032,0.075,0.034,-0.122,-0.140,101321.4,0.31,-3.95,,,,,,,,1,0,4256
4164,83.280000,SIMULATED,DESCENT,9.837,-0.039,-0.057,0.091,0.043,-0.016,101328.5,-0.28,-3.90,,,,,,,,1,0,2394
4165,83.300000,SIMULATED,DESCENT,9.895,0.017,0.068,-0.193,-0.036,0.022,101323.6,0.13,-3.81,,,,,,,,1,0,69A9
4166,83.320000,SIMULATED,DESCENT,9.842,0.006,0.042,-0.052,-0.182,-0.065,101327.3,-0.17,-3.74,,,,,,,,1,0,A067
4167,83.340000,SIMULATED,DESCENT,9.781,-0.059,0.016,-0.072,-0.012,0.119,101324.9,0.02,-3.65,,,,,,,,1,0,B7AF
4168,83.360000,SIMULATED,DESCENT,9.818,0.019,0.047,-0.112,0.048,-0.076,101328.2,-0.25,-3.59,,,,,,,,1,0,F86D
4169,83.380000,SIMULATED,DESCENT,9.836,0.056,0.035,-0.023,-0.004,0.093,101320.9,0.36,-3.47,,,,,,,,1,0,1F31
4170,83.400000,SIMULATED,DESCENT,9.717,-0.097,0.016,0.157,-0.076,0.062,101322.8,0.20,-3.37,,,,,,,,1,0,9904
4171,83.420000,SIMULATED,DESCENT,9.771,-0.100,0.106,-0.058,-0.049,-0.083,101327.7,-0.20,-3.30,,,,,,,,1,0,5616
4172,83.440000,SIMULATED,DESCENT,9.854,-0.013,-0.036,-0.077,-0.004,-0.018,101328.0,-0.23,-3.23,,,,,,,,1,0,C4D1
4173,83.460000,SIMULATED,DESCENT,9.754,0.015,0.013,-0.080,0.069,-0.018,101326.3,-0.09,-3.15,,,,,,,,1,0,22FF
4174,83.480000,SIMULATED,DESCENT,9.855,0.010,-0.024,-0.187,-0.032,-0.148,101327.8,-0.21,-3.08,,,,,,,,1,0,4089
4175,83.500000,SIMULATED,DESCENT,9.816,-0.008,-0.051,-0.042,-0.041,-0.042,101329.4,-0.35,-3.01,,,,,,,,1,0,E7EA
4176,83.520000,SIMULATED,DESCENT,9.767,0.033,0.030,-0.005,0.032,0.049,101326.8,-0.13,-2.93,,,,,,,,1,0,07E4
4177,83.540000,SIMULATED,DESCENT,9.826,0.029,0.039,0.050,0.137,-0.149,101320.3,0.41,-2.81,,,,,,,,1,0,9BD2
4178,83.560000,SIMULATED,DESCENT,9.792,-0.052,0.060,-0.110,-0.100,0.108,101323.9,0.11,-2.71,,,,,,,,1,0,7681
4179,83.580000,SIMULATED,DESCENT,9.759,0.011,0.014,-0.043,-0.107,0.094,101324.0,0.10,-2.61,,,,,,,,1,0,2335
4180,83.600000,SIMULATED,DESCENT,9.732,-0.013,-0.026,-0.120,-0.032,0.097,101327.7,-0.21,-2.54,,,,,,,,1,0,661F
4181,83.620000,SIMULATED,DESCENT,9.783,-0.028,-0.017,0.050,0.152,0.122,101320.7,0.38,-2.42,,,,,,,,1,0,7D51
4182,83.640000,SIMULATED,DESCENT,9.812,0.124,0.017,-0.007,-0.100,0.054,101323.5,0.14,-2.32,,,,,,,,1,0,931B
4183,83.660000,SIMULATED,DESCENT,9.823,-0.049,-0.060,-0.342,0.016,-0.160,101327.3,-0.17,-2.25,,,,,,,,1,0,B8E5
4184,83.680000,SIMULATED,DESCENT,9.862,-0.004,0.096,-0.129,0.260,-0.062,101323.1,0.18,-2.15,,,,,,,,1,0,DDE6
4185,83.700000,SIMULATED,DESCENT,9.804,0.021,0.116,-0.076,-0.026,0.136,101323.8,0.11,-2.06,,,,,,,,1,0,2E70
4186,83.720000,SIMULATED,DESCENT,9.797,0.023,-0.008,-0.162,0.019,-0.100,101328.5,-0.27,-2.01,,,,,,,,1,0,7C54
4187,83.740000,SIMULATED,DESCENT,9.804,-0.025,-0.062,-0.080,0.124,-0.045,101322.7,0.21,-1.91,,,,,,,,1,0,F169
4188,83.760000,SIMULATED,DESCENT,9.809,0.105,-0.009,0.020,-0.128,-0.051,101327.3,-0.17,-1.85,,,,,,,,1,0,4834
4189,83.780000,SIMULATED,DESCENT,9.853,0.021,0.023,0.064,0.113,-0.042,101327.4,-0.18,-1.78,,,,,,,,1,0,11FE
4190,83.800000,SIMULATED,DESCENT,9.758,0.022,-0.093,0.191,-0.007,0.081,101326.0,-0.07,-1.71,,,,,,,,1,0,1D1D
4191,83.820000,SIMULATED,DESCENT,9.816,-0.096,0.025,-0.165,-0.057,0.082,101326.2,-0.08,-1.65,,,,,,,,1,0,974E
4192,83.840000,SIMULATED,DESCENT,9.760,-0.069,-0.004,0.058,0.011,-0.042,101325.2,0.00,-1.57,,,,,,,,1,0,23CF
4193,83.860000,SIMULATED,DESCENT,9.790,0.086,0.019,-0.153,0.045,0.159,101325.7,-0.04,-1.50,,,,,,,,1,0,B379
4194,83.880000,SIMULATED,DESCENT,9.797,-0.085,0.063,-0.034,0.052,0.168,101316.7,0.71,-1.37,,,,,,,,1,0,D1A7
4195,83.900000,SIMULATED,DESCENT,9.741,-0.082,-0.024,0.088,-0.043,0.079,101328.1,-0.24,-1.33,,,,,,,,1,0,6E4C
4196,83.920000,SIMULATED,DESCENT,9.743,-0.038,-0.131,-0.037,-0.077,-0.230,101323.7,0.13,-1.25,,,,,,,,1,0,E3F7
4197,83.940000,SIMULATED,DESCENT,9.873,0.025,0.020,-0.150,0.023,0.056,101326.5,-0.11,-1.20,,,,,,,,1,0,55EE
4198,83.960000,SIMULATED,DESCENT,9.810,-0.048,-0.001,-0.098,0.009,0.001,101324.6,0.05,-1.13,,,,,,,,1,0,BA88
4199,83.980000,SIMULATED,DESCENT,9.895,0.060,0.032,0.029,-0.057,-0.103,101322.1,0.26,-1.05,,,,,,,,1,0,94EA
4200,84.000000,SIMULATED,DESCENT,9.841,0.009,-0.018,0.017,0.121,-0.077,101322.3,0.24,-0.97,18.95,0.0006417,0.0013178,-0.2,3,9,4.029,1,0,0AF7
4201,84.020000,SIMULATED,DESCENT,9.834,-0.046,0.036,-0.019,0.146,0.037,101324.0,0.10,-0.91,,,,,,,,1,0,99FB
4202,84.040000,SIMULATED,DESCENT,9.757,-0.031,-0.072,-0.016,-0.070,0.039,101327.4,-0.18,-0.87,,,,,,,,1,0,B755
4203,84.060000,SIMULATED,DESCENT,9.858,-0.006,0.033,-0.060,-0.117,-0.007,101325.1,0.01,-0.82,,,,,,,,1,0,68B7
4204,84.080000,SIMULATED,DESCENT,9.865,-0.057,-0.095,-0.006,-0.057,-0.058,101325.7,-0.04,-0.77,,,,,,,,1,0,C150
4205,84.100000,SIMULATED,DESCENT,9.834,-0.040,-0.075,0.110,-0.048,0.146,101323.8,0.11,-0.72,,,,,,,,1,0,40E2
4206,84.120000,SIMULATED,DESCENT,9.717,0.078,0.006,-0.012,0.049,0.030,101325.3,-0.01,-0.67,,,,,,,,1,0,61B2
4207,84.140000,SIMULATED,DESCENT,9.764,0.041,0.048,-0.042,-0.072,0.044,101325.4,-0.02,-0.63,,,,,,,,1,0,D60E
4208,84.160000,SIMULATED,DESCENT,9.792,0.006,0.022,0.108,0.035,-0.107,101325.6,-0.03,-0.58,,,,,,,,1,0,E833
4209,84.180000,SIMULATED,DESCENT,9.703,-0.028,-0.077,-0.157,-0.026,0.028,101326.9,-0.14,-0.55,,,,,,,,1,0,920F
4210,84.200000,SIMULATED,DESCENT,9.754,-0.086,0.003,0.034,-0.105,0.027,101326.2,-0.08,-0.52,,,,,,,,1,0,BF35
4211,84.220000,SIMULATED,DESCENT,9.765,-0.029,-0.004,0.014,-0.108,-0.102,101325.6,-0.03,-0.48,,,,,,,,1,0,FA3A
4212,84.240000,SIMULATED,DESCENT,9.846,0.056,0.034,-0.078,-0.046,-0.006,101327.5,-0.19,-0.46,,,,,,,,1,0,F8A7
4213,84.260000,SIMULATED,DESCENT,9.744,-0.030,-0.042,-0.136,0.131,0.002,101326.6,-0.11,-0.43,,,,,,,,1,0,D8F4
4214,84.280000,SIMULATED,DESCENT,9.899,0.043,0.014,-0.035,-0.022,0.085,101317.4,0.65,-0.34,,,,,,,,1,0,7060
4215,84.300000,SIMULATED,DESCENT,9.848,0.013,0.084,0.027,0.078,-0.089,101323.4,0.15,-0.29,,,,,,,,1,0,0303
4216,84.320000,SIMULATED,DESCENT,9.775,-0.034,-0.085,-0.076,0.067,0.103,101322.2,0.25,-0.24,,,,,,,,1,0,ECDB
4217,84.340000,SIMULATED,DESCENT,9.632,-0.018,0.001,-0.026,0.170,-0.303,101319.4,0.48,-0.17,,,,,,,,1,0,DF5E
4218,84.360000,SIMULATED,DESCENT,9.757,-0.083,0.043,-0.110,0.200,0.089,101327.8,-0.22,-0.16,,,,,,,,1,0,F6D4
4219,84.380000,SIMULATED,DESCENT,9.765,0.034,0.034,-0.007,0.084,0.004,101324.5,0.06,-0.14,,,,,,,,1,0,FA62
4220,84.400000,SIMULATED,DESCENT,9.806,-0.009,0.052,-0.031,-0.054,-0.067,101325.3,-0.01,-0.11,,,,,,,,1,0,B81C
4221,84.420000,SIMULATED,DESCENT,9.847,0.039,-0.012,-0.251,-0.101,-0.134,101324.1,0.09,-0.08,,,,,,,,1,0,C083
4222,84.440000,SIMULATED,DESCENT,9.774,0.085,0.012,0.050,0.021,0.113,101322.9,0.19,-0.05,,,,,,,,1,0,F133
4223,84.460000,SIMULATED,DESCENT,9.896,0.051,0.057,0.012,0.004,-0.050,101325.0,0.02,-0.03,,,,,,,,1,0,5702
4224,84.480000,SIMULATED,DESCENT,9.728,0.035,0.016,0.055,-0.180,0.003,101325.5,-0.02,-0.01,,,,,,,,1,0,24B9
4225,84.500000,SIMULATED,DESCENT,9.776,0.109,0.038,-0.014,-0.004,-0.119,101322.6,0.22,0.02,,,,,,,,1,0,F983
4226,84.520000,SIMULATED,DESCENT,9.702,0.004,-0.077,-0.016,-0.004,0.068,101330.2,-0.41,0.00,,,,,,,,1,0,C1A3
4227,84.540000,SIMULATED,DESCENT,9.828,-0.056,0.047,-0.150,0.138,0.025,101328.5,-0.28,0.00,,,,,,,,1,0,BC51
4228,84.560000,SIMULATED,DESCENT,9.855,0.049,0.138,-0.211,-0.041,0.048,101331.7,-0.54,-0.03,,,,,,,,1,0,9690
4229,84.580000,SIMULATED,DESCENT,9.777,0.009,-0.029,0.081,-0.115,0.104,101327.2,-0.16,-0.03,,,,,,,,1,0,3457
4230,84.600000,SIMULATED,DESCENT,9.859,-0.062,0.045,0.043,-0.078,-0.049,101323.9,0.11,0.00,,,,,,,,1,0,C09A
4231,84.620000,SIMULATED,DESCENT,9.774,0.019,-0.020,-0.037,-0.011,0.173,101329.5,-0.36,-0.01,,,,,,,,1,0,8806
4232,84.640000,SIMULATED,DESCENT,9.822,-0.097,0.089,0.166,0.050,0.045,101327.6,-0.20,-0.01,,,,,,,,1,0,B2AB
4233,84.660000,SIMULATED,DESCENT,9.881,-0.034,-0.034,-0.058,0.125,-0.236,101328.5,-0.27,-0.02,,,,,,,,1,0,65AC
4234,84.680000,SIMULATED,DESCENT,9.779,0.028,-0.049,0.028,-0.013,0.119,101322.5,0.23,0.02,,,,,,,,1,0,5E1A
4235,84.700000,SIMULATED,DESCENT,9.702,0.141,0.092,0.047,-0.012,-0.087,101328.7,-0.29,0.01,,,,,,,,1,0,6099
4236,84.720000,SIMULATED,DESCENT,9.889,-0.011,-0.060,-0.044,-0.007,0.035,101325.0,0.02,0.03,,,,,,,,1,0,66E6
4237,84.740000,SIMULATED,DESCENT,9.767,-0.113,0.004,-0.020,0.160,-0.065,101321.9,0.28,0.06,,,,,,,,1,0,DB9A
4238,84.760000,SIMULATED,DESCENT,9.785,0.078,0.056,0.064,-0.014,-0.080,101323.3,0.16,0.09,,,,,,,,1,0,0834
4239,84.780000,SIMULATED,DESCENT,9.895,-0.072,-0.036,-0.063,-0.050,0.265,101326.2,-0.08,0.09,,,,,,,,1,0,97A9
4240,84.800000,SIMULATED,DESCENT,9.764,0.080,-0.059,-0.121,0.088,0.054,101327.8,-0.22,0.09,,,,,,,,1,0,DD41
4241,84.820000,SIMULATED,DESCENT,9.760,0.007,0.059,-0.042,0.022,-0.150,101327.4,-0.18,0.08,,,,,,,,1,0,5127
4242,84.840000,SIMULATED,DESCENT,9.790,-0.070,-0.017,-0.091,0.012,0.004,101324.8,0.03,0.09,,,,,,,,1,0,F985
4243,84.860000,SIMULATED,DESCENT,9.813,0.066,-0.076,-0.197,0.072,-0.022,101330.9,-0.48,0.06,,,,,,,,1,0,AFE0
4244,84.880000,SIMULATED,DESCENT,9.761,-0.004,-0.035,-0.072,-0.041,0.069,101328.1,-0.24,0.06,,,,,,,,1,0,2057
4245,84.900000,SIMULATED,DESCENT,9.793,-0.008,0.036,0.103,-0.082,0.252,101320.3,0.41,0.10,,,,,,,,1,0,4F6E
4246,84.920000,SIMULATED,DESCENT,9.929,0.000,0.061,-0.196,0.011,0.100,101327.3,-0.17,0.10,,,,,,,,1,0,0985
4247,84.940000,SIMULATED,DESCENT,9.869,-0.007,-0.045,-0.018,-0.215,0.072,101327.7,-0.21,0.09,,,,,,,,1,0,931A
4248,84.960000,SIMULATED,DESCENT,9.812,0.047,-0.045,-0.072,-0.026,0.079,101326.0,-0.06,0.09,,,,,,,,1,0,632F
4249,84.980000,SIMULATED,DESCENT,9.852,-0.087,-0.038,-0.248,0.050,0.166,101328.4,-0.27,0.08,,,,,,,,1,0,F086
4250,85.000000,SIMULATED,DESCENT,9.793,-0.041,0.067,0.008,-0.111,0.082,101327.2,-0.17,0.08,19.04,0.0006437,0.0012864,1.2,3,9,4.033,1,0,7668
4251,85.020000,SIMULATED,DESCENT,9.840,-0.009,-0.054,0.048,0.073,-0.041,101325.6,-0.03,0.08,,,,,,,,1,0,67AC
4252,85.040000,SIMULATED,DESCENT,9.879,0.038,-0.018,-0.231,-0.227,-0.150,101327.7,-0.20,0.08,,,,,,,,1,0,22C4
4253,85.060000,SIMULATED,DESCENT,9.773,0.003,0.064,0.076,0.046,-0.139,101334.5,-0.77,0.02,,,,,,,,1,0,5507
4254,85.080000,SIMULATED,DESCENT,9.821,-0.096,0.040,0.107,-0.186,0.044,101328.9,-0.30,0.01,,,,,,,,1,0,358D
4255,85.100000,SIMULATED,DESCENT,9.790,0.032,0.017,0.080,-0.051,0.058,101329.8,-0.38,-0.01,,,,,,,,1,0,4A82
4256,85.120000,SIMULATED,DESCENT,9.865,-0.033,-0.005,0.039,-0.001,0.119,101329.2,-0.33,-0.02,,,,,,,,1,0,0E32
4257,85.140000,SIMULATED,DESCENT,9.822,0.083,-0.027,-0.083,-0.032,0.026,101322.9,0.19,0.01,,,,,,,,1,0,E9AA
4258,85.160000,SIMULATED,DESCENT,9.916,-0.055,0.002,-0.040,0.149,0.222,101322.1,0.26,0.04,,,,,,,,1,0,AD3E
4259,85.180000,SIMULATED,DESCENT,9.835,0.016,0.012,-0.014,-0.070,0.024,101325.2,0.01,0.06,,,,,,,,1,0,556D
4260,85.200000,SIMULATED,DESCENT,9.875,-0.014,-0.004,-0.083,0.009,0.219,101324.7,0.04,0.07,,,,,,,,1,0,4DC7
4261,85.220000,SIMULATED,DESCENT,9.802,-0.097,0.019,0.026,-0.171,-0.077,101324.7,0.05,0.08,,,,,,,,1,0,42A3
4262,85.240000,SIMULATED,DESCENT,9.835,-0.069,0.049,-0.110,0.017,0.016,101323.3,0.16,0.10,,,,,,,,1,0,5891
4263,85.260000,SIMULATED,DESCENT,9.739,0.057,-0.064,0.190,-0.044,-0.011,101318.3,0.57,0.16,,,,,,,,1,0,D881
4264,85.280000,SIMULATED,DESCENT,9.829,0.039,-0.009,-0.098,0.002,0.127,101328.6,-0.28,0.14,,,,,,,,1,0,ECD8
4265,85.300000,SIMULATED,DESCENT,9.788,-0.024,0.030,-0.030,-0.046,-0.074,101324.4,0.07,0.15,,,,,,,,1,0,A458
4266,85.320000,SIMULATED,DESCENT,9.808,-0.028,-0.049,0.039,0.112,0.127,101329.0,-0.32,0.13,,,,,,,,1,0,3704
4267,85.340000,SIMULATED,DESCENT,9.852,0.020,0.057,-0.046,-0.022,-0.065,101323.3,0.16,0.15,,,,,,,,1,0,FC97
4268,85.360000,SIMULATED,DESCENT,9.794,-0.062,0.037,0.036,0.000,-0.105,101321.4,0.32,0.18,,,,,,,,1,0,6368
4269,85.380000,SIMULATED,DESCENT,9.831,-0.023,-0.101,0.127,0.150,0.013,101324.6,0.05,0.18,,,,,,,,1,0,5A22
4270,85.400000,SIMULATED,DESCENT,9.749,0.005,-0.025,-0.015,-0.169,-0.044,101326.8,-0.13,0.17,,,,,,,,1,0,DE1F
4271,85.420000,SIMULATED,DESCENT,9.808,-0.048,0.000,0.120,0.047,-0.050,101326.2,-0.08,0.17,,,,,,,,1,0,AEB9
4272,85.440000,SIMULATED,DESCENT,9.780,0.035,0.030,0.062,-0.086,-0.107,101330.0,-0.40,0.14,,,,,,,,1,0,952E
4273,85.460000,SIMULATED,DESCENT,9.845,0.027,0.047,-0.184,0.048,-0.015,101324.1,0.09,0.15,,,,,,,,1,0,A545
4274,85.480000,SIMULATED,DESCENT,9.789,-0.078,0.039,0.067,0.011,-0.039,101327.3,-0.18,0.13,,,,,,,,1,0,C994
4275,85.500000,SIMULATED,DESCENT,9.813,0.036,0.044,-0.113,-0.028,0.014,101327.4,-0.18,0.12,,,,,,,,1,0,3D84
4276,85.520000,SIMULATED,DESCENT,9.791,0.053,-0.004,-0.017,-0.131,-0.103,101326.6,-0.12,0.12,,,,,,,,1,0,11E7
4277,85.540000,SIMULATED,DESCENT,9.851,0.059,-0.070,-0.194,-0.284,0.039,101327.5,-0.19,0.10,,,,,,,,1,0,E910
4278,85.560000,SIMULATED,DESCENT,9.842,0.106,0.050,-0.002,0.039,-0.038,101325.5,-0.03,0.10,,,,,,,,1,0,55F2
4279,85.580000,SIMULATED,DESCENT,9.830,-0.047,0.040,0.106,0.131,0.055,101321.3,0.33,0.14,,,,,,,,1,0,EFEF
4280,85.600000,SIMULATED,DESCENT,9.801,-0.062,-0.135,0.103,0.135,0.055,101324.7,0.04,0.14,,,,,,,,1,0,57D0
4281,85.620000,SIMULATED,DESCENT,9.794,0.022,0.006,-0.043,0.059,-0.201,101321.6,0.30,0.17,,,,,,,,1,0,CF2C
4282,85.640000,SIMULATED,DESCENT,9.877,0.021,0.069,-0.153,-0.056,-0.048,101324.1,0.10,0.17,,,,,,,,1,0,9B57
4283,85.660000,SIMULATED,DESCENT,9.677,-0.050,-0.010,0.004,-0.116,0.131,101320.7,0.38,0.20,,,,,,,,1,0,F754
4284,85.680000,SIMULATED,DESCENT,9.807,-0.005,-0.047,-0.112,0.065,-0.193,101324.3,0.08,0.21,,,,,,,,1,0,586C
4285,85.700000,SIMULATED,DESCENT,9.839,-0.058,0.093,-0.171,0.058,0.061,101322.3,0.25,0.22,,,,,,,,1,0,C12E
4286,85.720000,SIMULATED,DESCENT,9.818,-0.025,-0.042,-0.313,-0.059,-0.088,101324.2,0.09,0.22,,,,,,,,1,0,65E7
4287,85.740000,SIMULATED,LANDED,9.878,0.022,0.045,0.169,0.159,-0.109,101326.3,-0.09,0.21,,,,,,,,1,0,61C0
4288,85.760000,SIMULATED,LANDED,9.781,0.086,-0.059,0.087,0.013,0.078,101323.0,0.18,0.22,,,,,,,,1,0,659F
4289,85.780000,SIMULATED,LANDED,9.804,-0.004,0.032,0.105,-0.066,0.069,101325.9,-0.05,0.21,,,,,,,,1,0,586E
4290,85.800000,SIMULATED,LANDED,9.782,0.034,-0.049,-0.084,0.000,0.015,101326.7,-0.12,0.19,,,,,,,,1,0,291D
4291,85.820000,SIMULATED,LANDED,9.812,-0.053,0.076,0.056,-0.046,-0.022,101320.1,0.42,0.22,,,,,,,,1,0,12B3
4292,85.840000,SIMULATED,LANDED,9.856,-0.044,-0.053,0.086,-0.100,-0.016,101323.3,0.16,0.23,,,,,,,,1,0,67C6
4293,85.860000,SIMULATED,LANDED,9.779,0.007,0.049,0.108,-0.339,-0.128,101323.5,0.14,0.23,,,,,,,,1,0,7704
4294,85.880000,SIMULATED,LANDED,9.739,0.047,0.039,-0.089,-0.018,-0.015,101326.2,-0.08,0.22,,,,,,,,1,0,ADB6
4295,85.900000,SIMULATED,LANDED,9.852,0.004,-0.021,-0.042,-0.091,-0.024,101321.4,0.31,0.24,,,,,,,,1,0,3235
4296,85.920000,SIMULATED,LANDED,9.756,0.011,0.124,-0.088,-0.044,0.002,101323.9,0.11,0.24,,,,,,,,1,0,266B
4297,85.940000,SIMULATED,LANDED,9.880,-0.004,-0.074,0.029,-0.062,0.263,101329.2,-0.33,0.20,,,,,,,,1,0,6DA8
4298,85.960000,SIMULATED,LANDED,9.841,0.018,-0.047,0.134,-0.163,-0.048,101317.4,0.65,0.24,,,,,,,,1,0,86A3
4299,85.980000,SIMULATED,LANDED,9.816,0.003,0.057,0.025,-0.192,0.013,101323.5,0.15,0.24,,,,,,,,1,0,CC52
4300,86.000000,SIMULATED,LANDED,9.793,0.039,-0.036,-0.101,-0.098,-0.113,101326.3,-0.09,0.23,18.90,0.0006555,0.0013139,1.0,3,9,4.029,1,0,8642
4301,86.020000,SIMULATED,LANDED,9.782,0.053,-0.059,-0.024,-0.139,0.124,101324.9,0.02,0.22,,,,,,,,1,0,6C2D
4302,86.040000,SIMULATED,LANDED,9.771,0.036,-0.012,0.067,0.164,0.287,101327.3,-0.17,0.19,,,,,,,,1,0,6BE9
4303,86.060000,SIMULATED,LANDED,9.891,0.084,0.014,-0.309,-0.064,0.132,101327.7,-0.21,0.16,,,,,,,,1,0,877A
4304,86.080000,SIMULATED,LANDED,9.905,-0.016,0.042,-0.015,0.123,0.056,101325.8,-0.05,0.15,,,,,,,,1,0,B743
4305,86.100000,SIMULATED,LANDED,9.814,0.072,0.021,0.197,0.041,-0.035,101325.4,-0.02,0.14,,,,,,,,1,0,CD71
4306,86.120000,SIMULATED,LANDED,9.763,-0.028,-0.017,0.024,-0.065,-0.236,101328.2,-0.25,0.12,,,,,,,,1,0,D362
4307,86.140000,SIMULATED,LANDED,9.802,0.058,-0.004,0.072,0.099,-0.079,101319.9,0.44,0.15,,,,,,,,1,0,A89E
4308,86.160000,SIMULATED,LANDED,9.834,0.025,-0.020,-0.139,0.149,-0.174,101324.6,0.05,0.14,,,,,,,,1,0,2AB3
4309,86.180000,SIMULATED,LANDED,9.812,0.031,-0.006,0.093,-0.120,-0.092,101326.3,-0.09,0.13,,,,,,,,1,0,0034
4310,86.200000,SIMULATED,LANDED,9.852,0.055,-0.041,-0.002,0.111,-0.030,101324.5,0.06,0.12,,,,,,,,1,0,3FFC
4311,86.220000,SIMULATED,LANDED,9.814,-0.049,0.060,0.209,-0.064,-0.180,101325.6,-0.03,0.11,,,,,,,,1,0,B92E
4312,86.240000,SIMULATED,LANDED,9.813,0.089,0.021,-0.043,0.117,0.112,101323.6,0.13,0.12,,,,,,,,1,0,EA1C
4313,86.260000,SIMULATED,LANDED,9.819,0.023,0.028,-0.030,-0.105,0.025,101320.7,0.37,0.14,,,,,,,,1,0,10BA
4314,86.280000,SIMULATED,LANDED,9.759,-0.066,-0.015,0.132,0.109,0.014,101319.3,0.49,0.17,,,,,,,,1,0,FE8D
4315,86.300000,SIMULATED,LANDED,9.812,-0.003,-0.089,0.176,0.080,0.139,101324.5,0.06,0.17,,,,,,,,1,0,5CB3
4316,86.320000,SIMULATED,LANDED,9.844,-0.011,-0.063,0.041,-0.027,0.025,101324.2,0.08,0.16,,,,,,,,1,0,FE9F
4317,86.340000,SIMULATED,LANDED,9.763,-0.013,0.035,0.141,-0.058,-0.075,101318.9,0.53,0.19,,,,,,,,1,0,D4EC
4318,86.360000,SIMULATED,LANDED,9.722,-0.026,-0.029,0.066,0.078,0.002,101325.2,0.00,0.18,,,,,,,,1,0,3B26
4319,86.380000,SIMULATED,LANDED,9.867,-0.043,0.035,0.247,0.179,0.072,101326.4,-0.10,0.16,,,,,,,,1,0,13A1
4320,86.400000,SIMULATED,LANDED,9.806,-0.024,-0.005,0.075,0.103,0.039,101324.2,0.09,0.15,,,,,,,,1,0,4981
4321,86.420000,SIMULATED,LANDED,9.831,-0.039,0.029,-0.133,-0.060,0.071,101326.2,-0.08,0.14,,,,,,,,1,0,9FA4
4322,86.440000,SIMULATED,LANDED,9.828,0.012,0.030,0.063,-0.033,-0.014,101324.4,0.07,0.13,,,,,,,,1,0,F303
4323,86.460000,SIMULATED,LANDED,9.760,0.006,-0.001,-0.041,-0.206,-0.078,101325.6,-0.03,0.12,,,,,,,,1,0,3D3D
4324,86.480000,SIMULATED,LANDED,9.823,-0.016,-0.061,0.038,-0.058,0.016,101323.2,0.17,0.12,,,,,,,,1,0,0E82
4325,86.500000,SIMULATED,LANDED,9.672,0.051,-0.003,-0.146,0.023,-0.038,101329.0,-0.32,0.08,,,,,,,,1,0,EB57
4326,86.520000,SIMULATED,LANDED,9.729,-0.008,0.033,-0.116,0.052,-0.141,101324.1,0.09,0.08,,,,,,,,1,0,AF32
4327,86.540000,SIMULATED,LANDED,9.814,-0.079,-0.096,-0.165,0.092,0.112,101328.3,-0.26,0.05,,,,,,,,1,0,905D
4328,86.560000,SIMULATED,LANDED,9.826,-0.033,-0.032,0.046,0.047,-0.070,101326.1,-0.08,0.04,,,,,,,,1,0,9A85
4329,86.580000,SIMULATED,LANDED,9.801,-0.104,0.085,-0.049,0.054,0.012,101329.9,-0.39,0.00,,,,,,,,1,0,861C
4330,86.600000,SIMULATED,LANDED,9.714,-0.061,0.015,0.043,0.009,-0.018,101330.5,-0.44,-0.04,,,,,,,,1,0,57A0
4331,86.620000,SIMULATED,LANDED,9.810,-0.012,0.108,0.001,-0.155,0.085,101323.2,0.17,-0.03,,,,,,,,1,0,61ED
4332,86.640000,SIMULATED,LANDED,9.804,-0.032,-0.057,-0.109,-0.070,0.128,101320.2,0.42,0.00,,,,,,,,1,0,0CA8
4333,86.660000,SIMULATED,LANDED,9.810,0.029,-0.030,0.111,-0.010,-0.034,101323.7,0.13,0.01,,,,,,,,1,0,14EB
4334,86.680000,SIMULATED,LANDED,9.798,0.037,-0.003,0.198,-0.029,0.163,101324.7,0.04,0.01,,,,,,,,1,0,0B04
4335,86.700000,SIMULATED,LANDED,9.789,0.028,-0.046,0.191,-0.046,-0.019,101327.5,-0.19,-0.01,,,,,,,,1,0,4ADF
4336,86.720000,SIMULATED,LANDED,9.809,0.014,-0.008,0.032,0.121,-0.072,101324.5,0.06,-0.01,,,,,,,,1,0,690D
4337,86.740000,SIMULATED,LANDED,9.814,0.042,0.023,0.121,0.065,-0.022,101324.1,0.09,-0.01,,,,,,,,1,0,B84D
4338,86.760000,SIMULATED,LANDED,9.749,-0.073,0.003,-0.176,0.041,0.111,101329.2,-0.33,-0.04,,,,,,,,1,0,7BF7
4339,86.780000,SIMULATED,LANDED,9.819,-0.027,-0.044,0.035,0.107,-0.090,101321.2,0.33,-0.01,,,,,,,,1,0,0328
4340,86.800000,SIMULATED,LANDED,9.840,0.000,-0.044,0.023,0.033,-0.100,101323.6,0.14,-0.01,,,,,,,,1,0,7E77
4341,86.820000,SIMULATED,LANDED,9.812,0.148,-0.005,-0.043,0.011,-0.025,101322.6,0.21,0.01,,,,,,,,1,0,2956
4342,86.840000,SIMULATED,LANDED,9.755,-0.043,0.070,-0.084,0.001,0.093,101321.5,0.31,0.03,,,,,,,,1,0,7B64
4343,86.860000,SIMULATED,LANDED,9.753,-0.016,-0.028,0.131,0.102,-0.106,101329.3,-0.34,-0.01,,,,,,,,1,0,AD1C
4344,86.880000,SIMULATED,LANDED,9.832,0.027,-0.057,0.031,0.068,-0.045,101321.1,0.34,0.02,,,,,,,,1,0,7102
4345,86.900000,SIMULATED,LANDED,9.878,0.039,-0.072,0.176,-0.265,0.016,101324.9,0.02,0.02,,,,,,,,1,0,AC33
4346,86.920000,SIMULATED,LANDED,9.861,-0.034,-0.001,-0.125,0.128,0.094,101326.6,-0.12,0.00,,,,,,,,1,0,A60D
4347,86.940000,SIMULATED,LANDED,9.742,-0.025,-0.037,-0.152,-0.093,0.021,101318.1,0.59,0.04,,,,,,,,1,0,83CB
4348,86.960000,SIMULATED,LANDED,9.748,-0.004,0.068,-0.008,0.029,0.047,101323.8,0.12,0.05,,,,,,,,1,0,ECBD
4349,86.980000,SIMULATED,LANDED,9.792,0.043,0.035,-0.135,0.205,0.153,101319.3,0.50,0.08,,,,,,,,1,0,4F8F
4350,87.000000,SIMULATED,LANDED,9.822,0.033,-0.101,0.010,-0.037,-0.121,101324.1,0.09,0.08,19.04,0.0006595,0.0013158,1.5,3,9,4.029,1,0,B102
4351,87.020000,SIMULATED,LANDED,9.736,-0.051,0.001,0.007,-0.048,0.096,101322.0,0.26,0.09,,,,,,,,1,0,2E71
4352,87.040000,SIMULATED,LANDED,9.839,0.003,-0.045,0.042,0.004,-0.014,101326.8,-0.13,0.07,,,,,,,,1,0,6E20
4353,87.060000,SIMULATED,LANDED,9.722,-0.003,0.003,-0.071,0.078,0.122,101322.6,0.22,0.08,,,,,,,,1,0,9555
4354,87.080000,SIMULATED,LANDED,9.822,-0.006,0.054,-0.057,-0.001,0.099,101325.7,-0.04,0.07,,,,,,,,1,0,6C08
4355,87.100000,SIMULATED,LANDED,9.762,0.017,0.046,0.085,-0.015,-0.014,101324.9,0.02,0.06,,,,,,,,1,0,34FB
4356,87.120000,SIMULATED,LANDED,9.845,0.037,0.015,0.024,-0.059,-0.141,101327.8,-0.22,0.03,,,,,,,,1,0,3A8C
4357,87.140000,SIMULATED,LANDED,9.808,0.045,-0.082,0.145,0.034,-0.023,101326.5,-0.11,0.02,,,,,,,,1,0,D0C3
4358,87.160000,SIMULATED,LANDED,9.741,0.054,0.006,0.096,0.159,-0.165,101328.3,-0.26,-0.01,,,,,,,,1,0,58ED
4359,87.180000,SIMULATED,LANDED,9.714,0.004,0.101,-0.029,-0.027,-0.150,101323.1,0.18,0.00,,,,,,,,1,0,CC13
4360,87.200000,SIMULATED,LANDED,9.772,-0.043,0.021,0.083,-0.179,0.017,101325.9,-0.06,-0.01,,,,,,,,1,0,C8D7
4361,87.220000,SIMULATED,LANDED,9.908,0.077,-0.010,-0.091,0.136,-0.133,101326.6,-0.12,-0.03,,,,,,,,1,0,10FB
4362,87.240000,SIMULATED,LANDED,9.868,0.042,0.021,-0.046,-0.061,-0.046,101322.8,0.20,-0.01,,,,,,,,1,0,7949
4363,87.260000,SIMULATED,LANDED,9.842,0.036,-0.006,-0.115,0.027,0.238,101322.2,0.25,0.00,,,,,,,,1,0,EC4D
4364,87.280000,SIMULATED,LANDED,9.720,0.032,0.017,-0.050,0.125,0.041,101326.0,-0.06,-0.01,,,,,,,,1,0,C256
4365,87.300000,SIMULATED,LANDED,9.809,0.030,0.028,0.134,0.052,-0.074,101327.2,-0.17,-0.03,,,,,,,,1,0,8340
4366,87.320000,SIMULATED,LANDED,9.720,-0.026,0.020,0.029,-0.135,0.174,101324.3,0.07,-0.02,,,,,,,,1,0,5D8B
4367,87.340000,SIMULATED,LANDED,9.814,-0.010,-0.029,0.119,-0.051,-0.004,101323.9,0.11,-0.02,,,,,,,,1,0,E72B
4368,87.360000,SIMULATED,LANDED,9.792,-0.069,-0.098,0.039,0.222,-0.059,101323.3,0.16,-0.01,,,,,,,,1,0,F620
4369,87.380000,SIMULATED,LANDED,9.781,-0.026,-0.098,0.057,0.126,0.049,101325.4,-0.01,-0.02,,,,,,,,1,0,D251
4370,87.400000,SIMULATED,LANDED,9.838,-0.017,0.045,-0.108,0.080,-0.063,101324.9,0.03,-0.02,,,,,,,,1,0,BD0C
4371,87.420000,SIMULATED,LANDED,9.776,-0.101,0.006,0.037,-0.103,0.069,101326.8,-0.13,-0.03,,,,,,,,1,0,E2D7
4372,87.440000,SIMULATED,LANDED,9.823,0.024,-0.007,0.068,-0.031,-0.239,101325.3,-0.01,-0.04,,,,,,,,1,0,45D6
4373,87.460000,SIMULATED,LANDED,9.847,0.039,0.011,-0.149,-0.101,-0.019,101322.9,0.19,-0.02,,,,,,,,1,0,9B0F
4374,87.480000,SIMULATED,LANDED,9.811,-0.030,0.077,0.141,-0.048,-0.042,101322.9,0.19,-0.01,,,,,,,,1,0,71C8
4375,87.500000,SIMULATED,LANDED,9.785,0.006,0.020,-0.136,0.051,0.157,101319.9,0.44,0.02,,,,,,,,1,0,A2FA
4376,87.520000,SIMULATED,LANDED,9.754,-0.034,-0.049,0.059,0.048,-0.146,101325.0,0.02,0.02,,,,,,,,1,0,50A5
4377,87.540000,SIMULATED,LANDED,9.759,-0.052,-0.001,-0.041,-0.026,0.005,101321.2,0.34,0.04,,,,,,,,1,0,4B1A
4378,87.560000,SIMULATED,LANDED,9.777,-0.079,-0.045,0.191,0.090,-0.002,101324.3,0.08,0.04,,,,,,,,1,0,779E
4379,87.580000,SIMULATED,LANDED,9.873,0.094,0.062,0.040,0.081,0.026,101324.6,0.05,0.03,,,,,,,,1,0,F8D7
4380,87.600000,SIMULATED,LANDED,9.794,-0.019,0.093,-0.045,-0.238,0.044,101326.1,-0.08,0.02,,,,,,,,1,0,3096
4381,87.620000,SIMULATED,LANDED,9.772,-0.003,0.003,0.084,0.057,0.043,101328.3,-0.26,-0.01,,,,,,,,1,0,743D
4382,87.640000,SIMULATED,LANDED,9.835,0.029,0.003,0.092,-0.110,0.107,101325.5,-0.02,-0.01,,,,,,,,1,0,2F37
4383,87.660000,SIMULATED,LANDED,9.847,-0.025,-0.001,0.071,0.177,0.140,101327.6,-0.20,-0.03,,,,,,,,1,0,D5F0
4384,87.680000,SIMULATED,LANDED,9.840,-0.082,0.044,0.035,0.128,-0.080,101323.4,0.15,-0.03,,,,,,,,1,0,69E0
4385,87.700000,SIMULATED,LANDED,9.854,0.049,0.100,-0.116,-0.020,0.033,101319.8,0.45,0.01,,,,,,,,1,0,F505
4386,87.720000,SIMULATED,LANDED,9.906,-0.048,-0.050,-0.104,0.155,-0.021,101322.5,0.23,0.02,,,,,,,,1,0,5926
4387,87.740000,SIMULATED,LANDED,9.888,0.076,-0.091,-0.233,-0.005,0.023,101327.6,-0.20,0.00,,,,,,,,1,0,5A43
4388,87.760000,SIMULATED,LANDED,9.827,0.009,-0.004,0.084,0.039,-0.027,101327.6,-0.20,-0.02,,,,,,,,1,0,D818
4389,87.780000,SIMULATED,LANDED,9.822,-0.015,0.052,-0.163,-0.061,-0.080,101322.3,0.24,-0.01,,,,,,,,1,0,48C8
4390,87.800000,SIMULATED,LANDED,9.825,0.014,0.020,-0.119,-0.044,-0.004,101324.3,0.07,-0.01,,,,,,,,1,0,BDF0
4391,87.820000,SIMULATED,LANDED,9.783,-0.051,0.016,0.023,0.054,-0.141,101325.4,-0.02,-0.01,,,,,,,,1,0,96BA
4392,87.840000,SIMULATED,LANDED,9.832,0.038,-0.020,0.058,0.031,-0.023,101326.3,-0.09,-0.02,,,,,,,,1,0,2FF5
4393,87.860000,SIMULATED,LANDED,9.811,-0.011,-0.038,0.102,0.002,0.124,101321.8,0.28,0.00,,,,,,,,1,0,3BAA
4394,87.880000,SIMULATED,LANDED,9.816,0.037,-0.030,0.088,0.145,0.107,101323.4,0.15,0.00,,,,,,,,1,0,D2B8
4395,87.900000,SIMULATED,LANDED,9.775,0.001,0.094,0.126,0.033,0.124,101325.2,0.00,0.00,,,,,,,,1,0,5372
4396,87.920000,SIMULATED,LANDED,9.757,0.053,0.020,0.000,-0.041,-0.065,101325.8,-0.05,-0.01,,,,,,,,1,0,63DE
4397,87.940000,SIMULATED,LANDED,9.846,-0.038,0.005,-0.051,-0.069,0.054,101320.9,0.36,0.01,,,,,,,,1,0,C553
4398,87.960000,SIMULATED,LANDED,9.782,0.028,-0.050,-0.009,-0.053,0.038,101323.5,0.14,0.02,,,,,,,,1,0,C96A
4399,87.980000,SIMULATED,LANDED,9.774,-0.033,0.115,-0.271,0.057,-0.150,101322.8,0.20,0.03,,,,,,,,1,0,F08D
4400,88.000000,SIMULATED,LANDED,9.736,-0.020,0.056,0.017,-0.078,0.226,101324.6,0.05,0.03,18.88,0.0006549,0.0012774,-0.1,3,9,4.029,1,0,E446
4401,88.020000,SIMULATED,LANDED,9.847,-0.026,0.008,0.083,0.026,0.039,101328.5,-0.27,0.00,,,,,,,,1,0,CE8D
4402,88.040000,SIMULATED,LANDED,9.768,-0.029,0.062,-0.099,-0.054,-0.076,101328.6,-0.28,-0.03,,,,,,,,1,0,0678
4403,88.060000,SIMULATED,LANDED,9.841,0.042,0.023,-0.038,-0.014,0.009,101327.4,-0.18,-0.05,,,,,,,,1,0,6C7B
4404,88.080000,SIMULATED,LANDED,9.768,-0.064,-0.022,0.121,-0.016,0.128,101322.4,0.24,-0.03,,,,,,,,1,0,407D
4405,88.100000,SIMULATED,LANDED,9.839,-0.001,0.026,0.052,0.112,0.093,101322.5,0.22,-0.02,,,,,,,,1,0,2223
4406,88.120000,SIMULATED,LANDED,9.781,-0.083,0.036,-0.001,-0.002,-0.048,101327.0,-0.15,-0.03,,,,,,,,1,0,932F
4407,88.140000,SIMULATED,LANDED,9.779,-0.077,-0.077,-0.215,-0.047,0.118,101327.5,-0.19,-0.05,,,,,,,,1,0,CCEC
4408,88.160000,SIMULATED,LANDED,9.850,-0.088,0.074,-0.088,-0.123,-0.075,101326.3,-0.09,-0.06,,,,,,,,1,0,C398
4409,88.180000,SIMULATED,LANDED,9.732,-0.049,-0.053,-0.076,-0.152,0.010,101325.6,-0.03,-0.06,,,,,,,,1,0,D7AA
4410,88.200000,SIMULATED,LANDED,9.679,0.018,0.041,0.162,-0.006,-0.036,101320.3,0.41,-0.03,,,,,,,,1,0,B7DB
4411,88.220000,SIMULATED,LANDED,9.782,0.011,0.103,-0.179,0.038,0.125,101326.1,-0.07,-0.04,,,,,,,,1,0,0B39
4412,88.240000,SIMULATED,LANDED,9.743,-0.010,-0.040,0.070,0.195,0.071,101321.6,0.30,-0.02,,,,,,,,1,0,3643
4413,88.260000,SIMULATED,LANDED,9.757,-0.021,-0.020,0.112,0.004,-0.160,101324.7,0.04,-0.02,,,,,,,,1,0,78DC
4414,88.280000,SIMULATED,LANDED,9.748,0.071,0.022,-0.199,0.105,0.119,101318.8,0.53,0.02,,,,,,,,1,0,FAC2
4415,88.300000,SIMULATED,LANDED,9.832,-0.090,0.051,-0.029,-0.110,-0.105,101323.2,0.17,0.03,,,,,,,,1,0,983D
4416,88.320000,SIMULATED,LANDED,9.770,-0.069,0.020,0.005,-0.010,-0.037,101324.6,0.05,0.03,,,,,,,,1,0,BC41
4417,88.340000,SIMULATED,LANDED,9.763,0.038,0.050,0.002,0.122,-0.042,101325.1,0.01,0.02,,,,,,,,1,0,C490
4418,88.360000,SIMULATED,LANDED,9.755,-0.035,-0.033,0.024,0.013,-0.044,101326.6,-0.12,0.01,,,,,,,,1,0,5434
4419,88.380000,SIMULATED,LANDED,9.821,-0.015,0.039,0.041,0.034,0.011,101324.7,0.04,0.01,,,,,,,,1,0,5470
4420,88.400000,SIMULATED,LANDED,9.757,-0.044,0.076,0.099,0.124,-0.022,101324.2,0.09,0.01,,,,,,,,1,0,259E
4421,88.420000,SIMULATED,LANDED,9.793,-0.061,0.033,-0.086,-0.040,-0.138,101327.2,-0.16,-0.01,,,,,,,,1,0,9756
4422,88.440000,SIMULATED,LANDED,9.862,0.106,-0.083,0.045,-0.074,0.141,101328.1,-0.24,-0.03,,,,,,,,1,0,4918
4423,88.460000,SIMULATED,LANDED,9.817,-0.010,-0.054,0.061,-0.062,-0.144,101322.0,0.27,-0.02,,,,,,,,1,0,F7C3
4424,88.480000,SIMULATED,LANDED,9.790,-0.129,0.048,-0.033,-0.017,-0.216,101323.7,0.12,-0.01,,,,,,,,1,0,7EA0
4425,88.500000,SIMULATED,LANDED,9.772,0.050,0.068,0.003,-0.122,-0.013,101327.9,-0.22,-0.03,,,,,,,,1,0,E333
4426,88.520000,SIMULATED,LANDED,9.754,0.023,-0.012,-0.044,-0.016,0.106,101322.5,0.23,-0.02,,,,,,,,1,0,367F
4427,88.540000,SIMULATED,LANDED,9.747,-0.013,-0.032,0.065,0.053,0.188,101325.7,-0.04,-0.02,,,,,,,,1,0,79A6
4428,88.560000,SIMULATED,LANDED,9.790,-0.046,0.043,0.123,0.078,-0.161,101326.2,-0.08,-0.03,,,,,,,,1,0,FAC3
4429,88.580000,SIMULATED,LANDED,9.788,0.030,0.051,-0.053,0.169,0.084,101327.5,-0.19,-0.05,,,,,,,,1,0,BCC8
4430,88.600000,SIMULATED,LANDED,9.771,0.039,-0.034,-0.080,-0.073,0.138,101330.7,-0.46,-0.09,,,,,,,,1,0,4F64
4431,88.620000,SIMULATED,LANDED,9.755,0.037,0.109,0.198,-0.007,-0.075,101328.3,-0.25,-0.11,,,,,,,,1,0,6813
4432,88.640000,SIMULATED,LANDED,9.814,0.036,-0.091,-0.026,0.060,0.120,101329.3,-0.34,-0.13,,,,,,,,1,0,F7B3
4433,88.660000,SIMULATED,LANDED,9.841,-0.034,-0.010,-0.074,0.162,-0.336,101327.0,-0.15,-0.14,,,,,,,,1,0,00BE
4434,88.680000,SIMULATED,LANDED,9.833,0.084,0.094,-0.104,0.035,-0.031,101323.6,0.13,-0.13,,,,,,,,1,0,6377
4435,88.700000,SIMULATED,LANDED,9.831,0.049,-0.006,-0.088,0.068,0.005,101328.9,-0.31,-0.15,,,,,,,,1,0,239A
4436,88.720000,SIMULATED,LANDED,9.847,-0.044,-0.051,0.008,-0.041,-0.028,101324.9,0.03,-0.14,,,,,,,,1,0,F90D
4437,88.740000,SIMULATED,LANDED,9.656,0.001,0.016,-0.025,-0.061,-0.017,101328.7,-0.29,-0.16,,,,,,,,1,0,84AC
4438,88.760000,SIMULATED,LANDED,9.843,0.004,0.021,0.129,-0.028,-0.204,101328.3,-0.26,-0.17,,,,,,,,1,0,9963
4439,88.780000,SIMULATED,LANDED,9.787,-0.066,-0.063,0.120,0.093,0.150,101326.3,-0.09,-0.17,,,,,,,,1,0,3AB6
4440,88.800000,SIMULATED,LANDED,9.860,0.004,-0.022,-0.065,-0.004,0.023,101321.6,0.30,-0.14,,,,,,,,1,0,138F
4441,88.820000,SIMULATED,LANDED,9.741,0.009,0.039,-0.069,0.009,-0.033,101327.7,-0.21,-0.15,,,,,,,,1,0,B68E
4442,88.840000,SIMULATED,LANDED,9.849,-0.007,0.042,0.101,0.008,0.125,101325.0,0.02,-0.14,,,,,,,,1,0,5F24
4443,88.860000,SIMULATED,LANDED,9.791,-0.049,0.107,0.152,-0.145,0.109,101320.9,0.36,-0.11,,,,,,,,1,0,8D15
4444,88.880000,SIMULATED,LANDED,9.756,-0.037,0.047,-0.224,-0.029,-0.117,101324.0,0.10,-0.09,,,,,,,,1,0,E8F3
4445,88.900000,SIMULATED,LANDED,9.756,0.007,-0.048,0.166,-0.155,0.153,101328.3,-0.26,-0.11,,,,,,,,1,0,7053
4446,88.920000,SIMULATED,LANDED,9.801,-0.030,-0.048,0.114,-0.116,-0.163,101324.9,0.02,-0.10,,,,,,,,1,0,985E
4447,88.940000,SIMULATED,LANDED,9.696,-0.022,-0.008,-0.137,-0.111,0.109,101325.1,0.01,-0.10,,,,,,,,1,0,5C78
4448,88.960000,SIMULATED,LANDED,9.784,0.050,0.008,-0.018,0.096,0.018,101323.5,0.15,-0.08,,,,,,,,1,0,9D2B
4449,88.980000,SIMULATED,LANDED,9.754,-0.048,-0.101,-0.047,-0.009,-0.035,101322.4,0.24,-0.06,,,,,,,,1,0,BEE9
4450,89.000000,SIMULATED,LANDED,9.899,-0.025,-0.052,-0.042,-0.167,-0.038,101322.8,0.20,-0.04,18.85,0.0006424,0.0013153,-2.3,3,9,4.032,1,0,09D0
4451,89.020000,SIMULATED,LANDED,9.915,-0.083,-0.005,-0.073,0.114,0.122,101327.1,-0.15,-0.05,,,,,,,,1,0,358E
4452,89.040000,SIMULATED,LANDED,9.868,0.054,0.013,-0.257,0.065,-0.003,101329.1,-0.32,-0.07,,,,,,,,1,0,4F42
4453,89.060000,SIMULATED,LANDED,9.763,-0.066,0.002,-0.074,0.033,-0.198,101326.1,-0.07,-0.07,,,,,,,,1,0,9CB6
4454,89.080000,SIMULATED,LANDED,9.768,-0.029,0.059,-0.063,0.208,-0.165,101322.0,0.27,-0.05,,,,,,,,1,0,BE6B
4455,89.100000,SIMULATED,LANDED,9.781,0.013,-0.038,-0.151,0.005,0.053,101329.1,-0.33,-0.07,,,,,,,,1,0,2847
4456,89.120000,SIMULATED,LANDED,9.786,0.091,-0.015,-0.104,0.103,0.022,101327.1,-0.16,-0.08,,,,,,,,1,0,9A46
4457,89.140000,SIMULATED,LANDED,9.903,-0.004,-0.049,0.088,-0.067,-0.066,101324.2,0.09,-0.07,,,,,,,,1,0,D4F4
4458,89.160000,SIMULATED,LANDED,9.809,-0.061,-0.015,-0.137,0.024,0.136,101325.0,0.02,-0.06,,,,,,,,1,0,EEB6
4459,89.180000,SIMULATED,LANDED,9.840,-0.060,0.109,-0.002,-0.030,0.169,101325.2,0.00,-0.06,,,,,,,,1,0,ACF3
4460,89.200000,SIMULATED,LANDED,9.758,0.055,-0.049,-0.017,-0.059,0.155,101319.2,0.50,-0.01,,,,,,,,1,0,46E1
4461,89.220000,SIMULATED,LANDED,9.820,0.045,0.020,0.017,-0.040,0.268,101326.0,-0.06,-0.01,,,,,,,,1,0,BF6F
4462,89.240000,SIMULATED,LANDED,9.866,0.001,-0.049,-0.001,-0.008,0.189,101322.9,0.19,0.00,,,,,,,,1,0,D7E8
4463,89.260000,SIMULATED,LANDED,9.869,-0.033,-0.015,0.059,0.036,-0.028,101321.8,0.28,0.03,,,,,,,,1,0,ADD2
4464,89.280000,SIMULATED,LANDED,9.764,-0.024,-0.026,-0.173,0.163,0.045,101327.1,-0.16,0.01,,,,,,,,1,0,2534
4465,89.300000,SIMULATED,LANDED,9.818,0.058,0.048,-0.176,0.124,-0.016,101322.2,0.25,0.03,,,,,,,,1,0,EB7F
4466,89.320000,SIMULATED,LANDED,9.812,0.055,0.003,-0.084,-0.049,-0.042,101324.9,0.02,0.04,,,,,,,,1,0,2A6D
4467,89.340000,SIMULATED,LANDED,9.837,0.051,0.026,0.085,0.200,0.040,101323.1,0.17,0.05,,,,,,,,1,0,DAF8
4468,89.360000,SIMULATED,LANDED,9.828,0.050,-0.040,-0.122,0.002,0.035,101321.9,0.28,0.07,,,,,,,,1,0,ADF9
4469,89.380000,SIMULATED,LANDED,9.849,0.017,-0.099,0.094,0.087,0.145,101323.1,0.18,0.08,,,,,,,,1,0,9A18
4470,89.400000,SIMULATED,LANDED,9.786,0.030,0.021,0.069,0.086,-0.069,101330.3,-0.43,0.04,,,,,,,,1,0,1557
4471,89.420000,SIMULATED,LANDED,9.805,-0.090,0.053,0.119,-0.039,0.046,101324.4,0.07,0.04,,,,,,,,1,0,FC22
4472,89.440000,SIMULATED,LANDED,9.864,-0.008,0.026,-0.099,0.021,0.046,101325.8,-0.05,0.04,,,,,,,,1,0,4514
4473,89.460000,SIMULATED,LANDED,9.819,0.045,0.022,0.046,-0.085,0.175,101326.5,-0.11,0.03,,,,,,,,1,0,14CE
4474,89.480000,SIMULATED,LANDED,9.739,-0.067,0.007,-0.043,-0.033,-0.103,101331.3,-0.51,-0.02,,,,,,,,1,0,A589
4475,89.500000,SIMULATED,LANDED,9.800,-0.009,0.023,0.043,-0.114,0.014,101321.7,0.29,0.01,,,,,,,,1,0,C4E8
4476,89.520000,SIMULATED,LANDED,9.846,0.049,0.006,-0.038,0.073,-0.041,101327.8,-0.21,-0.01,,,,,,,,1,0,8949
4477,89.540000,SIMULATED,LANDED,9.783,0.041,0.058,-0.126,0.013,-0.013,101326.0,-0.07,-0.01,,,,,,,,1,0,A91B
4478,89.560000,SIMULATED,LANDED,9.845,-0.015,0.004,-0.038,0.051,0.186,101323.9,0.11,0.00,,,,,,,,1,0,1C67
4479,89.580000,SIMULATED,LANDED,9.765,-0.039,-0.042,0.049,-0.026,-0.041,101325.8,-0.05,-0.01,,,,,,,,1,0,5859
4480,89.600000,SIMULATED,LANDED,9.781,-0.045,0.027,0.127,-0.120,0.015,101323.5,0.14,0.01,,,,,,,,1,0,16F7
4481,89.620000,SIMULATED,LANDED,9.808,0.063,0.106,0.010,-0.012,0.068,101328.1,-0.24,-0.01,,,,,,,,1,0,CFB5
4482,89.640000,SIMULATED,LANDED,9.880,0.045,-0.067,0.076,0.081,-0.028,101329.6,-0.37,-0.04,,,,,,,,1,0,683B
4483,89.660000,SIMULATED,LANDED,9.806,0.058,-0.061,-0.092,-0.102,-0.079,101322.8,0.20,-0.02,,,,,,,,1,0,B46A
4484,89.680000,SIMULATED,LANDED,9.817,0.008,0.055,0.000,-0.131,0.099,101325.8,-0.05,-0.03,,,,,,,,1,0,2F91
4485,89.700000,SIMULATED,LANDED,9.749,0.073,-0.014,0.014,-0.058,-0.161,101322.5,0.23,-0.01,,,,,,,,1,0,7009
4486,89.720000,SIMULATED,LANDED,9.813,-0.048,-0.068,-0.002,0.146,0.112,101322.4,0.23,0.01,,,,,,,,1,0,457F
4487,89.740000,SIMULATED,LANDED,9.818,-0.016,-0.022,0.061,-0.004,-0.087,101324.9,0.03,0.02,,,,,,,,1,0,D8AC
4488,89.760000,SIMULATED,LANDED,9.762,-0.095,0.000,0.276,-0.109,-0.027,101321.4,0.32,0.04,,,,,,,,1,0,5D8A
4489,89.780000,SIMULATED,LANDED,9.901,0.036,-0.026,0.046,0.006,-0.207,101324.1,0.09,0.05,,,,,,,,1,0,F2A8
4490,89.800000,SIMULATED,LANDED,9.887,0.048,-0.060,-0.215,0.098,-0.045,101324.8,0.03,0.05,,,,,,,,1,0,003C
4491,89.820000,SIMULATED,LANDED,9.937,-0.040,0.003,0.202,-0.035,0.023,101328.0,-0.23,0.03,,,,,,,,1,0,61C1
4492,89.840000,SIMULATED,LANDED,9.808,-0.052,-0.025,-0.044,-0.317,0.025,101326.2,-0.09,0.02,,,,,,,,1,0,F19B
4493,89.860000,SIMULATED,LANDED,9.841,-0.066,0.050,0.160,-0.002,-0.003,101325.1,0.01,0.02,,,,,,,,1,0,BC09
4494,89.880000,SIMULATED,LANDED,9.757,0.000,0.120,-0.090,0.088,-0.082,101320.4,0.40,0.05,,,,,,,,1,0,71FE
4495,89.900000,SIMULATED,LANDED,9.768,0.032,-0.023,-0.041,0.044,0.081,101322.0,0.27,0.07,,,,,,,,1,0,7370
4496,89.920000,SIMULATED,LANDED,9.751,-0.027,-0.012,-0.057,0.024,0.075,101317.9,0.61,0.11,,,,,,,,1,0,DB79
4497,89.940000,SIMULATED,LANDED,9.904,-0.028,0.008,0.024,-0.219,0.148,101327.9,-0.23,0.09,,,,,,,,1,0,4BE5
4498,89.960000,SIMULATED,LANDED,9.805,-0.021,-0.010,-0.093,-0.137,-0.132,101330.2,-0.42,0.05,,,,,,,,1,0,78B9
4499,89.980000,SIMULATED,LANDED,9.728,0.050,-0.050,-0.096,-0.127,0.028,101325.7,-0.04,0.04,,,,,,,,1,0,9F95
4500,90.000000,SIMULATED,LANDED,9.795,-0.128,-0.050,0.075,-0.165,-0.005,101325.7,-0.04,0.04,18.89,0.0006507,0.0012878,-8.7,3,9,4.037,1,0,4967
4501,90.020000,SIMULATED,LANDED,9.817,0.109,0.032,0.031,0.109,0.019,101324.4,0.07,0.04,,,,,,,,1,0,A3E7
4502,90.040000,SIMULATED,LANDED,9.856,-0.043,-0.033,0.016,-0.137,0.122,101323.2,0.16,0.05,,,,,,,,1,0,BE2D
4503,90.060000,SIMULATED,LANDED,9.812,0.070,0.075,0.112,-0.257,0.137,101326.4,-0.10,0.04,,,,,,,,1,0,8D10
4504,90.080000,SIMULATED,LANDED,9.758,0.063,0.040,0.008,-0.170,-0.112,101325.1,0.01,0.03,,,,,,,,1,0,13AA
4505,90.100000,SIMULATED,LANDED,9.857,-0.044,0.045,0.132,0.023,-0.111,101321.8,0.28,0.05,,,,,,,,1,0,2AFD
4506,90.120000,SIMULATED,LANDED,9.796,-0.067,-0.021,-0.206,0.073,-0.130,101328.8,-0.29,0.03,,,,,,,,1,0,4385
4507,90.140000,SIMULATED,LANDED,9.807,0.032,-0.017,-0.005,-0.089,0.021,101320.3,0.41,0.06,,,,,,,,1,0,4EC8
4508,90.160000,SIMULATED,LANDED,9.780,0.105,0.023,0.001,-0.100,0.084,101327.9,-0.23,0.03,,,,,,,,1,0,F0A0
4509,90.180000,SIMULATED,LANDED,9.882,-0.032,0.021,0.021,0.068,-0.003,101328.8,-0.30,0.01,,,,,,,,1,0,FDCE
4510,90.200000,SIMULATED,LANDED,9.868,-0.066,-0.052,0.214,0.163,0.140,101326.0,-0.07,0.00,,,,,,,,1,0,456B
4511,90.220000,SIMULATED,LANDED,9.757,-0.050,0.051,-0.037,0.079,-0.023,101322.9,0.19,0.01,,,,,,,,1,0,61BB
4512,90.240000,SIMULATED,LANDED,9.866,0.027,-0.006,0.148,0.139,0.010,101325.0,0.02,0.01,,,,,,,,1,0,0C82
4513,90.260000,SIMULATED,LANDED,9.764,-0.066,-0.027,-0.287,0.167,0.023,101327.5,-0.19,0.00,,,,,,,,1,0,C802
4514,90.280000,SIMULATED,LANDED,9.855,-0.016,0.033,0.009,-0.028,0.032,101323.9,0.11,0.00,,,,,,,,1,0,1996
4515,90.300000,SIMULATED,LANDED,9.809,0.041,-0.095,0.320,-0.091,0.033,101324.4,0.07,0.01,,,,,,,,1,0,9F2B
4516,90.320000,SIMULATED,LANDED,9.799,-0.051,-0.070,-0.088,0.011,0.113,101321.9,0.27,0.03,,,,,,,,1,0,3BF7
4517,90.340000,SIMULATED,LANDED,9.833,0.010,0.046,-0.160,-0.191,0.128,101325.6,-0.03,0.02,,,,,,,,1,0,A543
4518,90.360000,SIMULATED,LANDED,9.775,0.041,-0.071,0.128,0.104,-0.093,101329.9,-0.39,-0.01,,,,,,,,1,0,71D8
4519,90.380000,SIMULATED,LANDED,9.868,-0.012,0.048,0.062,-0.017,0.152,101326.9,-0.14,-0.02,,,,,,,,1,0,617F
4520,90.400000,SIMULATED,LANDED,9.789,-0.062,0.033,-0.035,0.001,0.000,101324.6,0.05,-0.02,,,,,,,,1,0,16BC
4521,90.420000,SIMULATED,LANDED,9.811,0.049,-0.055,-0.085,0.039,-0.147,101326.2,-0.08,-0.03,,,,,,,,1,0,7532
4522,90.440000,SIMULATED,LANDED,9.817,0.018,0.043,0.041,-0.084,-0.107,101326.4,-0.10,-0.03,,,,,,,,1,0,4BE8
4523,90.460000,SIMULATED,LANDED,9.731,0.039,-0.044,-0.031,0.015,-0.039,101327.0,-0.15,-0.05,,,,,,,,1,0,CDA7
4524,90.480000,SIMULATED,LANDED,9.757,0.031,-0.008,0.032,-0.151,-0.002,101325.6,-0.03,-0.05,,,,,,,,1,0,99E7
4525,90.500000,SIMULATED,LANDED,9.803,-0.015,-0.104,-0.114,0.054,-0.073,101326.6,-0.12,-0.06,,,,,,,,1,0,ACEB
4526,90.520000,SIMULATED,LANDED,9.810,0.007,0.011,0.097,0.148,0.079,101325.7,-0.04,-0.06,,,,,,,,1,0,D1A0
4527,90.540000,SIMULATED,LANDED,9.837,-0.001,0.027,-0.260,0.057,0.191,101327.6,-0.20,-0.07,,,,,,,,1,0,5495
4528,90.560000,SIMULATED,LANDED,9.894,0.004,-0.006,-0.009,-0.051,-0.034,101326.0,-0.06,-0.07,,,,,,,,1,0,3906
4529,90.580000,SIMULATED,LANDED,9.797,0.077,0.028,-0.050,0.047,0.050,101323.4,0.15,-0.06,,,,,,,,1,0,AAD2
4530,90.600000,SIMULATED,LANDED,9.819,-0.049,-0.027,0.124,0.109,-0.037,101326.6,-0.12,-0.06,,,,,,,,1,0,19B5
4531,90.620000,SIMULATED,LANDED,9.678,0.018,-0.011,0.136,0.020,0.013,101324.6,0.05,-0.06,,,,,,,,1,0,02DF
4532,90.640000,SIMULATED,LANDED,9.877,-0.029,-0.033,-0.021,0.256,-0.037,101328.3,-0.26,-0.07,,,,,,,,1,0,0576
4533,90.660000,SIMULATED,LANDED,9.844,-0.011,-0.063,-0.025,0.066,0.065,101321.5,0.31,-0.05,,,,,,,,1,0,4C54
4534,90.680000,SIMULATED,LANDED,9.811,0.011,-0.122,-0.088,0.087,0.006,101328.0,-0.23,-0.06,,,,,,,,1,0,A246
4535,90.700000,SIMULATED,LANDED,9.856,0.023,0.050,0.046,-0.164,-0.017,101325.9,-0.06,-0.06,,,,,,,,1,0,976E
4536,90.720000,SIMULATED,LANDED,9.837,0.047,0.021,0.008,0.015,-0.038,101323.8,0.12,-0.05,,,,,,,,1,0,D787
4537,90.740000,SIMULATED,LANDED,9.717,0.032,0.035,0.123,0.056,0.036,101329.1,-0.32,-0.07,,,,,,,,1,0,6AE1
4538,90.760000,SIMULATED,LANDED,9.824,-0.013,-0.005,0.084,-0.016,-0.035,101322.0,0.26,-0.05,,,,,,,,1,0,D947
4539,90.780000,SIMULATED,LANDED,9.821,-0.012,0.006,-0.067,0.003,-0.019,101314.3,0.91,0.03,,,,,,,,1,0,4A06
4540,90.800000,SIMULATED,LANDED,9.765,-0.026,0.020,-0.057,-0.011,-0.116,101323.4,0.15,0.04,,,,,,,,1,0,19D8
4541,90.820000,SIMULATED,LANDED,9.853,0.013,0.041,-0.010,0.091,0.068,101328.1,-0.24,0.02,,,,,,,,1,0,A059
4542,90.840000,SIMULATED,LANDED,9.817,0.016,-0.028,0.016,0.129,0.023,101320.2,0.41,0.05,,,,,,,,1,0,853A
4543,90.860000,SIMULATED,LANDED,9.811,-0.001,0.003,-0.072,-0.106,0.079,101324.7,0.04,0.05,,,,,,,,1,0,2627
4544,90.880000,SIMULATED,LANDED,9.756,-0.057,-0.002,0.095,0.016,-0.007,101320.8,0.37,0.08,,,,,,,,1,0,4C58
4545,90.900000,SIMULATED,LANDED,9.832,0.059,0.041,-0.005,-0.136,-0.080,101323.9,0.11,0.08,,,,,,,,1,0,44AC
4546,90.920000,SIMULATED,LANDED,9.766,-0.109,0.027,0.101,0.168,0.143,101326.8,-0.13,0.07,,,,,,,,1,0,0460
