seq,timestamp,data_source,flight_state,imu_accel_x,imu_accel_y,imu_accel_z,gyro_x,gyro_y,gyro_z,barometric_pressure,altitude,vertical_velocity,temperature,latitude,longitude,gps_altitude,gps_fix,gps_satellites,battery_voltage,separation_detected,quality_flags,crc16
0,0.000000,SYNTHETIC,PRELAUNCH,0.007,0.030,9.789,0.001,-0.101,-0.091,101323.2,0.00,0.00,24.07,,,,0,3,4.101,0,0,E628
1,0.020000,SYNTHETIC,PRELAUNCH,0.033,0.088,9.815,0.130,-0.077,0.045,101321.9,0.05,0.00,,,,,,,,0,0,3B91
2,0.040000,SYNTHETIC,PRELAUNCH,-0.012,0.068,9.788,-0.170,-0.027,0.037,101324.1,-0.09,-0.14,,,,,,,,0,0,F97E
3,0.060000,SYNTHETIC,PRELAUNCH,-0.013,0.030,9.809,0.074,-0.089,0.058,101322.2,0.05,0.00,,,,,,,,0,0,8BB9
4,0.080000,SYNTHETIC,PRELAUNCH,0.002,-0.026,9.892,0.123,0.027,0.122,101325.0,-0.14,-0.38,,,,,,,,0,0,17BA
5,0.100000,SYNTHETIC,PRELAUNCH,0.081,-0.026,9.824,0.004,-0.193,-0.197,101323.6,-0.02,-0.30,,,,,,,,0,0,71B9
6,0.120000,SYNTHETIC,PRELAUNCH,0.013,-0.011,9.804,-0.085,-0.120,0.008,101326.0,-0.19,-0.72,,,,,,,,0,0,0A34
7,0.140000,SYNTHETIC,PRELAUNCH,0.022,0.017,9.798,-0.086,0.025,-0.191,101330.6,-0.50,-1.84,,,,,,,,0,0,5A22
8,0.160000,SYNTHETIC,PRELAUNCH,0.092,-0.019,9.771,0.020,0.102,-0.017,101322.1,0.18,-0.67,,,,,,,,0,0,FA1D
9,0.180000,SYNTHETIC,PRELAUNCH,0.020,0.068,9.842,-0.049,0.017,-0.192,101327.4,-0.23,-0.88,,,,,,,,0,0,B2A3
10,0.200000,SYNTHETIC,PRELAUNCH,-0.026,-0.063,9.865,-0.037,0.103,-0.022,101324.9,-0.02,-0.54,,,,,,,,0,0,8C34
11,0.220000,SYNTHETIC,PRELAUNCH,0.010,0.010,9.808,-0.036,-0.174,-0.093,101324.2,0.03,-0.20,,,,,,,,0,0,3A04
12,0.240000,SYNTHETIC,PRELAUNCH,0.077,0.024,9.729,0.181,0.047,0.023,101322.8,0.14,0.20,,,,,,,,0,0,667B
13,0.260000,SYNTHETIC,PRELAUNCH,0.036,-0.037,9.793,-0.140,0.007,-0.102,101328.0,-0.27,-0.15,,,,,,,,0,0,AED9
14,0.280000,SYNTHETIC,PRELAUNCH,0.060,-0.007,9.823,0.132,-0.009,0.205,101320.9,0.30,0.36,,,,,,,,0,0,09D9
15,0.300000,SYNTHETIC,PRELAUNCH,0.096,-0.037,9.861,-0.169,-0.071,0.014,101321.9,0.20,0.59,,,,,,,,0,0,7212
16,0.320000,SYNTHETIC,PRELAUNCH,0.036,0.117,9.791,0.019,0.050,0.050,101325.6,-0.10,0.42,,,,,,,,0,0,56B8
17,0.340000,SYNTHETIC,PRELAUNCH,-0.079,0.095,9.827,0.139,-0.083,-0.044,101326.0,-0.13,0.27,,,,,,,,0,0,3A10
18,0.360000,SYNTHETIC,PRELAUNCH,-0.022,0.049,9.799,0.132,-0.083,0.070,101322.9,0.12,0.37,,,,,,,,0,0,F72D
19,0.380000,SYNTHETIC,PRELAUNCH,0.045,-0.011,9.744,-0.082,0.104,-0.190,101328.1,-0.29,0.12,,,,,,,,0,0,6FD0
20,0.400000,SYNTHETIC,PRELAUNCH,-0.047,-0.031,9.847,0.071,0.051,0.004,101324.9,-0.03,0.12,,,,,,,,0,0,6E2C
21,0.420000,SYNTHETIC,PRELAUNCH,-0.090,0.009,9.800,-0.038,-0.024,0.038,101328.0,-0.27,-0.04,,,,,,,,0,0,4CBC
22,0.440000,SYNTHETIC,PRELAUNCH,-0.044,-0.032,9.878,0.094,0.125,0.076,101321.9,0.23,0.13,,,,,,,,0,0,2FE3
23,0.460000,SYNTHETIC,PRELAUNCH,0.069,0.141,9.786,-0.036,-0.068,-0.034,101318.7,0.47,0.39,,,,,,,,0,0,B0C8
24,0.480000,SYNTHETIC,PRELAUNCH,0.046,-0.039,9.802,0.146,0.141,0.071,101322.2,0.17,0.44,,,,,,,,0,0,9114
25,0.500000,SYNTHETIC,PRELAUNCH,-0.019,0.140,9.823,0.090,-0.030,0.118,101321.3,0.24,0.50,,,,,,,,0,0,26B1
26,0.520000,SYNTHETIC,PRELAUNCH,0.003,0.038,9.806,-0.126,0.065,-0.049,101323.8,0.03,0.46,,,,,,,,0,0,712E
27,0.540000,SYNTHETIC,PRELAUNCH,-0.142,0.030,9.877,-0.115,0.056,-0.157,101324.3,-0.01,0.41,,,,,,,,0,0,BB1B
28,0.560000,SYNTHETIC,PRELAUNCH,0.007,-0.057,9.828,-0.052,-0.040,0.028,101325.4,-0.10,0.34,,,,,,,,0,0,A694
29,0.580000,SYNTHETIC,PRELAUNCH,0.039,-0.022,9.775,0.024,0.012,-0.060,101323.8,0.03,0.32,,,,,,,,0,0,DDCD
30,0.600000,SYNTHETIC,PRELAUNCH,-0.060,0.023,9.866,-0.049,0.165,-0.047,101325.2,-0.08,0.26,,,,,,,,0,0,EA8A
31,0.620000,SYNTHETIC,PRELAUNCH,-0.003,0.100,9.796,-0.075,-0.047,0.147,101332.0,-0.63,0.05,,,,,,,,0,0,09B6
32,0.640000,SYNTHETIC,PRELAUNCH,0.003,-0.053,9.739,0.026,0.063,-0.114,101322.3,0.17,0.10,,,,,,,,0,0,EA4C
33,0.660000,SYNTHETIC,PRELAUNCH,-0.015,-0.016,9.733,0.077,-0.093,-0.094,101325.4,-0.08,0.08,,,,,,,,0,0,97C1
34,0.680000,SYNTHETIC,PRELAUNCH,-0.059,-0.048,9.752,-0.030,-0.022,0.013,101329.3,-0.39,-0.02,,,,,,,,0,0,CA07
35,0.700000,SYNTHETIC,PRELAUNCH,0.083,0.003,9.749,-0.282,-0.024,-0.041,101316.2,0.68,0.15,,,,,,,,0,0,893C
36,0.720000,SYNTHETIC,PRELAUNCH,0.087,0.018,9.864,0.053,-0.153,-0.169,101322.4,0.16,0.17,,,,,,,,0,0,C087
37,0.740000,SYNTHETIC,PRELAUNCH,-0.096,0.010,9.778,0.005,-0.138,-0.008,101326.1,-0.15,0.13,,,,,,,,0,0,3555
38,0.760000,SYNTHETIC,PRELAUNCH,0.009,0.019,9.811,0.082,0.096,0.022,101326.6,-0.18,0.08,,,,,,,,0,0,B409
39,0.780000,SYNTHETIC,PRELAUNCH,0.033,0.119,9.810,0.082,-0.029,0.075,101328.0,-0.29,0.02,,,,,,,,0,0,4130
40,0.800000,SYNTHETIC,PRELAUNCH,0.023,-0.017,9.817,0.073,-0.226,0.063,101327.1,-0.21,-0.01,,,,,,,,0,0,828F
41,0.820000,SYNTHETIC,PRELAUNCH,0.080,0.011,9.826,-0.070,0.048,-0.031,101327.6,-0.25,-0.05,,,,,,,,0,0,334E
42,0.840000,SYNTHETIC,PRELAUNCH,-0.052,-0.004,9.802,0.009,-0.017,0.071,101327.5,-0.23,-0.08,,,,,,,,0,0,EA46
43,0.860000,SYNTHETIC,PRELAUNCH,-0.013,-0.012,9.809,-0.006,-0.098,-0.006,101324.0,0.06,-0.06,,,,,,,,0,0,C877
44,0.880000,SYNTHETIC,PRELAUNCH,0.029,0.090,9.719,-0.144,0.175,0.019,101324.5,0.01,-0.05,,,,,,,,0,0,1532
45,0.900000,SYNTHETIC,PRELAUNCH,-0.026,-0.044,9.811,0.222,-0.016,-0.046,101330.2,-0.45,-0.11,,,,,,,,0,0,424B
46,0.920000,SYNTHETIC,PRELAUNCH,-0.001,0.035,9.740,-0.208,-0.090,-0.055,101327.2,-0.20,-0.12,,,,,,,,0,0,63A4
47,0.940000,SYNTHETIC,PRELAUNCH,-0.086,-0.082,9.777,0.005,0.059,0.099,101322.8,0.17,-0.09,,,,,,,,0,0,9129
48,0.960000,SYNTHETIC,PRELAUNCH,0.016,0.068,9.919,-0.048,0.115,0.111,101320.6,0.34,-0.03,,,,,,,,0,0,8E36
49,0.980000,SYNTHETIC,PRELAUNCH,0.018,0.049,9.815,0.062,-0.040,0.142,101328.6,-0.32,-0.06,,,,,,,,0,0,11B6
50,1.000000,SYNTHETIC,PRELAUNCH,0.045,-0.118,9.769,-0.067,0.022,0.020,101326.5,-0.14,-0.07,23.97,,,,0,3,4.101,0,0,A523
51,1.020000,SYNTHETIC,PRELAUNCH,-0.011,0.032,9.831,-0.010,0.074,-0.112,101327.6,-0.23,-0.09,,,,,,,,0,0,429D
52,1.040000,SYNTHETIC,PRELAUNCH,0.055,0.041,9.760,-0.094,-0.114,0.019,101324.9,0.00,-0.08,,,,,,,,0,0,C395
53,1.060000,SYNTHETIC,PRELAUNCH,-0.076,-0.074,9.777,-0.057,-0.039,-0.168,101318.1,0.55,-0.01,,,,,,,,0,0,C4FD
54,1.080000,SYNTHETIC,PRELAUNCH,-0.016,0.031,9.737,0.066,0.100,-0.029,101322.4,0.19,0.01,,,,,,,,0,0,2812
55,1.100000,SYNTHETIC,PRELAUNCH,0.036,0.002,9.739,-0.084,-0.023,-0.031,101323.6,0.09,0.02,,,,,,,,0,0,1F64
56,1.120000,SYNTHETIC,PRELAUNCH,0.012,0.027,9.778,0.154,-0.043,-0.208,101327.6,-0.24,0.00,,,,,,,,0,0,DF48
57,1.140000,SYNTHETIC,PRELAUNCH,-0.017,-0.045,9.791,-0.078,-0.257,-0.042,101327.0,-0.19,-0.02,,,,,,,,0,0,99A4
58,1.160000,SYNTHETIC,PRELAUNCH,0.007,0.055,9.855,-0.138,0.223,0.026,101321.4,0.28,0.01,,,,,,,,0,0,EBB4
59,1.180000,SYNTHETIC,PRELAUNCH,0.019,-0.017,9.757,0.090,-0.047,-0.045,101325.3,-0.05,0.01,,,,,,,,0,0,7035
60,1.200000,SYNTHETIC,PRELAUNCH,-0.044,0.048,9.760,0.026,0.164,0.000,101326.8,-0.17,0.00,,,,,,,,0,0,EE8E
61,1.220000,SYNTHETIC,PRELAUNCH,-0.032,0.045,9.821,0.078,-0.171,0.020,101328.0,-0.27,-0.02,,,,,,,,0,0,355C
62,1.240000,SYNTHETIC,PRELAUNCH,-0.114,0.063,9.803,-0.223,0.058,-0.086,101318.1,0.55,0.03,,,,,,,,0,0,6B6F
63,1.260000,SYNTHETIC,PRELAUNCH,0.064,0.073,9.766,-0.062,0.143,0.053,101324.3,0.03,0.03,,,,,,,,0,0,C503
64,1.280000,SYNTHETIC,PRELAUNCH,0.059,-0.006,9.837,0.045,0.006,-0.089,101323.7,0.08,0.04,,,,,,,,0,0,88B1
65,1.300000,SYNTHETIC,PRELAUNCH,0.066,0.045,9.843,0.012,0.105,0.024,101322.8,0.15,0.05,,,,,,,,0,0,4950
66,1.320000,SYNTHETIC,PRELAUNCH,-0.008,0.025,9.778,-0.090,-0.042,-0.094,101324.3,0.03,0.05,,,,,,,,0,0,21F3
67,1.340000,SYNTHETIC,PRELAUNCH,0.088,0.046,9.845,0.021,-0.200,-0.041,101325.8,-0.09,0.04,,,,,,,,0,0,E174
68,1.360000,SYNTHETIC,PRELAUNCH,0.029,0.022,9.883,0.017,0.035,0.060,101323.0,0.14,0.05,,,,,,,,0,0,1439
69,1.380000,SYNTHETIC,PRELAUNCH,-0.031,0.056,9.914,-0.095,0.196,0.029,101328.6,-0.32,0.03,,,,,,,,0,0,25F7
70,1.400000,SYNTHETIC,PRELAUNCH,0.046,0.013,9.759,0.123,0.123,-0.076,101323.3,0.12,0.04,,,,,,,,0,0,219B
71,1.420000,SYNTHETIC,PRELAUNCH,-0.017,-0.017,9.770,-0.079,-0.029,0.032,101321.9,0.23,0.05,,,,,,,,0,0,1FA9
72,1.440000,SYNTHETIC,PRELAUNCH,-0.014,-0.067,9.760,0.100,-0.071,-0.045,101326.4,-0.14,0.04,,,,,,,,0,0,69B7
73,1.460000,SYNTHETIC,PRELAUNCH,-0.039,0.092,9.714,0.001,-0.036,-0.035,101325.9,-0.10,0.03,,,,,,,,0,0,E27B
74,1.480000,SYNTHETIC,PRELAUNCH,0.050,0.019,9.868,-0.080,0.057,-0.075,101325.3,-0.05,0.03,,,,,,,,0,0,9BAD
75,1.500000,SYNTHETIC,PRELAUNCH,0.086,0.026,9.788,0.232,-0.132,0.053,101321.9,0.23,0.04,,,,,,,,0,0,7A50
76,1.520000,SYNTHETIC,PRELAUNCH,0.038,-0.066,9.777,-0.077,0.250,-0.013,101322.9,0.14,0.05,,,,,,,,0,0,F0C1
77,1.540000,SYNTHETIC,PRELAUNCH,-0.033,0.048,9.843,-0.036,-0.144,-0.070,101326.0,-0.11,0.04,,,,,,,,0,0,3E94
78,1.560000,SYNTHETIC,PRELAUNCH,-0.015,0.045,9.854,0.162,0.176,-0.024,101322.0,0.22,0.05,,,,,,,,0,0,E31D
79,1.580000,SYNTHETIC,PRELAUNCH,-0.027,0.032,9.803,0.018,-0.067,-0.020,101331.2,-0.54,0.02,,,,,,,,0,0,DEB9
80,1.600000,SYNTHETIC,PRELAUNCH,0.092,-0.064,9.929,-0.169,-0.096,-0.103,101325.5,-0.07,0.02,,,,,,,,0,0,DCD3
81,1.620000,SYNTHETIC,PRELAUNCH,-0.090,0.143,9.829,-0.029,-0.057,-0.048,101322.0,0.22,0.03,,,,,,,,0,0,5A21
82,1.640000,SYNTHETIC,PRELAUNCH,0.044,0.032,9.825,-0.100,0.043,0.021,101322.6,0.17,0.04,,,,,,,,0,0,07BC
83,1.660000,SYNTHETIC,PRELAUNCH,0.042,0.018,9.776,-0.194,-0.151,0.025,101329.7,-0.42,0.02,,,,,,,,0,0,5ECB
84,1.680000,SYNTHETIC,PRELAUNCH,0.006,-0.016,9.810,-0.056,-0.041,0.043,101329.0,-0.35,0.00,,,,,,,,0,0,1A55
85,1.700000,SYNTHETIC,PRELAUNCH,-0.007,0.061,9.804,-0.031,-0.050,0.336,101326.4,-0.13,0.00,,,,,,,,0,0,47C8
86,1.720000,SYNTHETIC,PRELAUNCH,0.045,0.009,9.838,0.010,-0.020,0.075,101324.6,0.01,0.00,,,,,,,,0,0,0AF1
87,1.740000,SYNTHETIC,PRELAUNCH,0.024,0.050,9.743,-0.051,0.043,-0.123,101325.6,-0.07,0.00,,,,,,,,0,0,D7B0
88,1.760000,SYNTHETIC,PRELAUNCH,-0.042,-0.044,9.774,-0.055,0.068,0.001,101328.8,-0.33,-0.02,,,,,,,,0,0,0AC4
89,1.780000,SYNTHETIC,PRELAUNCH,0.053,-0.137,9.754,0.014,0.035,-0.041,101324.3,0.04,-0.01,,,,,,,,0,0,A129
90,1.800000,SYNTHETIC,PRELAUNCH,-0.087,-0.010,9.763,0.117,-0.175,0.030,101324.7,0.01,-0.01,,,,,,,,0,0,867F
91,1.820000,SYNTHETIC,PRELAUNCH,-0.053,-0.027,9.807,-0.100,0.167,0.115,101327.1,-0.19,-0.02,,,,,,,,0,0,FB83
92,1.840000,SYNTHETIC,PRELAUNCH,0.094,-0.012,9.798,-0.078,0.052,0.051,101325.5,-0.05,-0.02,,,,,,,,0,0,6FE6
93,1.860000,SYNTHETIC,PRELAUNCH,-0.001,-0.004,9.881,0.145,-0.019,-0.024,101324.1,0.06,-0.01,,,,,,,,0,0,185C
94,1.880000,SYNTHETIC,PRELAUNCH,-0.026,0.053,9.752,-0.067,-0.062,0.035,101322.0,0.23,0.00,,,,,,,,0,0,FE43
95,1.900000,SYNTHETIC,PRELAUNCH,0.000,-0.015,9.843,-0.254,-0.106,0.006,101326.1,-0.11,-0.01,,,,,,,,0,0,B546
96,1.920000,SYNTHETIC,PRELAUNCH,0.060,0.068,9.874,0.099,0.120,-0.039,101326.5,-0.14,-0.01,,,,,,,,0,0,30AC
97,1.940000,SYNTHETIC,PRELAUNCH,0.003,0.032,9.853,0.047,-0.090,0.067,101324.2,0.05,-0.01,,,,,,,,0,0,C275
98,1.960000,SYNTHETIC,PRELAUNCH,0.073,0.031,9.789,0.051,0.000,-0.040,101323.8,0.09,0.00,,,,,,,,0,0,F97D
99,1.980000,SYNTHETIC,PRELAUNCH,-0.084,-0.037,9.766,0.022,-0.035,0.105,101327.4,-0.21,-0.01,,,,,,,,0,0,22D6
100,2.000000,SYNTHETIC,PRELAUNCH,0.010,0.011,,0.088,0.008,-0.090,101324.2,0.06,-0.01,23.85,-0.0000263,0.0000240,2.4,3,9,4.105,0,1,8562
101,2.020000,SYNTHETIC,PRELAUNCH,0.064,-0.098,9.808,0.026,0.166,0.002,101323.7,0.10,0.00,,,,,,,,0,0,70A1
102,2.040000,SYNTHETIC,PRELAUNCH,-0.052,-0.049,9.887,0.074,0.011,0.080,101325.5,-0.05,0.00,,,,,,,,0,0,649C
103,2.060000,SYNTHETIC,PRELAUNCH,-0.001,-0.006,9.831,-0.131,-0.068,-0.113,101324.0,0.08,0.00,,,,,,,,0,0,F439
104,2.080000,SYNTHETIC,PRELAUNCH,-0.076,0.021,9.813,-0.090,0.060,-0.107,101327.0,-0.17,0.00,,,,,,,,0,0,49F6
105,2.100000,SYNTHETIC,PRELAUNCH,0.065,-0.035,9.844,-0.019,0.024,-0.033,101323.4,0.13,0.01,,,,,,,,0,0,D7C2
106,2.120000,SYNTHETIC,PRELAUNCH,-0.019,0.027,9.827,0.004,-0.023,0.043,101322.0,0.24,0.02,,,,,,,,0,0,9066
107,2.140000,SYNTHETIC,PRELAUNCH,-0.013,-0.110,9.708,-0.170,0.045,-0.001,101322.6,0.18,0.02,,,,,,,,0,0,4956
108,2.160000,SYNTHETIC,PRELAUNCH,-0.006,0.079,9.691,0.107,0.009,0.061,101322.9,0.16,0.03,,,,,,,,0,0,9D01
109,2.180000,SYNTHETIC,PRELAUNCH,0.088,-0.036,9.746,0.151,0.016,0.021,101325.8,-0.08,0.02,,,,,,,,0,0,1D3D
110,2.200000,SYNTHETIC,PRELAUNCH,-0.033,-0.069,9.824,-0.212,0.006,0.068,101327.9,-0.25,0.01,,,,,,,,0,0,FEF0
111,2.220000,SYNTHETIC,PRELAUNCH,0.035,-0.070,9.820,-0.005,0.098,0.116,101319.7,0.42,0.03,,,,,,,,0,0,36E2
112,2.240000,SYNTHETIC,PRELAUNCH,-0.033,0.047,9.790,-0.082,-0.050,0.077,101321.8,0.25,0.04,,,,,,,,0,0,0D2A
113,2.260000,SYNTHETIC,PRELAUNCH,0.044,0.001,9.872,-0.060,-0.081,0.047,101325.9,-0.09,0.03,,,,,,,,0,0,8BB5
114,2.280000,SYNTHETIC,PRELAUNCH,-0.088,0.077,9.853,0.040,-0.110,-0.134,101324.1,0.06,0.04,,,,,,,,0,0,8F29
115,2.300000,SYNTHETIC,PRELAUNCH,0.083,-0.027,9.780,-0.217,0.210,-0.031,101328.2,-0.28,0.03,,,,,,,,0,0,9B21
116,2.320000,SYNTHETIC,PRELAUNCH,0.006,0.023,9.801,-0.044,-0.028,0.066,101324.6,0.02,0.03,,,,,,,,0,0,35BB
117,2.340000,SYNTHETIC,PRELAUNCH,-0.077,-0.069,9.844,0.070,-0.047,-0.002,101326.7,-0.15,0.02,,,,,,,,0,0,777E
118,2.360000,SYNTHETIC,PRELAUNCH,-0.048,-0.089,9.833,-0.066,0.148,0.017,101321.5,0.28,0.03,,,,,,,,0,0,7843
119,2.380000,SYNTHETIC,PRELAUNCH,0.060,-0.038,9.831,-0.110,0.165,0.119,101321.4,0.28,0.04,,,,,,,,0,0,2FC7
120,2.400000,SYNTHETIC,PRELAUNCH,0.008,-0.033,9.819,0.119,0.105,-0.131,101323.6,0.10,0.04,,,,,,,,0,0,6C54
121,2.420000,SYNTHETIC,PRELAUNCH,-0.037,-0.062,9.853,-0.032,0.041,0.097,101328.3,-0.29,0.03,,,,,,,,0,0,FBA1
122,2.440000,SYNTHETIC,PRELAUNCH,-0.037,0.060,9.860,-0.001,-0.103,-0.021,101318.7,0.50,0.05,,,,,,,,0,0,A1F3
123,2.460000,SYNTHETIC,PRELAUNCH,-0.034,-0.030,9.842,-0.078,-0.072,-0.012,101327.4,-0.21,0.04,,,,,,,,0,0,B5D9
124,2.480000,SYNTHETIC,PRELAUNCH,-0.042,0.059,9.751,0.114,-0.074,0.016,101321.2,0.30,0.05,,,,,,,,0,0,F98F
125,2.500000,SYNTHETIC,PRELAUNCH,0.019,-0.107,9.786,-0.038,0.200,-0.043,101323.8,0.09,0.05,,,,,,,,0,0,C976
126,2.520000,SYNTHETIC,PRELAUNCH,-0.048,0.008,9.828,0.118,0.084,-0.042,101324.6,0.02,0.05,,,,,,,,0,0,E658
127,2.540000,SYNTHETIC,PRELAUNCH,-0.079,-0.111,9.824,-0.070,-0.048,-0.125,101327.8,-0.24,0.04,,,,,,,,0,0,C320
128,2.560000,SYNTHETIC,PRELAUNCH,-0.017,-0.050,9.920,0.067,0.026,0.229,101331.5,-0.55,0.02,,,,,,,,0,0,C692
129,2.580000,SYNTHETIC,PRELAUNCH,-0.090,0.004,9.826,0.115,0.209,0.044,101327.6,-0.22,0.02,,,,,,,,0,0,490F
130,2.600000,SYNTHETIC,PRELAUNCH,0.003,0.089,9.773,-0.031,-0.038,0.016,101328.0,-0.25,0.01,,,,,,,,0,0,BA04
131,2.620000,SYNTHETIC,PRELAUNCH,-0.082,-0.001,9.727,-0.088,0.054,0.150,101323.7,0.10,0.01,,,,,,,,0,0,D932
132,2.640000,SYNTHETIC,PRELAUNCH,0.007,0.005,9.802,-0.041,0.149,0.223,101327.1,-0.18,0.00,,,,,,,,0,0,8CCB
133,2.660000,SYNTHETIC,PRELAUNCH,0.024,0.001,9.683,-0.118,-0.194,0.144,101324.0,0.08,0.00,,,,,,,,0,0,E4AD
134,2.680000,SYNTHETIC,PRELAUNCH,0.146,-0.034,9.811,-0.117,-0.137,-0.062,101326.5,-0.13,0.00,,,,,,,,0,0,9494
135,2.700000,SYNTHETIC,PRELAUNCH,-0.028,-0.012,9.808,0.207,-0.101,-0.021,101330.6,-0.46,-0.02,,,,,,,,0,0,21FD
136,2.720000,SYNTHETIC,PRELAUNCH,-0.042,-0.069,9.846,0.011,0.029,0.016,101322.9,0.18,-0.01,,,,,,,,0,0,8234
137,2.740000,SYNTHETIC,PRELAUNCH,0.030,0.006,9.778,-0.177,0.008,0.017,101326.3,-0.10,-0.01,,,,,,,,0,0,6F0E
138,2.760000,SYNTHETIC,PRELAUNCH,0.017,0.078,9.801,-0.008,-0.113,0.076,101327.0,-0.16,-0.02,,,,,,,,0,0,C16E
139,2.780000,SYNTHETIC,PRELAUNCH,0.055,-0.032,9.831,0.062,0.038,0.114,101321.6,0.28,-0.01,,,,,,,,0,0,58BB
140,2.800000,SYNTHETIC,PRELAUNCH,-0.054,-0.019,9.868,0.044,-0.009,-0.116,101331.3,-0.52,-0.02,,,,,,,,0,0,D86B
141,2.820000,SYNTHETIC,PRELAUNCH,-0.015,0.036,9.871,-0.004,-0.016,-0.109,101322.6,0.20,-0.01,,,,,,,,0,0,4587
142,2.840000,SYNTHETIC,PRELAUNCH,0.006,-0.078,9.820,0.183,-0.125,-0.035,101320.3,0.39,0.00,,,,,,,,0,0,12EA
143,2.860000,SYNTHETIC,PRELAUNCH,-0.002,0.094,9.793,0.019,0.227,0.090,101322.2,0.23,0.01,,,,,,,,0,0,5D4A
144,2.880000,SYNTHETIC,PRELAUNCH,0.020,0.006,9.736,0.131,-0.196,0.105,101322.4,0.21,0.02,,,,,,,,0,0,4EFA
145,2.900000,SYNTHETIC,PRELAUNCH,-0.070,0.022,9.848,0.095,-0.238,0.066,101324.0,0.07,0.02,,,,,,,,0,0,819B
146,2.920000,SYNTHETIC,PRELAUNCH,0.012,0.019,9.793,-0.044,-0.183,0.045,101324.1,0.06,0.02,,,,,,,,0,0,6FF4
147,2.940000,SYNTHETIC,PRELAUNCH,0.123,-0.105,9.841,0.046,-0.164,0.003,101327.4,-0.21,0.01,,,,,,,,0,0,A707
148,2.960000,SYNTHETIC,PRELAUNCH,0.007,0.018,9.733,0.020,-0.007,-0.040,101322.2,0.22,0.02,,,,,,,,0,0,41D9
149,2.980000,SYNTHETIC,PRELAUNCH,-0.011,-0.051,9.816,0.086,-0.192,-0.068,101320.7,0.34,0.03,,,,,,,,0,0,FBFE
150,3.000000,SYNTHETIC,PRELAUNCH,-0.007,0.011,9.822,-0.077,0.001,-0.009,101325.9,-0.09,0.03,23.82,0.0000010,0.0000012,3.3,3,9,4.103,0,0,2AD2
151,3.020000,SYNTHETIC,PRELAUNCH,0.011,0.082,9.879,0.056,-0.061,-0.218,101325.4,-0.05,0.03,,,,,,,,0,0,3165
152,3.040000,SYNTHETIC,PRELAUNCH,-0.052,0.039,9.841,-0.028,0.055,0.077,101331.4,-0.55,0.01,,,,,,,,0,0,F642
153,3.060000,SYNTHETIC,PRELAUNCH,0.015,0.088,9.816,0.069,0.142,-0.128,101324.6,0.02,0.01,,,,,,,,0,0,27A5
154,3.080000,SYNTHETIC,PRELAUNCH,0.072,-0.050,9.830,-0.019,0.053,0.193,101330.0,-0.42,0.00,,,,,,,,0,0,5F95
155,3.100000,SYNTHETIC,PRELAUNCH,-0.077,0.003,9.762,0.124,-0.069,-0.051,101330.3,-0.44,-0.02,,,,,,,,0,0,0B50
156,3.120000,SYNTHETIC,PRELAUNCH,-0.095,0.100,9.772,-0.031,-0.073,0.021,101323.5,0.12,-0.01,,,,,,,,0,0,D194
157,3.140000,SYNTHETIC,PRELAUNCH,0.038,0.011,9.755,-0.018,-0.126,0.017,101328.2,-0.27,-0.02,,,,,,,,0,0,1BEE
158,3.160000,SYNTHETIC,PRELAUNCH,0.023,-0.099,9.809,-0.008,-0.057,-0.108,101322.5,0.21,-0.02,,,,,,,,0,0,0F5A
159,3.180000,SYNTHETIC,PRELAUNCH,0.055,0.043,9.795,-0.005,0.014,-0.146,101325.5,-0.04,-0.02,,,,,,,,0,0,58DA
160,3.200000,SYNTHETIC,PRELAUNCH,-0.002,-0.066,9.790,0.082,0.015,-0.004,101326.6,-0.13,-0.02,,,,,,,,0,0,1036
161,3.220000,SYNTHETIC,PRELAUNCH,-0.074,-0.029,9.811,0.027,0.126,-0.044,101326.3,-0.11,-0.02,,,,,,,,0,0,396A
162,3.240000,SYNTHETIC,PRELAUNCH,0.046,-0.002,9.821,0.032,-0.071,-0.086,101326.8,-0.14,-0.03,,,,,,,,0,0,90D9
163,3.260000,SYNTHETIC,PRELAUNCH,-0.037,-0.012,9.868,-0.009,0.049,-0.063,101329.9,-0.40,-0.04,,,,,,,,0,0,0573
164,3.280000,SYNTHETIC,PRELAUNCH,-0.055,-0.046,9.779,-0.137,-0.075,-0.133,101327.0,-0.15,-0.04,,,,,,,,0,0,6A76
165,3.300000,SYNTHETIC,PRELAUNCH,0.011,-0.009,9.816,-0.001,0.134,0.090,101325.0,0.02,-0.04,,,,,,,,0,0,8401
166,3.320000,SYNTHETIC,PRELAUNCH,0.014,-0.028,9.875,0.211,-0.092,-0.110,101325.7,-0.04,-0.03,,,,,,,,0,0,7617
167,3.340000,SYNTHETIC,PRELAUNCH,-0.044,0.053,9.797,0.051,0.001,-0.148,101329.1,-0.32,-0.04,,,,,,,,0,0,88A3
168,3.360000,SYNTHETIC,PRELAUNCH,0.076,-0.014,9.776,-0.075,-0.299,0.059,101327.8,-0.21,-0.05,,,,,,,,0,0,0470
169,3.380000,SYNTHETIC,PRELAUNCH,0.022,-0.050,9.806,0.148,-0.124,-0.016,101331.3,-0.50,-0.06,,,,,,,,0,0,1FC6
170,3.400000,SYNTHETIC,PRELAUNCH,0.022,0.095,9.826,-0.004,0.059,0.071,101325.5,-0.01,-0.06,,,,,,,,0,0,85E5
171,3.420000,SYNTHETIC,PRELAUNCH,0.028,-0.080,9.729,-0.022,-0.092,-0.105,101324.8,0.05,-0.06,,,,,,,,0,0,161E
172,3.440000,SYNTHETIC,PRELAUNCH,-0.107,0.053,9.713,-0.011,0.061,0.043,101325.5,-0.01,-0.06,,,,,,,,0,0,73BB
173,3.460000,SYNTHETIC,PRELAUNCH,0.021,-0.029,9.757,-0.051,0.068,-0.083,101326.1,-0.06,-0.06,,,,,,,,0,0,B6F0
174,3.480000,SYNTHETIC,PRELAUNCH,0.043,0.010,9.742,0.243,0.016,0.069,101331.8,-0.53,-0.07,,,,,,,,0,0,AB25
175,3.500000,SYNTHETIC,PRELAUNCH,0.001,-0.030,9.718,0.059,0.032,-0.078,101324.7,0.06,-0.07,,,,,,,,0,0,0EF5
176,3.520000,SYNTHETIC,PRELAUNCH,-0.001,0.009,9.753,0.046,-0.079,0.042,101326.8,-0.11,-0.07,,,,,,,,0,0,5240
177,3.540000,SYNTHETIC,PRELAUNCH,-0.064,0.011,9.878,-0.024,-0.040,0.001,101323.4,0.17,-0.06,,,,,,,,0,0,BFE0
178,3.560000,SYNTHETIC,PRELAUNCH,-0.087,-0.016,9.783,-0.085,-0.028,0.160,101326.0,-0.04,-0.06,,,,,,,,0,0,F4F4
179,3.580000,SYNTHETIC,PRELAUNCH,0.048,-0.004,9.813,0.067,0.078,0.101,101324.0,0.12,-0.05,,,,,,,,0,0,3C26
180,3.600000,SYNTHETIC,PRELAUNCH,-0.073,0.019,9.791,0.049,-0.082,0.016,101331.2,-0.48,-0.07,,,,,,,,0,0,0777
181,3.620000,SYNTHETIC,PRELAUNCH,0.009,-0.031,9.860,0.125,0.037,0.037,101318.6,0.57,-0.04,,,,,,,,0,0,4D1E
182,3.640000,SYNTHETIC,PRELAUNCH,-0.036,0.005,9.887,-0.054,0.129,-0.155,101328.2,-0.22,-0.05,,,,,,,,0,0,2199
183,3.660000,SYNTHETIC,PRELAUNCH,0.128,-0.048,9.848,0.165,-0.008,-0.055,101324.6,0.07,-0.04,,,,,,,,0,0,7557
184,3.680000,SYNTHETIC,PRELAUNCH,-0.003,0.034,9.847,-0.117,-0.164,-0.134,101320.8,0.38,-0.02,,,,,,,,0,0,D91D
185,3.700000,SYNTHETIC,PRELAUNCH,0.081,0.084,9.841,-0.146,0.102,0.095,101328.4,-0.25,-0.03,,,,,,,,0,0,EA1A
186,3.720000,SYNTHETIC,PRELAUNCH,-0.011,-0.016,9.755,-0.125,-0.035,0.067,101325.5,-0.01,-0.03,,,,,,,,0,0,4823
187,3.740000,SYNTHETIC,PRELAUNCH,-0.011,0.007,9.799,-0.023,0.065,-0.127,101318.9,0.54,-0.01,,,,,,,,0,0,4AC3
188,3.760000,SYNTHETIC,PRELAUNCH,0.031,-0.037,9.824,-0.103,-0.049,-0.089,101327.0,-0.14,-0.01,,,,,,,,0,0,1D4A
189,3.780000,SYNTHETIC,PRELAUNCH,0.048,-0.025,9.755,-0.176,0.124,-0.015,101322.7,0.22,0.00,,,,,,,,0,0,76C3
190,3.800000,SYNTHETIC,PRELAUNCH,0.065,0.000,9.825,0.135,-0.010,0.193,101325.8,-0.04,0.00,,,,,,,,0,0,CABE
191,3.820000,SYNTHETIC,PRELAUNCH,-0.043,0.058,9.736,-0.043,0.065,0.157,101321.9,0.28,0.00,,,,,,,,0,0,440F
192,3.840000,SYNTHETIC,PRELAUNCH,-0.014,0.018,9.671,0.103,-0.002,-0.087,101328.9,-0.30,-0.01,,,,,,,,0,0,24E3
193,3.860000,SYNTHETIC,PRELAUNCH,-0.047,-0.074,9.761,-0.031,-0.124,-0.072,101326.6,-0.11,-0.01,,,,,,,,0,0,258C
194,3.880000,SYNTHETIC,PRELAUNCH,-0.016,-0.032,9.839,-0.073,0.094,-0.180,101331.2,-0.48,-0.02,,,,,,,,0,0,1515
195,3.900000,SYNTHETIC,PRELAUNCH,-0.070,0.130,9.798,0.076,-0.110,0.009,101328.0,-0.21,-0.03,,,,,,,,0,0,3252
196,3.920000,SYNTHETIC,PRELAUNCH,0.054,-0.009,9.808,0.024,0.109,0.119,101324.2,0.10,-0.02,,,,,,,,0,0,571E
197,3.940000,SYNTHETIC,PRELAUNCH,-0.035,0.021,9.802,-0.083,-0.023,-0.013,101317.0,0.69,0.00,,,,,,,,0,0,BDF6
198,3.960000,SYNTHETIC,PRELAUNCH,-0.002,-0.067,9.789,0.210,-0.089,-0.008,101327.4,-0.17,0.00,,,,,,,,0,0,CC7A
199,3.980000,SYNTHETIC,PRELAUNCH,-0.016,-0.010,9.720,-0.008,-0.168,0.162,101324.8,0.05,0.00,,,,,,,,0,0,CB7F
200,4.000000,SYNTHETIC,PRELAUNCH,0.064,0.056,9.795,0.054,-0.120,-0.066,101325.7,-0.03,0.00,23.73,-0.0000054,0.0000041,-3.8,3,9,4.099,0,0,37A4
201,4.020000,SYNTHETIC,PRELAUNCH,-0.048,-0.029,9.811,-0.063,-0.080,0.037,101327.0,-0.13,-0.01,,,,,,,,0,0,D340
202,4.040000,SYNTHETIC,PRELAUNCH,0.040,-0.051,9.773,0.095,-0.150,-0.103,101321.3,0.34,0.00,,,,,,,,0,0,337F
203,4.060000,SYNTHETIC,PRELAUNCH,0.003,0.042,9.838,-0.008,-0.096,0.028,101329.2,-0.32,0.00,,,,,,,,0,0,F6F6
204,4.080000,SYNTHETIC,PRELAUNCH,-0.067,-0.009,9.832,0.103,0.076,-0.044,101328.0,-0.21,-0.01,,,,,,,,0,0,F947
205,4.100000,SYNTHETIC,PRELAUNCH,0.078,-0.012,9.691,0.076,0.025,0.054,101328.2,-0.23,-0.02,,,,,,,,0,0,247D
206,4.120000,SYNTHETIC,PRELAUNCH,-0.033,-0.027,9.804,-0.232,-0.046,0.102,101324.7,0.07,-0.01,,,,,,,,0,0,3AFC
207,4.140000,SYNTHETIC,PRELAUNCH,0.011,-0.041,9.899,0.058,-0.012,0.022,101322.9,0.22,0.00,,,,,,,,0,0,2C06
208,4.160000,SYNTHETIC,PRELAUNCH,-0.010,-0.021,9.841,-0.067,0.028,0.003,101321.4,0.34,0.01,,,,,,,,0,0,78D4
209,4.180000,SYNTHETIC,PRELAUNCH,-0.015,-0.059,9.860,0.081,-0.052,-0.041,101323.3,0.18,0.02,,,,,,,,0,0,181A
210,4.200000,SYNTHETIC,PRELAUNCH,-0.035,0.020,9.758,0.039,0.088,0.050,101322.2,0.27,0.02,,,,,,,,0,0,FA6E
211,4.220000,SYNTHETIC,PRELAUNCH,0.028,0.019,9.807,0.051,0.093,0.021,101323.8,0.14,0.03,,,,,,,,0,0,67E3
212,4.240000,SYNTHETIC,PRELAUNCH,0.047,-0.056,9.831,0.111,0.020,0.001,101323.0,0.20,0.04,,,,,,,,0,0,0A6F
213,4.260000,SYNTHETIC,PRELAUNCH,-0.054,0.016,9.778,-0.090,-0.123,-0.106,101322.8,0.22,0.04,,,,,,,,0,0,D6F8
214,4.280000,SYNTHETIC,PRELAUNCH,-0.007,-0.020,9.786,-0.067,0.085,0.083,101324.8,0.05,0.04,,,,,,,,0,0,951A
215,4.300000,SYNTHETIC,PRELAUNCH,-0.025,0.009,9.701,0.155,-0.024,0.036,101325.5,-0.01,0.04,,,,,,,,0,0,0995
216,4.320000,SYNTHETIC,PRELAUNCH,0.009,-0.081,9.773,-0.016,0.058,-0.026,101329.4,-0.33,0.03,,,,,,,,0,0,D78F
217,4.340000,SYNTHETIC,PRELAUNCH,0.049,-0.077,9.815,0.029,0.032,-0.080,101330.1,-0.38,0.01,,,,,,,,0,0,B2A3
218,4.360000,SYNTHETIC,PRELAUNCH,-0.032,0.013,9.825,-0.025,0.028,-0.105,101322.0,0.29,0.02,,,,,,,,0,0,4AD5
219,4.380000,SYNTHETIC,PRELAUNCH,-0.015,-0.023,9.778,0.106,-0.046,0.142,101325.3,0.02,0.02,,,,,,,,0,0,45FC
220,4.400000,SYNTHETIC,PRELAUNCH,-0.032,-0.072,9.775,0.112,-0.078,0.099,101323.9,0.14,0.03,,,,,,,,0,0,B672
221,4.420000,SYNTHETIC,PRELAUNCH,-0.075,0.063,9.857,-0.050,-0.366,-0.012,101324.7,0.07,0.03,,,,,,,,0,0,63FD
222,4.440000,SYNTHETIC,PRELAUNCH,0.040,0.040,9.786,-0.037,0.058,-0.189,101325.7,-0.01,0.03,,,,,,,,0,0,13C9
223,4.460000,SYNTHETIC,PRELAUNCH,-0.062,0.019,9.812,-0.093,-0.061,-0.029,101323.9,0.14,0.03,,,,,,,,0,0,0EA1
224,4.480000,SYNTHETIC,PRELAUNCH,0.052,-0.030,9.809,0.055,0.036,0.007,101325.4,0.01,0.03,,,,,,,,0,0,8CA7
225,4.500000,SYNTHETIC,PRELAUNCH,0.018,0.032,9.837,0.028,0.032,0.020,101329.3,-0.31,0.02,,,,,,,,0,0,4426
226,4.520000,SYNTHETIC,PRELAUNCH,0.006,-0.037,9.761,0.170,0.104,0.012,101322.7,0.24,0.03,,,,,,,,0,0,3DE9
227,4.540000,SYNTHETIC,PRELAUNCH,0.045,0.028,9.909,0.019,0.039,-0.110,101326.4,-0.07,0.03,,,,,,,,0,0,A27A
228,4.560000,SYNTHETIC,PRELAUNCH,0.025,0.115,9.844,-0.012,0.033,0.108,101330.5,-0.41,0.02,,,,,,,,0,0,3BFA
229,4.580000,SYNTHETIC,PRELAUNCH,-0.049,0.103,9.805,0.094,0.032,0.191,101326.7,-0.09,0.01,,,,,,,,0,0,F084
230,4.600000,SYNTHETIC,PRELAUNCH,0.064,-0.037,9.814,0.030,0.115,-0.082,101326.8,-0.10,0.01,,,,,,,,0,0,C567
231,4.620000,SYNTHETIC,PRELAUNCH,-0.020,0.016,9.777,-0.107,-0.011,0.041,101324.7,0.07,0.01,,,,,,,,0,0,14A3
232,4.640000,SYNTHETIC,PRELAUNCH,0.036,0.032,9.845,-0.063,-0.212,0.042,101326.7,-0.09,0.01,,,,,,,,0,0,F8B4
233,4.660000,SYNTHETIC,PRELAUNCH,0.023,0.059,9.821,-0.031,0.085,-0.044,101326.7,-0.09,0.01,,,,,,,,0,0,BAAA
234,4.680000,SYNTHETIC,PRELAUNCH,0.060,0.007,9.755,0.028,0.118,-0.052,101318.5,0.58,0.03,,,,,,,,0,0,7BD5
235,4.700000,SYNTHETIC,PRELAUNCH,-0.007,0.043,9.806,-0.140,-0.040,0.008,101319.1,0.52,0.04,,,,,,,,0,0,92D9
236,4.720000,SYNTHETIC,PRELAUNCH,0.051,-0.021,9.734,-0.047,0.092,-0.044,101328.7,-0.27,0.03,,,,,,,,0,0,C5D0
237,4.740000,SYNTHETIC,PRELAUNCH,-0.024,-0.066,9.844,0.033,0.065,-0.051,101323.3,0.18,0.04,,,,,,,,0,0,ABFF
238,4.760000,SYNTHETIC,PRELAUNCH,0.014,-0.042,9.793,-0.059,-0.034,0.062,101323.7,0.14,0.04,,,,,,,,0,0,9506
239,4.780000,SYNTHETIC,PRELAUNCH,-0.036,-0.002,9.728,-0.088,0.119,0.040,101321.5,0.32,0.05,,,,,,,,0,0,3E68
240,4.800000,SYNTHETIC,PRELAUNCH,-0.046,-0.023,9.708,0.077,0.099,0.134,101332.6,-0.60,0.03,,,,,,,,0,0,17B9
241,4.820000,SYNTHETIC,PRELAUNCH,-0.019,0.038,9.822,0.064,0.053,0.035,101327.1,-0.14,0.02,,,,,,,,0,0,5BB6
242,4.840000,SYNTHETIC,PRELAUNCH,-0.073,-0.088,9.877,-0.032,0.089,0.006,101323.4,0.17,0.03,,,,,,,,0,0,DE66
243,4.860000,SYNTHETIC,PRELAUNCH,-0.046,-0.027,9.803,-0.021,-0.030,0.011,101323.4,0.17,0.03,,,,,,,,0,0,F7E0
244,4.880000,SYNTHETIC,PRELAUNCH,-0.011,0.001,9.838,-0.048,-0.180,0.029,101324.0,0.13,0.04,,,,,,,,0,0,8525
245,4.900000,SYNTHETIC,PRELAUNCH,-0.013,0.043,9.875,0.066,-0.023,-0.125,101326.1,-0.05,0.03,,,,,,,,0,0,978A
246,4.920000,SYNTHETIC,PRELAUNCH,0.066,0.084,9.795,0.111,0.108,-0.077,101321.8,0.31,0.04,,,,,,,,0,0,F8F0
247,4.940000,SYNTHETIC,PRELAUNCH,-0.024,0.014,9.792,-0.012,0.083,-0.031,101325.5,0.00,0.04,,,,,,,,0,0,9FE3
248,4.960000,SYNTHETIC,PRELAUNCH,0.075,-0.045,9.718,0.182,-0.067,0.099,101323.3,0.18,0.04,,,,,,,,0,0,498E
249,4.980000,SYNTHETIC,PRELAUNCH,-0.129,-0.021,9.857,0.119,-0.077,-0.077,101323.7,0.15,0.05,,,,,,,,0,0,42F1
250,5.000000,SYNTHETIC,PRELAUNCH,0.086,-0.006,9.819,0.102,0.114,0.077,101326.0,-0.04,0.05,23.67,-0.0000031,-0.0000121,3.5,3,9,4.094,0,0,C4AC
251,5.020000,SYNTHETIC,PRELAUNCH,-0.126,0.350,55.092,-0.096,0.063,0.030,101326.3,-0.06,0.95,,,,,,,,0,0,8F9F
252,5.040000,SYNTHETIC,PRELAUNCH,-0.169,0.406,55.640,-0.083,-0.143,0.216,101322.6,0.24,1.87,,,,,,,,0,0,3A6A
253,5.060000,SYNTHETIC,PRELAUNCH,0.121,0.081,54.611,0.085,-0.069,-0.149,101326.0,-0.04,2.76,,,,,,,,0,0,3DBF
254,5.080000,SYNTHETIC,ASCENT,-0.021,0.480,55.013,-0.147,0.123,0.169,101321.5,0.32,3.67,,,,,,,,0,0,1745
255,5.100000,SYNTHETIC,ASCENT,-0.171,0.837,55.201,-0.068,-0.004,-0.015,101323.4,0.17,4.57,,,,,,,,0,0,8BB5
256,5.120000,SYNTHETIC,ASCENT,0.538,0.036,54.754,0.073,-0.177,-0.098,101326.8,-0.12,5.46,,,,,,,,0,0,1D8B
257,5.140000,SYNTHETIC,ASCENT,-0.219,-0.039,54.548,-0.117,-0.094,-0.109,101320.1,0.44,6.35,,,,,,,,0,0,E4CB
258,5.160000,SYNTHETIC,ASCENT,0.693,-0.082,55.728,0.039,-0.139,0.023,101320.5,0.41,7.26,,,,,,,,0,0,25A7
259,5.180000,SYNTHETIC,ASCENT,-0.564,-0.625,54.019,-0.111,-0.216,0.032,101318.7,0.56,8.14,,,,,,,,0,0,E836
260,5.200000,SYNTHETIC,ASCENT,-0.419,-0.176,54.949,-0.115,-0.142,-0.088,101315.8,0.80,9.04,,,,,,,,0,0,3F50
261,5.220000,SYNTHETIC,ASCENT,-0.045,-0.388,55.200,-0.094,-0.040,0.156,101310.4,1.25,9.95,,,,,,,,0,0,8803
262,5.240000,SYNTHETIC,ASCENT,0.655,0.847,54.691,-0.015,-0.120,-0.061,101309.4,1.33,10.85,,,,,,,,0,0,6110
263,5.260000,SYNTHETIC,ASCENT,-0.336,0.735,55.113,0.065,-0.072,0.076,101302.2,1.93,11.77,,,,,,,,0,0,AE64
264,5.280000,SYNTHETIC,ASCENT,0.332,0.042,55.844,0.106,0.069,-0.001,101301.2,2.01,12.69,,,,,,,,0,0,5398
265,5.300000,SYNTHETIC,ASCENT,0.060,0.860,54.513,0.060,-0.053,-0.146,101299.8,2.13,13.59,,,,,,,,0,0,B661
266,5.320000,SYNTHETIC,ASCENT,-0.224,-0.224,53.368,-0.060,0.128,0.135,101303.8,1.80,14.44,,,,,,,,0,0,CB0F
267,5.340000,SYNTHETIC,ASCENT,0.835,-0.696,55.230,0.094,-0.126,0.106,101292.5,2.74,15.36,,,,,,,,0,0,0225
268,5.360000,SYNTHETIC,ASCENT,-0.149,0.426,54.821,-0.095,0.135,0.008,101294.0,2.61,16.24,,,,,,,,0,0,9918
269,5.380000,SYNTHETIC,ASCENT,0.251,-0.035,54.190,0.004,0.058,0.033,101287.8,3.13,17.13,,,,,,,,0,0,353E
270,5.400000,SYNTHETIC,ASCENT,-0.597,-0.536,54.231,0.017,-0.131,-0.033,101283.7,3.47,18.01,,,,,,,,0,0,F746
271,5.420000,SYNTHETIC,ASCENT,-0.276,-0.999,54.594,-0.187,-0.074,-0.098,101276.6,4.06,18.91,,,,,,,,0,0,5C82
272,5.440000,SYNTHETIC,ASCENT,0.109,-0.302,54.105,0.004,-0.123,-0.070,101271.5,4.49,19.80,,,,,,,,0,0,ED10
273,5.460000,SYNTHETIC,ASCENT,-0.415,-0.476,54.719,-0.068,0.024,-0.027,101266.0,4.94,20.70,,,,,,,,0,0,7DDC
274,5.480000,SYNTHETIC,ASCENT,-0.311,0.359,54.648,-0.029,-0.020,-0.104,101267.0,4.86,21.59,,,,,,,,0,0,C6D5
275,5.500000,SYNTHETIC,ASCENT,0.385,0.164,54.420,-0.067,0.001,-0.015,101256.5,5.74,22.48,,,,,,,,0,0,00E9
276,5.520000,SYNTHETIC,ASCENT,0.040,-0.119,53.902,-0.006,-0.090,0.042,101251.1,6.19,23.37,,,,,,,,0,0,82D4
277,5.540000,SYNTHETIC,ASCENT,-0.022,0.106,53.833,-0.016,0.115,-0.248,101242.5,6.90,24.26,,,,,,,,0,0,E5E8
278,5.560000,SYNTHETIC,ASCENT,0.207,-0.771,53.936,0.040,-0.005,0.125,101238.5,7.24,25.15,,,,,,,,0,0,804D
279,5.580000,SYNTHETIC,ASCENT,0.520,-0.491,53.727,0.039,-0.054,0.021,101235.2,7.51,26.02,,,,,,,,0,0,722F
280,5.600000,SYNTHETIC,ASCENT,-1.067,0.666,52.824,-0.007,-0.106,-0.184,101227.2,8.18,26.88,,,,,,,,0,0,F9BE
281,5.620000,SYNTHETIC,ASCENT,0.021,0.503,54.177,0.045,-0.027,0.133,101221.3,8.67,27.77,,,,,,,,0,0,5A0F
282,5.640000,SYNTHETIC,ASCENT,0.421,0.008,54.032,0.219,0.025,0.082,101214.8,9.21,28.65,,,,,,,,0,0,A7A4
283,5.660000,SYNTHETIC,ASCENT,-0.919,0.367,54.283,0.088,0.010,-0.039,101209.8,9.63,29.54,,,,,,,,0,0,286D
284,5.680000,SYNTHETIC,ASCENT,-0.699,0.606,53.689,0.070,-0.086,-0.101,101195.0,10.86,30.43,,,,,,,,0,0,9B49
285,5.700000,SYNTHETIC,ASCENT,-0.066,-0.483,53.515,0.049,0.107,-0.134,101193.0,11.03,31.30,,,,,,,,0,0,CFAA
286,5.720000,SYNTHETIC,ASCENT,-0.362,0.248,53.336,0.078,-0.013,0.137,101183.0,11.86,32.18,,,,,,,,0,0,CB10
287,5.740000,SYNTHETIC,ASCENT,-1.062,0.090,53.415,-0.146,0.082,0.165,101171.7,12.80,33.06,,,,,,,,0,0,FC33
288,5.760000,SYNTHETIC,ASCENT,0.150,-0.535,54.309,-0.085,-0.024,-0.083,101166.9,13.20,33.96,,,,,,,,0,0,233D
289,5.780000,SYNTHETIC,ASCENT,-0.193,0.172,52.830,-0.070,0.042,-0.189,101165.9,13.28,34.81,,,,,,,,0,0,48A4
290,5.800000,SYNTHETIC,ASCENT,-0.191,-0.382,53.442,0.052,0.013,0.066,101153.3,14.33,35.68,,,,,,,,0,0,98D0
291,5.820000,SYNTHETIC,ASCENT,0.215,0.696,53.041,0.025,0.152,-0.166,101142.7,15.22,36.54,,,,,,,,0,0,2530
292,5.840000,SYNTHETIC,ASCENT,0.591,0.056,53.349,0.015,-0.106,-0.042,101135.0,15.86,37.41,,,,,,,,0,0,C5F8
293,5.860000,SYNTHETIC,ASCENT,-0.712,-0.946,52.826,0.128,0.058,-0.079,101124.7,16.72,38.28,,,,,,,,0,0,30FE
294,5.880000,SYNTHETIC,ASCENT,-0.256,-0.293,53.501,0.051,0.186,-0.028,101114.3,17.59,39.16,,,,,,,,0,0,2F33
295,5.900000,SYNTHETIC,ASCENT,-0.218,0.537,53.273,0.032,0.118,0.012,101110.9,17.87,40.02,,,,,,,,0,0,0C99
296,5.920000,SYNTHETIC,ASCENT,0.216,0.065,52.096,0.133,0.162,-0.123,101095.2,19.18,40.87,,,,,,,,0,0,28F0
297,5.940000,SYNTHETIC,ASCENT,-0.139,0.318,52.404,-0.130,-0.100,0.000,101086.6,19.90,41.72,,,,,,,,0,0,1B77
298,5.960000,SYNTHETIC,ASCENT,0.856,0.390,52.248,-0.015,-0.052,-0.029,101078.2,20.60,42.57,,,,,,,,0,0,9CE8
299,5.980000,SYNTHETIC,ASCENT,-0.016,0.719,52.562,0.075,0.332,0.144,101066.2,21.60,43.42,,,,,,,,0,0,F1D7
300,6.000000,SYNTHETIC,ASCENT,0.191,-0.299,52.671,0.023,-0.040,0.075,101058.4,22.25,44.28,23.56,,,,,,4.095,0,0,A295
301,6.020000,SYNTHETIC,ASCENT,0.306,0.377,52.158,-0.061,0.166,-0.037,101048.7,23.06,45.12,,,,,,,,0,0,A157
302,6.040000,SYNTHETIC,ASCENT,-0.240,0.162,52.213,0.062,0.106,-0.021,101035.1,24.19,45.96,,,,,,,,0,0,D8FD
303,6.060000,SYNTHETIC,ASCENT,0.198,0.365,52.176,-0.168,0.058,0.324,101022.0,25.29,46.82,,,,,,,,0,0,23AB
304,6.080000,SYNTHETIC,ASCENT,-0.185,0.222,52.189,0.049,0.241,-0.018,101009.8,26.30,47.67,,,,,,,,0,0,FE5E
305,6.100000,SYNTHETIC,ASCENT,-0.021,-0.065,52.669,-0.082,0.133,-0.097,100997.9,27.30,48.53,,,,,,,,0,0,E8D6
306,6.120000,SYNTHETIC,ASCENT,-1.124,0.143,52.481,0.034,-0.048,0.116,100986.0,28.29,49.40,,,,,,,,0,0,3860
307,6.140000,SYNTHETIC,ASCENT,-0.539,-0.736,52.065,0.019,-0.013,-0.020,100976.7,29.07,50.24,,,,,,,,0,0,D2B4
308,6.160000,SYNTHETIC,ASCENT,-0.223,0.024,52.873,0.097,0.190,-0.208,100960.8,30.39,51.11,,,,,,,,0,0,ABAC
309,6.180000,SYNTHETIC,ASCENT,-0.093,-0.251,51.797,-0.012,-0.169,0.194,100955.1,30.87,51.95,,,,,,,,0,0,B5CE
310,6.200000,SYNTHETIC,ASCENT,-0.571,-0.656,51.354,-0.018,0.066,-0.058,100940.7,32.07,52.77,,,,,,,,0,0,1E7D
311,6.220000,SYNTHETIC,ASCENT,0.200,0.155,52.077,-0.096,-0.055,0.116,100925.9,33.31,53.62,,,,,,,,0,0,26D5
312,6.240000,SYNTHETIC,ASCENT,0.872,-0.099,51.654,0.067,-0.130,-0.119,100915.1,34.21,54.46,,,,,,,,0,0,784E
313,6.260000,SYNTHETIC,ASCENT,0.171,0.195,51.639,0.046,0.172,-0.123,100900.2,35.45,55.30,,,,,,,,0,0,EA27
314,6.280000,SYNTHETIC,ASCENT,0.371,-0.321,51.273,0.070,-0.013,0.237,100885.5,36.68,56.13,,,,,,,,0,0,5F40
315,6.300000,SYNTHETIC,ASCENT,-0.005,0.182,51.225,-0.041,-0.024,-0.108,100876.8,37.41,56.95,,,,,,,,0,0,CE44
316,6.320000,SYNTHETIC,ASCENT,-0.216,-0.273,49.851,0.078,-0.008,-0.095,100861.7,38.67,57.75,,,,,,,,0,0,1DE5
317,6.340000,SYNTHETIC,ASCENT,-1.003,-0.727,51.175,-0.052,0.117,-0.036,100846.2,39.96,58.58,,,,,,,,0,0,3E88
318,6.360000,SYNTHETIC,ASCENT,0.378,-0.106,51.324,-0.026,-0.028,-0.050,100833.6,41.02,59.41,,,,,,,,0,0,5E24
319,6.380000,SYNTHETIC,ASCENT,-0.558,0.723,50.243,-0.096,0.018,0.066,100818.1,42.31,60.22,,,,,,,,0,0,EDF5
320,6.400000,SYNTHETIC,ASCENT,0.046,0.520,50.432,0.006,-0.082,-0.132,100805.6,43.36,61.02,,,,,,,,0,0,4166
321,6.420000,SYNTHETIC,ASCENT,0.342,0.170,50.742,0.037,-0.122,0.023,100789.6,44.70,61.84,,,,,,,,0,0,4602
322,6.440000,SYNTHETIC,ASCENT,0.043,-0.438,50.446,-0.114,-0.087,0.216,100777.3,45.72,62.64,,,,,,,,0,0,C556
323,6.460000,SYNTHETIC,ASCENT,0.434,0.737,50.790,0.104,-0.018,0.009,100760.9,47.10,63.46,,,,,,,,0,0,4865
324,6.480000,SYNTHETIC,ASCENT,0.051,0.480,50.111,-0.005,0.069,0.060,100739.8,48.86,64.28,,,,,,,,0,0,5B3E
325,6.500000,SYNTHETIC,ASCENT,0.031,-0.518,49.824,0.129,0.053,0.222,100728.8,49.78,65.08,,,,,,,,0,0,52EE
326,6.520000,SYNTHETIC,ASCENT,-0.004,-0.004,-39.917,-0.074,-0.011,-0.074,100710.8,51.29,64.09,,,,,,,,0,0,0366
327,6.540000,SYNTHETIC,ASCENT,0.013,0.082,-38.678,0.112,0.070,0.115,100697.8,52.37,63.12,,,,,,,,0,0,433C
328,6.560000,SYNTHETIC,ASCENT,0.017,-0.060,-37.471,-0.135,0.032,-0.030,100683.7,53.55,62.17,,,,,,,,0,0,5BFF
329,6.580000,SYNTHETIC,COAST,-0.058,-0.076,-36.411,-0.008,-0.155,0.096,100666.1,55.03,61.25,,,,,,,,0,0,A96C
330,6.600000,SYNTHETIC,COAST,-0.040,-0.029,-35.418,0.013,-0.108,0.015,100652.0,56.21,60.35,,,,,,,,0,0,4E5C
331,6.620000,SYNTHETIC,COAST,-0.029,-0.019,-34.272,0.048,0.118,-0.048,100639.0,57.29,59.47,,,,,,,,0,0,65E9
332,6.640000,SYNTHETIC,COAST,-0.036,0.039,-33.245,0.123,-0.151,0.057,100624.1,58.54,58.61,,,,,,,,0,0,0041
333,6.660000,SYNTHETIC,COAST,-0.048,0.025,-32.266,-0.071,-0.081,0.013,100611.2,59.62,57.77,,,,,,,,0,0,50D6
334,6.680000,SYNTHETIC,COAST,0.019,-0.015,-31.301,0.159,0.030,0.042,100599.5,60.60,56.94,,,,,,,,0,0,31E9
335,6.700000,SYNTHETIC,COAST,-0.014,-0.009,-30.485,0.028,-0.185,0.048,100580.5,62.19,56.14,,,,,,,,0,0,4C49
336,6.720000,SYNTHETIC,COAST,0.049,-0.052,-29.681,-0.127,0.079,-0.084,100570.2,63.05,55.35,,,,,,,,0,0,7194
337,6.740000,SYNTHETIC,COAST,-0.177,-0.038,-28.775,0.072,0.030,0.024,100559.3,63.97,54.57,,,,,,,,0,0,B079
338,6.760000,SYNTHETIC,COAST,0.065,0.027,-27.886,0.006,-0.014,-0.019,100541.6,65.45,53.83,,,,,,,,0,0,BEC1
339,6.780000,SYNTHETIC,COAST,0.017,-0.092,-27.267,0.034,-0.046,-0.130,100534.1,66.08,53.08,,,,,,,,0,0,1DC6
340,6.800000,SYNTHETIC,COAST,-0.014,-0.062,-26.485,0.030,0.108,-0.137,100517.3,67.48,52.36,,,,,,,,0,0,FF9F
341,6.820000,SYNTHETIC,COAST,-0.043,-0.105,-25.712,-0.018,0.042,-0.016,100504.2,68.58,51.65,,,,,,,,0,0,1B4D
342,6.840000,SYNTHETIC,COAST,-0.001,-0.085,-25.094,-0.024,0.032,0.102,100492.7,69.55,50.96,,,,,,,,0,0,F107
343,6.860000,SYNTHETIC,COAST,0.085,0.025,-24.473,0.030,-0.007,0.051,100480.4,70.58,50.28,,,,,,,,0,0,F2C3
344,6.880000,SYNTHETIC,COAST,0.023,-0.040,-23.724,0.108,-0.105,0.030,100469.2,71.52,49.61,,,,,,,,0,0,1D00
345,6.900000,SYNTHETIC,COAST,0.007,-0.068,-23.130,0.016,-0.130,0.096,100457.7,72.48,48.95,,,,,,,,0,0,4D50
346,6.920000,SYNTHETIC,COAST,0.020,-0.023,-22.487,0.001,-0.013,0.075,100447.5,73.33,48.31,,,,,,,,0,0,7767
347,6.940000,SYNTHETIC,COAST,-0.009,0.084,-21.964,-0.050,-0.063,0.075,100437.6,74.16,47.66,,,,,,,,0,0,CF00
348,6.960000,SYNTHETIC,COAST,-0.001,0.033,-21.380,0.037,0.042,-0.078,100419.2,75.71,47.05,,,,,,,,0,0,3DAF
349,6.980000,SYNTHETIC,COAST,-0.128,0.020,-20.795,-0.184,0.004,0.097,100411.6,76.34,46.45,,,,,,,,0,0,A732
350,7.000000,SYNTHETIC,COAST,-0.011,0.008,-20.275,0.088,-0.098,-0.029,100399.7,77.34,45.85,23.48,,,,,,4.094,0,0,D5DF
351,7.020000,SYNTHETIC,COAST,0.093,0.011,-19.691,0.096,-0.052,-0.019,100388.8,78.26,45.26,,,,,,,,0,0,76ED
352,7.040000,SYNTHETIC,COAST,-0.044,-0.047,-19.255,0.127,0.004,-0.167,100376.6,79.28,44.69,,,,,,,,0,0,08E4
353,7.060000,SYNTHETIC,COAST,-0.092,-0.035,-18.770,0.143,-0.119,-0.121,100367.2,80.07,44.13,,,,,,,,0,0,FA17
354,7.080000,SYNTHETIC,COAST,0.003,-0.049,-18.249,-0.076,0.029,-0.052,100359.0,80.76,43.56,,,,,,,,0,0,8196
355,7.100000,SYNTHETIC,COAST,0.034,-0.020,-17.787,0.023,0.111,0.040,100346.5,81.80,43.02,,,,,,,,0,0,6074
356,7.120000,SYNTHETIC,COAST,0.038,-0.023,-17.304,-0.195,-0.016,0.015,100333.0,82.94,42.49,,,,,,,,0,0,8BBF
357,7.140000,SYNTHETIC,COAST,0.035,0.020,-17.004,-0.094,-0.216,0.107,100327.9,83.37,41.95,,,,,,,,0,0,4873
358,7.160000,SYNTHETIC,COAST,0.024,-0.059,-16.447,0.129,0.049,-0.028,100321.9,83.87,41.42,,,,,,,,0,0,7548
359,7.180000,SYNTHETIC,COAST,0.113,-0.004,-16.043,0.000,-0.042,-0.020,100308.6,84.99,40.90,,,,,,,,0,0,C3A1
360,7.200000,SYNTHETIC,COAST,-0.041,-0.029,-15.644,0.058,0.042,-0.100,100297.1,85.95,40.39,,,,,,,,0,0,AF26
361,7.220000,SYNTHETIC,COAST,-0.031,0.005,-15.288,0.054,0.109,0.017,100293.5,86.25,39.88,,,,,,,,0,0,EEE4
362,7.240000,SYNTHETIC,COAST,0.020,0.067,-14.906,-0.011,-0.009,0.124,100280.6,87.34,39.38,,,,,,,,0,0,3926
363,7.260000,SYNTHETIC,COAST,-0.041,-0.136,-14.609,-0.041,0.096,-0.245,100269.7,88.25,38.90,,,,,,,,0,0,501A
364,7.280000,SYNTHETIC,COAST,0.065,-0.011,-14.192,0.057,0.144,0.105,100257.2,89.30,38.43,,,,,,,,0,0,D175
365,7.300000,SYNTHETIC,COAST,-0.058,0.020,-13.798,0.072,-0.073,-0.066,100256.6,89.35,37.94,,,,,,,,0,0,9830
366,7.320000,SYNTHETIC,COAST,0.039,-0.036,-13.508,0.179,-0.024,-0.044,100244.6,90.36,37.47,,,,,,,,0,0,1887
367,7.340000,SYNTHETIC,COAST,0.001,0.002,-13.065,-0.116,-0.167,-0.041,100235.4,91.13,37.01,,,,,,,,0,0,733D
368,7.360000,SYNTHETIC,COAST,-0.041,0.020,-12.920,0.174,-0.228,-0.129,100222.0,92.26,36.57,,,,,,,,0,0,F9A9
369,7.380000,SYNTHETIC,COAST,0.053,-0.033,-12.451,-0.078,-0.056,0.008,100218.7,92.53,36.12,,,,,,,,0,0,874D
370,7.400000,SYNTHETIC,COAST,0.102,-0.037,-12.131,-0.002,-0.088,-0.111,100210.5,93.22,35.67,,,,,,,,0,0,6FCE
371,7.420000,SYNTHETIC,COAST,-0.057,-0.091,-11.890,-0.012,0.075,-0.121,100198.7,94.21,35.24,,,,,,,,0,0,B602
372,7.440000,SYNTHETIC,COAST,-0.102,-0.032,-11.693,-0.057,0.062,0.053,100191.3,94.83,34.81,,,,,,,,0,0,2D49
373,7.460000,SYNTHETIC,COAST,-0.047,0.037,-11.382,-0.006,0.066,-0.022,100184.6,95.40,34.39,,,,,,,,0,0,243D
374,7.480000,SYNTHETIC,COAST,0.003,0.024,-11.036,-0.054,0.101,-0.081,100169.4,96.67,33.99,,,,,,,,0,0,8A42
375,7.500000,SYNTHETIC,COAST,0.067,-0.003,-10.731,0.009,-0.050,-0.014,100168.0,96.79,33.57,,,,,,,,0,0,B781
376,7.520000,SYNTHETIC,COAST,0.025,0.127,-10.619,-0.155,0.016,0.079,100157.6,97.67,33.17,,,,,,,,0,0,8E22
377,7.540000,SYNTHETIC,COAST,0.013,-0.021,-10.193,0.018,-0.023,0.017,100147.6,98.51,32.78,,,,,,,,0,0,C60A
378,7.560000,SYNTHETIC,COAST,0.023,-0.012,-10.067,-0.007,0.155,0.124,100143.6,98.84,32.38,,,,,,,,0,0,A467
379,7.580000,SYNTHETIC,COAST,0.012,-0.040,-9.765,0.127,0.061,0.071,100133.2,99.72,31.99,,,,,,,,0,0,BD2D
380,7.600000,SYNTHETIC,COAST,0.023,0.032,-9.567,-0.036,0.148,-0.169,100125.8,100.34,31.61,,,,,,,,0,0,350F
381,7.620000,SYNTHETIC,COAST,-0.071,-0.017,-9.333,0.020,0.102,-0.124,100125.2,100.39,31.22,,,,,,,,0,0,2381
382,7.640000,SYNTHETIC,COAST,0.011,-0.113,-9.080,0.012,-0.075,0.188,100110.9,101.59,30.85,,,,,,,,0,0,9C05
383,7.660000,SYNTHETIC,COAST,-0.033,-0.007,-8.840,-0.029,-0.025,-0.045,100105.8,102.02,30.47,,,,,,,,0,0,F3BE
384,7.680000,SYNTHETIC,COAST,0.070,0.110,-8.673,0.001,0.023,-0.038,100098.2,102.66,30.11,,,,,,,,0,0,AAFC
385,7.700000,SYNTHETIC,COAST,-0.040,-0.018,-8.421,0.028,-0.060,0.102,100090.3,103.32,29.74,,,,,,,,0,0,4ADE
386,7.720000,SYNTHETIC,COAST,0.061,0.039,-8.266,-0.273,0.124,0.141,100088.8,103.45,29.37,,,,,,,,0,0,7733
387,7.740000,SYNTHETIC,COAST,0.025,-0.035,-8.072,-0.145,0.004,0.005,100077.2,104.42,29.01,,,,,,,,0,0,3253
388,7.760000,SYNTHETIC,COAST,-0.015,-0.038,-7.919,0.058,0.037,-0.059,100071.8,104.88,28.66,,,,,,,,0,0,84C2
389,7.780000,SYNTHETIC,COAST,0.027,-0.007,-7.621,-0.074,-0.129,-0.009,100067.4,105.25,28.30,,,,,,,,0,0,5CCA
390,7.800000,SYNTHETIC,COAST,-0.031,-0.036,-7.485,0.147,-0.034,-0.054,100062.1,105.69,27.94,,,,,,,,0,0,D8E6
391,7.820000,SYNTHETIC,COAST,0.021,-0.012,-7.350,0.190,-0.034,0.032,100049.0,106.79,27.60,,,,,,,,0,0,5E81
392,7.840000,SYNTHETIC,COAST,-0.002,-0.003,-7.067,0.020,-0.104,-0.022,100043.5,107.26,27.27,,,,,,,,0,0,1383
393,7.860000,SYNTHETIC,COAST,-0.006,0.053,-6.956,-0.013,-0.005,-0.001,100043.2,107.28,26.92,,,,,,,,0,0,8150
394,7.880000,SYNTHETIC,COAST,0.034,-0.033,-6.758,-0.001,-0.040,-0.074,100034.5,108.01,26.58,,,,,,,,0,0,AAEA
395,7.900000,SYNTHETIC,COAST,-0.037,-0.048,-6.583,-0.051,-0.074,0.040,100022.2,109.05,26.26,,,,,,,,0,0,BBDA
396,7.920000,SYNTHETIC,COAST,0.059,-0.005,-6.348,-0.047,-0.052,0.074,100017.1,109.48,25.95,,,,,,,,0,0,AB15
397,7.940000,SYNTHETIC,COAST,-0.088,-0.037,-6.178,0.149,0.005,0.099,100011.8,109.92,25.63,,,,,,,,0,0,BB1C
398,7.960000,SYNTHETIC,COAST,0.047,0.025,-6.160,-0.207,0.140,0.018,100008.9,110.17,25.30,,,,,,,,0,0,B5F7
399,7.980000,SYNTHETIC,COAST,0.006,-0.058,-5.933,0.013,-0.099,0.024,99999.3,110.98,24.99,,,,,,,,0,0,A05A
400,8.000000,SYNTHETIC,COAST,-0.060,-0.016,-5.807,0.131,0.010,0.061,99998.1,111.08,24.67,23.48,,,,,,4.092,0,0,036A
401,8.020000,SYNTHETIC,COAST,-0.046,-0.028,-5.641,-0.213,-0.014,0.096,99986.5,112.05,24.37,,,,,,,,0,0,07BD
402,8.040000,SYNTHETIC,COAST,-0.040,-0.012,-5.599,0.224,-0.090,0.059,99976.1,112.93,24.08,,,,,,,,0,0,B9CC
403,8.060000,SYNTHETIC,COAST,0.006,0.008,-5.355,0.149,0.084,-0.100,99980.3,112.57,23.77,,,,,,,,0,0,F568
404,8.080000,SYNTHETIC,COAST,0.007,-0.047,-5.204,0.144,0.019,0.052,99973.1,113.18,23.47,,,,,,,,0,0,D06E
405,8.100000,SYNTHETIC,COAST,0.001,0.024,-5.071,-0.067,-0.196,-0.047,99968.6,113.56,23.17,,,,,,,,0,0,DE58
406,8.120000,SYNTHETIC,COAST,0.081,-0.012,-5.011,0.110,-0.012,0.239,99958.4,114.42,22.88,,,,,,,,0,0,3DF6
407,8.140000,SYNTHETIC,COAST,0.033,0.031,-4.843,0.113,-0.046,0.015,99957.4,114.50,22.58,,,,,,,,0,0,97D3
408,8.160000,SYNTHETIC,COAST,-0.001,-0.143,-4.669,-0.173,0.034,0.082,99954.2,114.77,22.28,,,,,,,,0,0,E9F9
409,8.180000,SYNTHETIC,COAST,0.016,-0.032,-4.631,0.041,-0.002,0.073,99947.9,115.30,21.99,,,,,,,,0,0,9E24
410,8.200000,SYNTHETIC,COAST,0.058,-0.003,-4.458,-0.125,-0.145,-0.083,99942.5,115.76,21.69,,,,,,,,0,0,C92A
411,8.220000,SYNTHETIC,COAST,-0.022,0.107,-4.409,-0.002,0.068,-0.091,99935.0,116.39,21.41,,,,,,,,0,0,47A3
412,8.240000,SYNTHETIC,COAST,0.009,-0.003,-4.214,-0.166,-0.171,-0.011,99930.8,116.74,21.13,,,,,,,,0,0,ED6E
413,8.260000,SYNTHETIC,COAST,0.014,-0.041,-4.283,0.022,0.006,0.030,99925.0,117.23,20.85,,,,,,,,0,0,5E6C
414,8.280000,SYNTHETIC,COAST,0.008,-0.004,-4.035,0.093,-0.213,0.091,99917.8,117.83,20.58,,,,,,,,0,0,6D13
415,8.300000,SYNTHETIC,COAST,-0.135,0.032,-3.880,0.022,-0.039,-0.025,99913.9,118.16,20.31,,,,,,,,0,0,CC21
416,8.320000,SYNTHETIC,COAST,0.073,0.007,-3.766,-0.044,0.060,-0.051,99912.0,118.32,20.03,,,,,,,,0,0,7C08
417,8.340000,SYNTHETIC,COAST,-0.097,0.025,-3.583,0.081,0.137,-0.065,99906.4,118.79,19.76,,,,,,,,0,0,B9DA
418,8.360000,SYNTHETIC,COAST,0.098,-0.039,-3.650,0.069,-0.020,-0.064,99893.4,119.89,19.51,,,,,,,,0,0,3763
419,8.380000,SYNTHETIC,COAST,-0.003,0.030,-3.443,-0.076,-0.040,-0.132,99895.6,119.70,19.25,,,,,,,,0,0,2BA8
420,8.400000,SYNTHETIC,COAST,-0.093,-0.014,-3.404,-0.042,0.023,0.006,99891.0,120.09,18.99,,,,,,,,0,0,5245
421,8.420000,SYNTHETIC,COAST,0.054,-0.007,-3.289,0.117,-0.065,-0.007,99886.6,120.46,18.72,,,,,,,,0,0,A26B
422,8.440000,SYNTHETIC,COAST,-0.015,-0.030,-3.181,0.183,0.073,0.011,99877.0,121.27,18.48,,,,,,,,0,0,8510
423,8.460000,SYNTHETIC,COAST,0.004,0.054,-3.115,0.098,-0.117,0.117,99876.4,121.32,18.23,,,,,,,,0,0,98A7
424,8.480000,SYNTHETIC,COAST,-0.081,-0.016,-3.002,-0.012,0.184,0.087,99874.7,121.46,17.97,,,,,,,,0,0,1A88
425,8.500000,SYNTHETIC,COAST,0.041,0.019,-2.947,0.065,0.090,0.094,99867.7,122.05,17.72,,,,,,,,0,0,A662
426,8.520000,SYNTHETIC,COAST,-0.065,0.007,-2.915,0.035,0.231,0.246,99860.7,122.64,17.48,,,,,,,,0,0,6761
427,8.540000,SYNTHETIC,COAST,0.023,-0.062,-2.816,-0.049,-0.029,-0.017,99857.5,122.91,17.23,,,,,,,,0,0,04E0
428,8.560000,SYNTHETIC,COAST,-0.068,-0.098,-2.620,0.023,0.264,0.027,99854.7,123.15,16.99,,,,,,,,0,0,595D
429,8.580000,SYNTHETIC,COAST,-0.020,0.005,-2.626,0.189,0.078,0.111,99854.3,123.18,16.74,,,,,,,,0,0,5451
430,8.600000,SYNTHETIC,COAST,0.012,-0.057,-2.468,0.174,-0.095,-0.162,99850.0,123.54,16.49,,,,,,,,0,0,455E
431,8.620000,SYNTHETIC,COAST,-0.042,0.000,-2.487,-0.098,0.110,0.053,99849.0,123.63,16.23,,,,,,,,0,0,329B
432,8.640000,SYNTHETIC,COAST,-0.097,0.016,-2.407,-0.101,0.002,0.037,99847.2,123.78,15.97,,,,,,,,0,0,E07C
433,8.660000,SYNTHETIC,COAST,-0.016,-0.041,-2.301,0.134,-0.044,-0.165,99843.1,124.13,15.72,,,,,,,,0,0,C742
434,8.680000,SYNTHETIC,COAST,0.010,-0.001,-2.222,0.031,0.095,-0.050,99835.6,124.76,15.47,,,,,,,,0,0,9535
435,8.700000,SYNTHETIC,COAST,0.095,-0.027,-2.198,-0.110,-0.280,0.024,99830.1,125.22,15.23,,,,,,,,0,0,720D
436,8.720000,SYNTHETIC,COAST,0.022,-0.024,-2.126,0.106,0.130,-0.013,99824.8,125.67,15.00,,,,,,,,0,0,CC8C
437,8.740000,SYNTHETIC,COAST,0.038,-0.001,-2.020,0.287,0.025,-0.039,99822.9,125.83,14.77,,,,,,,,0,0,D748
438,8.760000,SYNTHETIC,COAST,0.008,0.074,-1.967,-0.064,-0.229,-0.101,99821.6,125.94,14.53,,,,,,,,0,0,8678
439,8.780000,SYNTHETIC,COAST,0.034,0.045,-1.873,0.028,0.147,-0.121,99816.3,126.38,14.29,,,,,,,,0,0,2BB1
440,8.800000,SYNTHETIC,COAST,0.013,0.079,-1.905,0.008,-0.017,-0.006,99810.7,126.86,14.07,,,,,,,,0,0,4C8F
441,8.820000,SYNTHETIC,COAST,0.057,-0.064,-1.753,-0.219,-0.087,0.056,99813.0,126.66,13.83,,,,,,,,0,0,D1D6
442,8.840000,SYNTHETIC,COAST,-0.026,0.002,-1.650,0.020,0.036,-0.024,99811.9,126.75,13.58,,,,,,,,0,0,0AE6
443,8.860000,SYNTHETIC,COAST,-0.008,0.005,-1.737,0.034,-0.039,0.037,99807.7,127.11,13.34,,,,,,,,0,0,8D79
444,8.880000,SYNTHETIC,COAST,-0.155,-0.030,-1.631,0.161,-0.116,-0.165,99802.4,127.55,13.11,,,,,,,,0,0,D46F
445,8.900000,SYNTHETIC,COAST,0.025,-0.071,-1.539,-0.037,0.003,-0.065,99802.1,127.58,12.87,,,,,,,,0,0,2230
446,8.920000,SYNTHETIC,COAST,-0.025,-0.041,-1.540,-0.111,-0.002,0.022,99794.1,128.25,12.65,,,,,,,,0,0,B693
447,8.940000,SYNTHETIC,COAST,0.012,0.016,-1.481,0.195,0.041,-0.019,99791.8,128.45,12.42,,,,,,,,0,0,3C27
448,8.960000,SYNTHETIC,COAST,0.015,0.056,-1.414,-0.037,-0.099,0.063,99788.2,128.75,12.20,,,,,,,,0,0,9072
449,8.980000,SYNTHETIC,COAST,-0.062,-0.027,-1.351,0.182,-0.070,-0.073,99791.3,128.49,11.96,,,,,,,,0,0,4F71
450,9.000000,SYNTHETIC,COAST,-0.046,-0.042,-1.317,-0.197,-0.021,-0.183,99782.8,129.21,11.74,23.36,0.0000309,0.0000657,126.4,3,9,4.089,0,0,3177
451,9.020000,SYNTHETIC,COAST,-0.030,-0.053,-1.279,0.090,0.078,0.068,99781.8,129.29,11.51,,,,,,,,0,0,4EE8
452,9.040000,SYNTHETIC,COAST,0.027,0.014,-1.252,0.071,0.231,-0.205,99780.8,129.37,11.28,,,,,,,,0,0,FC77
453,9.060000,SYNTHETIC,COAST,-0.033,-0.046,-1.102,0.000,0.141,-0.038,99776.1,129.77,11.06,,,,,,,,0,0,8A36
454,9.080000,SYNTHETIC,COAST,0.011,0.027,-1.147,0.266,-0.010,0.095,99774.4,129.91,10.84,,,,,,,,0,0,FA8B
455,9.100000,SYNTHETIC,COAST,0.089,-0.015,-1.141,-0.152,-0.162,-0.017,99768.8,130.39,10.63,,,,,,,,0,0,A041
456,9.120000,SYNTHETIC,COAST,-0.013,-0.014,-1.039,0.056,-0.093,0.076,99766.6,130.57,10.41,,,,,,,,0,0,7FD7
457,9.140000,SYNTHETIC,COAST,-0.039,-0.045,-0.962,0.114,0.064,-0.107,99766.0,130.62,10.20,,,,,,,,0,0,E90B
458,9.160000,SYNTHETIC,COAST,-0.006,-0.027,-0.993,-0.183,-0.161,-0.010,99762.2,130.94,9.98,,,,,,,,0,0,97D7
459,9.180000,SYNTHETIC,COAST,0.024,0.046,-0.832,-0.097,0.238,-0.047,99758.9,131.22,9.77,,,,,,,,0,0,E5B3
460,9.200000,SYNTHETIC,COAST,0.073,-0.021,-0.948,-0.012,-0.300,0.126,99761.5,131.00,9.55,,,,,,,,0,0,735B
461,9.220000,SYNTHETIC,COAST,-0.019,-0.026,-0.854,0.059,-0.119,0.022,99759.3,131.19,9.33,,,,,,,,0,0,BE16
462,9.240000,SYNTHETIC,COAST,0.000,0.058,-0.777,-0.159,-0.020,-0.023,99757.2,131.36,9.11,,,,,,,,0,0,7415
463,9.260000,SYNTHETIC,COAST,-0.004,-0.099,-0.695,-0.058,0.024,0.174,99752.0,131.80,8.90,,,,,,,,0,0,619E
464,9.280000,SYNTHETIC,COAST,0.002,-0.004,-0.772,0.078,0.182,-0.036,99751.2,131.87,8.68,,,,,,,,0,0,60EB
465,9.300000,SYNTHETIC,COAST,-0.049,0.036,-0.687,-0.104,0.056,0.000,99749.2,132.04,8.47,,,,,,,,0,0,18C6
466,9.320000,SYNTHETIC,COAST,-0.020,-0.101,-0.601,0.064,-0.180,0.065,99746.6,132.26,8.26,,,,,,,,0,0,5975
467,9.340000,SYNTHETIC,COAST,0.051,0.043,-0.629,-0.013,0.053,-0.120,99745.2,132.38,8.05,,,,,,,,0,0,F3DA
468,9.360000,SYNTHETIC,COAST,0.043,0.023,-0.617,0.062,0.042,0.041,99735.7,133.18,7.86,,,,,,,,0,0,97C3
469,9.380000,SYNTHETIC,COAST,0.021,-0.057,-0.554,0.024,-0.103,0.067,99739.3,132.87,7.65,,,,,,,,0,0,43C6
470,9.400000,SYNTHETIC,COAST,0.023,-0.015,-0.486,-0.036,0.251,0.154,99738.7,132.92,7.44,,,,,,,,0,0,92C3
471,9.420000,SYNTHETIC,COAST,0.018,0.031,-0.450,-0.192,-0.060,-0.028,99740.5,132.77,7.23,,,,,,,,0,0,F77A
472,9.440000,SYNTHETIC,COAST,-0.101,-0.019,-0.406,-0.101,0.021,-0.251,99733.3,133.38,7.03,,,,,,,,0,0,3E45
473,9.460000,SYNTHETIC,COAST,0.055,0.040,-0.423,-0.018,-0.031,0.083,99732.8,133.42,6.82,,,,,,,,0,0,8D98
474,9.480000,SYNTHETIC,COAST,0.003,-0.070,-0.363,0.230,0.069,-0.031,99731.0,133.57,6.62,,,,,,,,0,0,F7CB
475,9.500000,SYNTHETIC,COAST,-0.024,0.046,-0.426,0.042,0.133,0.139,99730.1,133.65,6.42,,,,,,,,0,0,41A1
476,9.520000,SYNTHETIC,COAST,-0.097,-0.005,-0.333,0.083,-0.058,-0.049,99727.6,133.86,6.22,,,,,,,,0,0,0888
477,9.540000,SYNTHETIC,COAST,-0.055,0.014,-0.314,-0.092,-0.014,0.088,99728.4,133.79,6.01,,,,,,,,0,0,FF8C
478,9.560000,SYNTHETIC,COAST,0.003,-0.041,-0.269,0.150,0.097,-0.059,99728.4,133.79,5.80,,,,,,,,0,0,336C
479,9.580000,SYNTHETIC,COAST,0.092,0.039,-0.331,-0.137,-0.036,-0.051,99728.3,133.80,5.59,,,,,,,,0,0,58C4
480,9.600000,SYNTHETIC,COAST,0.010,-0.085,-0.275,-0.283,-0.005,0.049,99718.3,134.64,5.40,,,,,,,,0,0,7069
481,9.620000,SYNTHETIC,COAST,-0.016,-0.037,-0.196,0.031,0.126,0.030,99730.3,133.63,5.18,,,,,,,,0,0,4A22
482,9.640000,SYNTHETIC,COAST,0.078,-0.024,-0.327,0.137,-0.069,0.047,99725.9,134.00,4.97,,,,,,,,0,0,D924
483,9.660000,SYNTHETIC,COAST,0.063,0.028,-0.292,-0.085,-0.085,-0.106,99730.0,133.66,4.74,,,,,,,,0,0,FB3C
484,9.680000,SYNTHETIC,COAST,0.028,0.000,-0.256,0.135,-0.052,0.033,99718.3,134.64,4.54,,,,,,,,0,0,1FF7
485,9.700000,SYNTHETIC,COAST,-0.072,0.024,-0.163,0.053,-0.056,-0.084,99722.5,134.29,4.33,,,,,,,,0,0,C73D
486,9.720000,SYNTHETIC,COAST,-0.042,0.022,-0.133,-0.010,0.133,0.086,99720.7,134.44,4.12,,,,,,,,0,0,2126
487,9.740000,SYNTHETIC,COAST,-0.027,0.010,-0.086,-0.014,-0.021,-0.014,99717.5,134.71,3.92,,,,,,,,0,0,878B
488,9.760000,SYNTHETIC,COAST,-0.094,0.052,-0.142,-0.060,0.110,0.063,99719.1,134.58,3.71,,,,,,,,0,0,1AA7
489,9.780000,SYNTHETIC,COAST,0.057,-0.024,-0.136,0.000,0.107,-0.123,99715.0,134.92,3.51,,,,,,,,0,0,F281
490,9.800000,SYNTHETIC,COAST,0.093,-0.049,-0.142,0.070,0.015,-0.028,99719.4,134.55,3.30,,,,,,,,0,0,5701
491,9.820000,SYNTHETIC,COAST,-0.041,-0.022,-0.108,-0.014,-0.038,0.002,99710.2,135.33,3.11,,,,,,,,0,0,61D4
492,9.840000,SYNTHETIC,COAST,-0.021,0.007,-0.107,0.023,0.003,0.124,99717.0,134.75,2.90,,,,,,,,0,0,ECD2
493,9.860000,SYNTHETIC,COAST,-0.018,0.048,-0.097,-0.052,-0.069,0.098,99713.8,135.02,2.70,,,,,,,,0,0,ECFF
494,9.880000,SYNTHETIC,COAST,0.001,-0.055,-0.228,0.004,0.079,0.024,99715.1,134.91,2.49,,,,,,,,0,0,33DF
495,9.900000,SYNTHETIC,COAST,0.050,-0.002,-0.110,-0.200,0.176,0.018,99709.9,135.35,2.29,,,,,,,,0,0,27FF
496,9.920000,SYNTHETIC,COAST,0.032,-0.028,-0.085,0.048,0.002,-0.257,99710.2,135.33,2.10,,,,,,,,0,0,1D87
497,9.940000,SYNTHETIC,COAST,0.011,0.012,-0.047,-0.131,0.010,0.119,99711.9,135.18,1.89,,,,,,,,0,0,6F6E
498,9.960000,SYNTHETIC,COAST,0.020,0.012,-0.075,-0.052,0.057,-0.017,99708.3,135.49,1.70,,,,,,,,0,0,D115
499,9.980000,SYNTHETIC,COAST,-0.063,0.062,-0.011,0.025,0.034,-0.067,99707.2,135.58,1.51,,,,,,,,0,0,FFB8
500,10.000000,SYNTHETIC,COAST,0.038,-0.024,-0.032,0.006,0.072,-0.063,99708.8,135.45,1.31,23.28,0.0000591,0.0000685,137.1,3,9,4.087,0,0,C262
501,10.020000,SYNTHETIC,COAST,0.062,-0.020,0.056,-0.083,-0.088,-0.015,99715.4,134.89,1.10,,,,,,,,0,0,1A75
502,10.040000,SYNTHETIC,COAST,0.126,0.087,-0.002,-0.075,0.059,-0.065,99706.3,135.66,0.91,,,,,,,,0,0,6B9A
503,10.060000,SYNTHETIC,COAST,-0.038,0.031,-0.058,0.016,-0.143,-0.025,99703.7,135.88,0.73,,,,,,,,0,0,F5AD
504,10.080000,SYNTHETIC,COAST,-0.059,-0.050,-0.001,0.139,0.045,-0.011,99708.5,135.47,0.53,,,,,,,,0,0,3B62
505,10.100000,SYNTHETIC,COAST,0.021,-0.002,-0.064,0.202,0.144,0.249,99708.9,135.44,0.33,,,,,,,,0,0,9782
506,10.120000,SYNTHETIC,COAST,-0.070,0.013,0.011,0.180,0.229,0.010,99708.2,135.50,0.13,,,,,,,,0,0,F26D
507,10.140000,SYNTHETIC,COAST,-0.063,-0.014,1.211,0.017,-0.210,0.013,99700.6,136.14,-0.02,,,,,,,,0,0,1E58
508,10.160000,SYNTHETIC,COAST,8.981,0.092,4.031,0.154,-0.017,9.724,99709.0,135.43,-0.14,,,,,,,,0,0,BFEF
509,10.180000,SYNTHETIC,COAST,9.009,0.000,3.843,-0.098,-0.008,10.855,99711.0,135.26,-0.27,,,,,,,,0,0,BF8D
510,10.200000,SYNTHETIC,COAST,9.091,0.016,3.750,-0.175,-0.068,11.993,99717.3,134.73,-0.41,,,,,,,,0,0,6633
511,10.220000,SYNTHETIC,COAST,9.069,0.040,3.709,-0.065,-0.024,13.215,99708.6,135.46,-0.54,,,,,,,,0,0,4BD8
512,10.240000,SYNTHETIC,COAST,9.093,-0.012,3.558,-0.059,-0.093,14.129,99716.3,134.81,-0.68,,,,,,,,0,0,E3C7
513,10.260000,SYNTHETIC,COAST,9.199,-0.034,3.538,0.035,0.050,15.353,99718.8,134.60,-0.83,,,,,,,,0,0,2A0A
514,10.280000,SYNTHETIC,COAST,9.245,-0.017,3.412,-0.040,-0.016,16.155,99722.2,134.32,-0.99,,,,,,,,0,0,D7B7
515,10.300000,SYNTHETIC,COAST,9.313,-0.071,3.339,0.052,-0.013,17.206,99721.3,134.39,-1.15,,,,,,,,0,0,FCA6
516,10.320000,SYNTHETIC,COAST,9.294,0.043,3.259,0.045,-0.012,17.816,99714.4,134.97,-1.29,,,,,,,,0,0,EF64
517,10.340000,SYNTHETIC,COAST,9.402,-0.052,3.211,-0.038,-0.072,18.939,99719.8,134.52,-1.45,,,,,,,,0,0,F31D
518,10.360000,SYNTHETIC,COAST,9.309,0.056,3.083,-0.018,-0.183,19.638,99720.2,134.48,-1.60,,,,,,,,0,0,411C
519,10.380000,SYNTHETIC,COAST,9.425,0.046,3.085,0.027,0.011,20.610,99725.5,134.04,-1.77,,,,,,,,0,0,D74D
520,10.400000,SYNTHETIC,COAST,9.335,-0.020,2.925,-0.052,0.067,21.001,99724.5,134.12,-1.94,,,,,,,,0,0,9478
521,10.420000,SYNTHETIC,COAST,9.406,-0.047,2.988,-0.072,0.077,21.732,99723.7,134.19,-2.10,,,,,,,,0,0,CDA8
522,10.440000,SYNTHETIC,COAST,9.425,-0.041,2.863,0.065,0.100,22.587,99719.9,134.51,-2.25,,,,,,,,1,0,F589
523,10.460000,SYNTHETIC,COAST,9.533,0.060,2.729,-0.018,-0.012,22.946,99719.4,134.55,-2.40,,,,,,,,1,0,2BD8
524,10.480000,SYNTHETIC,COAST,9.430,-0.007,2.737,0.033,-0.084,23.333,99723.5,134.21,-2.56,,,,,,,,1,0,4455
525,10.500000,SYNTHETIC,COAST,9.407,0.028,2.693,0.075,-0.114,23.761,99733.9,133.33,-2.75,,,,,,,,1,0,1233
526,10.520000,SYNTHETIC,COAST,9.505,0.060,2.612,0.049,0.014,24.107,99729.4,133.71,-2.92,,,,,,,,1,0,7FB7
527,10.540000,SYNTHETIC,COAST,9.405,-0.022,2.631,-0.072,-0.077,24.440,99735.9,133.16,-3.10,,,,,,,,1,0,CA45
528,10.560000,SYNTHETIC,DESCENT,9.415,0.056,2.678,-0.021,0.156,24.655,99728.0,133.83,-3.26,,,,,,,,1,0,75F1
529,10.580000,SYNTHETIC,DESCENT,9.361,-0.038,2.554,0.124,0.063,24.886,99737.4,133.03,-3.30,,,,,,,,1,0,4E04
530,10.600000,SYNTHETIC,DESCENT,9.487,-0.051,2.495,0.067,-0.070,25.155,99743.1,132.55,-3.36,,,,,,,,1,0,F5FB
531,10.620000,SYNTHETIC,DESCENT,9.462,-0.065,2.497,0.124,0.096,25.121,99743.4,132.53,-3.41,,,,,,,,1,0,D503
532,10.640000,SYNTHETIC,DESCENT,9.545,0.029,2.624,-0.017,-0.083,25.032,99734.7,133.26,-3.43,,,,,,,,1,0,2A8F
533,10.660000,SYNTHETIC,DESCENT,9.546,-0.080,2.510,0.063,-0.175,25.053,99741.0,132.73,-3.47,,,,,,,,1,0,5847
534,10.680000,SYNTHETIC,DESCENT,9.515,-0.011,2.572,-0.009,-0.076,24.605,99741.2,132.71,-3.51,,,,,,,,1,0,3723
535,10.700000,SYNTHETIC,DESCENT,9.463,-0.050,2.613,0.128,-0.154,24.600,99747.4,132.19,-3.56,,,,,,,,1,0,C283
536,10.720000,SYNTHETIC,DESCENT,9.490,0.017,2.562,-0.002,0.119,24.318,99736.9,133.08,-3.58,,,,,,,,1,0,2811
537,10.740000,SYNTHETIC,DESCENT,9.470,-0.020,2.632,-0.095,0.135,24.028,99743.8,132.49,-3.62,,,,,,,,1,0,92D9
538,10.760000,SYNTHETIC,DESCENT,9.419,-0.025,2.722,-0.076,0.038,23.657,99742.5,132.60,-3.65,,,,,,,,1,0,1B81
539,10.780000,SYNTHETIC,DESCENT,9.380,-0.037,2.597,-0.053,-0.038,23.314,99744.3,132.45,-3.68,,,,,,,,1,0,4096
540,10.800000,SYNTHETIC,DESCENT,9.450,0.115,2.748,0.153,0.016,22.612,99748.3,132.11,-3.73,,,,,,,,1,0,1286
541,10.820000,SYNTHETIC,DESCENT,9.285,0.089,2.802,0.010,-0.017,22.099,99748.2,132.12,-3.77,,,,,,,,1,0,A38F
542,10.840000,SYNTHETIC,DESCENT,9.344,-0.024,2.854,0.237,0.039,21.295,99756.8,131.40,-3.85,,,,,,,,1,0,49BF
543,10.860000,SYNTHETIC,DESCENT,9.366,-0.017,2.951,0.034,-0.210,20.733,99753.6,131.67,-3.91,,,,,,,,1,0,479C
544,10.880000,SYNTHETIC,DESCENT,9.336,-0.047,2.955,0.141,-0.082,20.043,99758.0,131.30,-3.99,,,,,,,,1,0,A900
545,10.900000,SYNTHETIC,DESCENT,9.339,-0.004,3.067,0.029,0.045,19.253,99754.1,131.63,-4.04,,,,,,,,1,0,3390
546,10.920000,SYNTHETIC,DESCENT,9.241,-0.009,3.153,0.064,0.010,18.471,99752.5,131.76,-4.09,,,,,,,,1,0,9976
547,10.940000,SYNTHETIC,DESCENT,9.205,-0.015,3.294,0.030,0.283,17.673,99756.8,131.40,-4.14,,,,,,,,1,0,D376
548,10.960000,SYNTHETIC,DESCENT,9.210,0.014,3.323,-0.048,0.066,16.751,99754.4,131.60,-4.18,,,,,,,,1,0,F059
549,10.980000,SYNTHETIC,DESCENT,9.144,0.010,3.448,0.106,-0.047,15.643,99760.1,131.12,-4.25,,,,,,,,1,0,A18F
550,11.000000,SYNTHETIC,DESCENT,9.201,0.065,3.541,-0.161,-0.026,14.791,,,-4.25,23.16,0.0000652,0.0001279,131.7,3,9,4.090,1,4,8B52
551,11.020000,SYNTHETIC,DESCENT,9.139,-0.021,3.625,-0.119,-0.007,13.721,99758.0,131.30,-4.30,,,,,,,,1,0,1C66
552,11.040000,SYNTHETIC,DESCENT,9.057,-0.012,3.695,-0.066,0.016,12.578,99759.0,131.21,-4.34,,,,,,,,1,0,4A58
553,11.060000,SYNTHETIC,DESCENT,8.963,-0.058,3.872,-0.025,-0.056,11.327,99760.3,131.10,-4.38,,,,,,,,1,0,FCF4
554,11.080000,SYNTHETIC,DESCENT,8.951,0.113,3.943,0.004,-0.149,10.298,99767.9,130.46,-4.48,,,,,,,,1,0,8082
555,11.100000,SYNTHETIC,DESCENT,8.893,-0.013,4.030,0.114,0.040,9.079,99764.9,130.72,-4.53,,,,,,,,1,0,0957
556,11.120000,SYNTHETIC,DESCENT,8.926,0.084,4.113,-0.045,0.043,8.089,99764.9,130.72,-4.58,,,,,,,,1,0,DAA5
557,11.140000,SYNTHETIC,DESCENT,8.758,0.004,4.255,-0.069,0.147,6.928,99769.9,130.29,-4.66,,,,,,,,1,0,79DB
558,11.160000,SYNTHETIC,DESCENT,8.647,-0.020,4.423,0.068,-0.077,5.638,99772.0,130.12,-4.75,,,,,,,,1,0,070E
559,11.180000,SYNTHETIC,DESCENT,8.703,-0.031,4.502,-0.115,-0.062,4.496,99768.4,130.42,-4.79,,,,,,,,1,0,4B1F
560,11.200000,SYNTHETIC,DESCENT,8.692,0.025,4.654,-0.023,-0.056,3.112,99771.5,130.16,-4.85,,,,,,,,1,0,90D2
561,11.220000,SYNTHETIC,DESCENT,8.584,0.047,4.736,0.148,-0.141,1.838,99772.2,130.10,-4.90,,,,,,,,1,0,4276
562,11.240000,SYNTHETIC,DESCENT,8.584,-0.100,4.924,-0.211,0.080,0.727,99773.8,129.96,-4.95,,,,,,,,1,0,DDF9
563,11.260000,SYNTHETIC,DESCENT,8.431,-0.013,4.993,-0.046,0.043,-0.563,99774.4,129.91,-4.99,,,,,,,,1,0,E9F9
564,11.280000,SYNTHETIC,DESCENT,8.324,-0.004,5.045,-0.174,0.240,-1.871,99775.4,129.83,-5.04,,,,,,,,1,0,F45A
565,11.300000,SYNTHETIC,DESCENT,8.230,0.013,5.209,-0.037,0.064,-3.294,99781.4,129.32,-5.12,,,,,,,,1,0,7D36
566,11.320000,SYNTHETIC,DESCENT,8.281,-0.061,5.290,-0.027,-0.018,-4.199,99775.0,129.86,-5.13,,,,,,,,1,0,FA7B
567,11.340000,SYNTHETIC,DESCENT,8.181,0.070,5.363,0.026,0.018,-5.589,99775.3,129.84,-5.13,,,,,,,,1,0,1505
568,11.360000,SYNTHETIC,DESCENT,8.119,-0.011,5.463,-0.008,-0.122,-6.625,99783.0,129.19,-5.19,,,,,,,,1,0,23AA
569,11.380000,SYNTHETIC,DESCENT,8.015,-0.019,5.709,0.203,-0.038,-8.000,99783.7,129.13,-5.24,,,,,,,,1,0,FAB3
570,11.400000,SYNTHETIC,DESCENT,7.969,-0.008,5.686,-0.169,-0.143,-9.216,99782.6,129.22,-5.27,,,,,,,,1,0,72F6
571,11.420000,SYNTHETIC,DESCENT,7.960,-0.068,5.820,0.011,0.139,-10.568,99783.9,129.11,-5.29,,,,,,,,1,0,E704
572,11.440000,SYNTHETIC,DESCENT,7.724,0.097,5.919,-0.107,0.186,-11.611,99787.9,128.78,-5.35,,,,,,,,1,0,DB0D
573,11.460000,SYNTHETIC,DESCENT,7.774,0.053,5.871,-0.055,0.040,-12.550,99786.0,128.94,-5.36,,,,,,,,1,0,CFF7
574,11.480000,SYNTHETIC,DESCENT,7.795,-0.031,6.102,-0.129,-0.020,-13.660,99787.7,128.79,-5.38,,,,,,,,1,0,EB02
575,11.500000,SYNTHETIC,DESCENT,7.675,0.104,6.122,-0.025,0.156,-14.674,99794.4,128.23,-5.46,,,,,,,,1,0,ECA5
576,11.520000,SYNTHETIC,DESCENT,7.590,0.004,6.180,-0.040,0.097,-15.611,99785.8,128.95,-5.43,,,,,,,,1,0,4582
577,11.540000,SYNTHETIC,DESCENT,7.504,-0.080,6.333,0.095,-0.163,-16.602,99788.6,128.72,-5.42,,,,,,,,1,0,8A61
578,11.560000,SYNTHETIC,DESCENT,7.517,0.038,6.422,-0.017,0.063,-17.435,99791.5,128.47,-5.42,,,,,,,,1,0,8594
579,11.580000,SYNTHETIC,DESCENT,7.466,-0.002,6.460,0.098,0.144,-18.461,99794.8,128.20,-5.44,,,,,,,,1,0,5FE7
580,11.600000,SYNTHETIC,DESCENT,7.271,0.004,6.485,0.021,-0.111,-19.195,99794.0,128.26,-5.45,,,,,,,,1,0,5E90
581,11.620000,SYNTHETIC,DESCENT,7.308,-0.003,6.570,-0.047,-0.021,-19.913,99801.4,127.64,-5.51,,,,,,,,1,0,6A9E
582,11.640000,SYNTHETIC,DESCENT,7.173,0.010,6.596,0.179,-0.191,-20.726,99799.1,127.83,-5.53,,,,,,,,1,0,2A3F
583,11.660000,SYNTHETIC,DESCENT,7.112,-0.005,6.739,0.078,0.126,-21.500,99793.9,128.27,-5.49,,,,,,,,1,0,38B6
584,11.680000,SYNTHETIC,DESCENT,7.183,0.015,6.763,-0.118,0.017,-21.966,99797.4,127.98,-5.47,,,,,,,,1,0,11CD
585,11.700000,SYNTHETIC,DESCENT,7.089,-0.077,6.813,0.083,-0.068,-22.686,99800.4,127.72,-5.47,,,,,,,,1,0,CC68
586,11.720000,SYNTHETIC,DESCENT,7.111,0.032,6.805,-0.007,-0.015,-23.116,99801.6,127.62,-5.47,,,,,,,,1,0,67B2
587,11.740000,SYNTHETIC,DESCENT,7.105,-0.116,6.834,-0.020,-0.004,-23.519,99804.6,127.37,-5.48,,,,,,,,1,0,299F
588,11.760000,SYNTHETIC,DESCENT,7.083,0.013,6.848,-0.017,0.025,-24.074,99807.3,127.14,-5.51,,,,,,,,1,0,40FA
589,11.780000,SYNTHETIC,DESCENT,7.099,-0.023,6.890,0.055,0.085,-24.230,99804.0,127.42,-5.49,,,,,,,,1,0,FE0C
590,11.800000,SYNTHETIC,DESCENT,7.032,0.018,6.889,-0.057,0.101,-24.534,99812.2,126.73,-5.54,,,,,,,,1,0,A7AD
591,11.820000,SYNTHETIC,DESCENT,6.905,-0.097,6.977,-0.015,-0.054,-24.713,99807.4,127.13,-5.53,,,,,,,,1,0,B50B
592,11.840000,SYNTHETIC,DESCENT,6.927,0.012,6.914,0.063,-0.065,-24.855,99810.2,126.90,-5.53,,,,,,,,1,0,1827
593,11.860000,SYNTHETIC,DESCENT,6.959,-0.018,6.897,0.020,0.084,-25.153,99811.6,126.78,-5.53,,,,,,,,1,0,EA79
594,11.880000,SYNTHETIC,DESCENT,6.910,0.038,6.976,-0.137,0.006,-25.092,99815.7,126.43,-5.56,,,,,,,,1,0,D201
595,11.900000,SYNTHETIC,DESCENT,6.918,-0.097,6.907,0.004,0.054,-24.990,99810.3,126.89,-5.52,,,,,,,,1,0,9417
596,11.920000,SYNTHETIC,DESCENT,6.931,-0.085,6.903,-0.075,-0.189,-24.908,99812.9,126.67,-5.50,,,,,,,,1,0,5641
597,11.940000,SYNTHETIC,DESCENT,6.863,0.056,6.909,0.166,-0.137,-24.708,99815.0,126.49,-5.49,,,,,,,,1,0,70F9
598,11.960000,SYNTHETIC,DESCENT,6.967,-0.065,6.892,0.128,-0.179,-24.495,99823.3,125.79,-5.54,,,,,,,,1,0,546C
599,11.980000,SYNTHETIC,DESCENT,7.073,0.001,6.842,0.163,0.067,-24.206,99811.5,126.79,-5.47,,,,,,,,1,0,8475
600,12.000000,SYNTHETIC,DESCENT,6.955,-0.025,6.839,0.009,-0.153,-23.900,99818.9,126.16,-5.45,23.16,0.0000387,0.0001195,125.7,3,9,4.098,1,0,0008
601,12.020000,SYNTHETIC,DESCENT,7.002,0.032,6.793,0.123,-0.006,-23.350,99822.2,125.89,-5.46,,,,,,,,1,0,DB55
602,12.040000,SYNTHETIC,DESCENT,7.058,0.022,6.722,0.103,0.054,-22.821,99822.9,125.83,-5.47,,,,,,,,1,0,2600
603,12.060000,SYNTHETIC,DESCENT,7.072,-0.043,6.751,0.162,0.146,-22.271,99829.0,125.31,-5.51,,,,,,,,1,0,6F2D
604,12.080000,SYNTHETIC,DESCENT,7.250,-0.029,6.765,-0.012,-0.039,-21.637,99823.4,125.79,-5.49,,,,,,,,1,0,E3A5
605,12.100000,SYNTHETIC,DESCENT,7.249,-0.037,6.693,-0.244,-0.018,-21.171,99825.1,125.64,-5.48,,,,,,,,1,0,33C5
606,12.120000,SYNTHETIC,DESCENT,7.237,-0.010,6.637,0.147,-0.044,-20.419,99827.9,125.41,-5.48,,,,,,,,1,0,5097
607,12.140000,SYNTHETIC,DESCENT,7.293,-0.037,6.569,-0.044,0.110,-19.627,99827.1,125.47,-5.46,,,,,,,,1,0,001F
608,12.160000,SYNTHETIC,DESCENT,7.407,-0.064,6.415,0.205,0.050,-18.883,99832.8,124.99,-5.48,,,,,,,,1,0,B493
609,12.180000,SYNTHETIC,DESCENT,7.448,-0.105,6.349,0.070,0.005,-17.938,99830.3,125.20,-5.46,,,,,,,,1,0,61C2
610,12.200000,SYNTHETIC,DESCENT,7.413,-0.019,6.372,0.189,-0.019,-17.175,99832.0,125.06,-5.45,,,,,,,,1,0,B20D
611,12.220000,SYNTHETIC,DESCENT,7.576,-0.084,6.354,0.071,0.086,-16.132,99823.6,125.77,-5.35,,,,,,,,1,0,8DD8
612,12.240000,SYNTHETIC,DESCENT,7.662,-0.013,6.217,-0.036,0.057,-15.308,99829.8,125.25,-5.30,,,,,,,,1,0,CB7C
613,12.260000,SYNTHETIC,DESCENT,7.684,-0.114,6.079,-0.199,-0.071,-14.156,99838.9,124.48,-5.33,,,,,,,,1,0,56B0
614,12.280000,SYNTHETIC,DESCENT,7.686,0.018,5.964,-0.035,0.238,-13.071,99834.1,124.88,-5.30,,,,,,,,1,0,0EC6
615,12.300000,SYNTHETIC,DESCENT,7.797,-0.030,5.989,0.143,-0.175,-12.084,99840.2,124.37,-5.32,,,,,,,,1,0,3B4A
616,12.320000,SYNTHETIC,DESCENT,7.878,0.067,5.871,0.027,0.146,-10.942,99835.6,124.76,-5.28,,,,,,,,1,0,00F8
617,12.340000,SYNTHETIC,DESCENT,7.934,-0.076,5.633,-0.168,-0.015,-9.727,99837.9,124.56,-5.25,,,,,,,,1,0,CD11
618,12.360000,SYNTHETIC,DESCENT,7.927,0.054,5.674,0.073,0.053,-8.652,99842.0,124.22,-5.26,,,,,,,,1,0,CC5E
619,12.380000,SYNTHETIC,DESCENT,8.084,0.001,5.591,-0.064,-0.001,-7.471,99844.1,124.04,-5.27,,,,,,,,1,0,78E8
620,12.400000,SYNTHETIC,DESCENT,8.202,-0.010,5.466,0.111,0.102,-6.016,99843.2,124.12,-5.26,,,,,,,,1,0,E423
621,12.420000,SYNTHETIC,DESCENT,8.278,-0.035,5.382,0.021,-0.113,-5.000,99847.0,123.80,-5.27,,,,,,,,1,0,5709
622,12.440000,SYNTHETIC,DESCENT,8.284,-0.063,5.272,0.079,-0.230,-3.811,99844.7,123.99,-5.25,,,,,,,,1,0,F99F
623,12.460000,SYNTHETIC,DESCENT,8.372,-0.037,5.205,0.039,-0.026,-2.352,99849.2,123.61,-5.26,,,,,,,,1,0,0BD0
624,12.480000,SYNTHETIC,DESCENT,8.491,-0.069,4.986,-0.006,-0.048,-1.169,99844.9,123.97,-5.22,,,,,,,,1,0,C17A
625,12.500000,SYNTHETIC,DESCENT,8.500,-0.018,4.923,-0.051,-0.150,-0.054,99846.0,123.88,-5.18,,,,,,,,1,0,FCF5
626,12.520000,SYNTHETIC,DESCENT,8.574,0.041,4.813,-0.180,-0.049,1.222,99856.6,122.99,-5.23,,,,,,,,1,0,4FA6
627,12.540000,SYNTHETIC,DESCENT,8.557,0.012,4.739,-0.209,0.108,2.490,99847.0,123.80,-5.18,,,,,,,,1,0,5FAE
628,12.560000,SYNTHETIC,DESCENT,8.680,-0.003,4.574,-0.334,0.053,3.816,99854.8,123.14,-5.19,,,,,,,,1,0,96BA
629,12.580000,SYNTHETIC,DESCENT,8.831,-0.021,4.407,-0.025,0.056,5.121,99857.9,122.88,-5.22,,,,,,,,1,0,748E
630,12.600000,SYNTHETIC,DESCENT,8.702,-0.031,4.375,0.069,-0.217,6.299,99854.7,123.15,-5.20,,,,,,,,1,0,47A5
631,12.620000,SYNTHETIC,DESCENT,8.747,0.073,4.236,-0.041,0.239,7.300,99853.1,123.28,-5.16,,,,,,,,1,0,9A3B
632,12.640000,SYNTHETIC,DESCENT,8.926,0.055,4.150,-0.007,0.105,8.565,99859.5,122.74,-5.17,,,,,,,,1,0,4361
633,12.660000,SYNTHETIC,DESCENT,9.017,-0.077,4.018,-0.147,0.180,9.741,99851.2,123.44,-5.08,,,,,,,,1,0,BC6E
634,12.680000,SYNTHETIC,DESCENT,9.056,-0.002,3.913,0.057,0.110,11.107,99855.6,123.07,-5.04,,,,,,,,1,0,5478
635,12.700000,SYNTHETIC,DESCENT,8.988,-0.059,3.745,0.193,0.054,11.874,99861.9,122.54,-5.05,,,,,,,,1,0,BE8B
636,12.720000,SYNTHETIC,DESCENT,9.168,0.032,3.685,-0.117,0.166,13.118,99861.3,122.59,-5.03,,,,,,,,1,0,1EDB
637,12.740000,SYNTHETIC,DESCENT,9.054,0.039,3.600,0.139,-0.042,14.081,99863.6,122.40,-5.03,,,,,,,,1,0,3C20
638,12.760000,SYNTHETIC,DESCENT,9.194,-0.021,3.502,0.016,-0.076,15.206,99866.2,122.18,-5.05,,,,,,,,1,0,F7DB
639,12.780000,SYNTHETIC,DESCENT,9.159,0.015,3.438,-0.052,-0.002,16.233,99860.6,122.65,-4.99,,,,,,,,1,0,E3EA
640,12.800000,SYNTHETIC,DESCENT,9.224,0.038,3.326,0.101,0.015,17.217,99861.3,122.59,-4.94,,,,,,,,1,0,6421
641,12.820000,SYNTHETIC,DESCENT,9.202,0.081,3.346,-0.052,0.146,18.112,99864.8,122.30,-4.91,,,,,,,,1,0,0C77
642,12.840000,SYNTHETIC,DESCENT,9.271,0.076,3.006,0.124,-0.076,18.744,99868.4,121.99,-4.91,,,,,,,,1,0,C8F1
643,12.860000,SYNTHETIC,DESCENT,9.266,-0.137,3.073,-0.102,0.204,19.656,99872.0,121.69,-4.93,,,,,,,,1,0,B145
644,12.880000,SYNTHETIC,DESCENT,9.358,0.004,3.115,-0.062,-0.070,20.401,99868.9,121.95,-4.91,,,,,,,,1,0,8E13
645,12.900000,SYNTHETIC,DESCENT,9.373,0.069,2.890,0.030,0.005,21.130,99870.4,121.83,-4.89,,,,,,,,1,0,416E
646,12.920000,SYNTHETIC,DESCENT,9.348,-0.088,2.898,0.147,-0.219,21.801,99875.7,121.38,-4.92,,,,,,,,1,0,A838
647,12.940000,SYNTHETIC,DESCENT,9.441,0.010,2.736,-0.100,-0.068,22.450,99873.8,121.54,-4.91,,,,,,,,1,0,378C
648,12.960000,SYNTHETIC,DESCENT,9.429,0.049,2.719,-0.202,-0.151,22.782,99870.5,121.82,-4.86,,,,,,,,1,0,D35C
649,12.980000,SYNTHETIC,DESCENT,9.446,-0.029,2.760,0.043,-0.025,23.368,99880.7,120.96,-4.90,,,,,,,,1,0,8380
650,13.000000,SYNTHETIC,DESCENT,9.482,0.011,2.619,0.014,0.039,23.827,99883.6,120.71,-4.95,23.08,0.0000756,0.0001498,119.7,3,9,4.092,1,0,71AD
651,13.020000,SYNTHETIC,DESCENT,9.386,-0.015,2.664,0.077,-0.135,24.022,99875.5,121.40,-4.92,,,,,,,,1,0,56EA
652,13.040000,SYNTHETIC,DESCENT,9.367,-0.064,2.580,-0.168,-0.030,24.513,99879.7,121.04,-4.91,,,,,,,,1,0,03D4
653,13.060000,SYNTHETIC,DESCENT,9.398,0.020,2.598,-0.111,-0.248,24.921,99883.1,120.76,-4.93,,,,,,,,1,0,9248
654,13.080000,SYNTHETIC,DESCENT,9.511,-0.003,2.583,0.064,0.044,24.833,99881.0,120.93,-4.91,,,,,,,,1,0,95E5
655,13.100000,SYNTHETIC,DESCENT,9.345,0.103,2.572,-0.198,-0.081,24.942,99884.0,120.68,-4.91,,,,,,,,1,0,3475
656,13.120000,SYNTHETIC,DESCENT,9.485,-0.031,2.584,0.063,-0.118,24.838,99886.7,120.45,-4.93,,,,,,,,1,0,2B35
657,13.140000,SYNTHETIC,DESCENT,9.420,0.024,2.554,0.036,0.124,25.040,99884.1,120.67,-4.91,,,,,,,,1,0,5748
658,13.160000,SYNTHETIC,DESCENT,9.499,-0.017,2.508,-0.167,0.054,24.874,99883.3,120.74,-4.87,,,,,,,,1,0,9C33
659,13.180000,SYNTHETIC,DESCENT,9.519,-0.066,2.533,0.056,0.234,24.827,99888.7,120.28,-4.87,,,,,,,,1,0,75C1
660,13.200000,SYNTHETIC,DESCENT,9.422,-0.082,2.619,0.047,-0.011,24.481,99893.6,119.87,-4.91,,,,,,,,1,0,E99D
661,13.220000,SYNTHETIC,DESCENT,9.459,0.027,2.700,-0.054,-0.149,24.320,99893.9,119.85,-4.94,,,,,,,,1,0,3FA5
662,13.240000,SYNTHETIC,DESCENT,9.453,0.034,2.618,0.048,0.059,23.877,99891.7,120.03,-4.94,,,,,,,,1,0,1110
663,13.260000,SYNTHETIC,DESCENT,9.516,-0.003,2.625,-0.021,-0.088,23.627,99894.0,119.84,-4.94,,,,,,,,1,0,7071
664,13.280000,SYNTHETIC,DESCENT,9.425,0.036,2.677,0.022,-0.038,23.133,99894.0,119.84,-4.94,,,,,,,,1,0,CB41
665,13.300000,SYNTHETIC,DESCENT,9.433,0.094,2.708,-0.044,0.215,22.687,99896.8,119.60,-4.95,,,,,,,,1,0,5C44
666,13.320000,SYNTHETIC,DESCENT,9.424,0.040,2.815,-0.026,0.204,22.130,99896.7,119.61,-4.95,,,,,,,,1,0,903F
667,13.340000,SYNTHETIC,DESCENT,9.291,-0.019,2.989,-0.031,0.080,21.347,99897.4,119.55,-4.94,,,,,,,,1,0,4926
668,13.360000,SYNTHETIC,DESCENT,9.328,-0.023,2.922,0.075,0.152,20.713,99896.8,119.60,-4.92,,,,,,,,1,0,7AA9
669,13.380000,SYNTHETIC,DESCENT,9.295,-0.091,2.974,-0.137,-0.010,20.028,99898.8,119.43,-4.90,,,,,,,,1,0,380A
670,13.400000,SYNTHETIC,DESCENT,9.448,-0.043,3.062,-0.013,0.154,19.246,99900.5,119.29,-4.89,,,,,,,,1,0,FF8D
671,13.420000,SYNTHETIC,DESCENT,9.286,0.016,3.156,-0.009,0.073,18.362,99901.2,119.23,-4.88,,,,,,,,1,0,BD53
672,13.440000,SYNTHETIC,DESCENT,9.205,0.046,3.296,-0.094,-0.058,17.636,99904.6,118.95,-4.89,,,,,,,,1,0,9CD6
673,13.460000,SYNTHETIC,DESCENT,9.216,-0.013,3.354,-0.064,0.055,16.723,99914.6,118.10,-4.99,,,,,,,,1,0,AEDE
674,13.480000,SYNTHETIC,DESCENT,9.124,-0.171,3.416,0.025,0.104,15.621,99907.0,118.74,-4.99,,,,,,,,1,0,6871
675,13.500000,SYNTHETIC,DESCENT,9.142,-0.017,3.519,-0.030,-0.123,14.730,99910.6,118.44,-5.02,,,,,,,,1,0,AD0C
676,13.520000,SYNTHETIC,DESCENT,8.998,0.067,3.715,-0.105,0.057,13.778,99913.4,118.20,-5.06,,,,,,,,1,0,39EA
677,13.540000,SYNTHETIC,DESCENT,9.180,-0.035,3.770,-0.121,-0.013,12.553,99907.7,118.68,-5.03,,,,,,,,1,0,9F7C
678,13.560000,SYNTHETIC,DESCENT,8.993,-0.041,3.851,-0.113,0.047,11.461,99903.7,119.02,-4.96,,,,,,,,1,0,BDEE
679,13.580000,SYNTHETIC,DESCENT,8.989,0.020,3.951,-0.044,-0.009,10.366,99917.2,117.89,-5.00,,,,,,,,1,0,1F8F
680,13.600000,SYNTHETIC,DESCENT,8.922,0.048,4.152,-0.033,0.071,9.149,99912.1,118.31,-4.99,,,,,,,,1,0,23A5
681,13.620000,SYNTHETIC,DESCENT,8.884,0.043,4.156,-0.087,0.119,8.008,99916.7,117.93,-5.01,,,,,,,,1,0,058D
682,13.640000,SYNTHETIC,DESCENT,8.821,0.067,4.302,-0.097,0.113,6.802,99914.0,118.15,-4.98,,,,,,,,1,0,95B9
683,13.660000,SYNTHETIC,DESCENT,8.753,0.007,4.456,-0.137,0.059,5.589,99918.8,117.75,-5.00,,,,,,,,1,0,9C78
684,13.680000,SYNTHETIC,DESCENT,8.814,-0.015,4.463,-0.114,-0.110,4.603,99919.9,117.66,-5.01,,,,,,,,1,0,2072
685,13.700000,SYNTHETIC,DESCENT,8.693,0.057,4.622,-0.165,0.024,3.095,99921.6,117.51,-5.03,,,,,,,,1,0,8CEC
686,13.720000,SYNTHETIC,DESCENT,8.608,0.029,4.671,0.210,0.008,1.861,99921.5,117.52,-5.03,,,,,,,,1,0,FBE8
687,13.740000,SYNTHETIC,DESCENT,8.583,-0.054,4.717,0.051,-0.077,0.640,99923.1,117.39,-5.04,,,,,,,,1,0,9496
688,13.760000,SYNTHETIC,DESCENT,8.407,-0.037,5.025,-0.088,0.198,-0.607,99921.6,117.51,-5.02,,,,,,,,1,0,7BF6
689,13.780000,SYNTHETIC,DESCENT,8.406,-0.014,5.138,0.121,-0.249,-1.945,99927.2,117.04,-5.05,,,,,,,,1,0,7B64
690,13.800000,SYNTHETIC,DESCENT,8.273,0.048,5.102,-0.068,0.007,-2.968,99921.5,117.52,-5.00,,,,,,,,1,0,2890
691,13.820000,SYNTHETIC,DESCENT,8.219,0.107,5.332,0.092,-0.039,-4.480,99929.3,116.87,-5.03,,,,,,,,1,0,F780
692,13.840000,SYNTHETIC,DESCENT,8.226,-0.005,5.380,0.020,0.135,-5.614,99924.3,117.29,-4.99,,,,,,,,1,0,A07E
693,13.860000,SYNTHETIC,DESCENT,8.164,0.106,5.466,0.223,-0.104,-6.787,99927.6,117.01,-4.97,,,,,,,,1,0,EC74
694,13.880000,SYNTHETIC,DESCENT,8.050,-0.001,5.644,0.086,0.040,-8.018,99932.5,116.60,-4.99,,,,,,,,1,0,01C4
695,13.900000,SYNTHETIC,DESCENT,7.977,-0.052,5.693,0.257,0.086,-9.021,99933.9,116.48,-5.02,,,,,,,,1,0,6BAB
696,13.920000,SYNTHETIC,DESCENT,7.988,0.034,5.797,-0.115,-0.032,-10.293,99926.3,117.12,-4.95,,,,,,,,1,0,2621
697,13.940000,SYNTHETIC,DESCENT,7.816,0.084,5.818,0.018,0.237,-11.444,99934.8,116.40,-4.96,,,,,,,,1,0,77BF
698,13.960000,SYNTHETIC,DESCENT,7.801,-0.025,5.931,0.140,0.100,-12.553,99932.2,116.62,-4.94,,,,,,,,1,0,4D8E
699,13.980000,SYNTHETIC,DESCENT,7.715,0.037,6.052,-0.037,0.207,-13.658,99935.4,116.35,-4.93,,,,,,,,1,0,15F0
700,14.000000,SYNTHETIC,DESCENT,7.589,0.013,6.142,-0.207,0.005,-14.634,99938.9,116.06,-4.95,22.97,0.0000676,0.0001841,110.5,3,9,4.089,1,0,9098
701,14.020000,SYNTHETIC,DESCENT,7.571,0.012,6.251,0.023,-0.038,-15.586,99937.1,116.21,-4.94,,,,,,,,1,0,C2E4
702,14.040000,SYNTHETIC,DESCENT,7.525,-0.052,6.229,0.057,0.000,-16.670,99935.0,116.39,-4.89,,,,,,,,1,0,A74F
703,14.060000,SYNTHETIC,DESCENT,7.410,0.061,6.309,-0.014,-0.082,-17.506,99942.3,115.77,-4.91,,,,,,,,1,0,6EB3
704,14.080000,SYNTHETIC,DESCENT,7.434,0.001,6.448,0.111,-0.069,-18.257,99943.6,115.66,-4.93,,,,,,,,1,0,C2EA
705,14.100000,SYNTHETIC,DESCENT,7.427,0.073,6.542,0.133,-0.089,-19.262,99947.3,115.35,-4.97,,,,,,,,1,0,CF70
706,14.120000,SYNTHETIC,DESCENT,7.221,-0.060,6.605,0.064,0.156,-20.091,99950.1,115.12,-5.03,,,,,,,,1,0,243E
707,14.140000,SYNTHETIC,DESCENT,7.342,-0.003,6.609,-0.124,-0.092,-20.827,99942.8,115.73,-5.00,,,,,,,,1,0,B7DE
708,14.160000,SYNTHETIC,DESCENT,7.170,0.020,6.714,0.209,0.007,-21.266,99946.8,115.39,-5.00,,,,,,,,1,0,8418
709,14.180000,SYNTHETIC,DESCENT,7.193,0.058,6.792,-0.034,0.157,-21.952,99952.6,114.91,-5.04,,,,,,,,1,0,7F28
710,14.200000,SYNTHETIC,DESCENT,7.181,0.002,6.820,0.088,0.090,-22.738,99949.3,115.18,-5.04,,,,,,,,1,0,97EE
711,14.220000,SYNTHETIC,DESCENT,6.977,0.012,6.802,0.034,-0.043,-23.290,99952.1,114.95,-5.05,,,,,,,,1,0,A9EA
712,14.240000,SYNTHETIC,DESCENT,6.999,-0.014,6.936,-0.129,0.060,-23.426,99953.2,114.85,-5.06,,,,,,,,1,0,97A1
713,14.260000,SYNTHETIC,DESCENT,7.000,0.046,6.963,0.044,-0.005,-23.889,99958.2,114.43,-5.11,,,,,,,,1,0,1B5E
714,14.280000,SYNTHETIC,DESCENT,7.066,0.028,6.828,0.101,-0.043,-24.174,99954.7,114.73,-5.11,,,,,,,,1,0,A09F
715,14.300000,SYNTHETIC,DESCENT,6.895,0.044,6.869,0.033,0.046,-24.496,99956.4,114.59,-5.11,,,,,,,,1,0,CE1B
716,14.320000,SYNTHETIC,DESCENT,6.863,-0.045,6.948,0.093,0.062,-24.750,99953.5,114.83,-5.07,,,,,,,,1,0,E873
717,14.340000,SYNTHETIC,DESCENT,6.979,0.035,6.965,0.076,-0.055,-24.957,99960.3,114.26,-5.09,,,,,,,,1,0,D92C
718,14.360000,SYNTHETIC,DESCENT,6.973,0.018,6.864,-0.001,0.057,-24.925,99949.4,115.17,-4.99,,,,,,,,1,0,C887
719,14.380000,SYNTHETIC,DESCENT,6.904,0.040,6.839,0.064,-0.031,-25.064,99959.8,114.30,-4.99,,,,,,,,1,0,BF58
720,14.400000,SYNTHETIC,DESCENT,6.936,-0.036,6.884,-0.018,0.085,-24.873,99962.5,114.07,-5.00,,,,,,,,1,0,4AC3
721,14.420000,SYNTHETIC,DESCENT,6.934,0.011,6.878,0.073,0.133,-24.945,99960.5,114.24,-4.98,,,,,,,,1,0,CCFC
722,14.440000,SYNTHETIC,DESCENT,6.946,-0.057,6.925,0.047,-0.011,-24.562,99963.7,113.97,-4.98,,,,,,,,1,0,E727
723,14.460000,SYNTHETIC,DESCENT,7.003,-0.027,6.960,-0.080,0.047,-24.344,99964.6,113.90,-4.98,,,,,,,,1,0,EB16
724,14.480000,SYNTHETIC,DESCENT,7.088,0.062,6.835,0.121,-0.135,-24.317,99964.6,113.90,-4.97,,,,,,,,1,0,9A71
725,14.500000,SYNTHETIC,DESCENT,6.994,0.078,6.867,-0.026,0.038,-23.937,99968.5,113.57,-4.98,,,,,,,,1,0,AF66
726,14.520000,SYNTHETIC,DESCENT,7.067,0.058,6.876,0.153,0.076,-23.270,99967.7,113.63,-4.98,,,,,,,,1,0,5276
727,14.540000,SYNTHETIC,DESCENT,7.154,-0.035,6.763,0.027,0.090,-22.895,99970.2,113.42,-4.98,,,,,,,,1,0,D4FC
728,14.560000,SYNTHETIC,DESCENT,7.085,-0.038,6.747,0.069,0.009,-22.485,99970.4,113.41,-4.98,,,,,,,,1,0,ABF1
729,14.580000,SYNTHETIC,DESCENT,7.132,0.020,6.713,-0.047,-0.173,-21.650,99976.2,112.92,-5.02,,,,,,,,1,0,FEEE
730,14.600000,SYNTHETIC,DESCENT,7.155,-0.023,6.595,0.115,-0.008,-21.092,99970.4,113.41,-4.99,,,,,,,,1,0,87BB
731,14.620000,SYNTHETIC,DESCENT,7.270,0.033,6.530,-0.047,-0.022,-20.433,99975.6,112.97,-5.00,,,,,,,,1,0,8329
732,14.640000,SYNTHETIC,DESCENT,7.353,0.025,6.529,-0.062,0.094,-19.602,99973.7,113.13,-4.99,,,,,,,,1,0,E0D4
733,14.660000,SYNTHETIC,DESCENT,7.383,0.017,6.394,-0.035,-0.121,-18.925,99978.8,112.70,-5.01,,,,,,,,1,0,EBA4
734,14.680000,SYNTHETIC,DESCENT,7.470,0.040,6.369,-0.025,-0.091,-18.013,99979.2,112.67,-5.02,,,,,,,,1,0,8E8E
735,14.700000,SYNTHETIC,DESCENT,7.533,-0.028,6.250,0.073,0.086,-16.974,99977.1,112.84,-5.00,,,,,,,,1,0,3DDC
736,14.720000,SYNTHETIC,DESCENT,7.537,0.011,6.310,0.044,0.163,-16.040,99979.0,112.68,-4.98,,,,,,,,1,0,4708
737,14.740000,SYNTHETIC,DESCENT,7.546,-0.014,6.205,-0.120,-0.043,-15.193,99981.3,112.49,-4.98,,,,,,,,1,0,1B20
738,14.760000,SYNTHETIC,DESCENT,7.742,-0.012,6.150,0.285,-0.023,-14.339,99986.5,112.05,-5.02,,,,,,,,1,0,90E5
739,14.780000,SYNTHETIC,DESCENT,7.741,-0.086,6.141,0.026,0.026,-13.167,99986.9,112.02,-5.05,,,,,,,,1,0,FD29
740,14.800000,SYNTHETIC,DESCENT,7.854,0.116,5.933,0.044,0.096,-12.148,99986.7,112.04,-5.06,,,,,,,,1,0,9D0D
741,14.820000,SYNTHETIC,DESCENT,7.834,0.093,5.853,0.045,0.074,-11.055,99978.0,112.77,-4.98,,,,,,,,1,0,AE2C
742,14.840000,SYNTHETIC,DESCENT,7.964,0.021,5.651,-0.003,0.043,-9.709,99984.2,112.25,-4.95,,,,,,,,1,0,E4B3
743,14.860000,SYNTHETIC,DESCENT,8.065,-0.132,5.663,0.062,-0.014,-8.717,99983.8,112.28,-4.90,,,,,,,,1,0,1742
744,14.880000,SYNTHETIC,DESCENT,8.077,-0.155,5.602,0.071,0.028,-7.521,99988.9,111.85,-4.90,,,,,,,,1,0,55B0
745,14.900000,SYNTHETIC,DESCENT,8.148,0.030,5.438,0.104,-0.084,-6.176,99993.5,111.46,-4.93,,,,,,,,1,0,EC70
746,14.920000,SYNTHETIC,DESCENT,8.217,0.025,5.313,0.183,-0.137,-4.989,99995.0,111.34,-4.96,,,,,,,,1,0,83B4
747,14.940000,SYNTHETIC,DESCENT,8.327,-0.058,5.279,-0.004,-0.025,-3.687,99994.0,111.42,-4.97,,,,,,,,1,0,BA96
748,14.960000,SYNTHETIC,DESCENT,8.354,0.120,5.147,-0.034,0.206,-2.501,99990.0,111.76,-4.93,,,,,,,,1,0,55F5
749,14.980000,SYNTHETIC,DESCENT,8.385,0.013,4.967,0.052,-0.085,-1.214,99992.0,111.59,-4.90,,,,,,,,1,0,0F55
750,15.000000,SYNTHETIC,DESCENT,8.528,-0.014,4.878,0.007,-0.140,0.142,99996.7,111.19,-4.90,22.88,0.0001147,0.0001842,114.9,3,9,4.086,1,0,8666
751,15.020000,SYNTHETIC,DESCENT,8.564,-0.004,4.776,0.020,-0.079,1.129,99996.3,111.23,-4.89,,,,,,,,1,0,329E
752,15.040000,SYNTHETIC,DESCENT,8.614,0.010,4.685,0.068,-0.102,2.559,100004.3,110.55,-4.95,,,,,,,,1,0,9905
753,15.060000,SYNTHETIC,DESCENT,8.648,-0.058,4.648,0.079,-0.126,4.005,99999.1,110.99,-4.94,,,,,,,,1,0,C5CD
754,15.080000,SYNTHETIC,DESCENT,8.797,-0.088,4.422,-0.034,0.137,5.060,100000.9,110.84,-4.94,,,,,,,,1,0,1D59
755,15.100000,SYNTHETIC,DESCENT,8.864,-0.027,4.350,-0.095,0.088,6.344,100003.6,110.61,-4.95,,,,,,,,1,0,0CDC
756,15.120000,SYNTHETIC,DESCENT,8.806,0.063,4.112,0.154,0.003,7.465,100004.0,110.58,-4.96,,,,,,,,1,0,4984
757,15.140000,SYNTHETIC,DESCENT,8.843,0.005,4.089,0.191,-0.105,8.665,100006.0,110.41,-4.97,,,,,,,,1,0,811E
758,15.160000,SYNTHETIC,DESCENT,9.026,0.019,4.076,-0.076,-0.098,9.932,100007.5,110.29,-4.98,,,,,,,,1,0,2344
759,15.180000,SYNTHETIC,DESCENT,9.059,-0.065,3.915,-0.057,-0.012,10.843,100008.4,110.21,-4.99,,,,,,,,1,0,5175
760,15.200000,SYNTHETIC,DESCENT,9.036,0.007,3.794,-0.045,0.004,12.037,100010.1,110.07,-5.01,,,,,,,,1,0,5B1B
761,15.220000,SYNTHETIC,DESCENT,9.014,0.054,3.686,0.073,0.128,13.147,100003.3,110.64,-4.94,,,,,,,,1,0,0E3B
762,15.240000,SYNTHETIC,DESCENT,9.132,0.095,3.541,0.025,-0.101,14.297,100009.3,110.13,-4.93,,,,,,,,1,0,55CA
763,15.260000,SYNTHETIC,DESCENT,9.151,-0.054,3.564,-0.132,-0.059,15.141,100011.9,109.92,-4.93,,,,,,,,1,0,D64F
764,15.280000,SYNTHETIC,DESCENT,9.302,-0.051,3.380,0.218,0.033,16.340,100011.0,109.99,-4.91,,,,,,,,1,0,FEE3
765,15.300000,SYNTHETIC,DESCENT,9.238,0.015,3.327,-0.049,-0.056,17.045,100009.4,110.13,-4.87,,,,,,,,1,0,E228
766,15.320000,SYNTHETIC,DESCENT,9.244,-0.001,3.127,-0.107,0.092,17.971,100012.8,109.84,-4.85,,,,,,,,1,0,FFDC
767,15.340000,SYNTHETIC,DESCENT,9.293,-0.036,3.132,-0.002,-0.076,18.881,100023.1,108.97,-4.92,,,,,,,,1,0,AD44
768,15.360000,SYNTHETIC,DESCENT,9.313,-0.102,3.062,-0.079,0.079,19.622,100024.0,108.90,-4.99,,,,,,,,1,0,F7B7
769,15.380000,SYNTHETIC,DESCENT,9.320,-0.049,2.973,-0.182,0.003,20.361,100026.0,108.73,-5.05,,,,,,,,1,0,3B79
770,15.400000,SYNTHETIC,DESCENT,9.361,-0.037,2.833,0.100,-0.103,21.200,100020.0,109.23,-5.05,,,,,,,,1,0,95CA
771,15.420000,SYNTHETIC,DESCENT,9.523,-0.039,2.807,0.140,0.083,21.832,100019.2,109.30,-5.02,,,,,,,,1,0,4B9E
772,15.440000,SYNTHETIC,DESCENT,9.359,0.032,2.817,-0.056,-0.112,22.197,100027.2,108.63,-5.06,,,,,,,,1,0,EBAE
773,15.460000,SYNTHETIC,DESCENT,9.349,0.002,2.832,-0.050,-0.077,22.867,100025.2,108.80,-5.07,,,,,,,,1,0,D2D5
774,15.480000,SYNTHETIC,DESCENT,9.447,0.029,2.677,0.191,0.027,23.437,100029.3,108.45,-5.11,,,,,,,,1,0,D079
775,15.500000,SYNTHETIC,DESCENT,9.405,-0.034,2.654,-0.016,0.027,23.644,100031.4,108.27,-5.15,,,,,,,,1,0,4B28
776,15.520000,SYNTHETIC,DESCENT,9.394,0.033,2.515,0.055,-0.135,24.099,100028.2,108.54,-5.14,,,,,,,,1,0,6179
777,15.540000,SYNTHETIC,DESCENT,9.429,0.023,2.638,-0.084,0.070,24.537,100029.2,108.46,-5.14,,,,,,,,1,0,8838
778,15.560000,SYNTHETIC,DESCENT,9.446,0.021,2.640,0.132,-0.106,24.580,100023.9,108.91,-5.07,,,,,,,,1,0,915A
779,15.580000,SYNTHETIC,DESCENT,9.444,-0.020,2.568,0.052,-0.021,24.735,100031.5,108.27,-5.07,,,,,,,,1,0,4274
780,15.600000,SYNTHETIC,DESCENT,9.462,0.034,2.555,0.142,-0.027,24.969,100034.1,108.05,-5.08,,,,,,,,1,0,8FDD
781,15.620000,SYNTHETIC,DESCENT,9.363,0.002,2.525,-0.040,0.099,25.093,100037.3,107.78,-5.11,,,,,,,,1,0,6F80
782,15.640000,SYNTHETIC,DESCENT,9.405,0.000,2.614,0.003,0.134,25.150,100037.3,107.78,-5.12,,,,,,,,1,0,AABD
783,15.660000,SYNTHETIC,DESCENT,9.425,0.050,2.526,0.076,0.074,24.908,100033.5,108.10,-5.09,,,,,,,,1,0,0F21
784,15.680000,SYNTHETIC,DESCENT,9.449,0.054,2.462,0.028,0.067,24.827,100038.8,107.65,-5.10,,,,,,,,1,0,408A
785,15.700000,SYNTHETIC,DESCENT,9.479,-0.043,2.708,0.142,0.175,24.497,100035.3,107.95,-5.06,,,,,,,,1,0,B862
786,15.720000,SYNTHETIC,DESCENT,9.369,-0.033,2.609,0.037,0.018,24.221,100037.5,107.76,-5.03,,,,,,,,1,0,25DA
787,15.740000,SYNTHETIC,DESCENT,9.411,0.072,2.593,-0.038,-0.062,23.931,100039.7,107.58,-5.02,,,,,,,,1,0,BC88
788,15.760000,SYNTHETIC,DESCENT,9.440,-0.007,2.757,-0.112,0.049,23.567,100042.4,107.35,-5.02,,,,,,,,1,0,4BF8
789,15.780000,SYNTHETIC,DESCENT,9.384,-0.042,2.783,-0.020,-0.006,23.187,100044.2,107.20,-5.03,,,,,,,,1,0,21D5
790,15.800000,SYNTHETIC,DESCENT,9.396,-0.016,2.754,0.164,0.000,22.489,100046.7,106.99,-5.05,,,,,,,,1,0,0157
791,15.820000,SYNTHETIC,DESCENT,9.403,-0.009,2.955,-0.066,-0.078,22.145,100048.8,106.81,-5.08,,,,,,,,1,0,C3E8
792,15.840000,SYNTHETIC,DESCENT,9.354,-0.004,2.899,-0.176,0.172,21.331,100046.0,107.05,-5.06,,,,,,,,1,0,0161
793,15.860000,SYNTHETIC,DESCENT,9.335,0.000,2.927,0.079,-0.013,20.923,100045.8,107.06,-5.03,,,,,,,,1,0,F9A6
794,15.880000,SYNTHETIC,DESCENT,9.265,-0.082,3.029,0.001,0.137,19.975,100045.3,107.11,-4.99,,,,,,,,1,0,9FDE
795,15.900000,SYNTHETIC,DESCENT,9.338,0.065,3.065,0.043,-0.041,18.977,100047.5,106.92,-4.96,,,,,,,,1,0,CF97
796,15.920000,SYNTHETIC,DESCENT,9.316,0.054,3.162,-0.014,0.011,18.497,100053.2,106.44,-4.98,,,,,,,,1,0,E6C6
797,15.940000,SYNTHETIC,DESCENT,9.292,0.024,3.229,0.033,0.170,17.742,100051.1,106.62,-4.97,,,,,,,,1,0,42CB
798,15.960000,SYNTHETIC,DESCENT,9.217,0.066,3.255,0.043,0.106,16.671,100056.9,106.13,-5.00,,,,,,,,1,0,C5AC
799,15.980000,SYNTHETIC,DESCENT,9.205,-0.031,3.442,-0.011,-0.108,15.635,100059.0,105.95,-5.03,,,,,,,,1,0,36ED
800,16.000000,SYNTHETIC,DESCENT,9.089,-0.072,3.544,-0.135,0.086,14.833,100059.4,105.92,-5.06,22.86,0.0000885,0.0002042,103.2,3,9,4.087,1,0,B67F
801,16.020000,SYNTHETIC,DESCENT,9.143,-0.002,3.630,0.003,0.090,13.589,100058.3,106.01,-5.06,,,,,,,,1,0,601E
802,16.040000,SYNTHETIC,DESCENT,9.075,0.122,3.710,-0.041,-0.217,12.513,100055.4,106.26,-5.02,,,,,,,,1,0,A666
803,16.060000,SYNTHETIC,DESCENT,8.938,0.021,3.945,0.025,0.119,11.344,100062.2,105.68,-5.04,,,,,,,,1,0,C0FE
804,16.080000,SYNTHETIC,DESCENT,8.958,0.048,3.975,0.060,-0.101,10.404,100061.2,105.77,-5.04,,,,,,,,1,0,90D8
805,16.100000,SYNTHETIC,DESCENT,8.952,-0.040,4.029,-0.133,0.030,9.140,100061.0,105.79,-5.02,,,,,,,,1,0,31DE
806,16.120000,SYNTHETIC,DESCENT,8.941,-0.074,4.149,0.138,-0.024,8.134,100064.4,105.50,-5.03,,,,,,,,1,0,4490
807,16.140000,SYNTHETIC,DESCENT,8.806,-0.026,4.334,0.051,0.167,6.899,100064.8,105.47,-5.03,,,,,,,,1,0,14FB
808,16.160000,SYNTHETIC,DESCENT,8.715,0.007,4.409,0.331,-0.007,5.624,100067.1,105.27,-5.04,,,,,,,,1,0,439B
809,16.180000,SYNTHETIC,DESCENT,8.641,-0.077,4.475,0.166,0.143,4.474,100069.6,105.06,-5.06,,,,,,,,1,0,5752
810,16.200000,SYNTHETIC,DESCENT,8.634,0.003,4.743,-0.086,0.027,3.260,100069.9,105.04,-5.07,,,,,,,,1,0,ACDB
811,16.220000,SYNTHETIC,DESCENT,8.599,0.034,4.770,-0.041,0.094,1.780,100067.7,105.22,-5.04,,,,,,,,1,0,7EE5
812,16.240000,SYNTHETIC,DESCENT,8.555,0.010,4.768,-0.207,0.083,0.539,100070.3,105.00,-5.04,,,,,,,,1,0,4F74
813,16.260000,SYNTHETIC,DESCENT,8.452,-0.095,4.932,-0.195,0.142,-0.673,100071.6,104.89,-5.03,,,,,,,,1,0,6156
814,16.280000,SYNTHETIC,DESCENT,8.395,-0.039,4.998,-0.102,-0.008,-2.048,100073.8,104.71,-5.03,,,,,,,,1,0,A428
815,16.300000,SYNTHETIC,DESCENT,8.366,-0.035,5.175,-0.153,-0.072,-2.959,100074.2,104.68,-5.03,,,,,,,,1,0,0DDC
816,16.320000,SYNTHETIC,DESCENT,8.256,-0.042,5.241,0.009,0.045,-4.255,100078.1,104.35,-5.05,,,,,,,,1,0,A45F
817,16.340000,SYNTHETIC,DESCENT,8.256,-0.028,5.502,0.142,-0.094,-5.645,100075.1,104.60,-5.03,,,,,,,,1,0,625A
818,16.360000,SYNTHETIC,DESCENT,8.176,0.076,5.548,-0.071,-0.027,-6.812,100073.0,104.78,-4.98,,,,,,,,1,0,AD02
819,16.380000,SYNTHETIC,DESCENT,8.029,-0.062,5.578,0.016,0.052,-8.024,100075.9,104.53,-4.95,,,,,,,,1,0,FAFA
820,16.400000,SYNTHETIC,DESCENT,7.996,-0.065,5.805,-0.054,-0.055,-9.226,100079.3,104.25,-4.94,,,,,,,,1,0,CBBB
821,16.420000,SYNTHETIC,DESCENT,7.942,0.046,5.781,0.025,0.045,-10.330,100079.3,104.25,-4.92,,,,,,,,1,0,9DF8
822,16.440000,SYNTHETIC,DESCENT,7.844,0.064,5.939,-0.013,-0.080,-11.684,100081.2,104.09,-4.91,,,,,,,,1,0,1CF2
823,16.460000,SYNTHETIC,DESCENT,7.793,0.072,6.015,0.097,0.002,-12.583,100081.9,104.03,-4.90,,,,,,,,1,0,4BF8
824,16.480000,SYNTHETIC,DESCENT,7.695,0.048,6.037,0.033,-0.259,-13.600,100082.1,104.01,-4.88,,,,,,,,1,0,1C7E
825,16.500000,SYNTHETIC,DESCENT,7.679,-0.033,6.076,-0.131,-0.091,-14.506,100085.0,103.77,-4.87,,,,,,,,1,0,B0E5
826,16.520000,SYNTHETIC,DESCENT,7.619,-0.123,6.251,-0.025,-0.113,-15.700,100088.7,103.46,-4.90,,,,,,,,1,0,ABE1
827,16.540000,SYNTHETIC,DESCENT,7.553,0.034,6.384,-0.031,0.026,-16.403,100090.7,103.29,-4.92,,,,,,,,1,0,320D
828,16.560000,SYNTHETIC,DESCENT,7.524,0.086,6.346,-0.031,-0.073,-17.614,100084.2,103.83,-4.88,,,,,,,,1,0,9EDB
829,16.580000,SYNTHETIC,DESCENT,7.418,0.067,6.414,-0.030,-0.021,-18.390,100085.3,103.74,-4.83,,,,,,,,1,0,ECC2
830,16.600000,SYNTHETIC,DESCENT,7.359,-0.098,6.531,0.095,0.050,-19.205,100092.1,103.17,-4.84,,,,,,,,1,0,179D
831,16.620000,SYNTHETIC,DESCENT,7.339,0.012,6.469,-0.054,0.001,-19.870,100092.0,103.18,-4.84,,,,,,,,1,0,61C4
832,16.640000,SYNTHETIC,DESCENT,7.204,-0.014,6.671,-0.068,0.064,-20.793,100095.7,102.87,-4.86,,,,,,,,1,0,BF8C
833,16.660000,SYNTHETIC,DESCENT,7.210,-0.061,6.668,-0.114,-0.076,-21.377,100098.4,102.64,-4.90,,,,,,,,1,0,5923
834,16.680000,SYNTHETIC,DESCENT,7.107,0.009,6.603,-0.029,0.113,-21.816,100098.9,102.60,-4.93,,,,,,,,1,0,A978
835,16.700000,SYNTHETIC,DESCENT,7.048,0.033,6.762,0.120,0.117,-22.624,100099.2,102.57,-4.95,,,,,,,,1,0,3584
836,16.720000,SYNTHETIC,DESCENT,7.083,-0.011,6.836,-0.146,-0.011,-23.120,100100.1,102.50,-4.96,,,,,,,,1,0,9760
837,16.740000,SYNTHETIC,DESCENT,6.906,0.039,6.885,0.120,0.046,-23.629,100100.9,102.43,-4.97,,,,,,,,1,0,5E62
838,16.760000,SYNTHETIC,DESCENT,7.009,0.110,6.859,0.105,-0.141,-23.961,100098.1,102.67,-4.94,,,,,,,,1,0,6D06
839,16.780000,SYNTHETIC,DESCENT,6.921,-0.040,6.851,-0.005,-0.278,-24.057,100106.1,101.99,-4.98,,,,,,,,1,0,0926
840,16.800000,SYNTHETIC,DESCENT,7.034,-0.091,6.947,-0.004,-0.086,-24.656,100104.8,102.10,-4.99,,,,,,,,1,0,183A
841,16.820000,SYNTHETIC,DESCENT,6.937,-0.019,6.894,0.004,-0.030,-24.699,100102.0,102.34,-4.96,,,,,,,,1,0,40A3
842,16.840000,SYNTHETIC,DESCENT,6.959,0.000,6.940,0.037,0.052,-24.885,100101.2,102.41,-4.92,,,,,,,,1,0,71BD
843,16.860000,SYNTHETIC,DESCENT,7.010,0.032,6.931,-0.097,-0.004,-24.935,100112.6,101.45,-4.98,,,,,,,,1,0,3C84
844,16.880000,SYNTHETIC,DESCENT,6.921,0.003,6.979,-0.029,-0.003,-25.056,100108.2,101.82,-4.98,,,,,,,,1,0,DCD6
845,16.900000,SYNTHETIC,DESCENT,6.956,0.028,6.914,-0.013,-0.046,-24.882,100112.9,101.42,-5.01,,,,,,,,1,0,156D
846,16.920000,SYNTHETIC,DESCENT,6.974,-0.024,6.937,-0.001,-0.084,-24.760,100109.3,101.72,-4.99,,,,,,,,1,0,219E
847,16.940000,SYNTHETIC,DESCENT,6.868,-0.073,6.947,-0.041,-0.060,-24.674,100110.2,101.65,-4.98,,,,,,,,1,0,490F
848,16.960000,SYNTHETIC,DESCENT,6.917,0.069,6.852,0.060,0.231,-24.215,100107.0,101.92,-4.92,,,,,,,,1,0,F463
849,16.980000,SYNTHETIC,DESCENT,6.958,0.040,6.871,-0.097,-0.008,-24.038,100118.9,100.92,-4.97,,,,,,,,1,0,DA78
850,17.000000,SYNTHETIC,DESCENT,6.976,0.005,6.810,0.111,0.119,-23.560,100114.4,101.30,-4.96,22.78,0.0000967,0.0002405,99.5,3,9,4.085,1,0,8C25
851,17.020000,SYNTHETIC,DESCENT,7.058,0.008,6.826,0.059,-0.160,-23.366,100118.2,100.98,-4.98,,,,,,,,1,0,7C8A
852,17.040000,SYNTHETIC,DESCENT,6.998,-0.109,6.784,0.070,-0.191,-22.749,100121.2,100.72,-5.01,,,,,,,,1,0,8695
853,17.060000,SYNTHETIC,DESCENT,7.147,-0.003,6.751,-0.040,-0.081,-22.217,100119.9,100.83,-5.02,,,,,,,,1,0,1730
854,17.080000,SYNTHETIC,DESCENT,7.142,-0.048,6.822,0.102,-0.136,-21.680,100120.8,100.76,-5.02,,,,,,,,1,0,65E2
855,17.100000,SYNTHETIC,DESCENT,7.241,-0.045,6.696,0.052,-0.079,-21.009,100119.6,100.86,-5.00,,,,,,,,1,0,D3C6
856,17.120000,SYNTHETIC,DESCENT,7.307,-0.022,6.649,0.061,-0.009,-20.265,100122.3,100.63,-5.00,,,,,,,,1,0,B419
857,17.140000,SYNTHETIC,DESCENT,7.321,-0.003,6.490,-0.006,-0.086,-19.667,100130.5,99.94,-5.06,,,,,,,,1,0,36A2
858,17.160000,SYNTHETIC,DESCENT,7.398,0.041,6.477,-0.074,0.062,-18.812,100128.2,100.14,-5.09,,,,,,,,1,0,671E
859,17.180000,SYNTHETIC,DESCENT,7.526,0.032,6.385,0.053,0.063,-18.063,100129.8,100.00,-5.12,,,,,,,,1,0,79EE
860,17.200000,SYNTHETIC,DESCENT,7.496,-0.026,6.384,-0.013,-0.217,-17.182,100130.1,99.98,-5.13,,,,,,,,1,0,9A99
861,17.220000,SYNTHETIC,DESCENT,7.531,-0.068,6.209,-0.161,-0.129,-16.261,100126.3,100.30,-5.10,,,,,,,,1,0,9B4B
862,17.240000,SYNTHETIC,DESCENT,7.724,0.050,6.167,-0.011,0.098,-15.174,100130.4,99.95,-5.10,,,,,,,,1,0,660F
863,17.260000,SYNTHETIC,DESCENT,7.661,-0.017,6.120,0.125,0.058,-14.212,100128.5,100.11,-5.07,,,,,,,,1,0,D4C1
864,17.280000,SYNTHETIC,DESCENT,7.742,-0.021,5.996,-0.147,-0.068,-12.972,100128.0,100.15,-5.02,,,,,,,,1,0,611C
865,17.300000,SYNTHETIC,DESCENT,7.854,-0.054,5.944,0.021,-0.095,-11.972,100130.2,99.97,-4.99,,,,,,,,1,0,C7A3
866,17.320000,SYNTHETIC,DESCENT,7.946,-0.017,5.872,0.061,0.010,-11.063,100131.8,99.83,-4.96,,,,,,,,1,0,BD7E
867,17.340000,SYNTHETIC,DESCENT,7.808,0.072,5.765,0.080,-0.035,-9.800,100139.4,99.19,-4.99,,,,,,,,1,0,1DCD
868,17.360000,SYNTHETIC,DESCENT,8.044,0.000,5.607,-0.127,0.070,-8.583,100136.5,99.44,-4.99,,,,,,,,1,0,52F1
869,17.380000,SYNTHETIC,DESCENT,8.102,-0.003,5.524,0.039,0.008,-7.388,100135.8,99.50,-4.97,,,,,,,,1,0,6B11
870,17.400000,SYNTHETIC,DESCENT,8.114,0.039,5.447,-0.047,-0.141,-6.364,100137.2,99.38,-4.95,,,,,,,,1,0,EA14
871,17.420000,SYNTHETIC,DESCENT,8.203,0.035,5.392,-0.067,0.072,-4.763,100139.4,99.19,-4.94,,,,,,,,1,0,0423
872,17.440000,SYNTHETIC,DESCENT,8.243,-0.035,5.247,-0.112,0.045,-3.752,100143.1,98.88,-4.95,,,,,,,,1,0,D64C
873,17.460000,SYNTHETIC,DESCENT,8.408,-0.036,5.120,-0.006,-0.167,-2.638,100141.7,99.00,-4.94,,,,,,,,1,0,EC73
874,17.480000,SYNTHETIC,DESCENT,8.505,-0.104,5.133,-0.102,-0.185,-1.387,100142.6,98.93,-4.93,,,,,,,,1,0,9BD2
875,17.500000,SYNTHETIC,DESCENT,8.368,-0.063,4.929,0.050,-0.044,0.246,100146.2,98.62,-4.95,,,,,,,,1,0,C055
876,17.520000,SYNTHETIC,DESCENT,8.561,-0.037,4.769,0.002,0.159,1.340,100144.0,98.81,-4.92,,,,,,,,1,0,4349
877,17.540000,SYNTHETIC,DESCENT,8.493,0.011,4.685,0.159,0.059,2.457,100147.4,98.52,-4.93,,,,,,,,1,0,61F9
878,17.560000,SYNTHETIC,DESCENT,8.673,-0.045,4.549,0.060,0.155,3.728,100149.7,98.33,-4.94,,,,,,,,1,0,AB70
879,17.580000,SYNTHETIC,DESCENT,8.694,-0.014,4.413,-0.054,-0.029,4.932,100149.1,98.38,-4.93,,,,,,,,1,0,4ADA
880,17.600000,SYNTHETIC,DESCENT,8.940,-0.012,4.343,0.098,0.013,6.252,100145.6,98.67,-4.88,,,,,,,,1,0,8EF1
881,17.620000,SYNTHETIC,DESCENT,8.862,-0.014,4.279,0.075,0.006,7.525,100156.3,97.77,-4.93,,,,,,,,1,0,6F21
882,17.640000,SYNTHETIC,DESCENT,8.792,0.053,4.131,0.128,-0.036,8.679,100152.0,98.14,-4.92,,,,,,,,1,0,AF2D
883,17.660000,SYNTHETIC,DESCENT,8.945,0.058,3.960,-0.073,0.259,9.733,100155.7,97.83,-4.93,,,,,,,,1,0,ECCC
884,17.680000,SYNTHETIC,DESCENT,8.928,0.070,3.836,-0.052,-0.020,11.129,100151.5,98.18,-4.90,,,,,,,,1,0,329F
885,17.700000,SYNTHETIC,DESCENT,9.098,0.054,3.749,-0.117,-0.012,12.046,100157.6,97.67,-4.91,,,,,,,,1,0,C638
886,17.720000,SYNTHETIC,DESCENT,9.071,-0.040,3.719,0.093,0.077,13.147,100163.7,97.15,-4.97,,,,,,,,1,0,C469
887,17.740000,SYNTHETIC,DESCENT,9.104,-0.010,3.670,-0.189,0.031,14.165,100164.1,97.12,-5.01,,,,,,,,1,0,2058
888,17.760000,SYNTHETIC,DESCENT,9.221,-0.016,3.428,0.061,0.067,15.199,100159.9,97.47,-5.01,,,,,,,,1,0,175C
889,17.780000,SYNTHETIC,DESCENT,9.174,0.023,3.393,0.038,-0.186,16.086,100167.2,96.86,-5.06,,,,,,,,1,0,4B10
890,17.800000,SYNTHETIC,DESCENT,9.202,0.011,3.326,-0.044,0.002,17.197,100160.3,97.44,-5.03,,,,,,,,1,0,0213
891,17.820000,SYNTHETIC,DESCENT,9.219,-0.019,3.305,-0.023,0.000,17.986,100160.4,97.43,-4.99,,,,,,,,1,0,491A
892,17.840000,SYNTHETIC,DESCENT,9.342,0.031,3.120,-0.071,0.042,18.829,100162.0,97.30,-4.96,,,,,,,,1,0,EC4B
893,17.860000,SYNTHETIC,DESCENT,9.371,0.056,3.053,-0.086,0.078,19.764,100165.0,97.04,-4.94,,,,,,,,1,0,ECE1
894,17.880000,SYNTHETIC,DESCENT,9.365,0.062,2.983,-0.048,-0.128,20.519,100163.8,97.14,-4.91,,,,,,,,1,0,DCD2
895,17.900000,SYNTHETIC,DESCENT,9.385,-0.014,2.923,-0.120,0.280,21.093,100170.5,96.58,-4.93,,,,,,,,1,0,85BC
896,17.920000,SYNTHETIC,DESCENT,9.355,0.029,2.897,0.016,0.000,21.765,100164.3,97.10,-4.88,,,,,,,,1,0,35DC
897,17.940000,SYNTHETIC,DESCENT,9.412,-0.031,2.782,0.025,-0.117,22.304,100172.4,96.42,-4.90,,,,,,,,1,0,40E7
898,17.960000,SYNTHETIC,DESCENT,9.427,0.064,2.694,0.081,-0.001,22.945,100180.0,95.78,-4.98,,,,,,,,1,0,3D1C
899,17.980000,SYNTHETIC,DESCENT,9.399,-0.006,2.718,-0.152,0.184,23.413,100174.6,96.24,-4.99,,,,,,,,1,0,637D
900,18.000000,SYNTHETIC,DESCENT,9.428,-0.006,2.693,-0.135,-0.112,23.933,100174.1,96.28,-4.98,22.71,0.0000917,0.0002244,101.9,3,9,4.088,1,0,C731
901,18.020000,SYNTHETIC,DESCENT,9.502,0.045,2.635,0.300,0.109,24.007,100171.0,96.54,-4.94,,,,,,,,1,0,6BFA
902,18.040000,SYNTHETIC,DESCENT,9.466,-0.034,2.515,0.019,0.152,24.162,100173.4,96.34,-4.90,,,,,,,,1,0,DE06
903,18.060000,SYNTHETIC,DESCENT,9.473,0.011,2.622,0.000,0.094,24.594,100181.9,95.62,-4.95,,,,,,,,1,0,AA3C
904,18.080000,SYNTHETIC,DESCENT,9.395,-0.027,2.495,0.027,0.010,24.750,100178.5,95.91,-4.94,,,,,,,,1,0,2D24
905,18.100000,SYNTHETIC,DESCENT,9.506,0.021,2.509,-0.071,-0.060,25.129,100174.2,96.27,-4.88,,,,,,,,1,0,AE43
906,18.120000,SYNTHETIC,DESCENT,9.432,0.072,2.653,0.181,-0.049,25.001,100184.5,95.41,-4.91,,,,,,,,1,0,E217
907,18.140000,SYNTHETIC,DESCENT,9.532,-0.014,2.580,0.050,0.156,24.755,100182.9,95.54,-4.92,,,,,,,,1,0,7711
908,18.160000,SYNTHETIC,DESCENT,9.569,-0.030,2.587,-0.066,0.181,24.687,100187.0,95.20,-4.95,,,,,,,,1,0,5691
909,18.180000,SYNTHETIC,DESCENT,9.376,-0.073,2.523,0.019,-0.013,24.829,100185.4,95.33,-4.96,,,,,,,,1,0,655C
910,18.200000,SYNTHETIC,DESCENT,9.500,-0.023,2.522,0.153,-0.009,24.512,100186.6,95.23,-4.96,,,,,,,,1,0,09F7
911,18.220000,SYNTHETIC,DESCENT,9.503,-0.068,2.606,0.142,-0.046,24.323,100187.8,95.13,-4.96,,,,,,,,1,0,AD7E
912,18.240000,SYNTHETIC,DESCENT,9.407,-0.020,2.576,0.134,0.060,23.958,100189.5,94.99,-4.97,,,,,,,,1,0,C7CB
913,18.260000,SYNTHETIC,DESCENT,9.421,0.059,2.642,0.091,0.045,23.513,100192.7,94.72,-5.00,,,,,,,,1,0,6D98
914,18.280000,SYNTHETIC,DESCENT,9.351,0.021,2.740,0.065,-0.054,23.085,100194.8,94.54,-5.03,,,,,,,,1,0,78B4
915,18.300000,SYNTHETIC,DESCENT,9.438,-0.008,2.792,0.093,-0.140,22.603,100199.7,94.13,-5.10,,,,,,,,1,0,4C64
916,18.320000,SYNTHETIC,DESCENT,9.347,0.051,2.864,0.032,0.244,22.078,100194.0,94.61,-5.10,,,,,,,,1,0,07AC
917,18.340000,SYNTHETIC,DESCENT,9.439,0.015,2.847,0.013,-0.076,21.333,100196.9,94.36,-5.11,,,,,,,,1,0,204D
918,18.360000,SYNTHETIC,DESCENT,9.317,0.078,2.953,0.176,-0.149,20.856,100195.7,94.46,-5.10,,,,,,,,1,0,4818
919,18.380000,SYNTHETIC,DESCENT,9.358,-0.022,3.056,0.005,0.090,20.063,100197.8,94.29,-5.10,,,,,,,,1,0,6E64
920,18.400000,SYNTHETIC,DESCENT,9.399,0.010,3.165,-0.078,-0.056,19.365,100197.4,94.32,-5.08,,,,,,,,1,0,7D0D
921,18.420000,SYNTHETIC,DESCENT,9.258,-0.009,3.277,-0.019,0.111,18.351,100203.9,93.78,-5.11,,,,,,,,1,0,D9B2
922,18.440000,SYNTHETIC,DESCENT,9.225,-0.065,3.297,-0.040,0.026,17.564,100199.0,94.19,-5.09,,,,,,,,1,0,6179
923,18.460000,SYNTHETIC,DESCENT,9.168,0.034,3.364,0.104,0.152,16.682,100206.0,93.60,-5.12,,,,,,,,1,0,8255
924,18.480000,SYNTHETIC,DESCENT,9.097,-0.076,3.490,0.000,0.024,15.566,100202.2,93.92,-5.10,,,,,,,,1,0,0B09
925,18.500000,SYNTHETIC,DESCENT,9.151,0.023,3.553,0.019,-0.052,14.716,100208.4,93.40,-5.13,,,,,,,,1,0,11EC
926,18.520000,SYNTHETIC,DESCENT,9.128,0.001,3.606,-0.158,-0.147,13.810,100206.4,93.57,-5.13,,,,,,,,1,0,4CF1
927,18.540000,SYNTHETIC,DESCENT,9.114,-0.054,3.822,0.136,0.051,12.347,100211.7,93.12,-5.16,,,,,,,,1,0,30C4
928,18.560000,SYNTHETIC,DESCENT,8.986,0.011,3.899,-0.056,-0.021,11.385,100207.5,93.47,-5.14,,,,,,,,1,0,BA49
929,18.580000,SYNTHETIC,DESCENT,8.965,-0.025,3.998,0.061,-0.018,10.486,100207.9,93.44,-5.12,,,,,,,,1,0,6F46
930,18.600000,SYNTHETIC,DESCENT,8.892,0.094,4.120,0.000,-0.030,9.353,100211.7,93.12,-5.12,,,,,,,,1,0,B8E3
931,18.620000,SYNTHETIC,DESCENT,8.938,0.042,4.212,-0.139,-0.033,8.045,100209.2,93.33,-5.09,,,,,,,,1,0,D3D8
932,18.640000,SYNTHETIC,DESCENT,8.839,-0.031,4.221,-0.229,0.071,6.730,100217.7,92.62,-5.12,,,,,,,,1,0,1412
933,18.660000,SYNTHETIC,DESCENT,8.715,-0.064,4.351,-0.067,0.085,5.658,100216.8,92.69,-5.14,,,,,,,,1,0,C6BA
934,18.680000,SYNTHETIC,DESCENT,8.763,-0.008,4.503,0.033,-0.052,4.311,100214.8,92.86,-5.12,,,,,,,,1,0,A8DF
935,18.700000,SYNTHETIC,DESCENT,8.697,0.005,4.654,0.028,-0.060,3.297,100217.7,92.62,-5.12,,,,,,,,1,0,8F9F
936,18.720000,SYNTHETIC,DESCENT,8.592,0.003,4.731,0.168,-0.080,1.780,100214.4,92.89,-5.08,,,,,,,,1,0,E3C1
937,18.740000,SYNTHETIC,DESCENT,8.416,0.100,4.809,-0.108,0.173,0.514,100217.1,92.67,-5.05,,,,,,,,1,0,C5BA
938,18.760000,SYNTHETIC,DESCENT,8.460,0.012,4.864,-0.183,-0.016,-0.551,100217.7,92.62,-5.02,,,,,,,,1,0,BC2F
939,18.780000,SYNTHETIC,DESCENT,8.375,-0.024,5.005,0.056,-0.119,-1.846,100225.4,91.97,-5.06,,,,,,,,1,0,98DF
940,18.800000,SYNTHETIC,DESCENT,8.331,0.026,5.133,0.140,0.099,-3.277,100228.5,91.71,-5.11,,,,,,,,1,0,A57C
941,18.820000,SYNTHETIC,DESCENT,8.323,0.014,5.242,-0.097,0.050,-4.272,100227.8,91.77,-5.14,,,,,,,,1,0,95CE
942,18.840000,SYNTHETIC,DESCENT,8.180,0.049,5.347,-0.018,-0.106,-5.604,100223.1,92.16,-5.11,,,,,,,,1,0,A94A
943,18.860000,SYNTHETIC,DESCENT,8.232,-0.111,5.465,0.052,-0.035,-6.874,100225.4,91.97,-5.09,,,,,,,,1,0,9E7C
944,18.880000,SYNTHETIC,DESCENT,8.007,-0.009,5.598,0.033,0.131,-7.963,100227.2,91.82,-5.08,,,,,,,,1,0,8221
945,18.900000,SYNTHETIC,DESCENT,8.066,-0.017,5.763,-0.033,-0.121,-9.134,100228.6,91.70,-5.07,,,,,,,,1,0,6F2E
946,18.920000,SYNTHETIC,DESCENT,7.897,0.093,5.782,-0.063,-0.099,-10.351,100231.5,91.46,-5.08,,,,,,,,1,0,FDFC
947,18.940000,SYNTHETIC,DESCENT,7.785,0.014,5.868,0.314,-0.210,-11.454,100229.9,91.59,-5.06,,,,,,,,1,0,254B
948,18.960000,SYNTHETIC,DESCENT,7.740,0.061,5.941,0.055,0.108,-12.376,100233.6,91.28,-5.06,,,,,,,,1,0,3D53
949,18.980000,SYNTHETIC,DESCENT,7.652,-0.010,6.144,0.227,0.092,-13.569,100234.9,91.17,-5.07,,,,,,,,1,0,5CCD
950,19.000000,SYNTHETIC,DESCENT,7.483,-0.112,6.155,0.007,-0.109,-14.653,100231.0,91.50,-5.03,22.60,0.0001194,0.0002399,88.8,3,9,4.088,1,0,71EC
951,19.020000,SYNTHETIC,DESCENT,7.565,-0.038,6.203,-0.096,-0.172,-15.824,100231.8,91.43,-4.98,,,,,,,,1,0,42C3
952,19.040000,SYNTHETIC,DESCENT,7.451,-0.049,6.319,0.131,0.152,-16.689,100236.7,91.02,-4.98,,,,,,,,1,0,6AD4
953,19.060000,SYNTHETIC,DESCENT,7.304,-0.020,6.419,-0.078,-0.024,-17.719,100245.9,90.25,-5.05,,,,,,,,1,0,FB8E
954,19.080000,SYNTHETIC,DESCENT,7.385,0.073,6.434,-0.015,0.028,-18.455,100242.1,90.57,-5.07,,,,,,,,1,0,9E51
955,19.100000,SYNTHETIC,DESCENT,7.307,0.076,6.458,-0.011,0.274,-19.295,100240.8,90.68,-5.06,,,,,,,,1,0,821B
956,19.120000,SYNTHETIC,DESCENT,7.250,-0.034,6.628,-0.059,0.138,-20.083,100235.5,91.12,-5.00,,,,,,,,1,0,5524
957,19.140000,SYNTHETIC,DESCENT,7.195,-0.062,6.637,0.106,0.135,-20.844,100237.9,90.92,-4.94,,,,,,,,1,0,6895
958,19.160000,SYNTHETIC,DESCENT,7.158,-0.007,6.704,0.027,-0.069,-21.389,100243.4,90.46,-4.94,,,,,,,,1,0,29A8
959,19.180000,SYNTHETIC,DESCENT,7.148,0.010,6.642,0.220,-0.145,-22.044,100236.7,91.02,-4.85,,,,,,,,1,0,8ABA
960,19.200000,SYNTHETIC,DESCENT,7.067,-0.031,6.777,0.088,0.005,-22.716,100246.7,90.18,-4.86,,,,,,,,1,0,F8B2
961,19.220000,SYNTHETIC,DESCENT,7.075,-0.041,6.820,0.031,0.006,-23.158,100249.6,89.94,-4.89,,,,,,,,1,0,2271
962,19.240000,SYNTHETIC,DESCENT,7.022,0.008,6.775,-0.055,-0.053,-23.313,100261.3,88.96,-5.01,,,,,,,,1,0,3391
963,19.260000,SYNTHETIC,DESCENT,6.972,0.013,6.898,-0.021,0.224,-24.004,100247.1,90.15,-4.98,,,,,,,,1,0,4447
964,19.280000,SYNTHETIC,DESCENT,7.001,0.002,6.917,-0.054,-0.120,-24.119,100250.3,89.88,-4.97,,,,,,,,1,0,1B09
965,19.300000,SYNTHETIC,DESCENT,6.936,0.019,6.928,-0.030,0.019,-24.488,100256.9,89.32,-5.01,,,,,,,,1,0,602B
966,19.320000,SYNTHETIC,DESCENT,6.956,-0.024,6.904,-0.037,0.106,-24.829,100247.6,90.11,-4.95,,,,,,,,1,0,88F7
967,19.340000,SYNTHETIC,DESCENT,7.041,0.030,6.862,-0.016,-0.065,-25.010,100257.6,89.27,-4.98,,,,,,,,1,0,8AF4
968,19.360000,SYNTHETIC,DESCENT,6.843,-0.031,6.973,0.013,-0.118,-24.963,100252.4,89.70,-4.94,,,,,,,,1,0,C728
969,19.380000,SYNTHETIC,DESCENT,6.929,0.082,6.918,-0.066,0.043,-25.121,100263.7,88.75,-5.00,,,,,,,,1,0,9D74
970,19.400000,SYNTHETIC,DESCENT,6.760,-0.049,6.913,-0.029,-0.080,-25.153,100258.8,89.17,-5.01,,,,,,,,1,0,11BA
971,19.420000,SYNTHETIC,DESCENT,6.880,-0.017,6.853,0.049,0.032,-24.707,100257.5,89.27,-4.98,,,,,,,,1,0,29CA
972,19.440000,SYNTHETIC,DESCENT,6.871,0.036,6.829,0.139,-0.042,-24.723,100264.7,88.67,-5.02,,,,,,,,1,0,D256
973,19.460000,SYNTHETIC,DESCENT,6.970,0.081,6.872,0.121,0.033,-24.493,100260.7,89.01,-5.00,,,,,,,,1,0,88A4
974,19.480000,SYNTHETIC,DESCENT,6.898,-0.033,6.837,0.076,-0.166,-24.255,100267.9,88.40,-5.05,,,,,,,,1,0,9EBE
975,19.500000,SYNTHETIC,DESCENT,7.082,-0.017,6.879,-0.103,-0.108,-23.693,100266.1,88.55,-5.06,,,,,,,,1,0,DF8B
976,19.520000,SYNTHETIC,DESCENT,7.073,-0.064,6.886,-0.065,0.005,-23.350,100265.6,88.59,-5.05,,,,,,,,1,0,250D
977,19.540000,SYNTHETIC,DESCENT,7.123,-0.013,6.809,-0.113,-0.191,-22.964,100269.0,88.31,-5.07,,,,,,,,1,0,052F
978,19.560000,SYNTHETIC,DESCENT,7.183,-0.104,6.710,-0.095,0.280,-22.306,100275.3,87.78,-5.13,,,,,,,,1,0,603B
979,19.580000,SYNTHETIC,DESCENT,7.105,-0.033,6.791,0.016,0.094,-21.757,100267.9,88.40,-5.11,,,,,,,,1,0,525E
980,19.600000,SYNTHETIC,DESCENT,7.188,-0.021,6.552,-0.201,-0.058,-21.001,100270.7,88.17,-5.10,,,,,,,,1,0,3E27
981,19.620000,SYNTHETIC,DESCENT,7.361,0.023,6.628,0.097,-0.115,-20.445,100271.8,88.07,-5.09,,,,,,,,1,0,6BAE
982,19.640000,SYNTHETIC,DESCENT,7.321,0.069,6.519,-0.048,0.156,-19.588,100269.3,88.28,-5.05,,,,,,,,1,0,E017
983,19.660000,SYNTHETIC,DESCENT,7.378,0.092,6.467,-0.043,-0.058,-18.630,100273.9,87.90,-5.04,,,,,,,,1,0,B2EF
984,19.680000,SYNTHETIC,DESCENT,7.438,-0.095,6.455,0.064,-0.098,-17.983,100275.4,87.77,-5.04,,,,,,,,1,0,35BF
985,19.700000,SYNTHETIC,DESCENT,7.452,-0.038,6.238,-0.062,-0.058,-17.252,100275.7,87.75,-5.02,,,,,,,,1,0,26E0
986,19.720000,SYNTHETIC,DESCENT,7.539,-0.004,6.335,0.115,0.065,-16.321,100277.0,87.64,-5.01,,,,,,,,1,0,0776
987,19.740000,SYNTHETIC,DESCENT,7.567,-0.004,6.336,-0.082,0.016,-15.254,100276.6,87.67,-4.99,,,,,,,,1,0,4C23
988,19.760000,SYNTHETIC,DESCENT,7.626,0.011,6.146,0.003,0.062,-14.226,100275.9,87.73,-4.95,,,,,,,,1,0,4E4F
989,19.780000,SYNTHETIC,DESCENT,7.711,-0.015,6.052,-0.092,-0.057,-13.337,100280.0,87.39,-4.94,,,,,,,,1,0,665F
990,19.800000,SYNTHETIC,DESCENT,7.745,0.095,5.954,-0.122,0.115,-11.986,100283.2,87.12,-4.95,,,,,,,,1,0,84EE
991,19.820000,SYNTHETIC,DESCENT,7.924,0.064,5.786,-0.012,0.039,-10.998,100281.6,87.25,-4.93,,,,,,,,1,0,D494
992,19.840000,SYNTHETIC,DESCENT,7.881,-0.007,5.682,-0.145,0.064,-9.801,100282.5,87.18,-4.91,,,,,,,,1,0,22CE
993,19.860000,SYNTHETIC,DESCENT,8.041,-0.041,5.723,-0.121,-0.023,-8.568,100287.3,86.77,-4.92,,,,,,,,1,0,658A
994,19.880000,SYNTHETIC,DESCENT,8.122,-0.116,5.596,0.031,-0.056,-7.554,100289.2,86.61,-4.95,,,,,,,,1,0,C61C
995,19.900000,SYNTHETIC,DESCENT,8.212,-0.046,5.467,0.015,0.048,-6.050,100290.0,86.55,-4.97,,,,,,,,1,0,3822
996,19.920000,SYNTHETIC,DESCENT,8.295,0.066,5.389,-0.013,0.040,-4.846,100290.8,86.48,-4.98,,,,,,,,1,0,2DE0
997,19.940000,SYNTHETIC,DESCENT,8.338,-0.013,5.171,0.079,-0.097,-3.741,100292.7,86.32,-5.00,,,,,,,,1,0,6D06
998,19.960000,SYNTHETIC,DESCENT,8.399,-0.059,5.193,0.125,0.117,-2.397,100292.4,86.34,-5.00,,,,,,,,1,0,13F7
999,19.980000,SYNTHETIC,DESCENT,8.415,-0.089,4.975,-0.106,0.125,-1.242,100292.8,86.31,-5.00,,,,,,,,1,0,0D1F
1000,20.000000,SYNTHETIC,DESCENT,8.506,-0.052,4.863,-0.026,-0.028,-0.157,100299.7,85.73,-5.05,,0.0001401,0.0002700,82.4,3,9,4.082,1,0,40E0
1001,20.020000,SYNTHETIC,DESCENT,8.634,0.016,4.752,-0.156,0.075,1.295,100295.0,86.13,-5.04,,,,,,,,1,0,0EEA
1002,20.040000,SYNTHETIC,DESCENT,8.492,0.071,4.714,0.070,0.085,2.423,100295.9,86.05,-5.03,,,,,,,,1,0,8F15
1003,20.060000,SYNTHETIC,DESCENT,8.589,0.082,4.567,-0.056,-0.077,3.711,100296.0,86.04,-5.00,,,,,,,,1,0,B174
1004,20.080000,SYNTHETIC,DESCENT,8.630,-0.009,4.441,0.080,0.093,5.069,100302.2,85.52,-5.03,,,,,,,,1,0,0CBD
1005,20.100000,SYNTHETIC,DESCENT,8.826,0.061,4.345,0.010,0.034,6.125,100301.0,85.62,-5.03,,,,,,,,1,0,3C81
1006,20.120000,SYNTHETIC,DESCENT,8.942,0.008,4.256,-0.021,-0.083,7.343,100302.1,85.53,-5.04,,,,,,,,1,0,5E06
1007,20.140000,SYNTHETIC,DESCENT,8.924,0.074,4.110,0.044,-0.033,8.622,100307.7,85.06,-5.08,,,,,,,,1,0,9C24
1008,20.160000,SYNTHETIC,DESCENT,8.925,-0.036,3.952,0.048,0.086,9.921,100303.8,85.39,-5.07,,,,,,,,1,0,D8A7
1009,20.180000,SYNTHETIC,DESCENT,9.000,0.059,3.908,0.177,-0.124,10.816,100305.4,85.25,-5.07,,,,,,,,1,0,134A
1010,20.200000,SYNTHETIC,DESCENT,9.057,0.061,3.808,-0.023,0.175,11.920,100308.1,85.03,-5.08,,,,,,,,1,0,D15A
1011,20.220000,SYNTHETIC,DESCENT,9.032,0.013,3.654,-0.016,-0.036,13.137,100311.2,84.77,-5.11,,,,,,,,1,0,8756
1012,20.240000,SYNTHETIC,DESCENT,9.094,-0.098,3.554,0.047,-0.076,14.257,100305.6,85.24,-5.07,,,,,,,,1,0,27D2
1013,20.260000,SYNTHETIC,DESCENT,9.097,0.020,3.463,-0.194,0.090,15.235,100314.0,84.53,-5.10,,,,,,,,1,0,3E67
1014,20.280000,SYNTHETIC,DESCENT,9.182,-0.014,3.332,0.028,-0.008,16.472,100315.3,84.42,-5.13,,,,,,,,1,0,C224
1015,20.300000,SYNTHETIC,DESCENT,9.253,0.003,3.334,-0.008,0.052,17.134,100313.1,84.61,-5.13,,,,,,,,1,0,3C6B
1016,20.320000,SYNTHETIC,DESCENT,9.398,0.072,3.297,0.105,0.015,17.980,100312.8,84.63,-5.11,,,,,,,,1,0,8EF1
1017,20.340000,SYNTHETIC,DESCENT,9.264,-0.116,3.201,0.016,-0.114,18.948,100313.9,84.54,-5.09,,,,,,,,1,0,4497
1018,20.360000,SYNTHETIC,DESCENT,9.377,0.058,3.093,0.198,-0.039,19.605,100318.7,84.14,-5.11,,,,,,,,1,0,CDF5
1019,20.380000,SYNTHETIC,DESCENT,9.427,0.104,3.002,0.008,-0.082,20.380,100314.9,84.46,-5.08,,,,,,,,1,0,03A2
1020,20.400000,SYNTHETIC,DESCENT,9.390,-0.014,2.913,0.077,-0.025,21.134,100317.0,84.28,-5.06,,,,,,,,1,0,3439
1021,20.420000,SYNTHETIC,DESCENT,9.390,-0.037,2.872,0.185,0.143,21.715,100321.0,83.94,-5.07,,,,,,,,1,0,3624
1022,20.440000,SYNTHETIC,DESCENT,9.422,0.009,2.876,0.052,0.059,22.263,100322.9,83.78,-5.08,,,,,,,,1,0,5F7E
1023,20.460000,SYNTHETIC,DESCENT,9.366,-0.004,2.735,-0.210,-0.049,23.041,100323.6,83.73,-5.09,,,,,,,,1,0,12DD
1024,20.480000,SYNTHETIC,DESCENT,9.388,-0.001,2.738,-0.016,0.080,23.249,100320.1,84.02,-5.05,,,,,,,,1,0,FE0B
1025,20.500000,SYNTHETIC,DESCENT,9.442,-0.086,2.612,0.209,-0.191,23.858,100323.1,83.77,-5.03,,,,,,,,1,0,CFCE
1026,20.520000,SYNTHETIC,DESCENT,9.540,0.068,2.636,0.028,0.033,24.352,100325.2,83.59,-5.02,,,,,,,,1,0,B1F3
1027,20.540000,SYNTHETIC,DESCENT,9.408,0.051,2.698,0.204,-0.040,24.444,100323.4,83.74,-4.98,,,,,,,,1,0,5E39
1028,20.560000,SYNTHETIC,DESCENT,9.604,-0.020,2.580,-0.001,0.170,24.680,100327.4,83.41,-4.98,,,,,,,,1,0,EE21
1029,20.580000,SYNTHETIC,DESCENT,9.418,-0.026,2.535,0.116,0.057,24.692,100332.3,83.00,-5.01,,,,,,,,1,0,CA87
1030,20.600000,SYNTHETIC,DESCENT,9.438,0.062,2.505,0.018,-0.053,24.941,100330.2,83.17,-5.00,,,,,,,,1,0,449A
1031,20.620000,SYNTHETIC,DESCENT,9.498,-0.056,2.546,-0.111,-0.072,24.978,100331.4,83.07,-5.00,,,,,,,,1,0,48B9
1032,20.640000,SYNTHETIC,DESCENT,9.562,-0.029,2.547,0.086,-0.042,25.023,100331.5,83.06,-4.98,,,,,,,,1,0,3372
1033,20.660000,SYNTHETIC,DESCENT,9.446,0.039,2.570,0.001,0.063,24.927,100336.6,82.64,-5.01,,,,,,,,1,0,FB72
1034,20.680000,SYNTHETIC,DESCENT,9.439,0.004,2.604,-0.001,-0.257,24.844,100335.0,82.77,-5.00,,,,,,,,1,0,1BE8
1035,20.700000,SYNTHETIC,DESCENT,9.485,0.032,2.625,-0.022,0.114,24.591,100334.3,82.83,-4.98,,,,,,,,1,0,FB1A
1036,20.720000,SYNTHETIC,DESCENT,9.543,-0.034,2.520,-0.097,0.037,24.144,100337.0,82.60,-4.97,,,,,,,,1,0,C365
1037,20.740000,SYNTHETIC,DESCENT,9.355,0.057,2.639,-0.105,-0.042,23.839,100344.6,81.96,-5.03,,,,,,,,1,0,5903
1038,20.760000,SYNTHETIC,DESCENT,9.487,-0.058,2.675,-0.064,-0.059,23.554,100343.4,82.06,-5.06,,,,,,,,1,0,35C8
1039,20.780000,SYNTHETIC,DESCENT,9.376,0.047,2.738,0.043,0.102,23.039,100340.9,82.27,-5.05,,,,,,,,1,0,94AC
1040,20.800000,SYNTHETIC,DESCENT,9.389,-0.010,2.732,-0.099,-0.049,22.728,100338.7,82.46,-5.01,,,,,,,,1,0,0FAE
1041,20.820000,SYNTHETIC,DESCENT,9.342,0.016,2.797,-0.003,-0.119,22.168,100346.3,81.82,-5.03,,,,,,,,1,0,95AE
1042,20.840000,SYNTHETIC,DESCENT,9.310,-0.027,2.864,-0.026,-0.042,21.567,100345.6,81.88,-5.04,,,,,,,,1,0,4433
1043,20.860000,SYNTHETIC,DESCENT,9.341,-0.031,2.954,-0.031,0.097,20.826,100343.8,82.03,-5.01,,,,,,,,1,0,F36E
1044,20.880000,SYNTHETIC,DESCENT,9.243,-0.013,3.037,-0.144,0.092,20.006,100351.3,81.40,-5.05,,,,,,,,1,0,854E
1045,20.900000,SYNTHETIC,DESCENT,9.297,0.043,3.104,-0.086,-0.036,19.371,100345.3,81.91,-5.01,,,,,,,,1,0,0C64
1046,20.920000,SYNTHETIC,DESCENT,9.195,-0.024,3.192,-0.029,-0.129,18.507,100348.4,81.65,-5.00,,,,,,,,1,0,8334
1047,20.940000,SYNTHETIC,DESCENT,9.239,-0.055,3.241,-0.171,-0.015,17.799,100350.0,81.51,-4.99,,,,,,,,1,0,8916
1048,20.960000,SYNTHETIC,DESCENT,9.166,-0.061,3.411,-0.086,-0.031,16.541,100350.2,81.49,-4.97,,,,,,,,1,0,83CB
1049,20.980000,SYNTHETIC,DESCENT,9.184,0.061,3.435,-0.145,-0.060,15.552,100350.6,81.46,-4.95,,,,,,,,1,0,FD4D
1050,21.000000,SYNTHETIC,DESCENT,9.097,0.061,3.501,0.002,-0.134,14.636,100353.8,81.19,-4.94,,0.0001495,0.0002702,80.5,3,9,4.083,1,0,1D97
1051,21.020000,SYNTHETIC,DESCENT,9.249,-0.048,3.699,-0.008,-0.050,13.635,100351.1,81.42,-4.90,,,,,,,,1,0,C437
1052,21.040000,SYNTHETIC,DESCENT,9.173,0.032,3.795,0.011,0.014,12.712,100355.4,81.06,-4.89,,,,,,,,1,0,3187
1053,21.060000,SYNTHETIC,DESCENT,8.995,-0.052,3.888,0.164,-0.167,11.539,100359.2,80.74,-4.91,,,,,,,,1,0,C555
1054,21.080000,SYNTHETIC,DESCENT,8.887,0.027,3.964,-0.120,0.047,10.227,100360.6,80.62,-4.93,,,,,,,,1,0,82E6
1055,21.100000,SYNTHETIC,DESCENT,8.939,-0.090,4.051,-0.146,0.072,9.101,100363.2,80.40,-4.96,,,,,,,,1,0,6A2A
1056,21.120000,SYNTHETIC,DESCENT,8.871,-0.028,4.101,-0.003,0.008,8.028,100359.5,80.71,-4.95,,,,,,,,1,0,F12F
1057,21.140000,SYNTHETIC,DESCENT,8.788,-0.030,4.307,-0.169,-0.115,6.992,100355.9,81.02,-4.88,,,,,,,,1,0,7F37
1058,21.160000,SYNTHETIC,DESCENT,8.798,-0.026,4.318,0.116,0.011,5.660,100362.4,80.47,-4.88,,,,,,,,1,0,14FF
1059,21.180000,SYNTHETIC,DESCENT,8.782,0.011,4.501,0.128,0.078,4.391,100366.9,80.09,-4.90,,,,,,,,1,0,C262
1060,21.200000,SYNTHETIC,DESCENT,8.675,-0.050,4.666,-0.045,-0.205,3.229,100365.3,80.23,-4.90,,,,,,,,1,0,9CD7
1061,21.220000,SYNTHETIC,DESCENT,8.652,-0.005,4.698,0.024,-0.008,1.962,100368.5,79.96,-4.92,,,,,,,,1,0,01ED
1062,21.240000,SYNTHETIC,DESCENT,8.616,-0.064,4.874,-0.086,0.086,0.798,100367.6,80.03,-4.91,,,,,,,,1,0,746D
1063,21.260000,SYNTHETIC,DESCENT,8.445,0.014,4.973,-0.127,0.030,-0.498,100369.8,79.85,-4.92,,,,,,,,1,0,853C
1064,21.280000,SYNTHETIC,DESCENT,8.447,0.002,5.146,-0.056,-0.019,-1.787,100369.3,79.89,-4.91,,,,,,,,1,0,3B85
1065,21.300000,SYNTHETIC,DESCENT,8.388,0.036,5.122,-0.131,0.186,-3.188,100371.7,79.69,-4.91,,,,,,,,1,0,518C
1066,21.320000,SYNTHETIC,DESCENT,8.347,-0.024,5.244,0.040,0.103,-4.347,100370.0,79.83,-4.89,,,,,,,,1,0,0CD8
1067,21.340000,SYNTHETIC,DESCENT,8.225,0.057,5.346,-0.072,0.101,-5.733,100374.7,79.44,-4.90,,,,,,,,1,0,7334
1068,21.360000,SYNTHETIC,DESCENT,8.205,-0.055,5.484,-0.190,-0.075,-6.877,100374.4,79.46,-4.89,,,,,,,,1,0,D0B2
1069,21.380000,SYNTHETIC,DESCENT,8.163,0.034,5.589,-0.039,0.079,-8.127,100377.2,79.23,-4.90,,,,,,,,1,0,AEDE
1070,21.400000,SYNTHETIC,DESCENT,7.955,0.027,5.641,0.093,0.123,-9.113,100380.4,78.96,-4.93,,,,,,,,1,0,0811
1071,21.420000,SYNTHETIC,DESCENT,7.851,0.024,5.811,-0.054,-0.102,-10.407,100385.0,78.58,-4.99,,,,,,,,1,0,5115
1072,21.440000,SYNTHETIC,DESCENT,7.855,-0.048,5.915,0.040,0.035,-11.486,100378.6,79.11,-4.98,,,,,,,,1,0,1FEF
1073,21.460000,SYNTHETIC,DESCENT,7.812,0.008,6.024,-0.058,0.145,-12.705,100386.0,78.49,-5.02,,,,,,,,1,0,C038
1074,21.480000,SYNTHETIC,DESCENT,7.676,-0.048,6.039,0.098,-0.116,-13.540,100385.8,78.51,-5.05,,,,,,,,1,0,5EFF
1075,21.500000,SYNTHETIC,DESCENT,7.601,-0.019,6.107,0.052,-0.097,-14.534,100378.5,79.12,-5.00,,,,,,,,1,0,6853
1076,21.520000,SYNTHETIC,DESCENT,7.582,-0.062,6.287,-0.059,0.146,-15.737,100382.0,78.83,-4.97,,,,,,,,1,0,C415
1077,21.540000,SYNTHETIC,DESCENT,7.559,0.000,6.218,0.051,0.087,-16.608,100384.7,78.60,-4.95,,,,,,,,1,0,16DB
1078,21.560000,SYNTHETIC,DESCENT,7.496,0.004,6.342,-0.041,0.160,-17.425,100382.6,78.78,-4.91,,,,,,,,1,0,D0B2
1079,21.580000,SYNTHETIC,DESCENT,7.430,0.017,6.343,0.187,-0.024,-18.575,100386.0,78.49,-4.89,,,,,,,,1,0,CAAC
1080,21.600000,SYNTHETIC,DESCENT,7.284,-0.065,6.420,0.067,0.073,-19.161,100393.5,77.86,-4.93,,,,,,,,1,0,A00E
1081,21.620000,SYNTHETIC,DESCENT,7.278,-0.128,6.580,-0.132,-0.070,-20.007,100388.7,78.26,-4.92,,,,,,,,1,0,3FE5
1082,21.640000,SYNTHETIC,DESCENT,7.275,0.041,6.712,-0.031,0.116,-20.818,100395.9,77.66,-4.96,,,,,,,,1,0,6798
1083,21.660000,SYNTHETIC,DESCENT,7.181,0.148,6.693,-0.171,0.002,-21.470,100386.8,78.42,-4.90,,,,,,,,1,0,DA85
1084,21.680000,SYNTHETIC,DESCENT,7.108,0.048,6.732,-0.069,-0.021,-22.138,100399.6,77.35,-4.95,,,,,,,,1,0,12B4
1085,21.700000,SYNTHETIC,DESCENT,7.184,-0.012,6.745,0.044,0.095,-22.525,100398.7,77.43,-4.99,,,,,,,,1,0,3AA0
1086,21.720000,SYNTHETIC,DESCENT,7.011,0.135,6.711,-0.045,-0.147,-23.029,100395.8,77.67,-4.98,,,,,,,,1,0,5079
1087,21.740000,SYNTHETIC,DESCENT,7.118,-0.084,6.768,0.114,0.069,-23.553,100397.9,77.49,-4.98,,,,,,,,1,0,700F
1088,21.760000,SYNTHETIC,DESCENT,6.923,0.046,6.806,-0.217,0.144,-23.996,100394.7,77.76,-4.94,,,,,,,,1,0,CE3F
1089,21.780000,SYNTHETIC,DESCENT,7.001,-0.016,6.834,-0.192,-0.060,-24.501,100399.0,77.40,-4.93,,,,,,,,1,0,33EE
1090,21.800000,SYNTHETIC,DESCENT,7.023,-0.018,6.993,0.011,-0.008,-24.629,100395.1,77.73,-4.87,,,,,,,,1,0,0649
1091,21.820000,SYNTHETIC,DESCENT,6.938,-0.048,6.996,-0.008,0.216,-24.770,100401.9,77.16,-4.87,,,,,,,,1,0,71A3
1092,21.840000,SYNTHETIC,DESCENT,7.005,0.021,6.961,0.082,0.024,-24.763,100407.7,76.67,-4.91,,,,,,,,1,0,2AD6
1093,21.860000,SYNTHETIC,DESCENT,6.896,-0.017,6.847,-0.045,0.005,-25.046,100407.3,76.71,-4.94,,,,,,,,1,0,7B36
1094,21.880000,SYNTHETIC,DESCENT,6.998,-0.101,6.916,0.103,-0.138,-25.018,100404.0,76.98,-4.92,,,,,,,,1,0,2564
1095,21.900000,SYNTHETIC,DESCENT,6.884,-0.073,6.933,0.005,0.066,-24.845,100412.9,76.24,-4.98,,,,,,,,1,0,F7DE
1096,21.920000,SYNTHETIC,DESCENT,6.918,-0.011,6.936,-0.044,-0.070,-24.883,100405.8,76.83,-4.96,,,,,,,,1,0,DF91
1097,21.940000,SYNTHETIC,DESCENT,7.011,-0.085,6.888,-0.081,-0.146,-24.658,100410.5,76.44,-4.97,,,,,,,,1,0,6EC2
1098,21.960000,SYNTHETIC,DESCENT,6.952,-0.006,6.834,-0.065,0.221,-24.383,100410.2,76.46,-4.96,,,,,,,,1,0,BB23
1099,21.980000,SYNTHETIC,DESCENT,7.065,0.017,6.929,-0.089,0.092,-23.940,100412.4,76.28,-4.97,,,,,,,,1,0,6AA7
1100,22.000000,SYNTHETIC,DESCENT,7.006,-0.007,6.836,-0.190,0.027,-23.863,100415.8,75.99,-4.99,,0.0001472,0.0002981,77.1,3,9,4.083,1,0,7879
1101,22.020000,SYNTHETIC,DESCENT,7.076,0.044,6.803,-0.116,-0.026,-23.175,100413.3,76.20,-4.98,,,,,,,,1,0,E8F1
1102,22.040000,SYNTHETIC,DESCENT,7.088,0.041,6.784,0.253,0.117,-22.880,100413.3,76.20,-4.96,,,,,,,,1,0,900D
1103,22.060000,SYNTHETIC,DESCENT,7.131,0.004,6.728,0.006,0.070,-22.399,100415.6,76.01,-4.95,,,,,,,,1,0,0ADA
1104,22.080000,SYNTHETIC,DESCENT,7.195,0.010,6.628,0.121,-0.029,-21.811,100422.5,75.43,-4.99,,,,,,,,1,0,4447
1105,22.100000,SYNTHETIC,DESCENT,7.233,0.072,6.583,-0.029,-0.096,-21.097,100417.3,75.87,-4.98,,,,,,,,1,0,66C5
1106,22.120000,SYNTHETIC,DESCENT,7.255,0.003,6.594,-0.086,0.042,-20.580,100415.0,76.06,-4.92,,,,,,,,1,0,DD01
1107,22.140000,SYNTHETIC,DESCENT,7.245,0.096,6.557,0.154,-0.033,-19.560,100421.3,75.53,-4.93,,,,,,,,1,0,A654
1108,22.160000,SYNTHETIC,DESCENT,7.377,-0.008,6.474,0.038,0.059,-18.884,100421.5,75.51,-4.92,,,,,,,,1,0,2DF0
1109,22.180000,SYNTHETIC,DESCENT,7.311,-0.078,6.324,-0.051,-0.001,-17.929,100433.7,74.49,-5.02,,,,,,,,1,0,F41F
1110,22.200000,SYNTHETIC,DESCENT,7.391,-0.105,6.339,-0.055,-0.041,-17.024,100424.6,75.25,-5.01,,,,,,,,1,0,5E7B
1111,22.220000,SYNTHETIC,DESCENT,7.546,-0.052,6.297,0.077,-0.041,-16.088,100430.8,74.73,-5.05,,,,,,,,1,0,C5BC
1112,22.240000,SYNTHETIC,DESCENT,7.539,-0.073,6.244,-0.014,0.058,-15.205,100427.9,74.98,-5.05,,,,,,,,1,0,AA36
1113,22.260000,SYNTHETIC,DESCENT,7.684,0.008,6.115,-0.090,0.191,-13.918,100429.0,74.89,-5.05,,,,,,,,1,0,11DD
1114,22.280000,SYNTHETIC,DESCENT,7.743,-0.063,5.943,0.065,-0.011,-13.126,100424.7,75.25,-5.00,,,,,,,,1,0,70E4
1115,22.300000,SYNTHETIC,DESCENT,7.739,-0.047,5.913,-0.034,0.135,-11.996,100427.0,75.05,-4.96,,,,,,,,1,0,5E21
1116,22.320000,SYNTHETIC,DESCENT,7.849,-0.001,5.900,0.100,0.129,-10.869,100432.4,74.60,-4.96,,,,,,,,1,0,AC13
1117,22.340000,SYNTHETIC,DESCENT,8.053,-0.005,5.742,-0.069,-0.001,-9.916,100431.9,74.64,-4.95,,,,,,,,1,0,60AE
1118,22.360000,SYNTHETIC,DESCENT,7.983,-0.010,5.679,0.250,-0.046,-8.619,100434.1,74.46,-4.94,,,,,,,,1,0,7DBD
1119,22.380000,SYNTHETIC,DESCENT,8.098,0.106,5.414,0.001,0.147,-7.337,100430.8,74.73,-4.90,,,,,,,,1,0,F950
1120,22.400000,SYNTHETIC,DESCENT,8.085,-0.009,5.375,0.066,0.188,-6.278,100438.7,74.07,-4.92,,,,,,,,1,0,8A6A
1121,22.420000,SYNTHETIC,DESCENT,8.231,-0.097,5.355,-0.036,0.012,-4.880,100438.4,74.10,-4.93,,,,,,,,1,0,E55D
1122,22.440000,SYNTHETIC,DESCENT,8.246,0.012,5.323,0.129,0.042,-3.585,100439.6,74.00,-4.93,,,,,,,,1,0,C008
1123,22.460000,SYNTHETIC,DESCENT,8.443,-0.076,5.132,-0.047,-0.184,-2.410,100439.4,74.01,-4.93,,,,,,,,1,0,0663
1124,22.480000,SYNTHETIC,DESCENT,8.357,-0.032,4.920,0.177,-0.225,-1.390,100447.8,73.31,-4.99,,,,,,,,1,0,0590
1125,22.500000,SYNTHETIC,DESCENT,8.479,0.061,4.981,0.007,-0.160,-0.113,100448.4,73.26,-5.04,,,,,,,,1,0,52E2
1126,22.520000,SYNTHETIC,DESCENT,8.604,-0.025,4.752,0.109,-0.144,1.150,100446.6,73.41,-5.06,,,,,,,,1,0,CC6B
1127,22.540000,SYNTHETIC,DESCENT,8.647,0.001,4.718,-0.111,0.136,2.483,100440.3,73.94,-5.01,,,,,,,,1,0,F7C3
1128,22.560000,SYNTHETIC,DESCENT,8.624,-0.107,4.477,-0.012,-0.239,3.624,100445.1,73.54,-4.99,,,,,,,,1,0,2091
1129,22.580000,SYNTHETIC,DESCENT,8.749,-0.019,4.500,0.053,0.038,4.898,100450.5,73.08,-5.02,,,,,,,,1,0,F44D
1130,22.600000,SYNTHETIC,DESCENT,8.772,0.062,4.356,0.088,0.123,6.137,100445.0,73.54,-4.98,,,,,,,,1,0,57A4
1131,22.620000,SYNTHETIC,DESCENT,8.887,0.012,4.111,0.036,-0.038,7.369,100454.2,72.77,-5.02,,,,,,,,1,0,6AA9
1132,22.640000,SYNTHETIC,DESCENT,8.942,-0.006,4.118,-0.131,0.141,8.589,100453.6,72.82,-5.04,,,,,,,,1,0,5DE6
1133,22.660000,SYNTHETIC,DESCENT,8.962,-0.045,3.978,0.100,0.142,9.649,100447.3,73.35,-4.99,,,,,,,,1,0,886E
1134,22.680000,SYNTHETIC,DESCENT,8.971,0.052,3.853,0.091,0.126,10.861,100457.1,72.53,-5.02,,,,,,,,1,0,C72D
1135,22.700000,SYNTHETIC,DESCENT,9.107,-0.057,3.774,-0.089,0.189,11.926,100447.9,73.30,-4.95,,,,,,,,1,0,95FA
1136,22.720000,SYNTHETIC,DESCENT,9.104,0.031,3.739,-0.064,0.020,13.084,100459.3,72.35,-4.99,,,,,,,,1,0,EC1B
1137,22.740000,SYNTHETIC,DESCENT,9.112,-0.028,3.658,0.066,-0.138,14.298,100455.3,72.68,-4.97,,,,,,,,1,0,279B
1138,22.760000,SYNTHETIC,DESCENT,9.157,0.031,3.526,-0.084,0.026,15.339,100457.8,72.47,-4.96,,,,,,,,1,0,C503
1139,22.780000,SYNTHETIC,DESCENT,9.158,0.061,3.311,0.034,-0.037,16.074,100456.2,72.61,-4.93,,,,,,,,1,0,F5DB
1140,22.800000,SYNTHETIC,DESCENT,9.210,-0.018,3.294,-0.107,-0.019,17.173,100463.7,71.98,-4.96,,,,,,,,1,0,1339
1141,22.820000,SYNTHETIC,DESCENT,9.184,0.023,3.117,0.032,-0.131,17.970,100459.4,72.34,-4.94,,,,,,,,1,0,B398
1142,22.840000,SYNTHETIC,DESCENT,9.268,-0.033,3.192,0.115,-0.131,18.778,100470.7,71.39,-5.02,,,,,,,,1,0,0631
1143,22.860000,SYNTHETIC,DESCENT,9.289,0.040,3.060,0.024,-0.031,19.557,100463.5,71.99,-5.01,,,,,,,,1,0,9FA6
1144,22.880000,SYNTHETIC,DESCENT,9.251,-0.103,2.908,-0.130,0.094,20.535,100467.2,71.68,-5.02,,,,,,,,1,0,961A
1145,22.900000,SYNTHETIC,DESCENT,9.450,0.056,3.051,0.155,0.048,21.129,100464.2,71.93,-4.99,,,,,,,,1,0,71E8
1146,22.920000,SYNTHETIC,DESCENT,9.400,0.089,2.879,-0.056,-0.140,21.864,100468.4,71.58,-5.00,,,,,,,,1,0,8157
1147,22.940000,SYNTHETIC,DESCENT,9.407,0.044,2.764,-0.055,0.085,22.380,100465.8,71.80,-4.97,,,,,,,,1,0,BA0C
1148,22.960000,SYNTHETIC,DESCENT,9.376,0.048,2.832,0.117,0.009,22.834,100470.4,71.41,-4.97,,,,,,,,1,0,2805
1149,22.980000,SYNTHETIC,DESCENT,9.440,-0.032,2.704,-0.053,-0.199,23.286,100470.5,71.41,-4.96,,,,,,,,1,0,25CF
1150,23.000000,SYNTHETIC,DESCENT,9.495,0.026,2.644,-0.131,0.062,23.855,100475.9,70.95,-4.99,,0.0001709,0.0003047,69.1,3,9,4.080,1,0,1EDD
1151,23.020000,SYNTHETIC,DESCENT,9.430,-0.008,2.568,0.020,0.028,24.082,100474.9,71.04,-5.00,,,,,,,,1,0,C0D4
1152,23.040000,SYNTHETIC,DESCENT,9.422,-0.067,2.626,-0.033,-0.142,24.086,100471.8,71.30,-4.97,,,,,,,,1,0,4192
1153,23.060000,SYNTHETIC,DESCENT,9.471,0.083,2.662,0.054,0.085,24.645,100473.6,71.15,-4.95,,,,,,,,1,0,1004
1154,23.080000,SYNTHETIC,DESCENT,9.512,-0.037,2.518,0.021,-0.099,24.876,100481.4,70.49,-4.99,,,,,,,,1,0,98AE
1155,23.100000,SYNTHETIC,DESCENT,9.523,0.012,2.633,0.006,0.053,24.963,100475.5,70.99,-4.96,,,,,,,,1,0,DF62
1156,23.120000,SYNTHETIC,DESCENT,9.396,-0.055,2.582,0.098,0.018,24.931,100483.0,70.36,-4.99,,,,,,,,1,0,4187
1157,23.140000,SYNTHETIC,DESCENT,9.467,-0.036,2.547,-0.039,0.087,24.899,100481.2,70.51,-4.99,,,,,,,,1,0,C9DC
1158,23.160000,SYNTHETIC,DESCENT,9.474,-0.018,2.520,0.153,-0.040,24.828,100489.5,69.81,-5.06,,,,,,,,1,0,221F
1159,23.180000,SYNTHETIC,DESCENT,9.495,-0.051,2.552,-0.033,-0.005,24.680,100481.4,70.49,-5.04,,,,,,,,1,0,DE5B
1160,23.200000,SYNTHETIC,DESCENT,9.473,0.009,2.626,-0.026,-0.232,24.491,100487.8,69.96,-5.07,,,,,,,,1,0,7D47
1161,23.220000,SYNTHETIC,DESCENT,9.474,0.046,2.620,0.173,-0.024,24.221,100487.3,70.00,-5.08,,,,,,,,1,0,CE23
1162,23.240000,SYNTHETIC,DESCENT,9.465,0.030,2.562,-0.139,-0.064,23.916,100481.0,70.53,-5.01,,,,,,,,1,0,6328
1163,23.260000,SYNTHETIC,DESCENT,9.430,-0.037,2.620,-0.013,0.045,23.514,100492.7,69.55,-5.05,,,,,,,,1,0,E9C2
1164,23.280000,SYNTHETIC,DESCENT,9.476,0.066,2.801,-0.081,0.020,23.120,100495.5,69.31,-5.11,,,,,,,,1,0,62A0
1165,23.300000,SYNTHETIC,DESCENT,9.450,-0.027,2.824,-0.113,-0.079,22.770,100493.6,69.47,-5.13,,,,,,,,1,0,4F18
1166,23.320000,SYNTHETIC,DESCENT,9.484,0.018,2.804,0.073,-0.006,22.131,100490.6,69.72,-5.11,,,,,,,,1,0,E954
1167,23.340000,SYNTHETIC,DESCENT,9.432,0.054,2.907,0.121,-0.013,21.353,100492.2,69.59,-5.09,,,,,,,,1,0,26F0
1168,23.360000,SYNTHETIC,DESCENT,9.404,0.045,2.934,-0.124,0.024,20.782,100494.8,69.37,-5.09,,,,,,,,1,0,0246
1169,23.380000,SYNTHETIC,DESCENT,9.312,0.005,3.004,-0.010,-0.083,20.003,100496.5,69.23,-5.09,,,,,,,,1,0,E6F1
1170,23.400000,SYNTHETIC,DESCENT,9.346,0.095,3.155,-0.293,0.084,19.057,100492.8,69.54,-5.05,,,,,,,,1,0,F468
1171,23.420000,SYNTHETIC,DESCENT,9.241,-0.032,3.156,0.099,-0.145,18.347,100499.0,69.02,-5.05,,,,,,,,1,0,54AE
1172,23.440000,SYNTHETIC,DESCENT,9.186,0.041,3.274,-0.019,0.062,17.509,100493.7,69.46,-5.00,,,,,,,,1,0,A589
1173,23.460000,SYNTHETIC,DESCENT,9.193,0.036,3.376,0.027,-0.048,16.706,100497.2,69.17,-4.97,,,,,,,,1,0,BDF5
1174,23.480000,SYNTHETIC,DESCENT,9.277,0.051,3.442,0.098,-0.082,15.839,100504.5,68.56,-5.00,,,,,,,,1,0,AD03
1175,23.500000,SYNTHETIC,DESCENT,9.184,0.011,3.499,-0.073,-0.007,14.735,100506.7,68.37,-5.03,,,,,,,,1,0,4D8E
1176,23.520000,SYNTHETIC,DESCENT,9.057,-0.013,3.608,-0.131,-0.029,13.597,100503.8,68.62,-5.03,,,,,,,,1,0,F044
1177,23.540000,SYNTHETIC,DESCENT,9.089,-0.012,3.843,-0.160,0.174,12.642,100499.4,68.98,-4.97,,,,,,,,1,0,EFB1
1178,23.560000,SYNTHETIC,DESCENT,9.055,0.006,3.877,0.024,-0.037,11.486,100512.2,67.91,-5.03,,,,,,,,1,0,5624
1179,23.580000,SYNTHETIC,DESCENT,8.926,-0.039,3.911,-0.186,-0.227,10.358,100511.9,67.94,-5.07,,,,,,,,1,0,3E90
1180,23.600000,SYNTHETIC,DESCENT,8.906,-0.077,4.115,-0.015,-0.164,9.175,100510.8,68.03,-5.09,,,,,,,,1,0,B951
1181,23.620000,SYNTHETIC,DESCENT,8.937,-0.130,4.068,0.041,-0.085,8.044,100514.9,67.69,-5.13,,,,,,,,1,0,6A07
1182,23.640000,SYNTHETIC,DESCENT,8.826,0.071,4.304,-0.075,0.051,6.839,100511.1,68.00,-5.12,,,,,,,,1,0,C547
1183,23.660000,SYNTHETIC,DESCENT,8.761,-0.087,4.328,-0.099,0.078,5.640,100511.2,68.00,-5.10,,,,,,,,1,0,1DE4
1184,23.680000,SYNTHETIC,DESCENT,8.722,-0.095,4.504,-0.077,-0.287,4.380,100518.7,67.37,-5.14,,,,,,,,1,0,89FD
1185,23.700000,SYNTHETIC,DESCENT,8.650,0.088,4.667,0.047,0.023,3.012,100512.1,67.92,-5.10,,,,,,,,1,0,DA17
1186,23.720000,SYNTHETIC,DESCENT,8.659,0.010,4.759,-0.161,-0.150,1.860,100515.9,67.60,-5.09,,,,,,,,1,0,0045
1187,23.740000,SYNTHETIC,DESCENT,8.571,0.081,4.846,-0.092,0.032,0.673,100514.8,67.69,-5.06,,,,,,,,1,0,7EE2
1188,23.760000,SYNTHETIC,DESCENT,8.433,-0.014,5.023,0.015,-0.119,-0.556,100519.5,67.30,-5.07,,,,,,,,1,0,B26D
1189,23.780000,SYNTHETIC,DESCENT,8.415,-0.020,5.146,0.250,-0.178,-2.091,100523.5,66.97,-5.10,,,,,,,,1,0,4305
1190,23.800000,SYNTHETIC,DESCENT,8.390,0.064,5.178,-0.013,0.010,-3.196,100518.9,67.35,-5.07,,,,,,,,1,0,FB1A
1191,23.820000,SYNTHETIC,DESCENT,8.232,-0.034,5.283,0.129,0.077,-4.386,100523.9,66.93,-5.09,,,,,,,,1,0,D944
1192,23.840000,SYNTHETIC,DESCENT,8.172,-0.032,5.408,-0.054,-0.073,-5.479,100518.8,67.36,-5.04,,,,,,,,1,0,9E4A
1193,23.860000,SYNTHETIC,DESCENT,8.144,-0.011,5.482,0.003,0.079,-6.772,100527.5,66.63,-5.06,,,,,,,,1,0,A155
1194,23.880000,SYNTHETIC,DESCENT,8.090,0.059,5.627,0.047,-0.081,-8.169,100527.9,66.60,-5.08,,,,,,,,1,0,40CE
1195,23.900000,SYNTHETIC,DESCENT,7.972,0.021,5.678,0.028,-0.226,-9.201,100523.3,66.98,-5.04,,,,,,,,1,0,814A
1196,23.920000,SYNTHETIC,DESCENT,7.943,0.057,5.815,0.182,-0.071,-10.349,100525.5,66.80,-5.01,,,,,,,,1,0,C389
1197,23.940000,SYNTHETIC,DESCENT,7.913,0.097,5.943,-0.133,0.115,-11.564,100536.0,65.92,-5.07,,,,,,,,1,0,B8CD
1198,23.960000,SYNTHETIC,DESCENT,7.806,0.056,6.081,0.036,-0.067,-12.619,100530.1,66.41,-5.06,,,,,,,,1,0,066E
1199,23.980000,SYNTHETIC,DESCENT,7.685,0.082,6.068,-0.143,0.022,-13.657,100530.4,66.39,-5.04,,,,,,,,1,0,63E0
1200,24.000000,SYNTHETIC,DESCENT,7.653,-0.042,6.191,0.015,0.237,-14.500,100533.9,66.09,-5.05,,0.0001713,0.0003313,66.9,3,9,4.079,1,0,32E9
1201,24.020000,SYNTHETIC,DESCENT,7.567,-0.051,6.258,0.128,0.050,-15.682,100544.6,65.20,-5.15,,,,,,,,1,0,398F
1202,24.040000,SYNTHETIC,DESCENT,7.479,-0.087,6.368,-0.111,0.045,-16.694,100529.3,66.48,-5.08,,,,,,,,1,0,5E0D
1203,24.060000,SYNTHETIC,DESCENT,7.478,0.049,6.439,-0.136,0.243,-17.556,100538.1,65.74,-5.09,,,,,,,,1,0,CAF8
1204,24.080000,SYNTHETIC,DESCENT,7.428,-0.041,6.378,0.048,-0.039,-18.483,100539.2,65.65,-5.09,,,,,,,,1,0,0C43
1205,24.100000,SYNTHETIC,DESCENT,7.270,0.093,6.431,0.269,-0.048,-19.306,100539.7,65.61,-5.09,,,,,,,,1,0,AFC5
1206,24.120000,SYNTHETIC,DESCENT,7.276,0.008,6.681,-0.148,0.113,-20.046,100546.4,65.05,-5.15,,,,,,,,1,0,830D
1207,24.140000,SYNTHETIC,DESCENT,7.199,0.105,6.611,0.019,-0.079,-20.718,100539.5,65.62,-5.12,,,,,,,,1,0,76A9
1208,24.160000,SYNTHETIC,DESCENT,7.127,-0.016,6.707,0.015,0.042,-21.381,100543.1,65.32,-5.11,,,,,,,,1,0,EF6C
1209,24.180000,SYNTHETIC,DESCENT,7.270,-0.082,6.652,0.083,0.215,-22.065,100544.1,65.24,-5.10,,,,,,,,1,0,92C5
1210,24.200000,SYNTHETIC,DESCENT,7.102,0.067,6.728,-0.006,-0.110,-22.500,100539.6,65.62,-5.04,,,,,,,,1,0,D8D6
1211,24.220000,SYNTHETIC,DESCENT,7.094,-0.122,6.802,-0.227,-0.006,-23.333,100549.4,64.80,-5.07,,,,,,,,1,0,7AF4
1212,24.240000,SYNTHETIC,DESCENT,7.004,-0.085,6.832,-0.272,0.282,-23.667,100544.8,65.18,-5.04,,,,,,,,1,0,886D
1213,24.260000,SYNTHETIC,DESCENT,6.980,-0.038,6.944,-0.066,0.029,-23.787,100547.0,65.00,-5.02,,,,,,,,1,0,B1F3
1214,24.280000,SYNTHETIC,DESCENT,7.043,-0.037,6.880,0.052,-0.091,-24.282,100552.2,64.56,-5.04,,,,,,,,1,0,BF0E
1215,24.300000,SYNTHETIC,DESCENT,6.904,-0.062,6.956,0.081,0.048,-24.458,100552.7,64.52,-5.05,,,,,,,,1,0,F532
1216,24.320000,SYNTHETIC,DESCENT,7.022,-0.020,6.934,-0.010,0.132,-24.691,100557.3,64.13,-5.09,,,,,,,,1,0,862A
1217,24.340000,SYNTHETIC,DESCENT,6.953,-0.012,6.939,-0.019,-0.015,-24.959,100551.7,64.60,-5.07,,,,,,,,1,0,962C
1218,24.360000,SYNTHETIC,DESCENT,6.870,0.063,6.834,0.089,0.001,-25.128,100555.8,64.26,-5.07,,,,,,,,1,0,6093
1219,24.380000,SYNTHETIC,DESCENT,6.889,0.019,6.856,-0.016,-0.161,-25.062,100556.5,64.20,-5.07,,,,,,,,1,0,E3B0
1220,24.400000,SYNTHETIC,DESCENT,6.921,0.046,6.931,-0.058,-0.023,-25.019,100556.9,64.17,-5.06,,,,,,,,1,0,D7E9
1221,24.420000,SYNTHETIC,DESCENT,6.968,0.052,6.961,0.133,0.037,-24.817,100559.9,63.92,-5.07,,,,,,,,1,0,ED5F
1222,24.440000,SYNTHETIC,DESCENT,6.923,0.017,6.869,-0.015,0.072,-24.658,100556.6,64.19,-5.04,,,,,,,,1,0,8C3C
1223,24.460000,SYNTHETIC,DESCENT,7.054,-0.010,6.956,-0.105,-0.033,-24.532,100555.8,64.26,-4.99,,,,,,,,1,0,E9A3
1224,24.480000,SYNTHETIC,DESCENT,7.023,-0.050,6.860,0.130,-0.111,-24.067,100564.1,63.56,-5.01,,,,,,,,1,0,8B46
1225,24.500000,SYNTHETIC,DESCENT,6.990,0.030,6.797,-0.041,0.156,-23.965,100555.5,64.28,-4.93,,,,,,,,1,0,64DE
1226,24.520000,SYNTHETIC,DESCENT,7.139,-0.077,6.788,-0.003,0.101,-23.433,100561.7,63.77,-4.91,,,,,,,,1,0,DF05
1227,24.540000,SYNTHETIC,DESCENT,7.155,-0.036,6.783,-0.074,0.004,-22.968,100559.6,63.94,-4.86,,,,,,,,1,0,E35D
1228,24.560000,SYNTHETIC,DESCENT,7.099,0.013,6.755,0.020,0.003,-22.324,100566.1,63.40,-4.86,,,,,,,,1,0,1B27
1229,24.580000,SYNTHETIC,DESCENT,7.172,-0.055,6.707,-0.065,0.020,-21.950,100566.6,63.36,-4.85,,,,,,,,1,0,5A0B
1230,24.600000,SYNTHETIC,DESCENT,7.293,-0.058,6.641,-0.046,0.041,-21.117,100568.9,63.16,-4.86,,,,,,,,1,0,0472
1231,24.620000,SYNTHETIC,DESCENT,7.252,-0.082,6.586,0.093,-0.125,-20.478,100577.4,62.45,-4.94,,,,,,,,1,0,66E5
1232,24.640000,SYNTHETIC,DESCENT,7.351,-0.012,6.531,0.014,0.099,-19.684,100573.7,62.76,-4.97,,,,,,,,1,0,E127
1233,24.660000,SYNTHETIC,DESCENT,7.396,0.128,6.404,-0.118,0.123,-18.913,100570.1,63.06,-4.94,,,,,,,,1,0,2209
1234,24.680000,SYNTHETIC,DESCENT,7.391,0.016,6.355,0.018,-0.114,-18.242,100576.8,62.50,-4.98,,,,,,,,1,0,6EA7
1235,24.700000,SYNTHETIC,DESCENT,7.469,-0.041,6.240,0.026,0.128,-17.120,100574.1,62.73,-4.97,,,,,,,,1,0,4EAC
1236,24.720000,SYNTHETIC,DESCENT,7.531,-0.114,6.287,-0.089,0.013,-16.049,100583.7,61.92,-5.04,,,,,,,,1,0,6F45
1237,24.740000,SYNTHETIC,DESCENT,7.645,0.042,6.210,-0.086,-0.047,-15.050,100575.3,62.63,-5.02,,,,,,,,1,0,0F06
1238,24.760000,SYNTHETIC,DESCENT,7.575,0.011,6.137,0.137,-0.079,-14.021,100580.6,62.18,-5.04,,,,,,,,1,0,A4AE
1239,24.780000,SYNTHETIC,DESCENT,7.704,0.025,5.963,-0.029,0.078,-13.179,100578.2,62.38,-5.02,,,,,,,,1,0,14AF
1240,24.800000,SYNTHETIC,DESCENT,7.805,-0.001,5.963,0.002,-0.186,-12.071,100581.1,62.14,-5.02,,,,,,,,1,0,3793
1241,24.820000,SYNTHETIC,DESCENT,7.833,0.038,5.860,-0.122,0.002,-10.859,100582.6,62.02,-5.02,,,,,,,,1,0,7F03
1242,24.840000,SYNTHETIC,DESCENT,7.977,-0.065,5.818,0.020,0.086,-9.692,100582.2,62.05,-5.01,,,,,,,,1,0,1CFB
1243,24.860000,SYNTHETIC,DESCENT,8.079,-0.034,5.645,-0.096,0.133,-8.557,100587.1,61.64,-5.03,,,,,,,,1,0,904E
1244,24.880000,SYNTHETIC,DESCENT,8.083,0.001,5.464,0.109,0.030,-7.328,100583.0,61.98,-5.00,,,,,,,,1,0,92E3
1245,24.900000,SYNTHETIC,DESCENT,8.087,-0.035,5.496,-0.006,0.060,-6.085,100582.5,62.02,-4.96,,,,,,,,1,0,177F
1246,24.920000,SYNTHETIC,DESCENT,8.242,-0.096,5.286,-0.055,-0.185,-4.961,100585.5,61.77,-4.94,,,,,,,,1,0,8774
1247,24.940000,SYNTHETIC,DESCENT,8.284,-0.048,5.289,0.056,0.067,-3.905,100584.6,61.85,-4.89,,,,,,,,1,0,ABEF
1248,24.960000,SYNTHETIC,DESCENT,8.414,-0.065,5.167,-0.061,0.053,-2.693,100593.0,61.14,-4.93,,,,,,,,1,0,F7F8
1249,24.980000,SYNTHETIC,DESCENT,8.415,-0.052,5.011,0.058,-0.082,-1.126,100594.0,61.06,-4.95,,,,,,,,1,0,01A3
1250,25.000000,SYNTHETIC,DESCENT,8.530,0.069,4.942,-0.042,-0.160,0.226,100593.6,61.09,-4.96,22.20,0.0001816,0.0003714,56.4,3,9,4.078,1,0,561F
1251,25.020000,SYNTHETIC,DESCENT,8.560,-0.054,4.830,0.206,-0.267,1.335,100592.4,61.19,-4.95,,,,,,,,1,0,2F86
1252,25.040000,SYNTHETIC,DESCENT,8.646,-0.043,4.761,-0.067,-0.016,2.578,100594.5,61.02,-4.94,,,,,,,,1,0,3591
1253,25.060000,SYNTHETIC,DESCENT,8.844,0.032,4.580,-0.177,0.043,3.761,100596.5,60.85,-4.95,,,,,,,,1,0,3FF6
1254,25.080000,SYNTHETIC,DESCENT,8.756,0.004,4.485,0.232,0.068,5.022,100598.1,60.72,-4.96,,,,,,,,1,0,98CF
1255,25.100000,SYNTHETIC,DESCENT,8.827,0.048,4.348,0.013,-0.057,6.132,100597.7,60.75,-4.95,,,,,,,,1,0,DD13
1256,25.120000,SYNTHETIC,DESCENT,8.740,-0.048,4.249,0.223,0.044,7.499,100597.3,60.78,-4.93,,,,,,,,1,0,5EF5
1257,25.140000,SYNTHETIC,DESCENT,8.906,-0.025,4.122,0.013,-0.222,8.534,100600.2,60.54,-4.92,,,,,,,,1,0,E0B6
1258,25.160000,SYNTHETIC,DESCENT,8.962,0.063,3.946,-0.007,0.069,9.835,100598.5,60.68,-4.89,,,,,,,,1,0,D8C6
1259,25.180000,SYNTHETIC,DESCENT,8.983,0.005,3.893,-0.025,0.090,10.979,100599.1,60.63,-4.85,,,,,,,,1,0,4657
1260,25.200000,SYNTHETIC,DESCENT,8.951,0.110,3.774,-0.109,0.127,12.169,100598.2,60.71,-4.80,,,,,,,,1,0,882B
1261,25.220000,SYNTHETIC,DESCENT,9.090,0.083,3.678,0.206,-0.022,13.161,100599.3,60.62,-4.75,,,,,,,,1,0,01FD
1262,25.240000,SYNTHETIC,DESCENT,9.143,0.008,3.626,-0.080,0.083,14.263,100610.0,59.72,-4.80,,,,,,,,1,0,D1D8
1263,25.260000,SYNTHETIC,DESCENT,9.137,0.109,3.554,-0.030,-0.004,15.210,100607.9,59.90,-4.81,,,,,,,,1,0,1DD2
1264,25.280000,SYNTHETIC,DESCENT,9.168,0.068,3.446,0.026,-0.046,16.245,100608.1,59.88,-4.81,,,,,,,,1,0,3698
1265,25.300000,SYNTHETIC,DESCENT,9.207,-0.047,3.215,0.068,0.140,17.209,100604.6,60.17,-4.77,,,,,,,,1,0,C896
1266,25.320000,SYNTHETIC,DESCENT,9.190,-0.011,3.211,0.084,-0.114,18.029,100610.2,59.70,-4.77,,,,,,,,1,0,CC84
1267,25.340000,SYNTHETIC,DESCENT,9.276,-0.034,3.092,0.117,0.056,18.879,100613.2,59.45,-4.79,,,,,,,,1,0,5D7E
1268,25.360000,SYNTHETIC,DESCENT,9.389,0.110,3.040,-0.030,0.132,19.610,100613.8,59.40,-4.80,,,,,,,,1,0,2849
1269,25.380000,SYNTHETIC,DESCENT,9.437,0.026,2.920,-0.171,-0.097,20.478,100620.1,58.88,-4.87,,,,,,,,1,0,0103
1270,25.400000,SYNTHETIC,DESCENT,9.374,0.081,2.960,0.175,-0.055,21.036,100616.2,59.20,-4.88,,,,,,,,1,0,201C
1271,25.420000,SYNTHETIC,DESCENT,9.356,0.025,2.926,-0.080,0.057,21.918,100616.5,59.18,-4.88,,,,,,,,1,0,A3F6
1272,25.440000,SYNTHETIC,DESCENT,9.353,-0.027,2.742,0.055,0.078,22.354,100619.3,58.94,-4.89,,,,,,,,1,0,4483
1273,25.460000,SYNTHETIC,DESCENT,9.425,0.008,2.682,-0.355,0.016,22.774,100626.2,58.36,-4.96,,,,,,,,1,0,6255
1274,25.480000,SYNTHETIC,DESCENT,9.456,0.029,2.806,-0.104,-0.068,23.556,100620.6,58.83,-4.97,,,,,,,,1,0,5F2E
1275,25.500000,SYNTHETIC,DESCENT,9.413,-0.045,2.624,-0.010,0.011,23.572,100621.0,58.80,-4.96,,,,,,,,1,0,A64A
1276,25.520000,SYNTHETIC,DESCENT,9.340,-0.041,2.529,-0.208,0.010,24.234,100622.1,58.71,-4.95,,,,,,,,1,0,80E3
1277,25.540000,SYNTHETIC,DESCENT,9.500,0.033,2.639,-0.072,0.102,24.267,100627.8,58.23,-4.99,,,,,,,,1,0,5FD5
1278,25.560000,SYNTHETIC,DESCENT,9.455,-0.011,2.543,-0.002,0.188,24.825,100622.7,58.66,-4.96,,,,,,,,1,0,601F
1279,25.580000,SYNTHETIC,DESCENT,9.474,-0.093,2.603,0.010,0.001,24.797,100627.0,58.30,-4.96,,,,,,,,1,0,7F00
1280,25.600000,SYNTHETIC,DESCENT,9.443,-0.038,2.542,0.009,0.009,25.020,100629.1,58.12,-4.98,,,,,,,,1,0,C389
1281,25.620000,SYNTHETIC,DESCENT,9.514,0.044,2.562,0.045,0.002,24.844,100631.0,57.96,-5.00,,,,,,,,1,0,60B9
1282,25.640000,SYNTHETIC,DESCENT,9.478,-0.041,2.466,-0.072,0.001,24.982,100630.0,58.05,-5.00,,,,,,,,1,0,DC2D
1283,25.660000,SYNTHETIC,DESCENT,9.497,0.137,2.501,0.087,-0.143,25.034,100638.9,57.30,-5.07,,,,,,,,1,0,27F8
1284,25.680000,SYNTHETIC,DESCENT,9.496,-0.049,2.639,0.103,-0.051,24.635,100630.8,57.98,-5.04,,,,,,,,1,0,8F17
1285,25.700000,SYNTHETIC,DESCENT,9.460,0.071,2.616,-0.043,-0.057,24.636,100632.3,57.85,-5.03,,,,,,,,1,0,B55C
1286,25.720000,SYNTHETIC,DESCENT,9.422,-0.010,2.640,-0.188,0.098,24.405,100637.0,57.46,-5.04,,,,,,,,1,0,C828
1287,25.740000,SYNTHETIC,DESCENT,9.443,0.020,2.616,-0.015,0.075,23.970,100638.1,57.37,-5.06,,,,,,,,1,0,B0A7
1288,25.760000,SYNTHETIC,DESCENT,9.433,-0.080,2.612,-0.042,-0.133,23.514,100638.1,57.37,-5.06,,,,,,,,1,0,9B1B
1289,25.780000,SYNTHETIC,DESCENT,9.476,0.000,2.759,-0.131,0.135,23.065,100637.6,57.41,-5.04,,,,,,,,1,0,0651
1290,25.800000,SYNTHETIC,DESCENT,9.385,-0.027,2.706,-0.003,0.129,22.664,100638.0,57.38,-5.02,,,,,,,,1,0,A37B
1291,25.820000,SYNTHETIC,DESCENT,9.400,0.004,2.875,-0.115,0.002,22.072,100646.4,56.67,-5.07,,,,,,,,1,0,5550
1292,25.840000,SYNTHETIC,DESCENT,9.295,-0.052,2.856,-0.088,-0.046,21.410,100646.3,56.68,-5.10,,,,,,,,1,0,C2EF
1293,25.860000,SYNTHETIC,DESCENT,9.268,0.057,2.938,0.028,-0.258,20.910,100645.5,56.75,-5.12,,,,,,,,1,0,0945
1294,25.880000,SYNTHETIC,DESCENT,9.264,0.000,3.075,0.044,-0.166,20.007,100647.7,56.57,-5.14,,,,,,,,1,0,D27E
1295,25.900000,SYNTHETIC,DESCENT,9.377,0.100,3.101,-0.178,-0.154,19.263,100650.8,56.31,-5.17,,,,,,,,1,0,FD50
1296,25.920000,SYNTHETIC,DESCENT,9.256,-0.092,3.292,-0.001,0.124,18.572,100652.4,56.17,-5.21,,,,,,,,1,0,C1B0
1297,25.940000,SYNTHETIC,DESCENT,9.216,0.024,3.339,0.133,-0.155,17.870,100647.4,56.59,-5.19,,,,,,,,1,0,1E25
1298,25.960000,SYNTHETIC,DESCENT,9.231,0.004,3.279,0.115,0.043,16.803,100650.9,56.30,-5.19,,,,,,,,1,0,E123
1299,25.980000,SYNTHETIC,DESCENT,9.183,0.043,3.420,0.173,-0.013,15.782,100656.3,55.85,-5.22,,,,,,,,1,0,7C55
1300,26.000000,SYNTHETIC,DESCENT,9.179,0.078,3.492,0.038,-0.007,14.707,100654.5,56.00,-5.23,22.23,0.0001906,0.0003884,51.5,3,9,4.077,1,0,BF90
1301,26.020000,SYNTHETIC,DESCENT,9.179,-0.045,3.580,0.024,-0.020,13.545,100650.2,56.36,-5.18,,,,,,,,1,0,875A
1302,26.040000,SYNTHETIC,DESCENT,9.079,0.091,3.714,0.043,0.094,12.670,100656.7,55.81,-5.19,,,,,,,,1,0,3BB3
1303,26.060000,SYNTHETIC,DESCENT,9.086,-0.011,3.905,-0.108,0.050,11.569,100650.7,56.31,-5.13,,,,,,,,1,0,F32E
1304,26.080000,SYNTHETIC,DESCENT,8.962,-0.030,3.984,0.081,0.079,10.359,100660.5,55.49,-5.15,,,,,,,,1,0,7896
1305,26.100000,SYNTHETIC,DESCENT,8.938,-0.043,4.117,0.059,0.138,9.203,100657.2,55.77,-5.13,,,,,,,,1,0,5837
1306,26.120000,SYNTHETIC,DESCENT,8.900,0.001,4.111,-0.088,0.017,8.061,100658.5,55.66,-5.11,,,,,,,,1,0,12E9
1307,26.140000,SYNTHETIC,DESCENT,8.821,-0.099,4.282,0.052,-0.057,6.829,100662.1,55.36,-5.11,,,,,,,,1,0,FBFA
1308,26.160000,SYNTHETIC,DESCENT,8.741,-0.046,4.373,0.142,0.226,5.729,100658.6,55.65,-5.07,,,,,,,,1,0,5933
1309,26.180000,SYNTHETIC,DESCENT,8.685,0.002,4.460,-0.129,0.141,4.240,100665.4,55.08,-5.09,,,,,,,,1,0,5E87
1310,26.200000,SYNTHETIC,DESCENT,8.691,0.008,4.683,0.148,0.068,3.037,100664.8,55.13,-5.08,,,,,,,,1,0,138F
1311,26.220000,SYNTHETIC,DESCENT,8.736,-0.014,4.691,0.082,-0.026,1.885,100666.7,54.98,-5.09,,,,,,,,1,0,764D
1312,26.240000,SYNTHETIC,DESCENT,8.498,0.000,4.859,-0.004,0.062,0.593,100667.8,54.88,-5.09,,,,,,,,1,0,D01C
1313,26.260000,SYNTHETIC,DESCENT,8.430,0.040,4.950,0.148,0.007,-0.687,100664.6,55.15,-5.05,,,,,,,,1,0,4919
1314,26.280000,SYNTHETIC,DESCENT,8.491,-0.181,5.079,0.029,0.107,-1.994,100669.2,54.77,-5.04,,,,,,,,1,0,C877
1315,26.300000,SYNTHETIC,DESCENT,8.316,0.023,5.188,-0.159,-0.016,-3.178,100673.3,54.42,-5.07,,,,,,,,1,0,8A47
1316,26.320000,SYNTHETIC,DESCENT,8.275,-0.083,5.374,-0.051,-0.031,-4.333,100675.9,54.21,-5.10,,,,,,,,1,0,6720
1317,26.340000,SYNTHETIC,DESCENT,8.100,0.019,5.359,0.145,0.048,-5.706,100673.1,54.44,-5.10,,,,,,,,1,0,6BBB
1318,26.360000,SYNTHETIC,DESCENT,8.217,0.054,5.489,-0.085,0.096,-6.839,100668.7,54.81,-5.04,,,,,,,,1,0,5C52
1319,26.380000,SYNTHETIC,DESCENT,8.046,0.055,5.559,-0.096,0.032,-7.944,100666.5,54.99,-4.95,,,,,,,,1,0,98BF
1320,26.400000,SYNTHETIC,DESCENT,8.031,0.129,5.683,0.080,-0.110,-9.219,100678.2,54.01,-4.97,,,,,,,,1,0,8862
1321,26.420000,SYNTHETIC,DESCENT,7.863,0.044,5.861,-0.094,-0.135,-10.360,100672.7,54.47,-4.92,,,,,,,,1,0,94CA
1322,26.440000,SYNTHETIC,DESCENT,7.909,0.075,5.943,-0.074,-0.036,-11.644,100677.6,54.06,-4.91,,,,,,,,1,0,9D97
1323,26.460000,SYNTHETIC,DESCENT,7.831,-0.090,5.960,-0.045,-0.049,-12.545,100677.4,54.08,-4.89,,,,,,,,1,0,737D
1324,26.480000,SYNTHETIC,DESCENT,7.675,0.049,6.086,0.075,0.112,-13.724,100684.9,53.45,-4.93,,,,,,,,1,0,4BBB
1325,26.500000,SYNTHETIC,DESCENT,7.702,-0.009,6.195,0.141,0.090,-14.665,100678.9,53.95,-4.90,,,,,,,,1,0,CD4D
1326,26.520000,SYNTHETIC,DESCENT,7.588,0.066,6.196,-0.130,0.169,-15.859,100684.8,53.46,-4.92,,,,,,,,1,0,EACD
1327,26.540000,SYNTHETIC,DESCENT,7.546,-0.033,6.265,-0.212,0.026,-16.632,100690.1,53.02,-4.98,,,,,,,,1,0,00F3
1328,26.560000,SYNTHETIC,DESCENT,7.461,-0.007,6.337,-0.237,0.046,-17.604,100686.5,53.32,-4.98,,,,,,,,1,0,0ACB
1329,26.580000,SYNTHETIC,DESCENT,7.338,-0.002,6.482,-0.085,-0.095,-18.429,100683.1,53.60,-4.94,,,,,,,,1,0,8972
1330,26.600000,SYNTHETIC,DESCENT,7.274,-0.049,6.517,-0.040,0.016,-19.382,100685.8,53.38,-4.92,,,,,,,,1,0,BC7B
1331,26.620000,SYNTHETIC,DESCENT,7.268,-0.026,6.559,0.119,0.154,-20.092,100691.8,52.87,-4.95,,,,,,,,1,0,817E
1332,26.640000,SYNTHETIC,DESCENT,7.208,0.042,6.680,-0.146,-0.046,-20.656,100690.6,52.98,-4.95,,,,,,,,1,0,4497
1333,26.660000,SYNTHETIC,DESCENT,7.229,0.037,6.624,0.145,0.027,-21.336,100694.5,52.65,-4.98,,,,,,,,1,0,2B95
1334,26.680000,SYNTHETIC,DESCENT,7.190,0.016,6.631,-0.075,-0.146,-21.880,100697.9,52.36,-5.03,,,,,,,,1,0,2566
1335,26.700000,SYNTHETIC,DESCENT,7.188,0.029,6.825,-0.096,-0.061,-22.743,100694.5,52.65,-5.03,,,,,,,,1,0,4539
1336,26.720000,SYNTHETIC,DESCENT,7.032,0.084,6.781,0.148,-0.042,-23.214,100692.7,52.80,-5.00,,,,,,,,1,0,A7E6
1337,26.740000,SYNTHETIC,DESCENT,7.019,-0.131,6.795,-0.100,0.034,-23.573,100691.6,52.89,-4.95,,,,,,,,1,0,EB77
1338,26.760000,SYNTHETIC,DESCENT,6.972,0.009,6.909,0.022,-0.049,-23.680,100700.0,52.19,-4.97,,,,,,,,1,0,23AB
1339,26.780000,SYNTHETIC,DESCENT,7.051,-0.013,6.912,0.048,-0.074,-24.249,100702.6,51.97,-5.01,,,,,,,,1,0,46B9
1340,26.800000,SYNTHETIC,DESCENT,7.025,-0.009,6.944,0.033,0.033,-24.831,100697.4,52.41,-4.98,,,,,,,,1,0,A7BD
1341,26.820000,SYNTHETIC,DESCENT,6.930,-0.004,6.976,0.026,-0.257,-24.715,100700.2,52.17,-4.97,,,,,,,,1,0,76F8
1342,26.840000,SYNTHETIC,DESCENT,6.958,-0.008,6.924,0.162,-0.016,-24.839,100697.7,52.38,-4.92,,,,,,,,1,0,CEEF
1343,26.860000,SYNTHETIC,DESCENT,6.911,-0.045,6.894,-0.040,-0.025,-25.025,100702.8,51.95,-4.92,,,,,,,,1,0,DFD8
1344,26.880000,SYNTHETIC,DESCENT,6.925,0.019,6.895,0.006,0.066,-25.056,100704.0,51.85,-4.91,,,,,,,,1,0,3009
1345,26.900000,SYNTHETIC,DESCENT,6.890,-0.008,6.971,0.037,-0.024,-24.885,100707.0,51.60,-4.92,,,,,,,,1,0,5A38
1346,26.920000,SYNTHETIC,DESCENT,6.849,-0.021,6.878,0.058,-0.160,-24.761,100710.2,51.34,-4.96,,,,,,,,1,0,B612
1347,26.940000,SYNTHETIC,DESCENT,7.009,-0.012,6.861,0.164,0.094,-24.649,100708.8,51.45,-4.96,,,,,,,,1,0,1417
1348,26.960000,SYNTHETIC,DESCENT,6.942,0.054,6.882,-0.006,-0.008,-24.615,100703.5,51.90,-4.90,,,,,,,,1,0,6A07
1349,26.980000,SYNTHETIC,DESCENT,6.993,-0.018,6.800,-0.219,0.093,-24.142,100709.8,51.37,-4.90,,,,,,,,1,0,3A19
1350,27.000000,SYNTHETIC,DESCENT,7.134,-0.075,6.918,-0.001,0.116,-23.772,100711.5,51.23,-4.90,22.06,0.0001891,0.0004069,53.7,3,9,4.080,1,0,524E
1351,27.020000,SYNTHETIC,DESCENT,7.009,-0.072,6.728,-0.099,0.147,-23.355,100707.5,51.56,-4.85,,,,,,,,1,0,CA36
1352,27.040000,SYNTHETIC,DESCENT,7.156,0.024,6.746,0.083,-0.008,-22.934,100712.1,51.18,-4.84,,,,,,,,1,0,C0A0
1353,27.060000,SYNTHETIC,DESCENT,7.159,0.012,6.752,0.022,-0.113,-22.348,100715.6,50.88,-4.85,,,,,,,,1,0,7B49
1354,27.080000,SYNTHETIC,DESCENT,7.193,0.024,6.647,0.144,0.073,-21.760,100716.1,50.84,-4.85,,,,,,,,1,0,B1D0
1355,27.100000,SYNTHETIC,DESCENT,7.113,-0.038,6.633,-0.020,0.096,-20.777,100717.9,50.69,-4.86,,,,,,,,1,0,F26D
1356,27.120000,SYNTHETIC,DESCENT,7.268,-0.062,6.549,-0.119,-0.134,-20.373,100724.9,50.11,-4.93,,,,,,,,1,0,3108
1357,27.140000,SYNTHETIC,DESCENT,7.222,0.001,6.533,-0.095,0.031,-19.588,100718.9,50.61,-4.92,,,,,,,,1,0,AF46
1358,27.160000,SYNTHETIC,DESCENT,7.406,0.057,6.493,-0.085,-0.112,-18.954,100724.7,50.12,-4.96,,,,,,,,1,0,6C2C
1359,27.180000,SYNTHETIC,DESCENT,7.447,-0.072,6.384,-0.002,-0.125,-18.104,100725.7,50.04,-4.99,,,,,,,,1,0,97D1
1360,27.200000,SYNTHETIC,DESCENT,7.420,0.007,6.287,0.050,-0.050,-17.184,100719.4,50.57,-4.95,,,,,,,,1,0,22BA
1361,27.220000,SYNTHETIC,DESCENT,7.533,-0.001,6.305,0.214,0.173,-16.226,100723.7,50.21,-4.94,,,,,,,,1,0,FBA5
1362,27.240000,SYNTHETIC,DESCENT,7.546,0.046,6.264,0.172,-0.150,-15.061,100731.3,49.57,-4.99,,,,,,,,1,0,8323
1363,27.260000,SYNTHETIC,DESCENT,7.584,-0.163,6.125,0.060,0.095,-14.270,100736.4,49.14,-5.08,,,,,,,,1,0,2827
1364,27.280000,SYNTHETIC,DESCENT,7.705,0.094,6.086,0.020,0.018,-13.202,100729.9,49.69,-5.09,,,,,,,,1,0,7EEC
1365,27.300000,SYNTHETIC,DESCENT,7.822,0.081,6.019,0.153,0.103,-12.051,100729.3,49.74,-5.08,,,,,,,,1,0,E1B3
1366,27.320000,SYNTHETIC,DESCENT,7.903,-0.004,5.872,-0.047,0.026,-10.873,100727.0,49.93,-5.03,,,,,,,,1,0,1BC2
1367,27.340000,SYNTHETIC,DESCENT,7.925,-0.019,5.750,0.149,0.118,-9.700,100728.0,49.85,-4.99,,,,,,,,1,0,297E
1368,27.360000,SYNTHETIC,DESCENT,8.005,-0.103,5.597,0.290,-0.008,-8.415,100731.0,49.60,-4.97,,,,,,,,1,0,A9A2
1369,27.380000,SYNTHETIC,DESCENT,8.053,-0.018,5.528,0.057,-0.076,-7.579,100738.2,48.99,-5.00,,,,,,,,1,0,EAA4
1370,27.400000,SYNTHETIC,DESCENT,8.119,0.016,5.448,-0.059,-0.010,-6.087,100729.3,49.74,-4.94,,,,,,,,1,0,E554
1371,27.420000,SYNTHETIC,DESCENT,8.155,-0.030,5.307,0.016,0.256,-5.079,100740.0,48.84,-4.97,,,,,,,,1,0,5A4A
1372,27.440000,SYNTHETIC,DESCENT,8.331,-0.036,5.196,-0.100,0.020,-3.630,100742.4,48.64,-5.02,,,,,,,,1,0,E793
1373,27.460000,SYNTHETIC,DESCENT,8.403,0.090,5.063,-0.033,0.005,-2.530,100739.9,48.85,-5.02,,,,,,,,1,0,DF50
1374,27.480000,SYNTHETIC,DESCENT,8.408,-0.084,5.006,-0.031,-0.154,-1.299,100748.2,48.16,-5.09,,,,,,,,1,0,9BC1
1375,27.500000,SYNTHETIC,DESCENT,8.472,-0.065,4.837,0.030,0.135,-0.022,100741.1,48.75,-5.08,,,,,,,,1,0,B60E
1376,27.520000,SYNTHETIC,DESCENT,8.500,-0.015,4.780,-0.001,0.223,1.247,100740.1,48.83,-5.05,,,,,,,,1,0,E47C
1377,27.540000,SYNTHETIC,DESCENT,8.649,0.007,4.697,-0.039,0.124,2.528,100746.2,48.32,-5.06,,,,,,,,1,0,9EA5
1378,27.560000,SYNTHETIC,DESCENT,8.677,-0.036,4.596,0.036,-0.076,3.681,100746.1,48.33,-5.07,,,,,,,,1,0,30DB
1379,27.580000,SYNTHETIC,DESCENT,8.638,0.043,4.585,0.105,-0.064,5.055,100746.6,48.29,-5.06,,,,,,,,1,0,BD15
1380,27.600000,SYNTHETIC,DESCENT,8.852,-0.026,4.459,-0.036,0.088,6.367,100745.1,48.42,-5.03,,,,,,,,1,0,8ACD
1381,27.620000,SYNTHETIC,DESCENT,8.914,-0.018,4.218,-0.072,0.023,7.478,100746.2,48.32,-5.00,,,,,,,,1,0,F68E
1382,27.640000,SYNTHETIC,DESCENT,8.972,0.023,4.138,-0.095,0.010,8.724,100750.1,48.00,-5.00,,,,,,,,1,0,06BD
1383,27.660000,SYNTHETIC,DESCENT,8.955,-0.008,4.055,0.000,-0.087,9.841,100753.2,47.74,-5.02,,,,,,,,1,0,FF16
1384,27.680000,SYNTHETIC,DESCENT,9.014,-0.033,3.950,0.135,-0.096,10.949,100752.5,47.80,-5.01,,,,,,,,1,0,05AD
1385,27.700000,SYNTHETIC,DESCENT,9.054,-0.055,3.753,-0.128,-0.074,12.031,100756.6,47.45,-5.04,,,,,,,,1,0,6E61
1386,27.720000,SYNTHETIC,DESCENT,9.145,-0.056,3.822,0.076,-0.002,12.960,100757.0,47.42,-5.06,,,,,,,,1,0,7A28
1387,27.740000,SYNTHETIC,DESCENT,9.146,-0.004,3.606,0.050,0.018,14.255,100757.5,47.38,-5.07,,,,,,,,1,0,9160
1388,27.760000,SYNTHETIC,DESCENT,9.191,0.010,3.531,-0.086,-0.026,15.124,100753.8,47.69,-5.03,,,,,,,,1,0,BCC1
1389,27.780000,SYNTHETIC,DESCENT,9.158,-0.101,3.314,0.011,-0.028,16.325,100763.8,46.85,-5.07,,,,,,,,1,0,962C
1390,27.800000,SYNTHETIC,DESCENT,9.296,-0.075,3.314,0.130,0.173,17.133,100759.6,47.20,-5.07,,,,,,,,1,0,F4EE
1391,27.820000,SYNTHETIC,DESCENT,9.193,-0.016,3.227,0.019,0.135,17.991,100766.7,46.61,-5.12,,,,,,,,1,0,2F57
1392,27.840000,SYNTHETIC,DESCENT,9.306,0.011,3.092,-0.124,0.090,19.031,100764.7,46.78,-5.13,,,,,,,,1,0,330D
1393,27.860000,SYNTHETIC,DESCENT,9.305,-0.051,3.085,0.014,-0.009,19.591,100763.3,46.89,-5.12,,,,,,,,1,0,35D6
1394,27.880000,SYNTHETIC,DESCENT,9.417,-0.009,3.011,-0.088,-0.075,20.485,100757.3,47.40,-5.04,,,,,,,,1,0,6153
1395,27.900000,SYNTHETIC,DESCENT,9.316,0.026,2.909,-0.062,-0.109,21.248,100767.1,46.58,-5.05,,,,,,,,1,0,A095
1396,27.920000,SYNTHETIC,DESCENT,9.359,-0.008,2.822,0.075,-0.073,21.852,100769.6,46.37,-5.07,,,,,,,,1,0,5724
1397,27.940000,SYNTHETIC,DESCENT,9.339,0.058,2.808,-0.024,-0.121,22.338,100766.1,46.66,-5.04,,,,,,,,1,0,B2A4
1398,27.960000,SYNTHETIC,DESCENT,9.376,0.098,2.762,-0.215,0.081,22.851,100765.9,46.68,-5.00,,,,,,,,1,0,CE4F
1399,27.980000,SYNTHETIC,DESCENT,9.435,0.019,2.673,0.043,0.008,23.144,100770.0,46.33,-5.00,,,,,,,,1,0,F0D3
1400,28.000000,SYNTHETIC,DESCENT,9.437,0.023,2.685,0.016,-0.109,23.978,100773.3,46.06,-5.01,22.05,0.0002003,0.0004310,42.2,3,9,4.074,1,0,52B8
1401,28.020000,SYNTHETIC,DESCENT,9.446,-0.046,2.624,0.011,-0.037,24.002,100772.9,46.09,-5.01,,,,,,,,1,0,094F
1402,28.040000,SYNTHETIC,DESCENT,9.401,0.090,2.706,0.117,0.049,24.549,100773.8,46.02,-5.00,,,,,,,,1,0,577C
1403,28.060000,SYNTHETIC,DESCENT,9.445,-0.036,2.561,0.098,0.129,24.703,100771.6,46.20,-4.96,,,,,,,,1,0,5528
1404,28.080000,SYNTHETIC,DESCENT,9.346,0.039,2.517,-0.104,-0.044,24.658,100773.3,46.06,-4.93,,,,,,,,1,0,AD69
1405,28.100000,SYNTHETIC,DESCENT,9.499,-0.028,2.581,-0.066,0.185,25.103,100779.6,45.53,-4.95,,,,,,,,1,0,5E69
1406,28.120000,SYNTHETIC,DESCENT,9.468,0.103,2.559,0.056,0.071,25.035,100782.1,45.32,-4.98,,,,,,,,1,0,F676
1407,28.140000,SYNTHETIC,DESCENT,9.427,0.079,2.577,0.213,-0.192,24.771,100780.1,45.49,-4.98,,,,,,,,1,0,5FA9
1408,28.160000,SYNTHETIC,DESCENT,9.497,0.011,2.536,0.334,-0.050,24.774,100785.3,45.06,-5.02,,,,,,,,1,0,3239
1409,28.180000,SYNTHETIC,DESCENT,9.481,0.054,2.557,-0.211,0.165,24.779,100784.9,45.09,-5.04,,,,,,,,1,0,E01E
1410,28.200000,SYNTHETIC,DESCENT,9.428,0.009,2.528,-0.105,-0.037,24.626,100781.8,45.35,-5.02,,,,,,,,1,0,D996
1411,28.220000,SYNTHETIC,DESCENT,9.351,0.005,2.668,0.119,-0.111,24.330,100794.3,44.30,-5.10,,,,,,,,1,0,686F
1412,28.240000,SYNTHETIC,DESCENT,9.363,-0.023,2.706,-0.051,0.070,24.034,100788.7,44.77,-5.12,,,,,,,,1,0,296D
1413,28.260000,SYNTHETIC,DESCENT,9.361,0.025,2.699,-0.010,0.187,23.633,100789.9,44.67,-5.13,,,,,,,,1,0,92DA
1414,28.280000,SYNTHETIC,DESCENT,9.333,-0.004,2.768,0.038,0.060,23.241,100788.6,44.78,-5.12,,,,,,,,1,0,28B1
1415,28.300000,SYNTHETIC,DESCENT,9.395,0.023,2.809,-0.013,0.017,22.625,100789.3,44.72,-5.11,,,,,,,,1,0,38EF
1416,28.320000,SYNTHETIC,DESCENT,9.372,0.063,2.806,-0.122,-0.129,22.057,100792.5,44.45,-5.11,,,,,,,,1,0,B125
1417,28.340000,SYNTHETIC,DESCENT,9.346,0.038,2.841,-0.030,-0.058,21.397,100791.3,44.55,-5.09,,,,,,,,1,0,652C
1418,28.360000,SYNTHETIC,DESCENT,9.265,0.004,2.974,0.050,-0.017,20.756,100795.9,44.17,-5.11,,,,,,,,1,0,8523
1419,28.380000,SYNTHETIC,DESCENT,9.335,0.004,3.019,-0.071,0.086,19.973,100791.9,44.50,-5.07,,,,,,,,1,0,324C
1420,28.400000,SYNTHETIC,DESCENT,9.295,-0.021,3.096,-0.176,-0.058,19.338,100794.2,44.31,-5.05,,,,,,,,1,0,08C7
1421,28.420000,SYNTHETIC,DESCENT,9.297,-0.082,3.260,0.050,-0.054,18.351,100798.7,43.93,-5.06,,,,,,,,1,0,679C
1422,28.440000,SYNTHETIC,DESCENT,9.259,-0.081,3.285,-0.048,0.149,17.659,100797.7,44.02,-5.05,,,,,,,,1,0,9814
1423,28.460000,SYNTHETIC,DESCENT,9.175,-0.061,3.380,-0.168,-0.067,16.732,100796.9,44.09,-5.02,,,,,,,,1,0,6B54
1424,28.480000,SYNTHETIC,DESCENT,9.118,-0.001,3.443,0.016,-0.042,15.754,100799.3,43.88,-5.00,,,,,,,,1,0,ABF8
1425,28.500000,SYNTHETIC,DESCENT,9.035,0.009,3.600,-0.046,0.042,14.693,100804.4,43.46,-5.02,,,,,,,,1,0,09DB
1426,28.520000,SYNTHETIC,DESCENT,9.097,0.018,3.603,-0.013,0.141,13.721,100802.2,43.64,-5.01,,,,,,,,1,0,5549
1427,28.540000,SYNTHETIC,DESCENT,9.074,0.007,3.736,-0.166,0.003,12.643,100802.8,43.59,-4.99,,,,,,,,1,0,F81F
1428,28.560000,SYNTHETIC,DESCENT,8.920,0.093,3.824,-0.260,0.091,11.700,100806.0,43.32,-5.00,,,,,,,,1,0,FB28
1429,28.580000,SYNTHETIC,DESCENT,8.907,-0.105,4.011,0.020,-0.075,10.471,100806.7,43.27,-4.99,,,,,,,,1,0,89F8
1430,28.600000,SYNTHETIC,DESCENT,8.880,0.096,4.079,-0.042,-0.145,9.199,100808.8,43.09,-5.00,,,,,,,,1,0,7F58
1431,28.620000,SYNTHETIC,DESCENT,8.928,-0.015,4.112,-0.048,-0.166,7.994,100812.1,42.81,-5.03,,,,,,,,1,0,ADE1
1432,28.640000,SYNTHETIC,DESCENT,8.937,0.018,4.212,-0.009,0.006,6.936,100810.7,42.93,-5.03,,,,,,,,1,0,E522
1433,28.660000,SYNTHETIC,DESCENT,8.707,0.001,4.380,-0.006,0.043,5.435,100810.7,42.93,-5.02,,,,,,,,1,0,174B
1434,28.680000,SYNTHETIC,DESCENT,8.771,-0.026,4.420,0.102,0.043,4.279,100816.3,42.46,-5.05,,,,,,,,1,0,5F58
1435,28.700000,SYNTHETIC,DESCENT,8.805,-0.001,4.583,-0.038,0.159,2.994,100814.7,42.60,-5.05,,,,,,,,1,0,2869
1436,28.720000,SYNTHETIC,DESCENT,8.562,-0.009,4.719,0.302,0.153,1.776,100813.8,42.67,-5.03,,,,,,,,1,0,B552
1437,28.740000,SYNTHETIC,DESCENT,8.559,0.065,4.844,-0.098,0.014,0.679,100817.0,42.41,-5.03,,,,,,,,1,0,5CA7
1438,28.760000,SYNTHETIC,DESCENT,8.410,-0.034,5.001,0.017,-0.020,-0.673,100817.8,42.34,-5.03,,,,,,,,1,0,443F
1439,28.780000,SYNTHETIC,DESCENT,8.428,-0.009,5.111,-0.077,0.056,-1.879,100817.1,42.40,-5.01,,,,,,,,1,0,73CD
1440,28.800000,SYNTHETIC,DESCENT,8.285,-0.041,5.063,0.012,-0.009,-3.060,100820.5,42.11,-5.01,,,,,,,,1,0,2934
1441,28.820000,SYNTHETIC,DESCENT,8.281,-0.005,5.328,-0.013,0.130,-4.339,100818.7,42.26,-4.99,,,,,,,,1,0,60B9
1442,28.840000,SYNTHETIC,DESCENT,8.154,0.039,5.459,0.080,0.117,-5.728,100816.9,42.41,-4.93,,,,,,,,1,0,4A8A
1443,28.860000,SYNTHETIC,DESCENT,8.073,0.007,5.512,-0.221,0.176,-6.665,100822.3,41.96,-4.92,,,,,,,,1,0,C287
1444,28.880000,SYNTHETIC,DESCENT,8.073,0.031,5.644,-0.183,0.002,-8.123,100823.0,41.90,-4.91,,,,,,,,1,0,B581
1445,28.900000,SYNTHETIC,DESCENT,7.985,-0.009,5.641,-0.113,-0.012,-9.409,100824.6,41.77,-4.90,,,,,,,,1,0,19EA
1446,28.920000,SYNTHETIC,DESCENT,7.963,-0.003,5.724,0.017,0.130,-10.445,100830.1,41.31,-4.94,,,,,,,,1,0,0D39
1447,28.940000,SYNTHETIC,DESCENT,7.757,0.043,5.895,-0.044,0.072,-11.686,100831.7,41.18,-4.97,,,,,,,,1,0,BD11
1448,28.960000,SYNTHETIC,DESCENT,7.714,0.088,5.952,0.102,0.086,-12.506,100833.5,41.03,-5.01,,,,,,,,1,0,262C
1449,28.980000,SYNTHETIC,DESCENT,7.656,-0.007,6.107,0.128,0.061,-13.608,100829.1,41.39,-4.99,,,,,,,,1,0,07D9
1450,29.000000,SYNTHETIC,DESCENT,7.586,-0.042,6.113,-0.052,0.030,-14.580,100833.7,41.01,-5.01,21.94,0.0002134,0.0004376,42.1,3,9,4.076,1,0,8CDC
1451,29.020000,SYNTHETIC,DESCENT,7.610,0.053,6.173,-0.097,-0.046,-15.633,100834.9,40.91,-5.03,,,,,,,,1,0,66D2
1452,29.040000,SYNTHETIC,DESCENT,7.475,-0.031,6.324,-0.026,-0.083,-16.470,100832.6,41.10,-5.01,,,,,,,,1,0,AE29
1453,29.060000,SYNTHETIC,DESCENT,7.471,-0.069,6.420,-0.069,-0.012,-17.502,100830.1,41.31,-4.95,,,,,,,,1,0,6EAB
1454,29.080000,SYNTHETIC,DESCENT,7.397,0.021,6.449,0.036,-0.173,-18.447,100839.0,40.57,-4.98,,,,,,,,1,0,6D66
1455,29.100000,SYNTHETIC,DESCENT,7.325,0.040,6.427,0.078,-0.079,-19.279,100840.5,40.44,-5.00,,,,,,,,1,0,DB6B
1456,29.120000,SYNTHETIC,DESCENT,7.331,-0.021,6.516,-0.094,-0.023,-20.227,100834.5,40.94,-4.96,,,,,,,,1,0,9FC2
1457,29.140000,SYNTHETIC,DESCENT,7.188,0.003,6.579,0.032,-0.046,-20.831,100842.2,40.30,-4.98,,,,,,,,1,0,1944
1458,29.160000,SYNTHETIC,DESCENT,7.216,-0.062,6.645,-0.054,-0.068,-21.534,100840.3,40.46,-4.97,,,,,,,,1,0,6E71
1459,29.180000,SYNTHETIC,DESCENT,7.026,-0.024,6.796,-0.048,-0.111,-22.093,100843.3,40.21,-4.97,,,,,,,,1,0,C6F3
1460,29.200000,SYNTHETIC,DESCENT,7.138,-0.020,6.695,-0.016,0.006,-22.519,100843.4,40.20,-4.97,,,,,,,,1,0,118C
1461,29.220000,SYNTHETIC,DESCENT,6.995,-0.132,6.745,0.065,-0.136,-23.138,100846.8,39.91,-4.99,,,,,,,,1,0,7AC3
1462,29.240000,SYNTHETIC,DESCENT,7.043,-0.056,6.904,-0.126,-0.071,-23.406,100845.5,40.02,-4.98,,,,,,,,1,0,31CC
1463,29.260000,SYNTHETIC,DESCENT,7.031,-0.078,6.860,0.130,-0.053,-23.970,100846.5,39.94,-4.97,,,,,,,,1,0,D0E1
1464,29.280000,SYNTHETIC,DESCENT,6.990,-0.034,6.850,0.013,0.117,-24.278,100851.9,39.49,-5.01,,,,,,,,1,0,7F84
1465,29.300000,SYNTHETIC,DESCENT,6.943,-0.147,6.925,-0.102,-0.101,-24.530,100846.5,39.94,-4.97,,,,,,,,1,0,1F9F
1466,29.320000,SYNTHETIC,DESCENT,6.908,0.023,6.846,0.015,0.116,-24.746,100848.0,39.81,-4.94,,,,,,,,1,0,55C0
1467,29.340000,SYNTHETIC,DESCENT,6.873,0.061,6.898,0.150,0.089,-25.025,100851.3,39.54,-4.94,,,,,,,,1,0,38D7
1468,29.360000,SYNTHETIC,DESCENT,6.908,0.004,6.955,-0.014,-0.075,-24.884,100850.5,39.61,-4.91,,,,,,,,1,0,13C2
1469,29.380000,SYNTHETIC,DESCENT,6.964,-0.055,7.031,-0.157,-0.026,-25.063,100854.3,39.29,-4.92,,,,,,,,1,0,D40A
1470,29.400000,SYNTHETIC,DESCENT,6.983,0.004,6.864,0.005,0.014,-24.769,100860.5,38.77,-4.97,,,,,,,,1,0,C590
1471,29.420000,SYNTHETIC,DESCENT,7.043,-0.008,6.923,0.031,-0.091,-24.835,100857.3,39.04,-4.97,,,,,,,,1,0,7B92
1472,29.440000,SYNTHETIC,DESCENT,6.923,0.050,7.045,-0.031,0.063,-24.535,100854.6,39.26,-4.94,,,,,,,,1,0,98BC
1473,29.460000,SYNTHETIC,DESCENT,6.952,0.017,6.897,-0.043,0.049,-24.581,100855.7,39.17,-4.91,,,,,,,,1,0,1F5B
1474,29.480000,SYNTHETIC,DESCENT,6.991,0.024,6.884,-0.174,-0.112,-24.150,100860.7,38.75,-4.91,,,,,,,,1,0,0993
1475,29.500000,SYNTHETIC,DESCENT,7.040,-0.062,6.864,-0.035,-0.018,-23.827,100859.1,38.89,-4.89,,,,,,,,1,0,5C3D
1476,29.520000,SYNTHETIC,DESCENT,7.055,-0.017,6.696,0.012,-0.074,-23.424,100863.0,38.56,-4.90,,,,,,,,1,0,20FC
1477,29.540000,SYNTHETIC,DESCENT,7.144,0.048,6.733,0.051,0.113,-22.825,100867.4,38.19,-4.94,,,,,,,,1,0,23F3
1478,29.560000,SYNTHETIC,DESCENT,7.140,-0.027,6.738,0.039,-0.114,-22.448,100868.1,38.14,-4.97,,,,,,,,1,0,6F8E
1479,29.580000,SYNTHETIC,DESCENT,7.104,0.077,6.642,-0.062,-0.037,-21.695,100860.8,38.74,-4.92,,,,,,,,1,0,2FFA
1480,29.600000,SYNTHETIC,DESCENT,7.243,0.020,6.629,-0.083,0.012,-21.106,100868.6,38.09,-4.93,,,,,,,,1,0,970A
1481,29.620000,SYNTHETIC,DESCENT,7.202,0.010,6.580,-0.059,-0.147,-20.362,100872.1,37.80,-4.97,,,,,,,,1,0,9BD5
1482,29.640000,SYNTHETIC,DESCENT,7.387,-0.069,6.558,0.333,0.080,-19.701,100872.2,37.79,-4.99,,,,,,,,1,0,B702
1483,29.660000,SYNTHETIC,DESCENT,7.359,0.054,6.471,-0.033,-0.159,-18.982,100874.2,37.63,-5.02,,,,,,,,1,0,A306
1484,29.680000,SYNTHETIC,DESCENT,7.403,-0.006,6.468,0.129,0.010,-17.995,100874.4,37.61,-5.04,,,,,,,,1,0,413A
1485,29.700000,SYNTHETIC,DESCENT,7.437,0.102,6.379,-0.009,-0.032,-17.111,100876.8,37.41,-5.07,,,,,,,,1,0,E392
1486,29.720000,SYNTHETIC,DESCENT,7.510,-0.039,6.198,-0.137,-0.122,-16.012,100878.8,37.24,-5.10,,,,,,,,1,0,11ED
1487,29.740000,SYNTHETIC,DESCENT,7.643,-0.082,6.217,-0.052,-0.068,-15.183,100871.5,37.85,-5.05,,,,,,,,1,0,5138
1488,29.760000,SYNTHETIC,DESCENT,7.716,-0.035,6.102,0.110,0.084,-14.269,100874.5,37.60,-5.02,,,,,,,,1,0,4FC0
1489,29.780000,SYNTHETIC,DESCENT,7.704,0.038,5.956,0.057,-0.063,-13.166,100878.4,37.27,-5.02,,,,,,,,1,0,A1AC
1490,29.800000,SYNTHETIC,DESCENT,7.853,0.067,5.975,-0.168,-0.009,-12.055,100883.3,36.87,-5.05,,,,,,,,1,0,E803
1491,29.820000,SYNTHETIC,DESCENT,7.892,-0.008,5.811,0.127,-0.076,-11.032,100879.3,37.20,-5.04,,,,,,,,1,0,EC56
1492,29.840000,SYNTHETIC,DESCENT,7.867,0.024,5.804,0.013,-0.081,-9.744,100882.7,36.92,-5.04,,,,,,,,1,0,221C
1493,29.860000,SYNTHETIC,DESCENT,7.996,-0.023,5.699,-0.216,-0.084,-8.564,100880.3,37.12,-5.01,,,,,,,,1,0,7689
1494,29.880000,SYNTHETIC,DESCENT,8.021,0.009,5.467,-0.072,-0.044,-7.459,100891.3,36.20,-5.07,,,,,,,,1,0,4161
1495,29.900000,SYNTHETIC,DESCENT,8.313,0.048,5.418,-0.120,-0.071,-6.043,100888.7,36.41,-5.10,,,,,,,,1,0,0F5C
1496,29.920000,SYNTHETIC,DESCENT,8.232,-0.028,5.293,0.180,-0.085,-5.005,100884.9,36.73,-5.07,,,,,,,,1,0,4481
1497,29.940000,SYNTHETIC,DESCENT,8.299,0.073,5.214,0.022,0.234,-3.735,100886.7,36.58,-5.05,,,,,,,,1,0,00FC
1498,29.960000,SYNTHETIC,DESCENT,8.362,-0.078,5.140,-0.022,0.024,-2.400,100888.8,36.41,-5.04,,,,,,,,1,0,D186
1499,29.980000,SYNTHETIC,DESCENT,8.469,0.039,4.932,0.023,0.126,-1.499,100886.6,36.59,-5.00,,,,,,,,1,0,4E3E
1500,30.000000,SYNTHETIC,DESCENT,8.481,-0.016,4.822,0.017,0.074,-0.025,100892.4,36.11,-5.01,21.88,0.0002378,0.0004567,36.9,3,9,,1,32,B79B
1501,30.020000,SYNTHETIC,DESCENT,8.601,-0.001,4.809,0.046,0.058,1.301,100893.5,36.01,-5.01,,,,,,,,1,0,9F9D
1502,30.040000,SYNTHETIC,DESCENT,8.607,0.011,4.639,-0.079,0.032,2.343,100892.2,36.12,-4.99,,,,,,,,1,0,9AA5
1503,30.060000,SYNTHETIC,DESCENT,8.733,0.021,4.519,0.038,-0.038,3.704,100891.2,36.21,-4.95,,,,,,,,1,0,F421
1504,30.080000,SYNTHETIC,DESCENT,8.724,-0.077,4.425,0.053,-0.101,5.074,100895.0,35.89,-4.94,,,,,,,,1,0,5066
1505,30.100000,SYNTHETIC,DESCENT,8.748,-0.012,4.387,-0.118,0.076,6.249,100897.6,35.67,-4.95,,,,,,,,1,0,639B
1506,30.120000,SYNTHETIC,DESCENT,8.901,-0.052,4.248,-0.064,0.050,7.379,100897.5,35.68,-4.94,,,,,,,,1,0,B45A
1507,30.140000,SYNTHETIC,DESCENT,8.893,0.054,4.027,-0.135,0.035,8.399,100900.0,35.47,-4.94,,,,,,,,1,0,316B
1508,30.160000,SYNTHETIC,DESCENT,8.916,-0.005,4.000,0.000,-0.065,9.656,100901.4,35.35,-4.94,,,,,,,,1,0,7319
1509,30.180000,SYNTHETIC,DESCENT,9.077,0.100,3.932,0.104,0.023,10.877,100902.7,35.24,-4.95,,,,,,,,1,0,D22A
1510,30.200000,SYNTHETIC,DESCENT,9.001,0.008,3.809,-0.048,-0.026,11.971,100908.1,34.79,-5.00,,,,,,,,1,0,F380
1511,30.220000,SYNTHETIC,DESCENT,9.154,-0.103,3.735,0.066,0.069,13.189,100905.6,35.00,-5.01,,,,,,,,1,0,9FFE
1512,30.240000,SYNTHETIC,DESCENT,9.080,-0.022,3.613,0.139,-0.049,14.176,100905.5,35.01,-5.00,,,,,,,,1,0,3E0D
1513,30.260000,SYNTHETIC,DESCENT,9.160,-0.046,3.525,0.021,-0.189,15.222,100910.5,34.59,-5.03,,,,,,,,1,0,531D
1514,30.280000,SYNTHETIC,DESCENT,9.288,-0.081,3.442,0.027,-0.077,16.055,100914.2,34.28,-5.09,,,,,,,,1,0,71A3
1515,30.300000,SYNTHETIC,DESCENT,9.173,-0.096,3.389,0.038,-0.044,17.298,100910.1,34.63,-5.08,,,,,,,,1,0,8C70
1516,30.320000,SYNTHETIC,DESCENT,9.205,-0.007,3.228,-0.033,-0.176,18.033,100909.5,34.68,-5.07,,,,,,,,1,0,EC72
1517,30.340000,SYNTHETIC,DESCENT,9.287,-0.078,3.172,-0.035,0.035,18.827,100917.4,34.02,-5.11,,,,,,,,1,0,B329
1518,30.360000,SYNTHETIC,DESCENT,9.352,-0.033,2.993,0.147,-0.116,19.786,100910.5,34.59,-5.08,,,,,,,,1,0,9468
1519,30.380000,SYNTHETIC,DESCENT,9.327,-0.053,3.010,-0.069,-0.052,20.490,100918.1,33.96,-5.11,,,,,,,,1,0,3210
1520,30.400000,SYNTHETIC,DESCENT,9.365,-0.032,2.960,-0.042,0.108,21.006,100914.7,34.24,-5.09,,,,,,,,1,0,C9DC
1521,30.420000,SYNTHETIC,DESCENT,9.356,0.063,2.898,-0.026,-0.118,21.761,100919.3,33.86,-5.11,,,,,,,,1,0,84AA
1522,30.440000,SYNTHETIC,DESCENT,9.342,-0.005,2.775,-0.172,0.012,22.456,100919.9,33.81,-5.12,,,,,,,,1,0,7F17
1523,30.460000,SYNTHETIC,DESCENT,9.371,0.018,2.803,0.035,-0.123,22.740,100915.1,34.21,-5.07,,,,,,,,1,0,619C
1524,30.480000,SYNTHETIC,DESCENT,9.414,0.019,2.724,0.142,-0.111,23.405,100920.4,33.77,-5.06,,,,,,,,1,0,4415
1525,30.500000,SYNTHETIC,DESCENT,9.432,-0.049,2.611,-0.023,0.078,23.956,100917.2,34.03,-5.01,,,,,,,,1,0,9E5C
1526,30.520000,SYNTHETIC,DESCENT,9.423,-0.058,2.572,-0.020,-0.019,24.103,100925.2,33.37,-5.03,,,,,,,,1,0,AF67
1527,30.540000,SYNTHETIC,DESCENT,9.477,-0.021,2.544,-0.077,0.224,24.420,100924.6,33.42,-5.03,,,,,,,,1,0,103C
1528,30.560000,SYNTHETIC,DESCENT,9.481,0.022,2.494,-0.016,-0.072,24.706,100922.6,33.58,-5.00,,,,,,,,1,0,4CB0
1529,30.580000,SYNTHETIC,DESCENT,9.453,0.028,2.607,-0.168,-0.132,24.849,100930.6,32.91,-5.04,,,,,,,,1,0,2965
1530,30.600000,SYNTHETIC,DESCENT,9.520,-0.023,2.587,0.090,-0.068,24.904,100925.9,33.31,-5.02,,,,,,,,1,0,8AD4
1531,30.620000,SYNTHETIC,DESCENT,9.535,-0.050,2.475,-0.126,-0.023,24.926,100934.0,32.63,-5.07,,,,,,,,1,0,570F
1532,30.640000,SYNTHETIC,DESCENT,9.484,0.050,2.592,0.014,0.051,24.967,100931.3,32.86,-5.07,,,,,,,,1,0,DA2A
1533,30.660000,SYNTHETIC,DESCENT,9.431,-0.084,2.568,-0.105,-0.075,25.039,100930.4,32.93,-5.06,,,,,,,,1,0,0593
1534,30.680000,SYNTHETIC,DESCENT,9.519,-0.071,2.493,-0.095,0.053,24.992,100937.5,32.34,-5.10,,,,,,,,1,0,8834
1535,30.700000,SYNTHETIC,DESCENT,9.501,-0.066,2.546,-0.048,0.100,24.794,100935.2,32.53,-5.11,,,,,,,,1,0,FC6F
1536,30.720000,SYNTHETIC,DESCENT,9.511,0.014,2.610,0.119,-0.112,24.137,100936.2,32.45,-5.11,,,,,,,,1,0,8F4D
1537,30.740000,SYNTHETIC,DESCENT,9.464,-0.004,2.669,-0.093,0.034,23.922,100934.3,32.61,-5.08,,,,,,,,1,0,B316
1538,30.760000,SYNTHETIC,DESCENT,9.454,0.108,2.589,0.013,-0.055,23.646,100936.5,32.42,-5.07,,,,,,,,1,0,5C59
1539,30.780000,SYNTHETIC,DESCENT,9.438,0.038,2.817,0.039,0.004,23.074,100941.3,32.02,-5.09,,,,,,,,1,0,97FB
1540,30.800000,SYNTHETIC,DESCENT,9.393,0.012,2.865,0.009,-0.105,22.602,100944.4,31.76,-5.12,,,,,,,,1,0,CAB2
1541,30.820000,SYNTHETIC,DESCENT,9.350,-0.067,2.899,0.084,0.174,22.026,100944.3,31.77,-5.14,,,,,,,,1,0,151B
1542,30.840000,SYNTHETIC,DESCENT,9.363,0.000,2.894,-0.102,0.073,21.354,100944.8,31.73,-5.16,,,,,,,,1,0,63B1
1543,30.860000,SYNTHETIC,DESCENT,9.386,-0.004,2.948,-0.109,0.125,20.854,100947.0,31.55,-5.18,,,,,,,,1,0,E66A
1544,30.880000,SYNTHETIC,DESCENT,9.293,-0.050,3.171,-0.005,-0.083,20.107,100943.5,31.84,-5.15,,,,,,,,1,0,128E
1545,30.900000,SYNTHETIC,DESCENT,9.290,0.023,3.193,-0.061,0.026,19.198,100945.7,31.65,-5.14,,,,,,,,1,0,596B
1546,30.920000,SYNTHETIC,DESCENT,9.246,-0.030,3.209,0.159,-0.064,18.458,100946.2,31.61,-5.12,,,,,,,,1,0,D0AE
1547,30.940000,SYNTHETIC,DESCENT,9.222,0.041,3.234,-0.088,-0.005,17.672,100944.4,31.76,-5.07,,,,,,,,1,0,9020
1548,30.960000,SYNTHETIC,DESCENT,9.236,0.061,3.374,0.123,-0.067,16.620,100950.8,31.23,-5.07,,,,,,,,1,0,62C8
1549,30.980000,SYNTHETIC,DESCENT,9.212,-0.026,3.544,0.068,0.220,15.655,100952.1,31.12,-5.08,,,,,,,,1,0,DBE0
1550,31.000000,SYNTHETIC,DESCENT,9.071,0.041,3.512,0.001,0.059,14.692,100948.0,31.46,-5.03,21.92,0.0002174,0.0004602,27.5,3,9,4.075,1,0,02B4
1551,31.020000,SYNTHETIC,DESCENT,9.119,0.107,3.672,-0.082,0.049,13.512,100952.5,31.09,-5.02,,,,,,,,1,0,5B9C
1552,31.040000,SYNTHETIC,DESCENT,9.083,0.040,3.698,0.020,-0.025,12.612,100949.0,31.38,-4.96,,,,,,,,1,0,4330
1553,31.060000,SYNTHETIC,DESCENT,9.010,-0.028,3.819,0.049,-0.025,11.441,100953.8,30.98,-4.95,,,,,,,,1,0,F973
1554,31.080000,SYNTHETIC,DESCENT,8.961,-0.086,3.950,0.025,-0.149,10.415,100958.1,30.62,-4.96,,,,,,,,1,0,46D7
1555,31.100000,SYNTHETIC,DESCENT,8.999,0.053,4.065,0.110,-0.160,9.146,100954.4,30.93,-4.93,,,,,,,,1,0,FCF1
1556,31.120000,SYNTHETIC,DESCENT,8.927,-0.029,4.169,-0.160,0.019,7.911,100959.2,30.53,-4.93,,,,,,,,1,0,3F9E
1557,31.140000,SYNTHETIC,DESCENT,8.872,0.021,4.270,0.178,-0.148,6.785,100957.7,30.65,-4.90,,,,,,,,1,0,9459
1558,31.160000,SYNTHETIC,DESCENT,8.689,-0.087,4.408,0.173,-0.006,5.660,100960.8,30.39,-4.90,,,,,,,,1,0,C6A8
1559,31.180000,SYNTHETIC,DESCENT,8.747,0.015,4.443,-0.049,0.057,4.231,100969.3,29.68,-4.97,,,,,,,,1,0,D89E
1560,31.200000,SYNTHETIC,DESCENT,8.675,0.047,4.558,0.116,0.261,3.109,100963.3,30.18,-4.96,,,,,,,,1,0,E033
1561,31.220000,SYNTHETIC,DESCENT,8.466,-0.045,4.813,-0.011,0.062,1.878,100960.6,30.41,-4.92,,,,,,,,1,0,4920
1562,31.240000,SYNTHETIC,DESCENT,8.544,-0.005,4.843,0.044,-0.099,0.507,100968.8,29.73,-4.95,,,,,,,,1,0,4055
1563,31.260000,SYNTHETIC,DESCENT,8.431,-0.070,4.997,0.064,-0.038,-0.433,100965.2,30.03,-4.93,,,,,,,,1,0,CEFB
1564,31.280000,SYNTHETIC,DESCENT,8.394,0.013,5.124,-0.110,0.154,-1.961,100968.6,29.74,-4.93,,,,,,,,1,0,0B9B
1565,31.300000,SYNTHETIC,DESCENT,8.293,-0.030,5.123,0.081,-0.063,-3.221,100972.1,29.45,-4.95,,,,,,,,1,0,3901
1566,31.320000,SYNTHETIC,DESCENT,8.167,-0.011,5.378,0.013,0.216,-4.147,100969.0,29.71,-4.94,,,,,,,,1,0,88FF
1567,31.340000,SYNTHETIC,DESCENT,8.197,-0.007,5.344,0.152,0.086,-5.794,100969.2,29.69,-4.91,,,,,,,,1,0,E8AE
1568,31.360000,SYNTHETIC,DESCENT,8.175,0.015,5.472,0.108,0.016,-6.724,100975.5,29.17,-4.93,,,,,,,,1,0,6D5A
1569,31.380000,SYNTHETIC,DESCENT,7.937,-0.030,5.556,0.028,0.049,-7.992,100975.3,29.18,-4.94,,,,,,,,1,0,69DD
1570,31.400000,SYNTHETIC,DESCENT,7.962,-0.020,5.660,0.017,-0.015,-9.201,100975.1,29.20,-4.94,,,,,,,,1,0,6F14
1571,31.420000,SYNTHETIC,DESCENT,7.959,0.066,5.858,0.052,0.011,-10.280,100975.9,29.13,-4.93,,,,,,,,1,0,A589
1572,31.440000,SYNTHETIC,DESCENT,7.810,0.057,5.855,0.145,-0.056,-11.431,100977.7,28.98,-4.93,,,,,,,,1,0,5804
1573,31.460000,SYNTHETIC,DESCENT,7.796,0.017,5.975,-0.142,0.109,-12.731,100979.9,28.80,-4.94,,,,,,,,1,0,E948
1574,31.480000,SYNTHETIC,DESCENT,7.728,-0.037,6.089,0.171,-0.034,-13.703,100979.3,28.85,-4.93,,,,,,,,1,0,ACFB
1575,31.500000,SYNTHETIC,DESCENT,7.666,-0.024,6.153,0.046,0.083,-14.697,100987.2,28.19,-4.98,,,,,,,,1,0,E532
1576,31.520000,SYNTHETIC,DESCENT,7.567,0.073,6.192,0.035,0.076,-15.817,100980.5,28.75,-4.96,,,,,,,,1,0,23E4
1577,31.540000,SYNTHETIC,DESCENT,7.547,-0.068,6.213,-0.115,-0.017,-16.794,100980.9,28.72,-4.93,,,,,,,,1,0,488B
1578,31.560000,SYNTHETIC,DESCENT,7.437,0.046,6.402,0.034,-0.259,-17.674,100984.3,28.43,-4.92,,,,,,,,1,0,3DC6
1579,31.580000,SYNTHETIC,DESCENT,7.308,0.010,6.431,0.029,-0.112,-18.395,100987.3,28.18,-4.94,,,,,,,,1,0,A0CD
1580,31.600000,SYNTHETIC,DESCENT,7.380,-0.020,6.513,0.128,-0.044,-19.292,100986.9,28.21,-4.93,,,,,,,,1,0,27F7
1581,31.620000,SYNTHETIC,DESCENT,7.276,0.017,6.457,0.059,-0.105,-19.914,100988.6,28.07,-4.93,,,,,,,,1,0,7520
1582,31.640000,SYNTHETIC,DESCENT,7.278,0.007,6.523,0.130,0.155,-20.734,100990.6,27.91,-4.94,,,,,,,,1,0,B5A5
1583,31.660000,SYNTHETIC,DESCENT,7.204,0.044,6.615,-0.061,0.078,-21.411,100990.4,27.92,-4.94,,,,,,,,1,0,B38D
1584,31.680000,SYNTHETIC,DESCENT,6.961,-0.021,6.676,0.294,0.092,-22.161,100993.9,27.63,-4.95,,,,,,,,1,0,B94B
1585,31.700000,SYNTHETIC,DESCENT,7.131,0.042,6.755,-0.190,-0.138,-22.480,101001.4,27.00,-5.03,,,,,,,,1,0,F1DA
1586,31.720000,SYNTHETIC,DESCENT,7.035,0.010,6.885,-0.148,-0.084,-23.112,100988.5,28.08,-4.97,,,,,,,,1,0,8BE3
1587,31.740000,SYNTHETIC,DESCENT,6.966,-0.016,6.872,-0.028,-0.160,-23.689,100993.0,27.71,-4.94,,,,,,,,1,0,F608
1588,31.760000,SYNTHETIC,DESCENT,6.951,0.034,6.870,-0.042,-0.088,-23.970,101000.0,27.12,-4.97,,,,,,,,1,0,08A1
1589,31.780000,SYNTHETIC,DESCENT,7.009,-0.070,6.946,-0.081,0.043,-24.240,100998.5,27.25,-4.97,,,,,,,,1,0,C3BC
1590,31.800000,SYNTHETIC,DESCENT,6.927,0.006,6.891,0.059,-0.242,-24.560,101001.2,27.02,-4.99,,,,,,,,1,0,47CB
1591,31.820000,SYNTHETIC,DESCENT,6.890,-0.013,6.894,-0.106,0.195,-24.805,101007.4,26.50,-5.05,,,,,,,,1,0,E968
1592,31.840000,SYNTHETIC,DESCENT,6.966,0.050,6.904,0.053,-0.101,-24.832,101006.1,26.61,-5.09,,,,,,,,1,0,0C90
1593,31.860000,SYNTHETIC,DESCENT,6.966,0.002,6.948,-0.078,-0.167,-25.045,101004.1,26.78,-5.09,,,,,,,,1,0,BD44
1594,31.880000,SYNTHETIC,DESCENT,6.995,0.126,6.861,0.155,0.056,-24.819,101005.7,26.65,-5.09,,,,,,,,1,0,0329
1595,31.900000,SYNTHETIC,DESCENT,6.916,-0.016,6.897,-0.038,0.020,-25.050,101003.9,26.80,-5.07,,,,,,,,1,0,5A0E
1596,31.920000,SYNTHETIC,DESCENT,6.973,0.024,6.916,-0.034,-0.045,-24.907,101014.3,25.93,-5.14,,,,,,,,1,0,6578
1597,31.940000,SYNTHETIC,DESCENT,6.900,0.055,6.831,-0.180,0.030,-24.618,101009.6,26.32,-5.14,,,,,,,,1,0,8F96
1598,31.960000,SYNTHETIC,DESCENT,6.967,-0.052,6.908,-0.023,0.077,-24.365,101008.9,26.38,-5.13,,,,,,,,1,0,6BF2
1599,31.980000,SYNTHETIC,DESCENT,6.940,0.032,6.873,0.095,0.099,-23.989,101010.1,26.28,-5.11,,,,,,,,1,0,D311
1600,32.000000,SYNTHETIC,DESCENT,7.033,-0.014,6.869,0.034,-0.029,-23.947,101012.0,26.12,-5.11,21.80,0.0002232,0.0004970,25.3,3,9,4.074,1,0,987B
1601,32.020000,SYNTHETIC,DESCENT,7.052,-0.032,6.811,0.077,0.023,-23.350,101010.9,26.21,-5.08,,,,,,,,1,0,9208
1602,32.040000,SYNTHETIC,DESCENT,7.063,0.021,6.755,0.192,-0.115,-22.957,101011.0,26.20,-5.04,,,,,,,,1,0,1ABE
1603,32.060000,SYNTHETIC,DESCENT,7.101,-0.009,6.770,0.061,0.091,-22.320,101014.7,25.89,-5.03,,,,,,,,1,0,4F94
1604,32.080000,SYNTHETIC,DESCENT,7.145,-0.029,6.723,-0.078,0.205,-21.661,101014.7,25.89,-5.01,,,,,,,,1,0,9A29
1605,32.100000,SYNTHETIC,DESCENT,7.277,-0.025,6.681,0.006,0.064,-21.093,101015.3,25.84,-4.98,,,,,,,,1,0,A175
1606,32.120000,SYNTHETIC,DESCENT,7.266,0.008,6.555,-0.034,-0.059,-20.314,101021.2,25.35,-5.00,,,,,,,,1,0,B8EE
1607,32.140000,SYNTHETIC,DESCENT,7.236,-0.045,6.561,0.097,-0.023,-19.525,101013.6,25.99,-4.94,,,,,,,,1,0,CE80
1608,32.160000,SYNTHETIC,DESCENT,7.461,-0.054,6.457,0.079,-0.121,-18.697,101025.4,25.00,-4.98,,,,,,,,1,0,795A
1609,32.180000,SYNTHETIC,DESCENT,7.435,0.005,6.425,0.035,-0.073,-18.024,101020.5,25.41,-4.96,,,,,,,,1,0,64D7
1610,32.200000,SYNTHETIC,DESCENT,7.463,-0.059,6.375,0.098,-0.067,-17.029,101026.2,24.93,-4.98,,,,,,,,1,0,CAA7
1611,32.220000,SYNTHETIC,DESCENT,7.582,0.038,6.289,-0.173,0.239,-16.238,101026.6,24.90,-5.00,,,,,,,,1,0,4502
1612,32.240000,SYNTHETIC,DESCENT,7.534,-0.039,6.190,-0.022,0.047,-15.019,101029.7,24.64,-5.03,,,,,,,,1,0,1CA9
1613,32.260000,SYNTHETIC,DESCENT,7.651,-0.039,6.159,0.037,-0.157,-14.337,101028.8,24.72,-5.04,,,,,,,,1,0,7B6A
1614,32.280000,SYNTHETIC,DESCENT,7.797,-0.049,5.961,-0.006,-0.050,-13.199,101031.2,24.52,-5.07,,,,,,,,1,0,F42F
1615,32.300000,SYNTHETIC,DESCENT,7.827,-0.007,5.942,0.034,-0.120,-12.011,101035.6,24.15,-5.12,,,,,,,,1,0,7511
1616,32.320000,SYNTHETIC,DESCENT,7.855,-0.055,5.694,-0.113,0.165,-10.963,101028.1,24.78,-5.08,,,,,,,,1,0,C1FD
1617,32.340000,SYNTHETIC,DESCENT,7.941,-0.023,5.720,0.034,-0.062,-9.923,101031.9,24.46,-5.07,,,,,,,,1,0,8CB0
1618,32.360000,SYNTHETIC,DESCENT,8.061,-0.023,5.625,0.120,0.080,-8.547,101035.7,24.14,-5.08,,,,,,,,1,0,87FB
1619,32.380000,SYNTHETIC,DESCENT,8.083,-0.001,5.462,0.031,0.062,-7.459,101039.7,23.81,-5.13,,,,,,,,1,0,5619
1620,32.400000,SYNTHETIC,DESCENT,8.180,0.046,5.410,-0.041,-0.001,-6.160,101034.1,24.28,-5.10,,,,,,,,1,0,E604
1621,32.420000,SYNTHETIC,DESCENT,8.178,0.020,5.287,0.159,-0.039,-4.849,101039.1,23.86,-5.11,,,,,,,,1,0,5B46
1622,32.440000,SYNTHETIC,DESCENT,8.323,-0.016,5.254,0.042,-0.125,-3.772,101038.5,23.91,-5.10,,,,,,,,1,0,2A87
1623,32.460000,SYNTHETIC,DESCENT,8.293,0.078,5.105,0.003,0.047,-2.576,101036.5,24.08,-5.07,,,,,,,,1,0,1532
1624,32.480000,SYNTHETIC,DESCENT,8.418,-0.028,5.072,0.147,0.070,-1.195,101041.7,23.64,-5.07,,,,,,,,1,0,F5B3
1625,32.500000,SYNTHETIC,DESCENT,8.517,0.008,4.931,0.161,0.245,0.111,101044.2,23.43,-5.08,,,,,,,,1,0,7EC8
1626,32.520000,SYNTHETIC,DESCENT,8.550,-0.049,4.782,0.014,-0.133,1.239,101042.7,23.56,-5.07,,,,,,,,1,0,0015
1627,32.540000,SYNTHETIC,DESCENT,8.685,-0.071,4.715,-0.176,-0.113,2.599,101038.8,23.88,-5.01,,,,,,,,1,0,372C
1628,32.560000,SYNTHETIC,DESCENT,8.756,-0.017,4.589,-0.216,-0.089,3.674,101043.1,23.52,-4.99,,,,,,,,1,0,D808
1629,32.580000,SYNTHETIC,DESCENT,8.745,-0.034,4.480,-0.036,0.116,4.986,101047.5,23.16,-4.99,,,,,,,,1,0,BB3B
1630,32.600000,SYNTHETIC,DESCENT,8.759,0.011,4.309,-0.106,-0.063,6.285,101044.8,23.38,-4.96,,,,,,,,1,0,EA5A
1631,32.620000,SYNTHETIC,DESCENT,8.821,-0.092,4.180,0.037,0.176,7.584,101050.3,22.92,-4.97,,,,,,,,1,0,6E01
1632,32.640000,SYNTHETIC,DESCENT,8.967,0.044,4.231,0.046,0.060,8.629,101046.3,23.26,-4.93,,,,,,,,1,0,95E9
1633,32.660000,SYNTHETIC,DESCENT,8.936,-0.031,3.965,-0.055,0.041,9.762,101048.3,23.09,-4.90,,,,,,,,1,0,0836
1634,32.680000,SYNTHETIC,DESCENT,8.999,-0.041,3.846,-0.012,0.001,11.022,101053.0,22.70,-4.91,,,,,,,,1,0,AF18
1635,32.700000,SYNTHETIC,DESCENT,9.014,-0.083,3.765,-0.144,-0.084,11.916,101051.6,22.82,-4.89,,,,,,,,1,0,9A61
1636,32.720000,SYNTHETIC,DESCENT,9.131,0.050,3.769,-0.078,0.149,13.314,101053.2,22.68,-4.88,,,,,,,,1,0,485F
1637,32.740000,SYNTHETIC,DESCENT,9.171,-0.026,3.537,-0.054,-0.066,14.044,101052.2,22.77,-4.85,,,,,,,,1,0,0270
1638,32.760000,SYNTHETIC,DESCENT,9.114,-0.011,3.552,-0.102,0.023,15.035,101056.5,22.41,-4.85,,,,,,,,1,0,C263
1639,32.780000,SYNTHETIC,DESCENT,9.183,-0.011,3.386,-0.068,-0.159,16.051,101061.5,21.99,-4.89,,,,,,,,1,0,A013
1640,32.800000,SYNTHETIC,DESCENT,9.264,0.094,3.264,-0.190,-0.076,17.104,101054.6,22.57,-4.84,,,,,,,,1,0,C5EF
1641,32.820000,SYNTHETIC,DESCENT,9.217,-0.043,3.224,0.132,0.075,18.049,101063.2,21.85,-4.87,,,,,,,,1,0,F667
1642,32.840000,SYNTHETIC,DESCENT,9.257,-0.031,3.097,-0.083,-0.054,18.810,101064.9,21.71,-4.91,,,,,,,,1,0,3974
1643,32.860000,SYNTHETIC,DESCENT,9.389,-0.137,3.061,0.020,0.004,19.733,101064.8,21.71,-4.93,,,,,,,,1,0,0B1F
1644,32.880000,SYNTHETIC,DESCENT,9.331,0.011,2.974,-0.130,-0.041,20.289,101057.1,22.36,-4.86,,,,,,,,1,0,ECE2
1645,32.900000,SYNTHETIC,DESCENT,9.382,-0.038,2.930,0.118,0.047,21.122,101065.3,21.67,-4.86,,,,,,,,1,0,EEDC
1646,32.920000,SYNTHETIC,DESCENT,9.373,-0.034,2.911,0.093,0.088,21.744,101066.1,21.61,-4.87,,,,,,,,1,0,D6F1
1647,32.940000,SYNTHETIC,DESCENT,9.383,-0.024,2.812,0.179,0.253,22.457,101065.3,21.67,-4.85,,,,,,,,1,0,CD1B
1648,32.960000,SYNTHETIC,DESCENT,9.449,-0.052,2.673,0.025,0.173,22.814,101071.2,21.18,-4.88,,,,,,,,1,0,DC83
1649,32.980000,SYNTHETIC,DESCENT,9.419,-0.028,2.665,-0.074,-0.031,23.292,101075.7,20.81,-4.94,,,,,,,,1,0,9DF3
1650,33.000000,SYNTHETIC,DESCENT,9.484,0.087,2.638,-0.058,-0.068,23.692,101073.5,20.99,-4.96,21.73,0.0002483,0.0005186,21.2,3,9,4.072,1,0,6BD5
1651,33.020000,SYNTHETIC,DESCENT,9.521,-0.004,2.666,0.090,-0.023,24.100,101078.4,20.58,-5.02,,,,,,,,1,0,C550
1652,33.040000,SYNTHETIC,DESCENT,9.430,-0.029,2.642,0.112,0.027,24.712,101071.4,21.16,-4.99,,,,,,,,1,0,428E
1653,33.060000,SYNTHETIC,DESCENT,9.571,-0.095,2.461,0.039,-0.153,24.451,101072.8,21.05,-4.97,,,,,,,,1,0,F3B5
1654,33.080000,SYNTHETIC,DESCENT,9.388,0.064,2.583,0.061,-0.072,24.805,101077.6,20.65,-4.98,,,,,,,,1,0,E63B
1655,33.100000,SYNTHETIC,DESCENT,9.461,0.009,2.473,-0.056,0.043,24.932,101074.8,20.88,-4.96,,,,,,,,1,0,FA9E
1656,33.120000,SYNTHETIC,DESCENT,9.534,0.044,2.532,-0.079,-0.117,25.081,101080.4,20.41,-4.97,,,,,,,,1,0,313C
1657,33.140000,SYNTHETIC,DESCENT,9.538,0.051,2.617,-0.011,-0.129,25.050,101078.3,20.59,-4.96,,,,,,,,1,0,E54D
1658,33.160000,SYNTHETIC,DESCENT,9.414,-0.025,2.540,0.003,0.068,25.088,101078.6,20.56,-4.94,,,,,,,,1,0,EC59
1659,33.180000,SYNTHETIC,DESCENT,9.431,0.037,2.504,-0.029,0.118,24.911,101077.3,20.67,-4.89,,,,,,,,1,0,9C9D
1660,33.200000,SYNTHETIC,DESCENT,9.392,0.012,2.547,-0.137,0.007,24.610,101079.5,20.49,-4.86,,,,,,,,1,0,972A
1661,33.220000,SYNTHETIC,DESCENT,9.374,0.017,2.639,-0.037,-0.052,24.588,101083.8,20.13,-4.86,,,,,,,,1,0,B159
1662,33.240000,SYNTHETIC,DESCENT,9.421,0.133,2.564,0.071,-0.052,24.005,101086.7,19.89,-4.88,,,,,,,,1,0,3967
1663,33.260000,SYNTHETIC,DESCENT,9.480,0.063,2.685,0.170,0.027,23.663,101086.4,19.91,-4.88,,,,,,,,1,0,4669
1664,33.280000,SYNTHETIC,DESCENT,9.374,-0.008,2.671,0.151,-0.004,23.142,101091.5,19.49,-4.92,,,,,,,,1,0,7D1C
1665,33.300000,SYNTHETIC,DESCENT,9.474,-0.058,2.794,-0.143,0.063,22.551,101088.8,19.71,-4.92,,,,,,,,1,0,8519
1666,33.320000,SYNTHETIC,DESCENT,9.355,-0.036,2.833,-0.192,-0.100,22.076,101094.1,19.27,-4.96,,,,,,,,1,0,003D
1667,33.340000,SYNTHETIC,DESCENT,9.356,-0.050,2.881,0.051,-0.128,21.423,101089.6,19.65,-4.94,,,,,,,,1,0,1436
1668,33.360000,SYNTHETIC,DESCENT,9.317,0.024,2.985,-0.054,-0.168,20.768,101091.0,19.53,-4.93,,,,,,,,1,0,B72B
1669,33.380000,SYNTHETIC,DESCENT,9.362,-0.047,3.011,-0.019,0.067,20.080,101095.7,19.14,-4.95,,,,,,,,1,0,F43A
1670,33.400000,SYNTHETIC,DESCENT,9.272,0.048,3.107,0.156,-0.003,19.193,101099.0,18.86,-4.99,,,,,,,,1,0,63F3
1671,33.420000,SYNTHETIC,DESCENT,9.282,0.046,3.145,-0.037,0.153,18.568,101099.0,18.86,-5.01,,,,,,,,1,0,24C4
1672,33.440000,SYNTHETIC,DESCENT,9.185,0.065,3.211,-0.100,-0.088,17.570,101094.9,19.20,-4.99,,,,,,,,1,0,1416
1673,33.460000,SYNTHETIC,DESCENT,9.257,-0.062,3.396,-0.062,0.021,16.788,101100.3,18.75,-5.00,,,,,,,,1,0,BE47
1674,33.480000,SYNTHETIC,DESCENT,9.180,-0.087,3.405,0.065,0.191,15.683,101102.6,18.56,-5.02,,,,,,,,1,0,ECFE
1675,33.500000,SYNTHETIC,DESCENT,9.098,0.024,3.488,-0.188,0.074,14.711,101099.9,18.79,-5.01,,,,,,,,1,0,BE19
1676,33.520000,SYNTHETIC,DESCENT,9.186,0.111,3.692,0.001,-0.088,13.671,101104.2,18.43,-5.03,,,,,,,,1,0,7646
1677,33.540000,SYNTHETIC,DESCENT,9.039,-0.010,3.783,-0.004,-0.008,12.571,101108.0,18.11,-5.07,,,,,,,,1,0,700C
1678,33.560000,SYNTHETIC,DESCENT,9.025,0.022,3.776,-0.216,0.039,11.419,101104.0,18.44,-5.05,,,,,,,,1,0,D74C
1679,33.580000,SYNTHETIC,DESCENT,8.943,0.085,4.003,0.019,-0.077,10.382,101105.3,18.34,-5.04,,,,,,,,1,0,C1B1
1680,33.600000,SYNTHETIC,DESCENT,8.936,0.021,4.081,0.060,-0.280,9.015,101102.3,18.59,-4.99,,,,,,,,1,0,5F4A
1681,33.620000,SYNTHETIC,DESCENT,8.811,-0.045,4.157,0.115,0.120,7.955,101108.9,18.04,-4.99,,,,,,,,1,0,9432
1682,33.640000,SYNTHETIC,DESCENT,8.832,0.065,4.243,0.072,-0.029,6.672,101113.9,17.62,-5.03,,,,,,,,1,0,1505
1683,33.660000,SYNTHETIC,DESCENT,8.839,-0.017,4.419,0.139,-0.081,5.541,101115.2,17.51,-5.07,,,,,,,,1,0,CB92
1684,33.680000,SYNTHETIC,DESCENT,8.705,0.027,4.554,-0.007,0.025,4.269,101108.8,18.04,-5.04,,,,,,,,1,0,636F
1685,33.700000,SYNTHETIC,DESCENT,8.751,-0.045,4.640,0.003,0.054,3.023,101112.4,17.74,-5.02,,,,,,,,1,0,6136
1686,33.720000,SYNTHETIC,DESCENT,8.663,0.051,4.618,-0.140,-0.167,1.742,101114.0,17.61,-5.02,,,,,,,,1,0,ADE4
1687,33.740000,SYNTHETIC,DESCENT,8.483,0.008,4.910,-0.032,-0.142,0.693,101114.5,17.57,-5.00,,,,,,,,1,0,1A29
1688,33.760000,SYNTHETIC,DESCENT,8.491,0.031,4.968,0.259,-0.046,-0.556,101119.4,17.16,-5.03,,,,,,,,1,0,86B7
1689,33.780000,SYNTHETIC,DESCENT,8.435,0.002,5.020,-0.022,-0.125,-2.124,101115.4,17.49,-5.00,,,,,,,,1,0,DAAA
1690,33.800000,SYNTHETIC,DESCENT,8.311,0.001,5.157,-0.023,0.010,-3.159,101113.3,17.67,-4.94,,,,,,,,1,0,A22E
1691,33.820000,SYNTHETIC,DESCENT,8.261,0.037,5.274,0.089,0.074,-4.477,101118.9,17.20,-4.93,,,,,,,,1,0,5CB1
1692,33.840000,SYNTHETIC,DESCENT,8.151,0.012,5.352,0.130,-0.024,-5.717,101123.1,16.85,-4.95,,,,,,,,1,0,2522
1693,33.860000,SYNTHETIC,DESCENT,8.032,-0.059,5.511,-0.090,0.131,-6.958,101120.8,17.04,-4.93,,,,,,,,1,0,D416
1694,33.880000,SYNTHETIC,DESCENT,8.071,-0.021,5.599,-0.026,0.103,-8.011,101130.9,16.20,-5.00,,,,,,,,1,0,F8E6
1695,33.900000,SYNTHETIC,DESCENT,7.894,0.009,5.722,-0.110,0.001,-9.159,101125.8,16.63,-5.00,,,,,,,,1,0,6BAD
1696,33.920000,SYNTHETIC,DESCENT,7.860,0.010,5.814,-0.132,-0.008,-10.348,101126.4,16.58,-5.00,,,,,,,,1,0,F1E3
1697,33.940000,SYNTHETIC,DESCENT,7.913,0.062,5.962,-0.145,-0.135,-11.461,101127.1,16.52,-5.00,,,,,,,,1,0,2BCD
1698,33.960000,SYNTHETIC,DESCENT,7.723,-0.062,5.993,0.041,-0.103,-12.585,101124.0,16.78,-4.95,,,,,,,,1,0,2F91
1699,33.980000,SYNTHETIC,DESCENT,7.649,-0.075,6.046,-0.202,-0.031,-13.706,101128.6,16.39,-4.94,,,,,,,,1,0,D872
1700,34.000000,SYNTHETIC,DESCENT,7.588,0.076,6.201,-0.028,-0.170,-14.738,101130.5,16.24,-4.94,21.77,0.0002574,0.0005351,11.6,3,9,4.073,1,0,D589
1701,34.020000,SYNTHETIC,DESCENT,7.551,-0.018,6.241,0.103,-0.005,-15.681,101139.3,15.50,-5.01,,,,,,,,1,0,7A83
1702,34.040000,SYNTHETIC,DESCENT,7.405,0.118,6.192,0.005,0.108,-16.614,101134.5,15.90,-5.01,,,,,,,,1,0,45F2
1703,34.060000,SYNTHETIC,DESCENT,7.551,-0.040,6.313,0.055,0.111,-17.477,101134.8,15.88,-5.01,,,,,,,,1,0,6A4A
1704,34.080000,SYNTHETIC,DESCENT,7.541,-0.088,6.464,-0.037,-0.014,-18.478,101133.6,15.98,-4.99,,,,,,,,1,0,83F6
1705,34.100000,SYNTHETIC,DESCENT,7.280,0.014,6.530,-0.088,0.026,-19.247,101137.7,15.64,-4.99,,,,,,,,1,0,53DC
1706,34.120000,SYNTHETIC,DESCENT,7.343,0.105,6.602,0.172,-0.005,-19.953,101138.9,15.54,-5.00,,,,,,,,1,0,C861
1707,34.140000,SYNTHETIC,DESCENT,7.280,-0.031,6.587,-0.077,0.004,-20.844,101140.3,15.42,-5.00,,,,,,,,1,0,6166
1708,34.160000,SYNTHETIC,DESCENT,7.169,-0.014,6.762,-0.011,0.056,-21.452,101138.7,15.55,-4.98,,,,,,,,1,0,AB94
1709,34.180000,SYNTHETIC,DESCENT,7.120,-0.088,6.730,0.042,0.209,-21.984,101143.2,15.18,-4.99,,,,,,,,1,0,C588
1710,34.200000,SYNTHETIC,DESCENT,7.111,0.047,6.863,-0.077,0.132,-22.651,101144.2,15.09,-5.00,,,,,,,,1,0,74F7
1711,34.220000,SYNTHETIC,DESCENT,7.067,-0.035,6.843,-0.014,-0.038,-23.087,101146.1,14.93,-5.02,,,,,,,,1,0,7448
1712,34.240000,SYNTHETIC,DESCENT,7.040,-0.066,6.787,0.035,-0.095,-23.653,101144.8,15.04,-5.01,,,,,,,,1,0,BE3B
1713,34.260000,SYNTHETIC,DESCENT,6.934,-0.010,6.884,-0.116,-0.008,-24.046,101147.1,14.85,-5.01,,,,,,,,1,0,DF88
1714,34.280000,SYNTHETIC,DESCENT,7.009,-0.020,6.927,-0.207,-0.127,-24.323,101145.6,14.98,-4.99,,,,,,,,1,0,8E78
1715,34.300000,SYNTHETIC,DESCENT,7.032,0.019,6.890,-0.121,0.048,-24.628,101151.0,14.53,-5.01,,,,,,,,1,0,A64C
1716,34.320000,SYNTHETIC,DESCENT,6.938,-0.081,6.924,-0.072,0.012,-24.821,101148.9,14.70,-4.99,,,,,,,,1,0,1D31
1717,34.340000,SYNTHETIC,DESCENT,6.934,-0.070,6.875,-0.009,-0.012,-24.953,101155.1,14.18,-5.02,,,,,,,,1,0,7BB8
1718,34.360000,SYNTHETIC,DESCENT,6.861,-0.033,6.929,-0.133,0.113,-24.935,101147.6,14.81,-4.97,,,,,,,,1,0,F0E5
1719,34.380000,SYNTHETIC,DESCENT,6.910,-0.026,6.861,-0.023,-0.068,-24.861,101152.6,14.39,-4.96,,,,,,,,1,0,8A8B
1720,34.400000,SYNTHETIC,DESCENT,6.927,0.040,6.927,-0.046,-0.102,-25.003,101159.8,13.79,-5.01,,,,,,,,1,0,6588
1721,34.420000,SYNTHETIC,DESCENT,6.987,0.067,6.947,0.103,0.049,-24.849,101153.4,14.33,-4.98,,,,,,,,1,0,F2F9
1722,34.440000,SYNTHETIC,DESCENT,6.920,0.046,6.842,-0.029,-0.034,-24.647,101156.7,14.05,-4.97,,,,,,,,1,0,0931
1723,34.460000,SYNTHETIC,DESCENT,7.003,-0.060,6.917,0.196,-0.231,-24.507,101152.1,14.43,-4.91,,,,,,,,1,0,AD48
1724,34.480000,SYNTHETIC,DESCENT,6.942,0.079,6.953,-0.011,-0.005,-24.137,101157.9,13.95,-4.89,,,,,,,,1,0,4ED2
1725,34.500000,SYNTHETIC,DESCENT,7.068,0.018,6.762,0.161,-0.025,-23.753,101160.9,13.70,-4.90,,,,,,,,1,0,23D5
1726,34.520000,SYNTHETIC,DESCENT,7.115,0.074,6.777,0.016,0.016,-23.320,101166.6,13.23,-4.94,,,,,,,,1,0,F96D
1727,34.540000,SYNTHETIC,DESCENT,7.138,0.048,6.853,0.187,0.046,-22.967,101161.9,13.62,-4.93,,,,,,,,1,0,F589
1728,34.560000,SYNTHETIC,DESCENT,7.178,0.064,6.736,-0.192,0.018,-22.184,101167.4,13.16,-4.96,,,,,,,,1,0,5803
1729,34.580000,SYNTHETIC,DESCENT,7.184,-0.108,6.713,0.020,0.201,-21.834,101162.5,13.57,-4.93,,,,,,,,1,0,35FA
1730,34.600000,SYNTHETIC,DESCENT,7.147,-0.087,6.643,0.075,-0.059,-21.165,101170.5,12.90,-4.97,,,,,,,,1,0,89F3
1731,34.620000,SYNTHETIC,DESCENT,7.321,0.106,6.691,0.182,0.017,-20.497,101170.2,12.93,-4.99,,,,,,,,1,0,3929
1732,34.640000,SYNTHETIC,DESCENT,7.215,-0.023,6.556,-0.082,0.016,-19.655,101174.9,12.53,-5.04,,,,,,,,1,0,6D9E
1733,34.660000,SYNTHETIC,DESCENT,7.468,0.065,6.486,-0.206,0.058,-18.836,101166.0,13.28,-4.99,,,,,,,,1,0,D7DC
1734,34.680000,SYNTHETIC,DESCENT,7.420,0.055,6.452,-0.030,-0.097,-17.922,101176.4,12.41,-5.04,,,,,,,,1,0,CCC9
1735,34.700000,SYNTHETIC,DESCENT,7.536,0.011,6.299,-0.133,0.107,-17.238,101174.4,12.58,-5.05,,,,,,,,1,0,A689
1736,34.720000,SYNTHETIC,DESCENT,7.471,0.039,6.302,-0.028,0.037,-16.049,101177.5,12.32,-5.08,,,,,,,,1,0,8A53
1737,34.740000,SYNTHETIC,DESCENT,7.623,0.131,6.220,-0.011,0.065,-15.163,101173.6,12.64,-5.05,,,,,,,,1,0,1ED1
1738,34.760000,SYNTHETIC,DESCENT,7.579,-0.055,6.105,0.155,0.038,-14.203,101179.6,12.14,-5.08,,,,,,,,1,0,F20C
1739,34.780000,SYNTHETIC,DESCENT,7.703,-0.065,6.034,0.021,0.009,-13.312,101181.5,11.98,-5.10,,,,,,,,1,0,500D
1740,34.800000,SYNTHETIC,DESCENT,7.873,-0.019,5.971,-0.042,0.068,-12.052,101178.2,12.26,-5.09,,,,,,,,1,0,FECF
1741,34.820000,SYNTHETIC,DESCENT,7.871,0.080,5.880,-0.084,-0.125,-10.938,101186.0,11.61,-5.14,,,,,,,,1,0,0669
1742,34.840000,SYNTHETIC,DESCENT,7.966,-0.001,5.707,-0.090,-0.121,-9.797,101178.0,12.28,-5.09,,,,,,,,1,0,4E78
1743,34.860000,SYNTHETIC,DESCENT,8.083,0.122,5.675,0.010,0.027,-8.582,101186.6,11.56,-5.12,,,,,,,,1,0,2AFE
1744,34.880000,SYNTHETIC,DESCENT,7.933,0.080,5.678,0.080,0.030,-7.179,101186.7,11.55,-5.14,,,,,,,,1,0,56D3
1745,34.900000,SYNTHETIC,DESCENT,8.141,0.031,5.380,-0.062,0.011,-6.238,101191.2,11.18,-5.19,,,,,,,,1,0,37F1
1746,34.920000,SYNTHETIC,DESCENT,8.218,0.023,5.360,-0.064,0.027,-4.827,101184.8,11.71,-5.16,,,,,,,,1,0,C16C
1747,34.940000,SYNTHETIC,DESCENT,8.209,-0.040,5.307,0.001,-0.031,-3.777,101186.2,11.59,-5.13,,,,,,,,1,0,9D01
1748,34.960000,SYNTHETIC,DESCENT,8.360,0.029,5.083,-0.041,0.027,-2.354,101191.3,11.17,-5.14,,,,,,,,1,0,2F93
1749,34.980000,SYNTHETIC,DESCENT,8.352,-0.106,5.042,-0.078,0.034,-1.366,101188.9,11.37,-5.12,,,,,,,,1,0,F27D
1750,35.000000,SYNTHETIC,DESCENT,8.511,0.032,4.976,0.039,-0.057,0.020,101188.6,11.39,-5.08,21.67,0.0002658,0.0005451,12.2,3,9,4.076,1,0,971D
1751,35.020000,SYNTHETIC,DESCENT,8.553,-0.006,4.776,-0.053,-0.123,1.329,101190.3,11.25,-5.06,,,,,,,,1,0,1087
1752,35.040000,SYNTHETIC,DESCENT,8.581,-0.007,4.768,-0.027,0.187,2.417,101194.2,10.93,-5.05,,,,,,,,1,0,E9D8
1753,35.060000,SYNTHETIC,DESCENT,8.762,0.065,4.530,-0.034,-0.169,3.941,101192.7,11.05,-5.03,,,,,,,,1,0,25BF
1754,35.080000,SYNTHETIC,DESCENT,8.669,-0.052,4.430,0.082,-0.050,4.860,101197.6,10.64,-5.04,,,,,,,,1,0,8DF9
1755,35.100000,SYNTHETIC,DESCENT,8.748,-0.064,4.330,-0.052,-0.152,6.206,101195.3,10.83,-5.01,,,,,,,,1,0,2A3D
1756,35.120000,SYNTHETIC,DESCENT,8.813,0.079,4.177,-0.046,-0.025,7.354,101197.5,10.65,-5.00,,,,,,,,1,0,6500
1757,35.140000,SYNTHETIC,DESCENT,8.969,0.042,4.040,0.011,0.072,8.515,101203.9,10.12,-5.04,,,,,,,,1,0,1D93
1758,35.160000,SYNTHETIC,DESCENT,8.891,-0.041,4.004,-0.064,-0.140,9.797,101200.6,10.39,-5.03,,,,,,,,1,0,0A3E
1759,35.180000,SYNTHETIC,DESCENT,8.987,0.024,3.888,-0.141,-0.060,11.008,101203.7,10.13,-5.04,,,,,,,,1,0,A226
1760,35.200000,SYNTHETIC,DESCENT,9.069,0.066,3.921,0.005,0.059,12.307,101207.7,9.80,-5.08,,,,,,,,1,0,C8CD
1761,35.220000,SYNTHETIC,DESCENT,9.156,-0.031,3.700,0.091,0.135,13.209,101203.7,10.13,-5.06,,,,,,,,1,0,2EBC
1762,35.240000,SYNTHETIC,DESCENT,8.997,-0.054,3.572,0.004,0.065,14.092,101206.9,9.87,-5.07,,,,,,,,1,0,D099
1763,35.260000,SYNTHETIC,DESCENT,9.118,-0.025,3.552,0.088,-0.031,15.218,101203.7,10.13,-5.03,,,,,,,,1,0,0891
1764,35.280000,SYNTHETIC,DESCENT,9.235,-0.024,3.445,0.074,-0.042,16.283,101205.7,9.97,-5.00,,,,,,,,1,0,3888
1765,35.300000,SYNTHETIC,DESCENT,9.304,-0.015,3.309,-0.192,0.087,17.267,101215.4,9.16,-5.05,,,,,,,,1,0,4EF4
1766,35.320000,SYNTHETIC,DESCENT,9.219,0.048,3.158,0.062,-0.065,18.170,101207.3,9.83,-5.02,,,,,,,,1,0,1314
1767,35.340000,SYNTHETIC,DESCENT,9.310,-0.002,3.180,-0.003,0.100,18.792,101208.9,9.70,-4.98,,,,,,,,1,0,37BB
1768,35.360000,SYNTHETIC,DESCENT,9.323,0.029,3.102,0.194,0.109,19.749,101210.6,9.56,-4.96,,,,,,,,1,0,3910
1769,35.380000,SYNTHETIC,DESCENT,9.414,-0.069,3.022,0.044,0.078,20.395,101213.6,9.31,-4.95,,,,,,,,1,0,2B3C
1770,35.400000,SYNTHETIC,DESCENT,9.352,-0.012,2.955,0.159,0.037,21.089,101219.7,8.80,-5.00,,,,,,,,1,0,7B75
1771,35.420000,SYNTHETIC,DESCENT,9.375,0.124,2.875,-0.157,-0.033,21.807,101217.2,9.01,-5.00,,,,,,,,1,0,D131
1772,35.440000,SYNTHETIC,DESCENT,9.414,0.017,2.783,0.115,0.001,22.221,101222.0,8.61,-5.04,,,,,,,,1,0,302C
1773,35.460000,SYNTHETIC,DESCENT,9.388,0.017,2.835,-0.086,-0.152,22.880,101218.7,8.88,-5.03,,,,,,,,1,0,CC80
1774,35.480000,SYNTHETIC,DESCENT,9.456,-0.079,2.668,0.057,0.095,23.470,101218.6,8.89,-5.01,,,,,,,,1,0,86DD
1775,35.500000,SYNTHETIC,DESCENT,9.394,0.037,2.536,-0.129,0.109,23.732,101218.8,8.88,-4.98,,,,,,,,1,0,E705
1776,35.520000,SYNTHETIC,DESCENT,9.363,0.001,2.610,-0.010,0.102,24.236,101221.3,8.67,-4.97,,,,,,,,1,0,8D37
1777,35.540000,SYNTHETIC,DESCENT,9.494,0.011,2.615,-0.052,-0.025,24.272,101224.6,8.39,-4.98,,,,,,,,1,0,CABA
1778,35.560000,SYNTHETIC,DESCENT,9.482,-0.061,2.522,-0.134,-0.023,24.637,101224.8,8.38,-4.97,,,,,,,,1,0,B76C
1779,35.580000,SYNTHETIC,DESCENT,9.481,-0.027,2.597,-0.096,-0.061,24.875,101228.3,8.08,-4.99,,,,,,,,1,0,5BEB
1780,35.600000,SYNTHETIC,DESCENT,9.427,0.017,2.553,0.036,0.078,25.004,101231.6,7.81,-5.03,,,,,,,,1,0,BEEA
1781,35.620000,SYNTHETIC,DESCENT,9.503,-0.015,2.532,0.141,-0.060,25.072,101230.1,7.93,-5.04,,,,,,,,1,0,4FE8
1782,35.640000,SYNTHETIC,DESCENT,9.464,0.028,2.567,0.025,-0.117,24.945,101230.5,7.90,-5.04,,,,,,,,1,0,BE05
1783,35.660000,SYNTHETIC,DESCENT,9.429,0.012,2.615,0.021,-0.034,24.595,101234.3,7.58,-5.07,,,,,,,,1,0,155D
1784,35.680000,SYNTHETIC,DESCENT,9.447,-0.068,2.596,0.009,0.007,24.671,101232.8,7.71,-5.07,,,,,,,,1,0,6504
1785,35.700000,SYNTHETIC,DESCENT,9.382,-0.063,2.645,0.113,0.147,24.692,101233.2,7.68,-5.06,,,,,,,,1,0,7D0D
1786,35.720000,SYNTHETIC,DESCENT,9.450,-0.013,2.582,0.058,-0.136,24.242,101232.7,7.72,-5.03,,,,,,,,1,0,EE84
1787,35.740000,SYNTHETIC,DESCENT,9.407,0.024,2.710,-0.056,0.038,23.907,101230.5,7.90,-4.98,,,,,,,,1,0,DA55
1788,35.760000,SYNTHETIC,DESCENT,9.459,0.002,2.669,0.065,-0.047,23.524,101237.6,7.31,-4.98,,,,,,,,1,0,C48F
1789,35.780000,SYNTHETIC,DESCENT,9.453,-0.001,2.794,0.032,-0.122,23.039,101235.3,7.50,-4.95,,,,,,,,1,0,0F20
1790,35.800000,SYNTHETIC,DESCENT,9.353,0.043,2.795,-0.087,-0.035,22.405,101238.3,7.25,-4.94,,,,,,,,1,0,2835
1791,35.820000,SYNTHETIC,DESCENT,9.463,0.057,2.896,0.084,0.056,22.020,101238.7,7.22,-4.92,,,,,,,,1,0,08A6
1792,35.840000,SYNTHETIC,DESCENT,9.397,0.011,2.962,-0.078,-0.102,21.341,101242.2,6.93,-4.93,,,,,,,,1,0,A807
1793,35.860000,SYNTHETIC,DESCENT,9.362,0.057,2.886,0.074,-0.042,20.847,101241.8,6.96,-4.92,,,,,,,,1,0,4987
1794,35.880000,SYNTHETIC,DESCENT,9.331,-0.041,3.095,-0.022,-0.004,20.015,101243.2,6.84,-4.91,,,,,,,,1,0,CA80
1795,35.900000,SYNTHETIC,DESCENT,9.363,0.087,3.069,0.092,-0.014,19.272,101240.3,7.09,-4.87,,,,,,,,1,0,D8E8
1796,35.920000,SYNTHETIC,DESCENT,9.337,0.010,3.139,0.055,-0.049,18.570,101243.2,6.84,-4.84,,,,,,,,1,0,504C
1797,35.940000,SYNTHETIC,DESCENT,9.226,-0.057,3.235,-0.030,0.029,17.573,101255.3,5.84,-4.92,,,,,,,,1,0,1F67
1798,35.960000,SYNTHETIC,DESCENT,9.289,-0.029,3.370,0.054,-0.050,16.518,101245.8,6.63,-4.90,,,,,,,,1,0,44D8
1799,35.980000,SYNTHETIC,DESCENT,9.109,-0.025,3.370,-0.087,-0.020,15.427,101249.1,6.35,-4.89,,,,,,,,1,0,1454
1800,36.000000,SYNTHETIC,DESCENT,9.073,0.038,3.526,0.074,0.100,14.748,101254.8,5.88,-4.93,21.51,0.0002734,0.0005515,5.3,3,9,4.069,1,0,CD91
1801,36.020000,SYNTHETIC,DESCENT,9.028,0.020,3.617,0.112,0.024,13.693,101255.8,5.79,-4.97,,,,,,,,1,0,AB1B
1802,36.040000,SYNTHETIC,DESCENT,8.968,-0.039,3.723,-0.188,-0.116,12.500,101251.3,6.17,-4.94,,,,,,,,1,0,9237
1803,36.060000,SYNTHETIC,DESCENT,9.026,-0.034,3.750,0.012,0.037,11.519,101256.7,5.72,-4.96,,,,,,,,1,0,0E2D
1804,36.080000,SYNTHETIC,DESCENT,8.946,0.030,3.998,0.049,-0.092,10.416,101256.6,5.73,-4.97,,,,,,,,1,0,24E5
1805,36.100000,SYNTHETIC,DESCENT,8.859,0.017,4.049,-0.011,0.117,9.254,101259.0,5.53,-4.99,,,,,,,,1,0,B279
1806,36.120000,SYNTHETIC,DESCENT,8.858,-0.035,4.166,-0.041,-0.151,8.006,101262.2,5.26,-5.02,,,,,,,,1,0,14A6
1807,36.140000,SYNTHETIC,DESCENT,8.862,0.068,4.262,0.043,-0.015,6.758,101254.0,5.94,-4.96,,,,,,,,1,0,E808
1808,36.160000,SYNTHETIC,DESCENT,8.792,0.089,4.318,0.077,-0.028,5.604,101257.5,5.65,-4.93,,,,,,,,1,0,F85B
1809,36.180000,SYNTHETIC,DESCENT,8.698,0.102,4.505,0.049,0.030,4.430,101261.4,5.33,-4.93,,,,,,,,1,0,AA02
1810,36.200000,SYNTHETIC,DESCENT,8.704,0.082,4.633,0.015,0.028,3.150,101262.6,5.23,-4.93,,,,,,,,1,0,75CC
1811,36.220000,SYNTHETIC,DESCENT,8.632,0.004,4.740,0.036,0.075,1.927,101264.0,5.11,-4.93,,,,,,,,1,0,D967
1812,36.240000,SYNTHETIC,DESCENT,8.445,0.037,4.888,0.025,-0.069,0.584,101264.9,5.04,-4.92,,,,,,,,1,0,0418
1813,36.260000,SYNTHETIC,DESCENT,8.358,0.001,4.996,0.030,0.023,-0.808,101263.8,5.13,-4.90,,,,,,,,1,0,18A3
1814,36.280000,SYNTHETIC,DESCENT,8.394,-0.056,5.070,-0.145,0.079,-1.988,101267.8,4.79,-4.90,,,,,,,,1,0,CEBC
1815,36.300000,SYNTHETIC,DESCENT,8.292,0.038,5.178,0.016,-0.064,-3.092,101275.9,4.12,-4.97,,,,,,,,1,0,C6C8
1816,36.320000,SYNTHETIC,DESCENT,8.270,-0.053,5.291,-0.021,-0.251,-4.436,101270.4,4.58,-4.97,,,,,,,,1,0,675C
1817,36.340000,SYNTHETIC,DESCENT,8.170,-0.093,5.353,0.099,0.104,-5.806,101275.3,4.17,-5.01,,,,,,,,1,0,E1B8
1818,36.360000,SYNTHETIC,DESCENT,8.152,0.012,5.390,0.103,-0.129,-6.853,101267.4,4.83,-4.96,,,,,,,,1,0,C60A
1819,36.380000,SYNTHETIC,DESCENT,8.072,0.006,5.668,-0.017,-0.224,-7.845,101273.9,4.29,-4.96,,,,,,,,1,0,5FED
1820,36.400000,SYNTHETIC,DESCENT,8.072,-0.029,5.774,0.063,0.147,-9.181,101278.9,3.87,-4.99,,,,,,,,1,0,A6E7
1821,36.420000,SYNTHETIC,DESCENT,7.878,-0.025,5.756,-0.155,-0.046,-10.414,101278.9,3.87,-5.02,,,,,,,,1,0,318D
1822,36.440000,SYNTHETIC,DESCENT,7.756,-0.041,5.854,-0.064,-0.044,-11.582,101281.7,3.64,-5.06,,,,,,,,1,0,F04A
1823,36.460000,SYNTHETIC,DESCENT,7.792,-0.001,6.030,-0.014,0.079,-12.595,101278.4,3.91,-5.05,,,,,,,,1,0,C65E
1824,36.480000,SYNTHETIC,DESCENT,7.726,0.020,6.055,-0.146,0.010,-13.637,101283.7,3.47,-5.08,,,,,,,,1,0,AC74
1825,36.500000,SYNTHETIC,DESCENT,7.656,0.139,6.069,-0.239,0.062,-14.718,101283.3,3.50,-5.09,,,,,,,,1,0,1B25
1826,36.520000,SYNTHETIC,DESCENT,7.551,-0.021,6.130,-0.003,0.175,-15.626,101282.3,3.59,-5.08,,,,,,,,1,0,7D71
1827,36.540000,SYNTHETIC,DESCENT,7.530,0.039,6.182,0.114,-0.016,-16.589,101286.0,3.28,-5.10,,,,,,,,1,0,08ED
1828,36.560000,SYNTHETIC,DESCENT,7.416,0.000,6.381,0.080,-0.003,-17.482,101284.2,3.43,-5.09,,,,,,,,1,0,B275
1829,36.580000,SYNTHETIC,DESCENT,7.511,-0.005,6.390,0.052,0.057,-18.380,101282.2,3.60,-5.04,,,,,,,,1,0,468A
1830,36.600000,SYNTHETIC,DESCENT,7.317,0.043,6.481,-0.276,0.042,-19.236,101283.0,3.53,-5.00,,,,,,,,1,0,A8EF
1831,36.620000,SYNTHETIC,DESCENT,7.311,-0.009,6.586,0.147,0.057,-20.127,101281.7,3.64,-4.93,,,,,,,,1,0,BCEB
1832,36.640000,SYNTHETIC,DESCENT,7.219,-0.016,6.575,0.048,-0.019,-20.819,101293.4,2.66,-4.97,,,,,,,,1,0,5A62
1833,36.660000,SYNTHETIC,DESCENT,7.171,0.045,6.750,0.021,-0.051,-21.656,101295.9,2.45,-5.02,,,,,,,,1,0,489F
1834,36.680000,SYNTHETIC,DESCENT,7.114,0.000,6.656,0.059,-0.068,-22.073,101289.2,3.01,-4.99,,,,,,,,1,0,A695
1835,36.700000,SYNTHETIC,DESCENT,7.135,-0.054,6.702,-0.088,-0.075,-22.647,101291.7,2.80,-4.97,,,,,,,,1,0,750F
1836,36.720000,SYNTHETIC,DESCENT,7.056,0.075,6.833,0.101,-0.136,-23.282,101294.8,2.55,-4.98,,,,,,,,1,0,D553
1837,36.740000,SYNTHETIC,DESCENT,7.072,0.023,6.815,0.166,-0.034,-23.583,101294.3,2.59,-4.96,,,,,,,,1,0,57F7
1838,36.760000,SYNTHETIC,DESCENT,7.095,0.052,6.921,-0.011,0.156,-24.033,101296.9,2.37,-4.97,,,,,,,,1,0,D3FF
1839,36.780000,SYNTHETIC,DESCENT,7.001,0.027,6.886,-0.009,0.116,-24.346,101296.9,2.37,-4.96,,,,,,,,1,0,C86D
1840,36.800000,SYNTHETIC,DESCENT,6.981,-0.002,6.863,-0.131,-0.009,-24.423,101295.0,2.53,-4.92,,,,,,,,1,0,7452
1841,36.820000,SYNTHETIC,DESCENT,7.035,0.012,6.912,0.025,-0.187,-24.857,101302.9,1.87,-4.94,,,,,,,,1,0,5819
1842,36.840000,SYNTHETIC,DESCENT,6.886,0.037,6.856,-0.140,0.037,-24.821,101301.4,2.00,-4.94,,,,,,,,1,0,01B0
1843,36.860000,SYNTHETIC,DESCENT,6.836,0.043,6.892,0.136,-0.022,-25.064,101307.1,1.52,-4.99,,,,,,,,1,0,B500
1844,36.880000,SYNTHETIC,DESCENT,7.031,-0.053,6.978,-0.160,0.062,-24.967,101303.3,1.84,-4.98,,,,,,,,1,0,8A21
1845,36.900000,SYNTHETIC,DESCENT,6.873,0.060,6.948,0.106,-0.031,-25.091,101301.4,2.00,-4.94,,,,,,,,1,0,1FAF
1846,36.920000,SYNTHETIC,DESCENT,7.029,-0.016,6.860,-0.213,0.104,-25.044,101304.7,1.72,-4.93,,,,,,,,1,0,5955
1847,36.940000,SYNTHETIC,DESCENT,6.963,-0.004,6.959,-0.019,-0.194,-24.655,101307.9,1.46,-4.94,,,,,,,,1,0,5428
1848,36.960000,SYNTHETIC,DESCENT,6.976,-0.037,6.929,-0.111,0.201,-24.409,101308.3,1.42,-4.94,,,,,,,,1,0,150B
1849,36.980000,SYNTHETIC,DESCENT,7.024,-0.012,6.779,0.065,0.002,-24.042,101305.8,1.63,-4.90,,,,,,,,1,0,1A13
1850,37.000000,SYNTHETIC,DESCENT,7.124,0.081,6.823,0.005,-0.045,-23.793,101315.3,0.84,-4.95,21.42,0.0002809,0.0005728,1.2,3,9,4.072,1,0,CD6A
1851,37.020000,SYNTHETIC,DESCENT,7.069,-0.023,6.810,0.152,-0.031,-23.216,101310.4,1.25,-4.93,,,,,,,,1,0,0106
1852,37.040000,SYNTHETIC,DESCENT,7.110,-0.056,6.739,0.090,0.089,-22.981,101310.7,1.22,-4.91,,,,,,,,1,0,4FB0
1853,37.060000,SYNTHETIC,DESCENT,7.186,-0.045,6.789,0.259,-0.197,-22.279,101318.7,0.56,-4.95,,,,,,,,1,0,956B
1854,37.080000,SYNTHETIC,DESCENT,7.218,0.019,6.625,0.022,0.007,-21.735,101310.5,1.24,-4.90,,,,,,,,1,0,A4D4
1855,37.100000,SYNTHETIC,DESCENT,7.327,-0.041,6.592,-0.186,-0.057,-21.038,101315.5,0.82,-4.89,,,,,,,,1,0,0AD1
1856,37.120000,SYNTHETIC,DESCENT,7.300,0.072,6.554,-0.275,0.079,-20.532,101321.5,0.32,-4.93,,,,,,,,1,0,F17E
1857,37.140000,SYNTHETIC,DESCENT,7.307,0.008,6.538,-0.027,-0.105,-19.606,101320.4,0.42,-4.94,,,,,,,,1,0,B746
1858,37.160000,SYNTHETIC,DESCENT,7.386,-0.036,6.435,0.084,0.137,-18.896,101318.9,0.54,-4.93,,,,,,,,1,0,C9A9
1859,37.180000,SYNTHETIC,DESCENT,7.399,0.019,6.501,-0.071,0.053,-18.216,101322.5,0.24,-4.94,,,,,,,,1,0,5070
1860,37.200000,SYNTHETIC,DESCENT,7.496,0.030,6.314,-0.001,0.062,-16.955,101322.8,0.22,-4.94,,,,,,,,1,0,11EA
1861,37.220000,SYNTHETIC,DESCENT,7.529,0.004,6.252,-0.088,-0.134,-16.151,101323.4,0.17,-4.94,,,,,,,,1,0,2695
1862,37.240000,SYNTHETIC,DESCENT,9.736,0.011,-0.024,-0.089,-0.063,-0.008,101328.2,-0.23,-4.97,,,,,,,,1,0,1847
1863,37.260000,SYNTHETIC,DESCENT,9.895,0.070,0.033,0.114,0.112,0.070,101325.7,-0.03,-4.96,,,,,,,,1,0,7093
1864,37.280000,SYNTHETIC,DESCENT,9.826,-0.004,0.007,-0.170,-0.082,0.049,101323.7,0.14,-4.92,,,,,,,,1,0,085E
1865,37.300000,SYNTHETIC,DESCENT,9.747,-0.051,0.026,0.037,-0.166,-0.069,101323.6,0.15,-4.88,,,,,,,,1,0,ED69
1866,37.320000,SYNTHETIC,DESCENT,9.822,0.055,0.040,0.010,0.192,0.088,101322.0,0.28,-4.81,,,,,,,,1,0,5AE0
1867,37.340000,SYNTHETIC,DESCENT,9.948,-0.039,0.012,-0.107,-0.063,0.149,101321.9,0.29,-4.73,,,,,,,,1,0,24EC
1868,37.360000,SYNTHETIC,DESCENT,9.856,-0.017,0.132,-0.217,-0.065,-0.080,101319.0,0.53,-4.62,,,,,,,,1,0,3D47
1869,37.380000,SYNTHETIC,DESCENT,9.863,-0.011,0.030,0.026,0.117,-0.079,101319.9,0.46,-4.51,,,,,,,,1,0,EEC8
1870,37.400000,SYNTHETIC,DESCENT,9.808,-0.057,0.054,0.020,-0.105,-0.003,101328.8,-0.28,-4.49,,,,,,,,1,0,3DAC
1871,37.420000,SYNTHETIC,DESCENT,9.817,-0.013,-0.023,0.020,-0.039,-0.022,101324.0,0.12,-4.41,,,,,,,,1,0,E6AA
1872,37.440000,SYNTHETIC,DESCENT,9.835,0.002,-0.056,0.138,-0.005,-0.035,101324.9,0.04,-4.33,,,,,,,,1,0,B383
1873,37.460000,SYNTHETIC,DESCENT,9.765,0.033,0.018,-0.014,-0.146,-0.113,101319.3,0.51,-4.20,,,,,,,,1,0,EE1C
1874,37.480000,SYNTHETIC,DESCENT,9.857,0.038,-0.042,-0.034,0.167,0.169,101317.8,0.63,-4.05,,,,,,,,1,0,0098
1875,37.500000,SYNTHETIC,DESCENT,9.774,0.002,-0.015,-0.066,0.016,-0.058,101328.5,-0.26,-4.00,,,,,,,,1,0,B5F7
1876,37.520000,SYNTHETIC,DESCENT,9.727,-0.013,-0.056,0.036,0.007,-0.013,101326.8,-0.12,-3.93,,,,,,,,1,0,E94C
1877,37.540000,SYNTHETIC,DESCENT,9.824,-0.014,0.065,0.061,0.036,0.128,101321.2,0.35,-3.81,,,,,,,,1,0,5E30
1878,37.560000,SYNTHETIC,DESCENT,9.858,0.016,0.041,0.155,0.118,0.055,101323.7,0.14,-3.70,,,,,,,,1,0,0C56
1879,37.580000,SYNTHETIC,DESCENT,9.792,0.022,-0.061,0.119,0.015,-0.203,101326.8,-0.12,-3.63,,,,,,,,1,0,3A38
1880,37.600000,SYNTHETIC,DESCENT,9.860,0.010,0.033,0.083,-0.017,-0.033,101327.4,-0.17,-3.56,,,,,,,,1,0,54CC
1881,37.620000,SYNTHETIC,DESCENT,9.799,-0.123,0.068,0.124,0.112,-0.084,101327.8,-0.20,-3.48,,,,,,,,1,0,2D8F
1882,37.640000,SYNTHETIC,DESCENT,9.817,-0.001,-0.055,0.099,-0.063,-0.099,101324.9,0.04,-3.38,,,,,,,,1,0,6654
1883,37.660000,SYNTHETIC,DESCENT,9.826,-0.075,-0.087,0.119,0.060,0.095,101324.4,0.08,-3.27,,,,,,,,1,0,4288
1884,37.680000,SYNTHETIC,DESCENT,9.811,-0.018,0.038,0.097,-0.104,0.079,101325.5,-0.01,-3.17,,,,,,,,1,0,015C
1885,37.700000,SYNTHETIC,DESCENT,9.818,0.100,0.017,0.219,0.030,-0.123,101324.0,0.12,-3.06,,,,,,,,1,0,EF58
1886,37.720000,SYNTHETIC,DESCENT,9.788,-0.020,0.020,-0.010,-0.057,0.085,101326.4,-0.08,-2.97,,,,,,,,1,0,0F28
1887,37.740000,SYNTHETIC,DESCENT,9.875,-0.035,0.027,-0.090,0.075,0.018,101321.9,0.29,-2.84,,,,,,,,1,0,712A
1888,37.760000,SYNTHETIC,DESCENT,9.757,-0.031,-0.027,0.096,0.271,-0.033,101324.8,0.05,-2.73,,,,,,,,1,0,5219
1889,37.780000,SYNTHETIC,DESCENT,9.856,-0.007,0.026,-0.078,-0.026,-0.032,101327.2,-0.15,-2.65,,,,,,,,1,0,38DB
1890,37.800000,SYNTHETIC,DESCENT,9.775,-0.052,-0.023,0.006,0.092,0.030,101326.8,-0.12,-2.57,,,,,,,,1,0,59EB
1891,37.820000,SYNTHETIC,DESCENT,9.769,-0.063,0.009,-0.076,0.015,-0.075,101320.5,0.41,-2.42,,,,,,,,1,0,655B
1892,37.840000,SYNTHETIC,DESCENT,9.693,-0.048,-0.017,0.094,-0.034,0.118,101327.7,-0.19,-2.35,,,,,,,,1,0,E297
1893,37.860000,SYNTHETIC,DESCENT,9.865,-0.052,0.000,-0.058,0.140,0.107,101330.5,-0.43,-2.30,,,,,,,,1,0,50A6
1894,37.880000,SYNTHETIC,DESCENT,9.866,-0.006,-0.012,-0.273,-0.055,-0.066,101323.9,0.12,-2.19,,,,,,,,1,0,FE88
1895,37.900000,SYNTHETIC,DESCENT,9.808,-0.067,-0.044,-0.053,-0.283,0.084,101319.1,0.52,-2.03,,,,,,,,1,0,CA46
1896,37.920000,SYNTHETIC,DESCENT,9.817,-0.073,-0.052,0.122,0.077,-0.167,101322.9,0.21,-1.92,,,,,,,,1,0,2082
1897,37.940000,SYNTHETIC,DESCENT,9.806,0.035,-0.061,-0.068,0.094,0.150,101323.7,0.14,-1.82,,,,,,,,1,0,0EB5
1898,37.960000,SYNTHETIC,DESCENT,9.760,-0.072,0.030,0.073,0.090,0.162,101323.7,0.14,-1.72,,,,,,,,1,0,6E89
1899,37.980000,SYNTHETIC,DESCENT,9.785,-0.026,-0.099,-0.054,-0.191,0.033,101319.1,0.52,-1.58,,,,,,,,1,0,B09D
1900,38.000000,SYNTHETIC,DESCENT,9.794,0.077,0.006,0.182,-0.085,0.044,101322.7,0.22,-1.48,21.50,0.0003087,0.0005657,-2.7,3,9,4.073,1,0,EE50
1901,38.020000,SYNTHETIC,DESCENT,9.817,-0.010,0.022,0.152,0.090,-0.062,101328.8,-0.28,-1.44,,,,,,,,1,0,61E9
1902,38.040000,SYNTHETIC,DESCENT,9.855,-0.010,-0.088,-0.067,0.227,0.012,101322.8,0.22,-1.34,,,,,,,,1,0,E4F9
1903,38.060000,SYNTHETIC,DESCENT,9.788,-0.016,-0.064,-0.018,-0.024,0.140,101317.5,0.66,-1.19,,,,,,,,1,0,7961
1904,38.080000,SYNTHETIC,DESCENT,9.788,0.025,0.063,-0.116,-0.079,-0.045,101322.5,0.24,-1.10,,,,,,,,1,0,9865
1905,38.100000,SYNTHETIC,DESCENT,9.755,-0.030,-0.008,0.041,-0.008,0.015,101325.4,0.00,-1.05,,,,,,,,1,0,35E0
1906,38.120000,SYNTHETIC,DESCENT,9.755,-0.060,0.040,-0.027,0.149,0.092,101326.0,-0.05,-1.00,,,,,,,,1,0,76CB
1907,38.140000,SYNTHETIC,DESCENT,9.788,0.046,0.011,-0.072,-0.084,-0.007,101321.6,0.32,-0.90,,,,,,,,1,0,ED27
1908,38.160000,SYNTHETIC,DESCENT,9.804,-0.062,0.044,0.014,-0.078,0.046,101324.4,0.08,-0.84,,,,,,,,1,0,1C9C
1909,38.180000,SYNTHETIC,DESCENT,9.768,0.010,0.037,0.011,-0.160,0.037,101324.3,0.09,-0.78,,,,,,,,1,0,52D7
1910,38.200000,SYNTHETIC,DESCENT,9.856,0.081,-0.013,0.023,0.185,-0.121,101322.1,0.27,-0.70,,,,,,,,1,0,4452
1911,38.220000,SYNTHETIC,DESCENT,9.834,-0.050,0.004,0.044,-0.037,0.044,101326.4,-0.08,-0.67,,,,,,,,1,0,9E33
1912,38.240000,SYNTHETIC,DESCENT,9.794,0.054,0.021,0.076,0.042,-0.070,101328.1,-0.23,-0.65,,,,,,,,1,0,8A9D
1913,38.260000,SYNTHETIC,DESCENT,9.831,-0.021,0.054,0.103,-0.177,0.117,101325.8,-0.03,-0.61,,,,,,,,1,0,A082
1914,38.280000,SYNTHETIC,DESCENT,9.832,0.004,0.042,0.029,-0.159,0.063,101326.1,-0.06,-0.58,,,,,,,,1,0,5722
1915,38.300000,SYNTHETIC,DESCENT,9.990,0.099,-0.058,0.036,0.092,0.040,101324.6,0.07,-0.53,,,,,,,,1,0,A9D7
1916,38.320000,SYNTHETIC,DESCENT,9.800,0.003,0.005,0.048,-0.046,-0.018,101325.6,-0.02,-0.49,,,,,,,,1,0,3713
1917,38.340000,SYNTHETIC,DESCENT,9.866,-0.019,-0.059,-0.040,-0.008,0.095,101320.0,0.45,-0.40,,,,,,,,1,0,7088
1918,38.360000,SYNTHETIC,DESCENT,9.857,0.000,0.043,0.048,-0.132,0.004,101325.4,0.00,-0.37,,,,,,,,1,0,CF33
1919,38.380000,SYNTHETIC,DESCENT,9.861,-0.020,-0.045,0.193,-0.091,-0.024,101329.4,-0.33,-0.37,,,,,,,,1,0,CB92
1920,38.400000,SYNTHETIC,DESCENT,9.793,0.031,0.034,-0.101,-0.088,-0.049,101329.5,-0.34,-0.38,,,,,,,,1,0,9BE3
1921,38.420000,SYNTHETIC,DESCENT,9.847,0.022,0.021,0.186,0.174,-0.131,101322.9,0.21,-0.32,,,,,,,,1,0,75D0
1922,38.440000,SYNTHETIC,DESCENT,9.774,0.037,0.043,-0.134,-0.025,-0.039,101326.9,-0.13,-0.31,,,,,,,,1,0,C314
1923,38.460000,SYNTHETIC,DESCENT,9.835,0.013,0.002,0.051,-0.053,-0.130,101322.4,0.25,-0.25,,,,,,,,1,0,AEAC
1924,38.480000,SYNTHETIC,DESCENT,9.842,0.048,0.078,0.088,0.001,0.021,101325.3,0.01,-0.22,,,,,,,,1,0,AF15
1925,38.500000,SYNTHETIC,DESCENT,9.732,-0.011,0.045,0.049,-0.026,-0.077,101325.7,-0.03,-0.20,,,,,,,,1,0,9791
1926,38.520000,SYNTHETIC,DESCENT,9.819,0.098,0.045,-0.126,-0.070,-0.062,101322.7,0.22,-0.15,,,,,,,,1,0,581E
1927,38.540000,SYNTHETIC,DESCENT,9.843,0.008,0.011,-0.049,-0.123,-0.026,101324.1,0.11,-0.11,,,,,,,,1,0,E421
1928,38.560000,SYNTHETIC,DESCENT,9.784,0.016,0.050,0.071,-0.121,0.100,101324.0,0.12,-0.08,,,,,,,,1,0,1784
1929,38.580000,SYNTHETIC,DESCENT,9.742,0.050,-0.066,-0.056,-0.004,0.068,101320.6,0.40,-0.01,,,,,,,,1,0,1BB3
1930,38.600000,SYNTHETIC,DESCENT,9.828,-0.043,-0.006,-0.248,-0.081,-0.011,101325.3,0.01,0.00,,,,,,,,1,0,F413
1931,38.620000,SYNTHETIC,DESCENT,9.787,0.035,-0.071,-0.095,-0.125,0.112,101323.4,0.17,0.03,,,,,,,,1,0,49D4
1932,38.640000,SYNTHETIC,DESCENT,9.946,-0.040,0.015,-0.255,-0.222,-0.006,101319.9,0.46,0.09,,,,,,,,1,0,E5F4
1933,38.660000,SYNTHETIC,DESCENT,9.880,0.005,-0.021,-0.092,0.068,0.257,101323.6,0.15,0.12,,,,,,,,1,0,619A
1934,38.680000,SYNTHETIC,DESCENT,9.866,-0.083,0.004,0.003,-0.336,-0.125,101324.9,0.04,0.13,,,,,,,,1,0,A48A
1935,38.700000,SYNTHETIC,DESCENT,9.833,-0.029,0.008,0.043,0.073,-0.099,101330.9,-0.46,0.08,,,,,,,,1,0,9652
1936,38.720000,SYNTHETIC,DESCENT,9.833,-0.002,-0.050,0.127,-0.029,-0.015,101324.2,0.10,0.09,,,,,,,,1,0,B3DF
1937,38.740000,SYNTHETIC,DESCENT,9.811,-0.038,-0.011,0.016,0.216,0.025,101320.2,0.43,0.15,,,,,,,,1,0,664B
1938,38.760000,SYNTHETIC,DESCENT,9.815,-0.005,-0.016,-0.080,-0.056,0.145,101325.3,0.01,0.15,,,,,,,,1,0,2C70
1939,38.780000,SYNTHETIC,DESCENT,9.737,-0.068,0.071,-0.091,0.134,-0.105,101328.5,-0.26,0.12,,,,,,,,1,0,CF49
1940,38.800000,SYNTHETIC,DESCENT,9.767,-0.029,0.045,-0.058,-0.097,0.039,101327.4,-0.17,0.10,,,,,,,,1,0,081E
1941,38.820000,SYNTHETIC,DESCENT,9.849,0.009,0.009,0.143,0.221,0.087,101323.7,0.14,0.12,,,,,,,,1,0,F75D
1942,38.840000,SYNTHETIC,DESCENT,9.864,0.001,-0.013,-0.027,-0.006,-0.156,101327.2,-0.15,0.11,,,,,,,,1,0,87FA
1943,38.860000,SYNTHETIC,DESCENT,9.832,-0.068,-0.029,0.054,-0.034,0.126,101323.7,0.14,0.13,,,,,,,,1,0,E855
1944,38.880000,SYNTHETIC,DESCENT,9.824,0.006,-0.045,0.037,-0.122,0.059,101329.7,-0.36,0.08,,,,,,,,1,0,31C2
1945,38.900000,SYNTHETIC,DESCENT,9.784,0.002,-0.016,0.028,-0.007,-0.106,101326.1,-0.06,0.08,,,,,,,,1,0,4EE7
1946,38.920000,SYNTHETIC,DESCENT,9.793,0.047,-0.057,0.121,-0.036,-0.023,101325.1,0.02,0.09,,,,,,,,1,0,5F9A
1947,38.940000,SYNTHETIC,DESCENT,9.775,-0.047,-0.036,0.007,-0.022,-0.192,101330.4,-0.42,0.04,,,,,,,,1,0,9117
1948,38.960000,SYNTHETIC,DESCENT,9.779,0.142,-0.130,-0.110,-0.085,0.193,101326.9,-0.13,0.03,,,,,,,,1,0,63C4
1949,38.980000,SYNTHETIC,DESCENT,9.789,-0.018,-0.064,-0.006,0.004,0.029,101326.6,-0.10,0.03,,,,,,,,1,0,76B5
1950,39.000000,SYNTHETIC,DESCENT,9.821,0.021,0.047,-0.009,0.126,0.214,101325.3,0.01,0.03,21.47,0.0002785,0.0005684,2.8,3,9,4.064,1,0,B41C
1951,39.020000,SYNTHETIC,DESCENT,9.863,0.060,0.000,-0.120,-0.180,-0.022,101325.1,0.02,0.04,,,,,,,,1,0,64CF
1952,39.040000,SYNTHETIC,DESCENT,9.612,-0.019,0.027,-0.036,0.019,0.198,101326.2,-0.07,0.04,,,,,,,,1,0,3710
1953,39.060000,SYNTHETIC,DESCENT,9.845,-0.073,-0.050,-0.135,0.041,-0.018,101323.1,0.19,0.07,,,,,,,,1,0,FC12
1954,39.080000,SYNTHETIC,DESCENT,9.828,0.035,0.047,0.030,-0.056,0.106,101321.8,0.30,0.11,,,,,,,,1,0,A3D9
1955,39.100000,SYNTHETIC,DESCENT,9.776,-0.071,-0.056,-0.092,-0.077,-0.079,101323.0,0.20,0.13,,,,,,,,1,0,27A6
1956,39.120000,SYNTHETIC,DESCENT,9.784,-0.005,-0.109,-0.139,-0.126,0.150,101323.5,0.16,0.15,,,,,,,,1,0,251D
1957,39.140000,SYNTHETIC,DESCENT,9.903,-0.126,0.028,-0.010,0.065,-0.038,101325.9,-0.04,0.14,,,,,,,,1,0,05C2
1958,39.160000,SYNTHETIC,DESCENT,9.831,0.011,0.028,-0.002,0.111,-0.088,101327.4,-0.17,0.12,,,,,,,,1,0,99BA
1959,39.180000,SYNTHETIC,DESCENT,9.806,-0.025,0.007,-0.163,0.023,0.050,101325.4,0.00,0.11,,,,,,,,1,0,2DD3
1960,39.200000,SYNTHETIC,DESCENT,9.828,-0.073,0.073,0.042,0.055,0.088,101329.4,-0.33,0.07,,,,,,,,1,0,4E16
1961,39.220000,SYNTHETIC,DESCENT,9.795,-0.082,-0.042,-0.108,-0.217,-0.089,101321.3,0.34,0.12,,,,,,,,1,0,AE88
1962,39.240000,SYNTHETIC,DESCENT,9.787,-0.018,0.087,0.045,0.087,0.027,101330.4,-0.42,0.06,,,,,,,,1,0,5213
1963,39.260000,SYNTHETIC,DESCENT,9.745,0.064,0.022,-0.059,0.050,-0.052,101325.1,0.02,0.07,,,,,,,,1,0,E342
1964,39.280000,SYNTHETIC,DESCENT,9.763,-0.009,-0.039,0.020,0.007,0.159,101323.1,0.19,0.09,,,,,,,,1,0,2C94
1965,39.300000,SYNTHETIC,DESCENT,9.865,0.054,0.011,-0.033,0.055,-0.008,101325.4,0.00,0.09,,,,,,,,1,0,6F0D
1966,39.320000,SYNTHETIC,DESCENT,9.776,0.044,-0.074,0.127,-0.172,0.109,101325.5,-0.01,0.09,,,,,,,,1,0,A71C
1967,39.340000,SYNTHETIC,DESCENT,9.718,-0.028,-0.020,0.029,-0.025,-0.096,101324.3,0.09,0.10,,,,,,,,1,0,FD21
1968,39.360000,SYNTHETIC,DESCENT,9.857,-0.017,-0.014,-0.144,-0.018,0.113,101324.7,0.06,0.10,,,,,,,,1,0,99C3
1969,39.380000,SYNTHETIC,DESCENT,9.792,-0.090,0.054,0.112,0.051,0.032,101327.3,-0.16,0.08,,,,,,,,1,0,7AE2
1970,39.400000,SYNTHETIC,DESCENT,9.834,0.004,-0.007,0.118,0.122,-0.023,101327.2,-0.15,0.06,,,,,,,,1,0,C212
1971,39.420000,SYNTHETIC,DESCENT,9.887,-0.031,0.028,-0.032,0.042,-0.020,101328.0,-0.22,0.04,,,,,,,,1,0,A248
1972,39.440000,SYNTHETIC,DESCENT,9.769,-0.035,-0.020,0.048,-0.206,-0.104,101324.8,0.05,0.04,,,,,,,,1,0,2B49
1973,39.460000,SYNTHETIC,DESCENT,9.814,0.003,-0.096,0.053,0.187,0.026,101323.5,0.16,0.06,,,,,,,,1,0,831D
1974,39.480000,SYNTHETIC,DESCENT,9.717,-0.040,-0.051,0.049,0.026,-0.158,101321.5,0.32,0.10,,,,,,,,1,0,C9DF
1975,39.500000,SYNTHETIC,DESCENT,9.782,0.079,-0.023,0.130,0.179,0.077,101324.9,0.04,0.10,,,,,,,,1,0,A3EF
1976,39.520000,SYNTHETIC,DESCENT,9.796,0.016,-0.021,0.052,0.148,0.055,101326.2,-0.07,0.09,,,,,,,,1,0,6221
1977,39.540000,SYNTHETIC,DESCENT,9.766,0.050,0.060,-0.005,-0.124,-0.040,101323.3,0.17,0.11,,,,,,,,1,0,E34E
1978,39.560000,SYNTHETIC,DESCENT,9.764,0.094,0.029,0.033,0.103,0.033,101325.8,-0.03,0.10,,,,,,,,1,0,9633
1979,39.580000,SYNTHETIC,DESCENT,9.880,0.013,0.007,-0.029,-0.022,0.170,101321.5,0.32,0.13,,,,,,,,1,0,B4BF
1980,39.600000,SYNTHETIC,DESCENT,9.795,0.042,0.066,0.130,0.010,-0.156,101326.4,-0.08,0.12,,,,,,,,1,0,28AA
1981,39.620000,SYNTHETIC,DESCENT,9.845,0.068,0.121,-0.105,0.113,-0.015,101325.7,-0.03,0.11,,,,,,,,1,0,C2C3
1982,39.640000,SYNTHETIC,DESCENT,9.822,-0.082,-0.039,0.007,0.139,-0.112,101319.5,0.49,0.16,,,,,,,,1,0,B47B
1983,39.660000,SYNTHETIC,DESCENT,9.775,0.118,-0.048,0.025,0.005,-0.089,101325.5,-0.01,0.15,,,,,,,,1,0,EE25
1984,39.680000,SYNTHETIC,DESCENT,9.805,0.123,0.043,0.024,0.011,-0.093,101328.4,-0.25,0.11,,,,,,,,1,0,3E8B
1985,39.700000,SYNTHETIC,DESCENT,9.651,0.019,-0.039,0.149,-0.026,-0.191,101319.5,0.49,0.16,,,,,,,,1,0,5553
1986,39.720000,SYNTHETIC,DESCENT,9.728,-0.103,0.089,0.139,-0.052,-0.042,101324.5,0.07,0.16,,,,,,,,1,0,E477
1987,39.740000,SYNTHETIC,DESCENT,9.823,0.020,0.035,-0.122,0.088,0.085,101325.5,-0.01,0.15,,,,,,,,1,0,7A73
1988,39.760000,SYNTHETIC,DESCENT,9.829,-0.005,-0.080,0.082,-0.010,-0.120,101326.0,-0.05,0.13,,,,,,,,1,0,AB66
1989,39.780000,SYNTHETIC,DESCENT,9.821,-0.027,0.002,0.102,0.001,-0.072,101324.7,0.06,0.13,,,,,,,,1,0,F993
1990,39.800000,SYNTHETIC,DESCENT,9.771,-0.011,0.006,-0.036,0.051,0.078,101324.5,0.07,0.13,,,,,,,,1,0,6793
1991,39.820000,SYNTHETIC,DESCENT,9.798,-0.054,0.078,-0.099,-0.102,0.017,101326.9,-0.13,0.10,,,,,,,,1,0,4E9E
1992,39.840000,SYNTHETIC,DESCENT,9.838,-0.105,0.028,-0.088,0.031,0.019,101323.8,0.13,0.11,,,,,,,,1,0,8DEA
1993,39.860000,SYNTHETIC,DESCENT,9.795,-0.083,-0.045,0.085,-0.041,0.026,101323.3,0.17,0.12,,,,,,,,1,0,39CE
1994,39.880000,SYNTHETIC,DESCENT,9.778,0.055,0.018,0.071,0.046,0.161,101322.4,0.25,0.14,,,,,,,,1,0,16AC
1995,39.900000,SYNTHETIC,DESCENT,9.908,0.035,0.009,0.062,-0.095,0.071,101321.5,0.32,0.16,,,,,,,,1,0,7E27
1996,39.920000,SYNTHETIC,DESCENT,9.779,0.042,-0.039,-0.028,-0.044,0.020,101324.4,0.08,0.16,,,,,,,,1,0,66E3
1997,39.940000,SYNTHETIC,DESCENT,9.727,0.015,0.055,-0.029,-0.009,-0.036,101325.3,0.01,0.15,,,,,,,,1,0,4B66
1998,39.960000,SYNTHETIC,DESCENT,9.811,0.028,0.054,0.006,0.062,-0.074,101324.1,0.11,0.15,,,,,,,,1,0,88D1
1999,39.980000,SYNTHETIC,DESCENT,9.832,0.074,0.090,-0.284,0.214,0.008,101325.2,0.02,0.13,,,,,,,,1,0,5FAF
2000,40.000000,SYNTHETIC,DESCENT,9.775,0.057,-0.019,-0.053,0.012,-0.113,101327.2,-0.15,0.10,21.40,0.0002883,0.0005571,-1.7,3,9,4.066,1,0,CEE7
2001,40.020000,SYNTHETIC,LANDED,9.840,-0.033,-0.016,-0.049,0.057,-0.017,101322.5,0.24,0.12,,,,,,,,1,0,58EA
2002,40.040000,SYNTHETIC,LANDED,9.816,0.015,-0.030,-0.065,-0.071,-0.081,101327.3,-0.16,0.09,,,,,,,,1,0,8876
2003,40.060000,SYNTHETIC,LANDED,9.857,0.038,-0.020,0.080,0.039,-0.019,101324.2,0.10,0.09,,,,,,,,1,0,B0BE
2004,40.080000,SYNTHETIC,LANDED,9.770,0.026,-0.084,-0.015,0.016,-0.107,101327.3,-0.16,0.06,,,,,,,,1,0,BBD9
2005,40.100000,SYNTHETIC,LANDED,9.766,0.002,0.042,-0.026,-0.082,0.040,101326.5,-0.09,0.04,,,,,,,,1,0,4F64
2006,40.120000,SYNTHETIC,LANDED,9.767,0.026,0.060,0.044,-0.082,0.097,101323.3,0.17,0.05,,,,,,,,1,0,65C9
2007,40.140000,SYNTHETIC,LANDED,9.841,-0.073,-0.005,-0.086,0.162,0.024,101329.0,-0.30,0.01,,,,,,,,1,0,BF2E
2008,40.160000,SYNTHETIC,LANDED,9.828,0.074,-0.017,0.086,0.002,-0.072,101323.0,0.20,0.03,,,,,,,,1,0,814D
2009,40.180000,SYNTHETIC,LANDED,9.871,-0.055,0.030,0.081,0.166,-0.008,101322.7,0.22,0.04,,,,,,,,1,0,306A
2010,40.200000,SYNTHETIC,LANDED,9.722,0.033,-0.110,0.017,0.038,0.145,101327.2,-0.15,0.02,,,,,,,,1,0,F791
2011,40.220000,SYNTHETIC,LANDED,9.716,-0.042,0.014,0.173,-0.123,-0.133,101325.6,-0.02,0.01,,,,,,,,1,0,F777
2012,40.240000,SYNTHETIC,LANDED,9.788,-0.064,-0.006,-0.030,0.157,0.001,101328.4,-0.25,-0.03,,,,,,,,1,0,BE8D
2013,40.260000,SYNTHETIC,LANDED,9.890,-0.079,-0.002,-0.003,0.137,0.111,101324.4,0.08,-0.02,,,,,,,,1,0,C7EA
2014,40.280000,SYNTHETIC,LANDED,9.657,0.089,0.021,0.150,-0.051,-0.116,101323.8,0.13,-0.01,,,,,,,,1,0,C079
2015,40.300000,SYNTHETIC,LANDED,9.816,-0.050,-0.040,0.037,0.180,0.000,101330.1,-0.39,-0.06,,,,,,,,1,0,5B4E
2016,40.320000,SYNTHETIC,LANDED,9.833,0.016,0.029,0.127,-0.014,0.146,101324.8,0.05,-0.06,,,,,,,,1,0,F85E
2017,40.340000,SYNTHETIC,LANDED,9.801,0.038,0.046,-0.103,0.046,-0.028,101322.9,0.21,-0.03,,,,,,,,1,0,8ED7
2018,40.360000,SYNTHETIC,LANDED,9.768,0.011,0.015,0.158,0.126,-0.079,101324.1,0.11,-0.02,,,,,,,,1,0,2A90
2019,40.380000,SYNTHETIC,LANDED,9.774,0.083,-0.036,0.066,-0.047,0.047,101320.8,0.38,0.02,,,,,,,,1,0,1C9C
2020,40.400000,SYNTHETIC,LANDED,9.787,-0.043,0.053,0.052,0.043,0.021,101327.3,-0.16,-0.01,,,,,,,,1,0,8B8C
2021,40.420000,SYNTHETIC,LANDED,9.738,-0.051,0.073,0.022,-0.062,-0.039,101326.0,-0.05,-0.02,,,,,,,,1,0,8E28
2022,40.440000,SYNTHETIC,LANDED,9.861,-0.007,-0.053,0.170,0.073,0.208,101326.5,-0.09,-0.03,,,,,,,,1,0,E295
2023,40.460000,SYNTHETIC,LANDED,9.803,-0.004,0.022,-0.059,0.035,-0.086,101323.4,0.17,-0.02,,,,,,,,1,0,4628
2024,40.480000,SYNTHETIC,LANDED,9.739,0.024,-0.037,-0.008,-0.036,-0.060,101327.5,-0.18,-0.04,,,,,,,,1,0,6D00
2025,40.500000,SYNTHETIC,LANDED,9.771,0.063,0.012,0.033,0.054,-0.085,101323.2,0.18,-0.02,,,,,,,,1,0,E0CB
2026,40.520000,SYNTHETIC,LANDED,9.759,0.083,-0.032,-0.012,-0.150,0.135,101324.5,0.07,-0.02,,,,,,,,1,0,34E6
2027,40.540000,SYNTHETIC,LANDED,9.831,0.042,0.091,-0.154,0.071,0.129,101328.8,-0.28,-0.05,,,,,,,,1,0,8235
2028,40.560000,SYNTHETIC,LANDED,9.777,-0.023,-0.005,0.102,-0.087,0.097,101329.9,-0.38,-0.10,,,,,,,,1,0,C81E
2029,40.580000,SYNTHETIC,LANDED,9.695,-0.023,0.090,0.132,-0.060,0.193,101323.0,0.20,-0.07,,,,,,,,1,0,C49B
2030,40.600000,SYNTHETIC,LANDED,9.789,-0.010,-0.013,-0.225,0.027,0.009,101325.9,-0.04,-0.08,,,,,,,,1,0,CF93
2031,40.620000,SYNTHETIC,LANDED,9.850,-0.068,-0.025,0.007,-0.063,0.051,101324.5,0.07,-0.07,,,,,,,,1,0,20AE
2032,40.640000,SYNTHETIC,LANDED,9.815,0.054,0.028,-0.118,-0.104,-0.022,101324.5,0.07,-0.06,,,,,,,,1,0,358D
2033,40.660000,SYNTHETIC,LANDED,9.831,-0.012,-0.034,-0.056,0.187,-0.208,101327.0,-0.13,-0.07,,,,,,,,1,0,DB80
2034,40.680000,SYNTHETIC,LANDED,9.941,0.096,0.040,0.030,-0.057,-0.024,101329.1,-0.31,-0.11,,,,,,,,1,0,DBA9
2035,40.700000,SYNTHETIC,LANDED,9.883,-0.111,-0.009,-0.120,0.058,0.072,101333.9,-0.71,-0.19,,,,,,,,1,0,D5B7
2036,40.720000,SYNTHETIC,LANDED,9.848,-0.023,-0.024,-0.032,0.020,-0.101,101324.5,0.07,-0.17,,,,,,,,1,0,C71F
2037,40.740000,SYNTHETIC,LANDED,9.769,0.013,-0.074,0.014,-0.090,-0.031,101327.8,-0.20,-0.18,,,,,,,,1,0,36D0
2038,40.760000,SYNTHETIC,LANDED,9.793,0.007,-0.053,0.025,-0.074,0.034,101331.8,-0.53,-0.23,,,,,,,,1,0,CAE7
2039,40.780000,SYNTHETIC,LANDED,9.756,0.001,-0.028,-0.041,-0.107,0.187,101324.8,0.05,-0.22,,,,,,,,1,0,4DD6
2040,40.800000,SYNTHETIC,LANDED,9.862,-0.059,-0.012,-0.009,-0.330,0.190,101324.0,0.12,-0.19,,,,,,,,1,0,2C0F
2041,40.820000,SYNTHETIC,LANDED,9.777,-0.072,-0.027,-0.121,-0.061,0.067,101324.9,0.04,-0.17,,,,,,,,1,0,EF51
2042,40.840000,SYNTHETIC,LANDED,9.754,0.019,-0.025,0.012,0.001,-0.103,101325.2,0.02,-0.16,,,,,,,,1,0,5255
2043,40.860000,SYNTHETIC,LANDED,9.769,-0.016,-0.018,-0.079,-0.077,-0.088,101329.8,-0.37,-0.19,,,,,,,,1,0,70BA
2044,40.880000,SYNTHETIC,LANDED,9.827,0.092,-0.029,0.016,0.037,-0.001,101321.3,0.34,-0.14,,,,,,,,1,0,F914
2045,40.900000,SYNTHETIC,LANDED,9.840,0.061,0.036,0.054,0.076,-0.073,101326.8,-0.12,-0.14,,,,,,,,1,0,6719
2046,40.920000,SYNTHETIC,LANDED,9.783,0.010,-0.023,0.111,0.019,0.047,101324.8,0.05,-0.13,,,,,,,,1,0,3FC7
2047,40.940000,SYNTHETIC,LANDED,9.807,0.035,0.072,-0.204,0.031,0.100,101329.2,-0.32,-0.15,,,,,,,,1,0,5B91
2048,40.960000,SYNTHETIC,LANDED,9.766,0.045,0.085,-0.156,0.153,0.028,101323.7,0.14,-0.12,,,,,,,,1,0,99AF
2049,40.980000,SYNTHETIC,LANDED,9.747,-0.039,0.109,0.181,-0.024,0.019,101322.0,0.28,-0.08,,,,,,,,1,0,F73E
2050,41.000000,SYNTHETIC,LANDED,9.851,0.050,0.120,-0.036,0.163,0.070,101329.0,-0.30,-0.11,21.28,0.0002880,0.0005702,7.8,3,9,4.063,1,0,C52A
2051,41.020000,SYNTHETIC,LANDED,9.796,0.025,-0.071,-0.013,-0.213,0.077,101322.3,0.26,-0.07,,,,,,,,1,0,D468
2052,41.040000,SYNTHETIC,LANDED,9.791,-0.044,0.006,-0.035,-0.020,-0.037,101325.8,-0.03,-0.07,,,,,,,,1,0,8CB7
2053,41.060000,SYNTHETIC,LANDED,9.819,-0.016,-0.039,0.061,-0.101,-0.074,101323.5,0.16,-0.04,,,,,,,,1,0,34D8
2054,41.080000,SYNTHETIC,LANDED,9.771,0.033,0.030,-0.055,-0.015,-0.140,101325.8,-0.03,-0.04,,,,,,,,1,0,3739
2055,41.100000,SYNTHETIC,LANDED,9.743,0.043,0.089,0.028,0.061,-0.147,101326.5,-0.09,-0.04,,,,,,,,1,0,7953
2056,41.120000,SYNTHETIC,LANDED,9.777,0.013,0.022,-0.084,-0.041,-0.179,101322.2,0.27,-0.01,,,,,,,,1,0,4083
2057,41.140000,SYNTHETIC,LANDED,9.803,-0.049,-0.055,0.137,0.005,0.125,101326.3,-0.08,-0.01,,,,,,,,1,0,7C0D
2058,41.160000,SYNTHETIC,LANDED,9.809,-0.006,0.040,-0.057,-0.011,0.086,101320.3,0.42,0.04,,,,,,,,1,0,003C
2059,41.180000,SYNTHETIC,LANDED,9.735,-0.009,-0.067,-0.181,0.033,-0.020,101323.1,0.19,0.06,,,,,,,,1,0,C3A2
2060,41.200000,SYNTHETIC,LANDED,9.868,0.009,0.059,0.035,-0.041,-0.077,101322.8,0.22,0.09,,,,,,,,1,0,DC10
2061,41.220000,SYNTHETIC,LANDED,9.750,0.047,-0.032,-0.086,0.001,0.162,101322.2,0.27,0.12,,,,,,,,1,0,B2FF
2062,41.240000,SYNTHETIC,LANDED,9.746,-0.025,-0.021,-0.040,0.126,0.064,101326.7,-0.11,0.10,,,,,,,,1,0,618B
2063,41.260000,SYNTHETIC,LANDED,9.783,0.008,-0.041,-0.006,-0.039,0.153,101323.6,0.15,0.11,,,,,,,,1,0,0DED
2064,41.280000,SYNTHETIC,LANDED,9.845,-0.047,0.025,-0.127,0.034,-0.048,101327.3,-0.16,0.09,,,,,,,,1,0,DD7A
2065,41.300000,SYNTHETIC,LANDED,9.828,-0.022,-0.061,-0.050,-0.083,-0.136,101322.1,0.27,0.11,,,,,,,,1,0,CDFF
2066,41.320000,SYNTHETIC,LANDED,9.863,0.037,-0.004,-0.018,0.161,-0.022,101325.4,0.00,0.11,,,,,,,,1,0,47F9
2067,41.340000,SYNTHETIC,LANDED,9.783,0.088,0.056,-0.062,0.087,-0.017,101324.3,0.09,0.11,,,,,,,,1,0,9A1A
2068,41.360000,SYNTHETIC,LANDED,9.778,-0.054,0.032,0.011,0.038,0.051,101327.4,-0.17,0.09,,,,,,,,1,0,814C
2069,41.380000,SYNTHETIC,LANDED,9.855,0.014,-0.010,0.116,0.109,-0.010,101320.1,0.44,0.13,,,,,,,,1,0,C5C5
2070,41.400000,SYNTHETIC,LANDED,9.834,0.014,0.058,0.007,0.098,0.101,101329.2,-0.32,0.09,,,,,,,,1,0,83CE
2071,41.420000,SYNTHETIC,LANDED,9.763,-0.154,-0.076,-0.036,0.110,0.160,101320.5,0.41,0.13,,,,,,,,1,0,7A09
2072,41.440000,SYNTHETIC,LANDED,9.825,0.031,0.043,0.054,-0.065,0.019,101321.5,0.32,0.16,,,,,,,,1,0,CB6E
2073,41.460000,SYNTHETIC,LANDED,9.681,0.045,-0.027,0.140,-0.065,-0.121,101321.4,0.33,0.19,,,,,,,,1,0,3B38
2074,41.480000,SYNTHETIC,LANDED,9.734,-0.055,-0.008,-0.049,0.083,0.076,101323.3,0.17,0.19,,,,,,,,1,0,B869
2075,41.500000,SYNTHETIC,LANDED,9.778,0.048,0.003,0.030,-0.059,0.159,101328.9,-0.29,0.14,,,,,,,,1,0,1DB7
2076,41.520000,SYNTHETIC,LANDED,9.902,0.034,0.024,0.111,-0.206,-0.105,101322.9,0.21,0.16,,,,,,,,1,0,81D8
2077,41.540000,SYNTHETIC,LANDED,9.924,-0.037,-0.010,0.018,-0.010,-0.048,101320.7,0.39,0.19,,,,,,,,1,0,2EF1
2078,41.560000,SYNTHETIC,LANDED,9.853,-0.075,0.089,0.090,0.074,0.042,101324.0,0.12,0.19,,,,,,,,1,0,DB09
2079,41.580000,SYNTHETIC,LANDED,9.813,0.113,-0.022,-0.193,0.187,0.079,101322.9,0.21,0.20,,,,,,,,1,0,ABF8
2080,41.600000,SYNTHETIC,LANDED,9.886,0.032,0.021,-0.044,-0.103,0.167,101327.6,-0.18,0.16,,,,,,,,1,0,127E
2081,41.620000,SYNTHETIC,LANDED,9.822,0.026,-0.028,-0.047,0.132,0.105,101329.1,-0.31,0.11,,,,,,,,1,0,1E85
2082,41.640000,SYNTHETIC,LANDED,9.801,-0.064,-0.006,0.115,-0.077,0.038,101316.2,0.76,0.19,,,,,,,,1,0,D74C
2083,41.660000,SYNTHETIC,LANDED,9.797,0.011,0.068,-0.111,0.245,0.060,101328.6,-0.27,0.14,,,,,,,,1,0,4EBA
2084,41.680000,SYNTHETIC,LANDED,9.875,0.051,0.064,0.079,0.088,0.001,101321.3,0.34,0.16,,,,,,,,1,0,D2BF
2085,41.700000,SYNTHETIC,LANDED,9.833,0.010,0.142,0.100,0.146,0.051,101321.6,0.32,0.18,,,,,,,,1,0,B661
2086,41.720000,SYNTHETIC,LANDED,9.735,0.053,-0.047,-0.022,-0.086,-0.136,101327.9,-0.21,0.14,,,,,,,,1,0,76B5
2087,41.740000,SYNTHETIC,LANDED,9.854,-0.026,-0.064,0.044,-0.239,0.166,101327.7,-0.19,0.10,,,,,,,,1,0,BD8A
2088,41.760000,SYNTHETIC,LANDED,9.936,0.044,0.080,0.072,-0.168,0.089,101324.5,0.07,0.10,,,,,,,,1,0,E201
2089,41.780000,SYNTHETIC,LANDED,9.772,-0.016,0.035,0.133,-0.072,-0.127,101325.6,-0.02,0.09,,,,,,,,1,0,7921
2090,41.800000,SYNTHETIC,LANDED,9.898,-0.139,0.018,-0.013,-0.116,-0.209,101331.9,-0.54,0.01,,,,,,,,1,0,1B6E
2091,41.820000,SYNTHETIC,LANDED,9.779,-0.046,-0.081,0.167,0.118,0.085,101323.0,0.20,0.03,,,,,,,,1,0,C99F
2092,41.840000,SYNTHETIC,LANDED,9.803,-0.056,0.040,0.045,-0.048,-0.042,101328.8,-0.28,-0.02,,,,,,,,1,0,6E64
2093,41.860000,SYNTHETIC,LANDED,9.760,-0.007,-0.077,-0.083,0.002,0.021,101323.9,0.12,-0.01,,,,,,,,1,0,9A4A
2094,41.880000,SYNTHETIC,LANDED,9.791,0.012,-0.022,-0.159,0.018,-0.083,101327.1,-0.14,-0.03,,,,,,,,1,0,7774
2095,41.900000,SYNTHETIC,LANDED,9.708,0.069,-0.046,0.077,-0.068,0.155,101319.4,0.50,0.02,,,,,,,,1,0,0734
2096,41.920000,SYNTHETIC,LANDED,9.906,0.041,0.102,0.116,-0.031,-0.042,101317.5,0.66,0.09,,,,,,,,1,0,5341
2097,41.940000,SYNTHETIC,LANDED,9.729,-0.048,-0.017,-0.038,0.014,0.055,101325.1,0.02,0.08,,,,,,,,1,0,417F
2098,41.960000,SYNTHETIC,LANDED,9.794,0.064,-0.016,0.070,-0.007,-0.019,101326.1,-0.06,0.06,,,,,,,,1,0,A577
2099,41.980000,SYNTHETIC,LANDED,9.752,-0.044,0.008,0.140,-0.153,0.012,101328.2,-0.23,0.02,,,,,,,,1,0,9726
2100,42.000000,SYNTHETIC,LANDED,9.796,-0.008,0.031,-0.038,0.008,-0.037,101327.8,-0.20,-0.01,21.30,0.0002905,0.0005671,-4.0,3,9,4.067,1,0,8203
2101,42.020000,SYNTHETIC,LANDED,9.879,-0.036,0.051,0.117,-0.104,-0.062,101325.6,-0.02,-0.02,,,,,,,,1,0,26E7
2102,42.040000,SYNTHETIC,LANDED,9.835,0.170,-0.105,0.162,-0.148,-0.072,101326.7,-0.11,-0.03,,,,,,,,1,0,FB3D
2103,42.060000,SYNTHETIC,LANDED,9.702,-0.049,0.015,0.136,0.015,0.015,101326.0,-0.05,-0.05,,,,,,,,1,0,A016
2104,42.080000,SYNTHETIC,LANDED,9.831,-0.004,-0.004,0.067,0.037,-0.002,101327.5,-0.18,-0.07,,,,,,,,1,0,152D
2105,42.100000,SYNTHETIC,LANDED,9.821,0.040,-0.022,-0.113,-0.105,-0.216,101326.6,-0.10,-0.08,,,,,,,,1,0,9E5D
2106,42.120000,SYNTHETIC,LANDED,9.779,0.109,-0.071,-0.027,-0.045,-0.024,101330.3,-0.41,-0.13,,,,,,,,1,0,CF05
2107,42.140000,SYNTHETIC,LANDED,9.819,0.087,0.005,0.196,0.098,0.181,101320.9,0.37,-0.09,,,,,,,,1,0,3FAE
2108,42.160000,SYNTHETIC,LANDED,9.783,-0.130,0.011,-0.057,-0.100,-0.091,101324.1,0.11,-0.07,,,,,,,,1,0,34C3
2109,42.180000,SYNTHETIC,LANDED,9.773,-0.006,-0.048,-0.056,-0.073,-0.018,101322.7,0.22,-0.05,,,,,,,,1,0,1A27
2110,42.200000,SYNTHETIC,LANDED,9.791,-0.106,0.063,-0.071,0.049,0.019,101322.4,0.25,-0.02,,,,,,,,1,0,6DD2
2111,42.220000,SYNTHETIC,LANDED,9.768,0.035,0.054,-0.092,-0.045,0.113,101325.8,-0.03,-0.03,,,,,,,,1,0,A12A
2112,42.240000,SYNTHETIC,LANDED,9.793,-0.020,-0.055,-0.128,0.158,-0.007,101327.4,-0.17,-0.05,,,,,,,,1,0,C13D
2113,42.260000,SYNTHETIC,LANDED,9.818,0.005,-0.048,0.032,-0.020,0.002,101321.4,0.33,-0.02,,,,,,,,1,0,3FC1
2114,42.280000,SYNTHETIC,LANDED,9.864,-0.038,0.003,-0.051,0.118,0.013,101324.6,0.07,-0.01,,,,,,,,1,0,5228
2115,42.300000,SYNTHETIC,LANDED,9.719,0.026,-0.033,0.025,-0.004,-0.066,101324.3,0.09,-0.01,,,,,,,,1,0,E06B
2116,42.320000,SYNTHETIC,LANDED,9.858,-0.004,-0.033,-0.014,0.021,-0.183,101323.5,0.16,0.01,,,,,,,,1,0,899F
2117,42.340000,SYNTHETIC,LANDED,9.797,0.017,-0.086,0.141,-0.077,0.077,101327.2,-0.15,-0.02,,,,,,,,1,0,BFA6
2118,42.360000,SYNTHETIC,LANDED,9.846,0.010,-0.070,0.092,0.032,0.104,101323.6,0.15,0.00,,,,,,,,1,0,6211
2119,42.380000,SYNTHETIC,LANDED,9.822,-0.080,-0.001,-0.140,0.004,-0.054,101325.7,-0.03,-0.01,,,,,,,,1,0,D2D9
2120,42.400000,SYNTHETIC,LANDED,9.795,0.021,-0.060,-0.134,0.038,0.072,101322.2,0.27,0.01,,,,,,,,1,0,34A6
2121,42.420000,SYNTHETIC,LANDED,9.847,-0.105,-0.102,-0.016,-0.128,-0.064,101322.0,0.28,0.04,,,,,,,,1,0,CC4A
2122,42.440000,SYNTHETIC,LANDED,9.786,-0.082,0.110,-0.186,-0.021,-0.035,101324.9,0.04,0.04,,,,,,,,1,0,3C80
2123,42.460000,SYNTHETIC,LANDED,9.761,-0.118,0.059,-0.074,-0.114,-0.120,101327.8,-0.20,0.01,,,,,,,,1,0,C3FA
2124,42.480000,SYNTHETIC,LANDED,9.681,-0.097,-0.061,0.086,-0.020,-0.085,101328.6,-0.27,-0.03,,,,,,,,1,0,FCF0
2125,42.500000,SYNTHETIC,LANDED,9.810,-0.006,-0.069,0.080,-0.203,0.007,101320.8,0.38,0.01,,,,,,,,1,0,1E6B
2126,42.520000,SYNTHETIC,LANDED,9.762,-0.082,-0.008,0.149,0.051,-0.047,101328.2,-0.23,-0.02,,,,,,,,1,0,9595
2127,42.540000,SYNTHETIC,LANDED,9.808,-0.083,0.073,0.148,0.000,0.168,101323.8,0.13,-0.01,,,,,,,,1,0,E13B
2128,42.560000,SYNTHETIC,LANDED,9.869,-0.035,-0.033,0.060,0.063,-0.028,101319.8,0.46,0.04,,,,,,,,1,0,566A
2129,42.580000,SYNTHETIC,LANDED,9.894,-0.035,0.011,-0.102,-0.025,-0.053,101327.0,-0.13,0.01,,,,,,,,1,0,A9F5
2130,42.600000,SYNTHETIC,LANDED,9.829,0.021,-0.026,-0.202,0.055,-0.006,101323.7,0.14,0.02,,,,,,,,1,0,C199
2131,42.620000,SYNTHETIC,LANDED,9.858,0.002,-0.005,0.028,-0.018,-0.187,101330.6,-0.43,-0.03,,,,,,,,1,0,9FBB
2132,42.640000,SYNTHETIC,LANDED,9.781,0.069,-0.061,-0.002,-0.076,-0.089,101325.9,-0.04,-0.04,,,,,,,,1,0,FC7C
2133,42.660000,SYNTHETIC,LANDED,9.814,-0.077,0.003,-0.095,-0.019,0.001,101328.4,-0.25,-0.07,,,,,,,,1,0,93C4
2134,42.680000,SYNTHETIC,LANDED,9.799,0.104,-0.081,0.004,-0.085,-0.050,101327.7,-0.19,-0.10,,,,,,,,1,0,BD32
2135,42.700000,SYNTHETIC,LANDED,9.830,-0.012,0.020,-0.223,0.034,-0.108,101327.4,-0.17,-0.11,,,,,,,,1,0,719F
2136,42.720000,SYNTHETIC,LANDED,9.808,-0.014,-0.052,0.009,0.042,0.140,101319.9,0.46,-0.06,,,,,,,,1,0,2BF3
2137,42.740000,SYNTHETIC,LANDED,9.812,0.066,-0.029,0.045,0.019,-0.096,101325.4,0.00,-0.06,,,,,,,,1,0,DD0F
2138,42.760000,SYNTHETIC,LANDED,9.823,-0.010,-0.002,0.002,0.115,0.030,101322.8,0.22,-0.03,,,,,,,,1,0,04CF
2139,42.780000,SYNTHETIC,LANDED,9.865,0.009,0.034,0.028,0.008,0.102,101323.6,0.15,-0.02,,,,,,,,1,0,EEF8
2140,42.800000,SYNTHETIC,LANDED,9.839,-0.021,-0.020,-0.130,-0.087,0.117,101325.4,0.00,-0.02,,,,,,,,1,0,B513
2141,42.820000,SYNTHETIC,LANDED,9.819,0.045,-0.030,-0.105,0.107,-0.001,101328.1,-0.23,-0.05,,,,,,,,1,0,D3A8
2142,42.840000,SYNTHETIC,LANDED,9.841,-0.068,-0.069,-0.113,-0.117,0.047,101324.3,0.09,-0.04,,,,,,,,1,0,A7DE
2143,42.860000,SYNTHETIC,LANDED,9.757,-0.055,0.002,-0.039,0.171,-0.046,101328.8,-0.28,-0.08,,,,,,,,1,0,71DB
2144,42.880000,SYNTHETIC,LANDED,9.812,-0.038,-0.044,0.039,0.074,-0.068,101323.6,0.15,-0.06,,,,,,,,1,0,C5BE
2145,42.900000,SYNTHETIC,LANDED,9.813,-0.030,-0.026,-0.055,0.034,0.031,101326.1,-0.06,-0.06,,,,,,,,1,0,12AE
2146,42.920000,SYNTHETIC,LANDED,9.835,-0.026,0.038,0.058,-0.068,-0.028,101327.6,-0.18,-0.09,,,,,,,,1,0,9FC0
2147,42.940000,SYNTHETIC,LANDED,9.793,-0.024,0.040,-0.147,0.037,0.047,101325.1,0.02,-0.08,,,,,,,,1,0,7EA0
2148,42.960000,SYNTHETIC,LANDED,9.805,0.071,-0.020,0.036,0.228,0.059,101324.0,0.12,-0.06,,,,,,,,1,0,39BE
2149,42.980000,SYNTHETIC,LANDED,9.859,-0.037,0.002,0.068,0.079,0.012,101324.9,0.04,-0.06,,,,,,,,1,0,47B6
2150,43.000000,SYNTHETIC,LANDED,9.792,-0.009,-0.080,-0.095,0.017,0.005,101325.4,0.00,-0.06,21.22,0.0002557,0.0005680,-0.4,3,9,4.058,1,0,22F8
2151,43.020000,SYNTHETIC,LANDED,9.768,0.004,-0.008,0.075,-0.082,-0.068,101327.6,-0.18,-0.08,,,,,,,,1,0,D39A
2152,43.040000,SYNTHETIC,LANDED,9.739,0.000,0.038,0.036,-0.046,0.112,101331.9,-0.54,-0.14,,,,,,,,1,0,A219
2153,43.060000,SYNTHETIC,LANDED,9.881,0.030,0.067,0.011,0.049,0.069,101329.8,-0.37,-0.17,,,,,,,,1,0,2A8C
2154,43.080000,SYNTHETIC,LANDED,9.832,0.014,0.067,-0.010,0.123,-0.052,101325.5,-0.01,-0.17,,,,,,,,1,0,92DD
2155,43.100000,SYNTHETIC,LANDED,9.782,-0.043,0.032,0.189,-0.005,-0.011,101325.0,0.03,-0.15,,,,,,,,1,0,F81A
2156,43.120000,SYNTHETIC,LANDED,9.829,-0.009,0.036,0.029,0.082,0.112,101327.0,-0.13,-0.16,,,,,,,,1,0,DACD
2157,43.140000,SYNTHETIC,LANDED,9.806,-0.017,0.033,-0.117,-0.048,-0.141,101324.1,0.11,-0.14,,,,,,,,1,0,528D
2158,43.160000,SYNTHETIC,LANDED,9.903,0.039,-0.003,0.022,-0.033,-0.087,101322.5,0.24,-0.10,,,,,,,,1,0,6D17
2159,43.180000,SYNTHETIC,LANDED,9.800,0.063,0.055,-0.058,0.074,0.125,101322.0,0.28,-0.06,,,,,,,,1,0,FE2C
2160,43.200000,SYNTHETIC,LANDED,9.745,-0.027,0.011,0.077,-0.031,-0.135,101328.4,-0.25,-0.09,,,,,,,,1,0,B6ED
2161,43.220000,SYNTHETIC,LANDED,9.865,0.106,0.074,-0.055,-0.006,0.026,101327.7,-0.19,-0.10,,,,,,,,1,0,0A91
