t_s,altitude_m,velocity_mps,accel_mps2,mass_kg,thrust_N,drag_N,cd,mach,q_Pa,cg_mm,static_margin_cal,phase
0.0000,0.000,0.000,0.000,1.21070,0.00,0.000,1.1758,0.0000,0.0,696.42,2.6348,pad
0.0010,0.000,0.000,0.000,1.21070,2.00,0.000,1.1508,0.0000,0.0,696.42,2.6348,pad
0.0020,0.000,0.000,0.000,1.21070,4.00,0.000,1.1508,0.0000,0.0,696.42,2.6348,pad
0.0030,0.000,0.000,0.000,1.21070,6.00,0.000,1.1508,0.0000,0.0,696.42,2.6348,pad
0.0040,0.000,0.000,0.000,1.21069,8.00,0.000,1.1508,0.0000,0.0,696.42,2.6348,pad
0.0050,0.000,0.000,0.000,1.21069,10.00,0.000,1.1508,0.0000,0.0,696.42,2.6348,pad
0.0060,0.000,0.000,0.105,1.21068,12.00,0.000,1.1508,0.0000,0.0,696.42,2.6348,rail
0.0070,0.000,0.001,1.757,1.21068,14.00,0.000,1.1508,0.0000,0.0,696.41,2.6349,rail
0.0080,0.000,0.004,3.409,1.21067,16.00,0.000,1.1508,0.0000,0.0,696.41,2.6349,rail
0.0090,0.000,0.008,5.061,1.21066,18.00,0.000,1.1508,0.0000,0.0,696.41,2.6349,rail
0.0100,0.000,0.014,6.713,1.21065,20.00,0.000,1.1508,0.0000,0.0,696.41,2.6350,rail
0.0110,0.000,0.021,8.366,1.21064,22.00,0.000,1.1508,0.0001,0.0,696.40,2.6350,rail
0.0120,0.000,0.030,10.018,1.21063,24.00,0.000,1.1508,0.0001,0.0,696.40,2.6351,rail
0.0130,0.000,0.041,11.670,1.21062,26.00,0.000,1.1508,0.0001,0.0,696.40,2.6352,rail
0.0140,0.000,0.054,13.322,1.21061,28.00,0.000,1.1508,0.0002,0.0,696.39,2.6352,rail
0.0150,0.000,0.068,14.975,1.21059,30.00,0.000,1.1508,0.0002,0.0,696.39,2.6353,rail
0.0160,0.000,0.084,16.627,1.21058,32.00,0.000,1.1508,0.0002,0.0,696.38,2.6354,rail
0.0170,0.000,0.101,18.279,1.21056,34.00,0.000,1.1508,0.0003,0.0,696.38,2.6354,rail
0.0180,0.000,0.120,19.932,1.21055,36.00,0.000,1.1508,0.0004,0.0,696.37,2.6355,rail
0.0190,0.001,0.141,21.585,1.21053,38.00,0.000,1.1306,0.0004,0.0,696.37,2.6356,rail
0.0200,0.001,0.163,23.237,1.21051,40.00,0.000,1.1011,0.0005,0.0,696.36,2.6357,rail
0.0210,0.001,0.187,24.890,1.21049,42.00,0.000,1.0745,0.0006,0.0,696.35,2.6358,rail
0.0220,0.001,0.213,26.543,1.21047,44.00,0.000,1.0502,0.0006,0.0,696.35,2.6359,rail
0.0230,0.001,0.241,28.196,1.21045,46.00,0.000,1.0280,0.0007,0.0,696.34,2.6360,rail
0.0240,0.002,0.270,29.849,1.21043,48.00,0.000,1.0075,0.0008,0.0,696.33,2.6361,rail
0.0250,0.002,0.300,31.502,1.21040,50.00,0.000,0.9885,0.0009,0.1,696.32,2.6362,rail
0.0260,0.002,0.333,33.155,1.21038,52.00,0.000,0.9709,0.0010,0.1,696.32,2.6363,rail
0.0270,0.003,0.367,34.808,1.21035,54.00,0.000,0.9545,0.0011,0.1,696.31,2.6365,rail
0.0280,0.003,0.402,36.462,1.21033,56.00,0.000,0.9391,0.0012,0.1,696.30,2.6366,rail
0.0290,0.003,0.439,38.115,1.21030,58.00,0.000,0.9247,0.0013,0.1,696.29,2.6367,rail
0.0300,0.004,0.478,39.769,1.21027,60.00,0.000,0.9111,0.0014,0.1,696.28,2.6369,rail
0.0310,0.004,0.519,41.422,1.21024,62.00,0.001,0.8983,0.0015,0.2,696.27,2.6370,rail
0.0320,0.005,0.561,43.076,1.21021,64.00,0.001,0.8862,0.0016,0.2,696.26,2.6372,rail
0.0330,0.005,0.605,44.730,1.21018,66.00,0.001,0.8747,0.0018,0.2,696.25,2.6373,rail
0.0340,0.006,0.651,46.384,1.21015,68.00,0.001,0.8638,0.0019,0.3,696.24,2.6375,rail
0.0350,0.007,0.698,48.038,1.21012,70.00,0.001,0.8534,0.0021,0.3,696.23,2.6376,rail
0.0360,0.007,0.747,49.693,1.21008,72.00,0.001,0.8435,0.0022,0.3,696.22,2.6378,rail
0.0370,0.008,0.797,51.347,1.21005,74.00,0.001,0.8341,0.0023,0.4,696.21,2.6380,rail
0.0380,0.009,0.849,53.002,1.21001,76.00,0.001,0.8251,0.0025,0.4,696.20,2.6381,rail
0.0390,0.010,0.903,54.656,1.20998,78.00,0.001,0.8164,0.0027,0.5,696.19,2.6383,rail
0.0400,0.011,0.959,56.311,1.20994,80.00,0.002,0.8082,0.0028,0.6,696.17,2.6385,rail
0.0410,0.012,1.016,57.966,1.20990,82.00,0.002,0.8002,0.0030,0.6,696.16,2.6387,rail
0.0420,0.013,1.075,59.621,1.20986,84.00,0.002,0.7926,0.0032,0.7,696.15,2.6389,rail
0.0430,0.014,1.135,61.276,1.20982,86.00,0.002,0.7853,0.0033,0.8,696.13,2.6391,rail
0.0440,0.015,1.197,62.932,1.20978,88.00,0.002,0.7782,0.0035,0.9,696.12,2.6393,rail
0.0450,0.016,1.261,64.588,1.20974,90.00,0.003,0.7714,0.0037,1.0,696.11,2.6395,rail
0.0460,0.018,1.326,66.243,1.20969,92.00,0.003,0.7648,0.0039,1.1,696.09,2.6397,rail
0.0470,0.019,1.394,67.899,1.20965,94.00,0.003,0.7585,0.0041,1.2,696.08,2.6399,rail
0.0480,0.020,1.462,69.555,1.20960,96.00,0.003,0.7523,0.0043,1.3,696.06,2.6402,rail
0.0490,0.022,1.533,71.212,1.20956,98.00,0.004,0.7464,0.0045,1.4,696.05,2.6404,rail
0.0500,0.024,1.605,72.868,1.20951,100.00,0.004,0.7406,0.0047,1.6,696.03,2.6406,rail
0.0510,0.025,1.678,72.851,1.20946,99.98,0.004,0.7351,0.0049,1.7,696.02,2.6409,rail
0.0520,0.027,1.750,72.834,1.20942,99.95,0.005,0.7299,0.0051,1.9,696.00,2.6411,rail
0.0530,0.029,1.823,72.817,1.20937,99.93,0.005,0.7249,0.0054,2.0,695.99,2.6413,rail
0.0540,0.031,1.896,72.800,1.20932,99.90,0.005,0.7202,0.0056,2.2,695.97,2.6416,rail
0.0550,0.032,1.969,72.784,1.20927,99.88,0.006,0.7157,0.0058,2.4,695.96,2.6418,rail
0.0560,0.035,2.042,72.767,1.20923,99.86,0.006,0.7114,0.0060,2.6,695.94,2.6420,rail
0.0570,0.037,2.114,72.750,1.20918,99.83,0.007,0.7072,0.0062,2.7,695.92,2.6423,rail
0.0580,0.039,2.187,72.733,1.20913,99.81,0.007,0.7033,0.0064,2.9,695.91,2.6425,rail
0.0590,0.041,2.260,72.716,1.20908,99.78,0.007,0.6995,0.0066,3.1,695.89,2.6428,rail
0.0600,0.043,2.333,72.699,1.20904,99.76,0.008,0.6958,0.0069,3.3,695.88,2.6430,rail
0.0610,0.046,2.405,72.682,1.20899,99.74,0.008,0.6922,0.0071,3.5,695.86,2.6432,rail
0.0620,0.048,2.478,72.665,1.20894,99.71,0.009,0.6888,0.0073,3.8,695.85,2.6435,rail
0.0630,0.051,2.551,72.648,1.20889,99.69,0.009,0.6856,0.0075,4.0,695.83,2.6437,rail
0.0640,0.053,2.623,72.631,1.20885,99.66,0.010,0.6824,0.0077,4.2,695.82,2.6439,rail
0.0650,0.056,2.696,72.614,1.20880,99.64,0.010,0.6793,0.0079,4.5,695.80,2.6442,rail
0.0660,0.059,2.768,72.597,1.20875,99.62,0.011,0.6763,0.0081,4.7,695.79,2.6444,rail
0.0670,0.061,2.841,72.580,1.20871,99.59,0.011,0.6735,0.0083,4.9,695.77,2.6446,rail
0.0680,0.064,2.914,72.562,1.20866,99.57,0.012,0.6707,0.0086,5.2,695.75,2.6449,rail
0.0690,0.067,2.986,72.545,1.20861,99.54,0.012,0.6679,0.0088,5.5,695.74,2.6451,rail
0.0700,0.070,3.059,72.528,1.20856,99.52,0.013,0.6653,0.0090,5.7,695.72,2.6453,rail
0.0710,0.073,3.131,72.511,1.20852,99.50,0.014,0.6628,0.0092,6.0,695.71,2.6456,rail
0.0720,0.076,3.204,72.494,1.20847,99.47,0.014,0.6603,0.0094,6.3,695.69,2.6458,rail
0.0730,0.080,3.276,72.477,1.20842,99.45,0.015,0.6579,0.0096,6.6,695.68,2.6460,rail
0.0740,0.083,3.349,72.460,1.20837,99.42,0.015,0.6555,0.0098,6.9,695.66,2.6463,rail
0.0750,0.086,3.421,72.443,1.20833,99.40,0.016,0.6532,0.0101,7.2,695.65,2.6465,rail
0.0760,0.090,3.494,72.425,1.20828,99.38,0.017,0.6510,0.0103,7.5,695.63,2.6467,rail
0.0770,0.093,3.566,72.408,1.20823,99.35,0.017,0.6488,0.0105,7.8,695.61,2.6470,rail
0.0780,0.097,3.638,72.391,1.20819,99.33,0.018,0.6467,0.0107,8.1,695.60,2.6472,rail
0.0790,0.101,3.711,72.374,1.20814,99.30,0.019,0.6446,0.0109,8.4,695.58,2.6474,rail
0.0800,0.104,3.783,72.357,1.20809,99.28,0.019,0.6426,0.0111,8.8,695.57,2.6477,rail
0.0810,0.108,3.855,72.339,1.20804,99.26,0.020,0.6406,0.0113,9.1,695.55,2.6479,rail
0.0820,0.112,3.928,72.322,1.20800,99.23,0.021,0.6386,0.0115,9.4,695.54,2.6481,rail
0.0830,0.116,4.000,72.305,1.20795,99.21,0.021,0.6367,0.0118,9.8,695.52,2.6484,rail
0.0840,0.120,4.072,72.288,1.20790,99.18,0.022,0.6349,0.0120,10.2,695.51,2.6486,rail
0.0850,0.124,4.145,72.270,1.20786,99.16,0.023,0.6331,0.0122,10.5,695.49,2.6488,rail
0.0860,0.128,4.217,72.253,1.20781,99.14,0.024,0.6313,0.0124,10.9,695.48,2.6491,rail
0.0870,0.133,4.289,72.236,1.20776,99.11,0.024,0.6296,0.0126,11.3,695.46,2.6493,rail
0.0880,0.137,4.361,72.219,1.20771,99.09,0.025,0.6279,0.0128,11.7,695.44,2.6496,rail
0.0890,0.141,4.434,72.201,1.20767,99.06,0.026,0.6262,0.0130,12.0,695.43,2.6498,rail
0.0900,0.146,4.506,72.184,1.20762,99.04,0.027,0.6246,0.0132,12.4,695.41,2.6500,rail
0.0910,0.150,4.578,72.167,1.20757,99.02,0.027,0.6229,0.0135,12.8,695.40,2.6503,rail
0.0920,0.155,4.650,72.149,1.20753,98.99,0.028,0.6214,0.0137,13.2,695.38,2.6505,rail
0.0930,0.160,4.722,72.132,1.20748,98.97,0.029,0.6198,0.0139,13.7,695.37,2.6507,rail
0.0940,0.164,4.794,72.115,1.20743,98.94,0.030,0.6183,0.0141,14.1,695.35,2.6510,rail
0.0950,0.169,4.866,72.097,1.20738,98.92,0.031,0.6168,0.0143,14.5,695.34,2.6512,rail
0.0960,0.174,4.939,72.080,1.20734,98.90,0.031,0.6154,0.0145,14.9,695.32,2.6514,rail
0.0970,0.179,5.011,72.062,1.20729,98.87,0.032,0.6139,0.0147,15.4,695.31,2.6517,rail
0.0980,0.184,5.083,72.045,1.20724,98.85,0.033,0.6125,0.0149,15.8,695.29,2.6519,rail
0.0990,0.189,5.155,72.028,1.20720,98.82,0.034,0.6111,0.0151,16.3,695.28,2.6521,rail
0.1000,0.195,5.227,72.010,1.20715,98.80,0.035,0.6098,0.0154,16.7,695.26,2.6524,rail
0.1010,0.200,5.299,71.993,1.20710,98.78,0.036,0.6084,0.0156,17.2,695.24,2.6526,rail
0.1020,0.205,5.371,71.975,1.20706,98.75,0.037,0.6071,0.0158,17.7,695.23,2.6528,rail
0.1030,0.211,5.443,71.958,1.20701,98.73,0.038,0.6058,0.0160,18.1,695.21,2.6531,rail
0.1040,0.216,5.515,71.940,1.20696,98.70,0.039,0.6045,0.0162,18.6,695.20,2.6533,rail
0.1050,0.222,5.587,71.923,1.20692,98.68,0.039,0.6033,0.0164,19.1,695.18,2.6535,rail
0.1060,0.227,5.658,71.905,1.20687,98.66,0.040,0.6020,0.0166,19.6,695.17,2.6538,rail
0.1070,0.233,5.730,71.888,1.20682,98.63,0.041,0.6008,0.0168,20.1,695.15,2.6540,rail
0.1080,0.239,5.802,71.870,1.20677,98.61,0.042,0.5996,0.0171,20.6,695.14,2.6542,rail
0.1090,0.244,5.874,71.853,1.20673,98.58,0.043,0.5984,0.0173,21.1,695.12,2.6545,rail
0.1100,0.250,5.946,71.835,1.20668,98.56,0.044,0.5973,0.0175,21.7,695.11,2.6547,rail
0.1110,0.256,6.018,71.818,1.20663,98.54,0.045,0.5961,0.0177,22.2,695.09,2.6549,rail
0.1120,0.262,6.090,71.800,1.20659,98.51,0.046,0.5950,0.0179,22.7,695.07,2.6552,rail
0.1130,0.269,6.161,71.783,1.20654,98.49,0.047,0.5939,0.0181,23.3,695.06,2.6554,rail
0.1140,0.275,6.233,71.765,1.20649,98.46,0.048,0.5928,0.0183,23.8,695.04,2.6556,rail
0.1150,0.281,6.305,71.747,1.20645,98.44,0.049,0.5917,0.0185,24.3,695.03,2.6559,rail
0.1160,0.287,6.377,71.730,1.20640,98.42,0.050,0.5906,0.0187,24.9,695.01,2.6561,rail
0.1170,0.294,6.448,71.712,1.20635,98.39,0.051,0.5896,0.0189,25.5,695.00,2.6563,rail
0.1180,0.300,6.520,71.695,1.20631,98.37,0.052,0.5885,0.0192,26.0,694.98,2.6566,rail
0.1190,0.307,6.592,71.677,1.20626,98.34,0.053,0.5875,0.0194,26.6,694.97,2.6568,rail
0.1200,0.313,6.663,71.659,1.20621,98.32,0.055,0.5865,0.0196,27.2,694.95,2.6570,rail
0.1210,0.320,6.735,71.642,1.20617,98.30,0.056,0.5855,0.0198,27.8,694.94,2.6572,rail
0.1220,0.327,6.807,71.624,1.20612,98.27,0.057,0.5845,0.0200,28.4,694.92,2.6575,rail
0.1230,0.334,6.878,71.606,1.20607,98.25,0.058,0.5835,0.0202,29.0,694.91,2.6577,rail
0.1240,0.341,6.950,71.589,1.20603,98.22,0.059,0.5826,0.0204,29.6,694.89,2.6579,rail
0.1250,0.348,7.022,71.571,1.20598,98.20,0.060,0.5816,0.0206,30.2,694.88,2.6582,rail
0.1260,0.355,7.093,71.553,1.20593,98.18,0.061,0.5807,0.0208,30.8,694.86,2.6584,rail
0.1270,0.362,7.165,71.536,1.20589,98.15,0.062,0.5798,0.0211,31.4,694.84,2.6586,rail
0.1280,0.369,7.236,71.518,1.20584,98.13,0.064,0.5788,0.0213,32.1,694.83,2.6589,rail
0.1290,0.376,7.308,71.500,1.20579,98.10,0.065,0.5779,0.0215,32.7,694.81,2.6591,rail
0.1300,0.384,7.379,71.483,1.20575,98.08,0.066,0.5771,0.0217,33.4,694.80,2.6593,rail
0.1310,0.391,7.451,71.465,1.20570,98.06,0.067,0.5762,0.0219,34.0,694.78,2.6596,rail
0.1320,0.399,7.522,71.447,1.20565,98.03,0.068,0.5753,0.0221,34.7,694.77,2.6598,rail
0.1330,0.406,7.594,71.429,1.20561,98.01,0.069,0.5744,0.0223,35.3,694.75,2.6600,rail
0.1340,0.414,7.665,71.411,1.20556,97.98,0.071,0.5736,0.0225,36.0,694.74,2.6603,rail
0.1350,0.421,7.736,71.394,1.20551,97.96,0.072,0.5727,0.0227,36.7,694.72,2.6605,rail
0.1360,0.429,7.808,71.376,1.20547,97.94,0.073,0.5719,0.0229,37.3,694.71,2.6607,rail
0.1370,0.437,7.879,71.358,1.20542,97.91,0.074,0.5711,0.0232,38.0,694.69,2.6610,rail
0.1380,0.445,7.950,71.340,1.20537,97.89,0.076,0.5703,0.0234,38.7,694.68,2.6612,rail
0.1390,0.453,8.022,71.322,1.20533,97.86,0.077,0.5695,0.0236,39.4,694.66,2.6614,rail
0.1400,0.461,8.093,71.305,1.20528,97.84,0.078,0.5687,0.0238,40.1,694.65,2.6617,rail
0.1410,0.469,8.164,71.287,1.20523,97.82,0.079,0.5679,0.0240,40.8,694.63,2.6619,rail
0.1420,0.477,8.236,71.269,1.20519,97.79,0.081,0.5671,0.0242,41.5,694.61,2.6621,rail
0.1430,0.486,8.307,71.251,1.20514,97.77,0.082,0.5663,0.0244,42.3,694.60,2.6624,rail
0.1440,0.494,8.378,71.233,1.20510,97.74,0.083,0.5656,0.0246,43.0,694.58,2.6626,rail
0.1450,0.502,8.449,71.215,1.20505,97.72,0.084,0.5648,0.0248,43.7,694.57,2.6628,rail
0.1460,0.511,8.521,71.197,1.20500,97.70,0.086,0.5641,0.0250,44.5,694.55,2.6631,rail
0.1470,0.519,8.592,71.180,1.20496,97.67,0.087,0.5633,0.0252,45.2,694.54,2.6633,rail
0.1480,0.528,8.663,71.162,1.20491,97.65,0.088,0.5626,0.0255,46.0,694.52,2.6635,rail
0.1490,0.537,8.734,71.144,1.20486,97.62,0.090,0.5619,0.0257,46.7,694.51,2.6637,rail
0.1500,0.546,8.805,71.126,1.20482,97.60,0.091,0.5612,0.0259,47.5,694.49,2.6640,rail
0.1510,0.554,8.876,71.108,1.20477,97.58,0.093,0.5605,0.0261,48.3,694.48,2.6642,rail
0.1520,0.563,8.947,71.090,1.20472,97.55,0.094,0.5598,0.0263,49.0,694.46,2.6644,rail
0.1530,0.572,9.019,71.072,1.20468,97.53,0.095,0.5591,0.0265,49.8,694.45,2.6647,rail
0.1540,0.581,9.090,71.054,1.20463,97.50,0.097,0.5584,0.0267,50.6,694.43,2.6649,rail
0.1550,0.590,9.161,71.036,1.20459,97.48,0.098,0.5577,0.0269,51.4,694.42,2.6651,rail
0.1560,0.600,9.232,71.018,1.20454,97.46,0.099,0.5570,0.0271,52.2,694.40,2.6654,rail
0.1570,0.609,9.303,71.000,1.20449,97.43,0.101,0.5563,0.0273,53.0,694.39,2.6656,rail
0.1580,0.618,9.374,70.982,1.20445,97.41,0.102,0.5557,0.0275,53.8,694.37,2.6658,rail
0.1590,0.628,9.445,70.964,1.20440,97.38,0.104,0.5550,0.0278,54.6,694.35,2.6661,rail
0.1600,0.637,9.516,70.946,1.20435,97.36,0.105,0.5544,0.0280,55.5,694.34,2.6663,rail
0.1610,0.647,9.587,70.928,1.20431,97.34,0.107,0.5537,0.0282,56.3,694.32,2.6665,rail
0.1620,0.656,9.657,70.910,1.20426,97.31,0.108,0.5531,0.0284,57.1,694.31,2.6668,rail
0.1630,0.666,9.728,70.892,1.20422,97.29,0.110,0.5525,0.0286,58.0,694.29,2.6670,rail
0.1640,0.676,9.799,70.874,1.20417,97.26,0.111,0.5518,0.0288,58.8,694.28,2.6672,rail
0.1650,0.686,9.870,70.856,1.20412,97.24,0.113,0.5512,0.0290,59.7,694.26,2.6674,rail
0.1660,0.695,9.941,70.838,1.20408,97.22,0.114,0.5506,0.0292,60.5,694.25,2.6677,rail
0.1670,0.705,10.012,70.820,1.20403,97.19,0.116,0.5500,0.0294,61.4,694.23,2.6679,rail
0.1680,0.716,10.083,70.802,1.20398,97.17,0.117,0.5494,0.0296,62.3,694.22,2.6681,rail
0.1690,0.726,10.153,70.783,1.20394,97.14,0.119,0.5488,0.0298,63.1,694.20,2.6684,rail
0.1700,0.736,10.224,70.765,1.20389,97.12,0.120,0.5482,0.0300,64.0,694.19,2.6686,rail
0.1710,0.746,10.295,70.747,1.20385,97.10,0.122,0.5476,0.0303,64.9,694.17,2.6688,rail
0.1720,0.756,10.366,70.729,1.20380,97.07,0.123,0.5470,0.0305,65.8,694.16,2.6691,rail
0.1730,0.767,10.436,70.711,1.20375,97.05,0.125,0.5464,0.0307,66.7,694.14,2.6693,rail
0.1740,0.777,10.507,70.693,1.20371,97.02,0.126,0.5459,0.0309,67.6,694.13,2.6695,rail
0.1750,0.788,10.578,70.675,1.20366,97.00,0.128,0.5453,0.0311,68.5,694.11,2.6698,rail
0.1760,0.798,10.648,70.656,1.20362,96.98,0.129,0.5447,0.0313,69.4,694.10,2.6700,rail
0.1770,0.809,10.719,70.638,1.20357,96.95,0.131,0.5442,0.0315,70.4,694.08,2.6702,rail
0.1780,0.820,10.790,70.620,1.20352,96.93,0.133,0.5436,0.0317,71.3,694.07,2.6704,rail
0.1790,0.831,10.860,70.602,1.20348,96.90,0.134,0.5431,0.0319,72.2,694.05,2.6707,rail
0.1800,0.842,10.931,70.584,1.20343,96.88,0.136,0.5425,0.0321,73.2,694.04,2.6709,rail
0.1810,0.853,11.001,70.565,1.20338,96.86,0.137,0.5420,0.0323,74.1,694.02,2.6711,rail
0.1820,0.864,11.072,70.547,1.20334,96.83,0.139,0.5414,0.0325,75.1,694.00,2.6714,rail
0.1830,0.875,11.143,70.529,1.20329,96.81,0.141,0.5409,0.0327,76.0,693.99,2.6716,rail
0.1840,0.886,11.213,70.511,1.20325,96.78,0.142,0.5404,0.0330,77.0,693.97,2.6718,rail
0.1850,0.897,11.284,70.492,1.20320,96.76,0.144,0.5398,0.0332,78.0,693.96,2.6721,rail
0.1860,0.908,11.354,70.474,1.20315,96.74,0.146,0.5393,0.0334,79.0,693.94,2.6723,rail
0.1870,0.920,11.425,70.456,1.20311,96.71,0.147,0.5388,0.0336,79.9,693.93,2.6725,rail
0.1880,0.931,11.495,70.438,1.20306,96.69,0.149,0.5383,0.0338,80.9,693.91,2.6728,rail
0.1890,0.943,11.565,70.419,1.20302,96.66,0.151,0.5378,0.0340,81.9,693.90,2.6730,rail
0.1900,0.954,11.636,70.401,1.20297,96.64,0.152,0.5373,0.0342,82.9,693.88,2.6732,rail
0.1910,0.966,11.706,70.383,1.20293,96.62,0.154,0.5368,0.0344,83.9,693.87,2.6734,rail
0.1920,0.978,11.777,70.364,1.20288,96.59,0.156,0.5363,0.0346,84.9,693.85,2.6737,powered
0.1930,0.990,11.847,70.346,1.20283,96.57,0.158,0.5358,0.0348,86.0,693.84,2.6739,powered
0.1940,1.002,11.917,70.328,1.20279,96.54,0.159,0.5353,0.0350,87.0,693.82,2.6741,powered
0.1950,1.013,11.988,70.309,1.20274,96.52,0.161,0.5348,0.0352,88.0,693.81,2.6744,powered
0.1960,1.026,12.058,70.291,1.20270,96.50,0.163,0.5343,0.0354,89.0,693.79,2.6746,powered
0.1970,1.038,12.128,70.273,1.20265,96.47,0.165,0.5338,0.0356,90.1,693.78,2.6748,powered
0.1980,1.050,12.198,70.254,1.20260,96.45,0.166,0.5334,0.0358,91.1,693.76,2.6750,powered
0.1990,1.062,12.269,70.236,1.20256,96.42,0.168,0.5329,0.0361,92.2,693.75,2.6753,powered
0.2000,1.074,12.339,70.218,1.20251,96.40,0.170,0.5324,0.0363,93.2,693.73,2.6755,powered
0.2010,1.087,12.409,70.199,1.20247,96.38,0.172,0.5320,0.0365,94.3,693.72,2.6757,powered
0.2020,1.099,12.479,70.181,1.20242,96.35,0.173,0.5315,0.0367,95.4,693.70,2.6760,powered
0.2030,1.112,12.550,70.162,1.20238,96.33,0.175,0.5310,0.0369,96.5,693.69,2.6762,powered
0.2040,1.124,12.620,70.144,1.20233,96.30,0.177,0.5306,0.0371,97.5,693.67,2.6764,powered
0.2050,1.137,12.690,70.126,1.20228,96.28,0.179,0.5301,0.0373,98.6,693.66,2.6767,powered
0.2060,1.150,12.760,70.107,1.20224,96.26,0.181,0.5297,0.0375,99.7,693.64,2.6769,powered
0.2070,1.162,12.830,70.089,1.20219,96.23,0.183,0.5292,0.0377,100.8,693.63,2.6771,powered
0.2080,1.175,12.900,70.070,1.20215,96.21,0.184,0.5288,0.0379,101.9,693.61,2.6773,powered
0.2090,1.188,12.970,70.052,1.20210,96.18,0.186,0.5283,0.0381,103.0,693.60,2.6776,powered
0.2100,1.201,13.040,70.033,1.20205,96.16,0.188,0.5279,0.0383,104.1,693.58,2.6778,powered
0.2110,1.214,13.110,70.015,1.20201,96.14,0.190,0.5275,0.0385,105.3,693.57,2.6780,powered
0.2120,1.227,13.180,69.996,1.20196,96.11,0.192,0.5270,0.0387,106.4,693.55,2.6783,powered
0.2130,1.241,13.250,69.978,1.20192,96.09,0.194,0.5266,0.0389,107.5,693.53,2.6785,powered
0.2140,1.254,13.320,69.959,1.20187,96.06,0.196,0.5262,0.0391,108.7,693.52,2.6787,powered
0.2150,1.267,13.390,69.941,1.20183,96.04,0.198,0.5258,0.0393,109.8,693.50,2.6789,powered
0.2160,1.281,13.460,69.922,1.20178,96.02,0.199,0.5253,0.0396,111.0,693.49,2.6792,powered
0.2170,1.294,13.530,69.904,1.20174,95.99,0.201,0.5249,0.0398,112.1,693.47,2.6794,powered
0.2180,1.308,13.600,69.885,1.20169,95.97,0.203,0.5245,0.0400,113.3,693.46,2.6796,powered
0.2190,1.321,13.670,69.867,1.20164,95.94,0.205,0.5241,0.0402,114.4,693.44,2.6799,powered
0.2200,1.335,13.740,69.848,1.20160,95.92,0.207,0.5237,0.0404,115.6,693.43,2.6801,powered
0.2210,1.349,13.809,69.829,1.20155,95.90,0.209,0.5233,0.0406,116.8,693.41,2.6803,powered
0.2220,1.363,13.879,69.811,1.20151,95.87,0.211,0.5229,0.0408,118.0,693.40,2.6805,powered
0.2230,1.377,13.949,69.792,1.20146,95.85,0.213,0.5225,0.0410,119.2,693.38,2.6808,powered
0.2240,1.391,14.019,69.774,1.20142,95.82,0.215,0.5221,0.0412,120.4,693.37,2.6810,powered
0.2250,1.405,14.089,69.755,1.20137,95.80,0.217,0.5217,0.0414,121.6,693.35,2.6812,powered
0.2260,1.419,14.158,69.736,1.20133,95.78,0.219,0.5213,0.0416,122.8,693.34,2.6815,powered
0.2270,1.433,14.228,69.718,1.20128,95.75,0.221,0.5209,0.0418,124.0,693.32,2.6817,powered
0.2280,1.447,14.298,69.699,1.20123,95.73,0.223,0.5205,0.0420,125.2,693.31,2.6819,powered
0.2290,1.462,14.367,69.680,1.20119,95.70,0.225,0.5201,0.0422,126.4,693.29,2.6821,powered
0.2300,1.476,14.437,69.662,1.20114,95.68,0.227,0.5197,0.0424,127.6,693.28,2.6824,powered
0.2310,1.490,14.507,69.643,1.20110,95.66,0.229,0.5194,0.0426,128.9,693.26,2.6826,powered
0.2320,1.505,14.576,69.624,1.20105,95.63,0.231,0.5190,0.0428,130.1,693.25,2.6828,powered
0.2330,1.520,14.646,69.606,1.20101,95.61,0.233,0.5186,0.0430,131.4,693.23,2.6831,powered
0.2340,1.534,14.716,69.587,1.20096,95.58,0.235,0.5182,0.0432,132.6,693.22,2.6833,powered
0.2350,1.549,14.785,69.568,1.20092,95.56,0.237,0.5178,0.0434,133.9,693.20,2.6835,powered
0.2360,1.564,14.855,69.550,1.20087,95.54,0.239,0.5175,0.0437,135.1,693.19,2.6837,powered
0.2370,1.579,14.924,69.531,1.20083,95.51,0.241,0.5171,0.0439,136.4,693.17,2.6840,powered
0.2380,1.594,14.994,69.512,1.20078,95.49,0.243,0.5167,0.0441,137.7,693.16,2.6842,powered
0.2390,1.609,15.063,69.494,1.20073,95.46,0.245,0.5164,0.0443,139.0,693.14,2.6844,powered
0.2400,1.624,15.133,69.475,1.20069,95.44,0.248,0.5160,0.0445,140.2,693.13,2.6847,powered
0.2410,1.639,15.202,69.456,1.20064,95.42,0.250,0.5157,0.0447,141.5,693.11,2.6849,powered
0.2420,1.654,15.272,69.437,1.20060,95.39,0.252,0.5153,0.0449,142.8,693.10,2.6851,powered
0.2430,1.670,15.341,69.419,1.20055,95.37,0.254,0.5149,0.0451,144.1,693.08,2.6853,powered
0.2440,1.685,15.411,69.400,1.20051,95.34,0.256,0.5146,0.0453,145.4,693.07,2.6856,powered
0.2450,1.700,15.480,69.381,1.20046,95.32,0.258,0.5142,0.0455,146.7,693.05,2.6858,powered
0.2460,1.716,15.549,69.362,1.20042,95.30,0.260,0.5139,0.0457,148.1,693.04,2.6860,powered
0.2470,1.731,15.619,69.343,1.20037,95.27,0.262,0.5135,0.0459,149.4,693.02,2.6863,powered
0.2480,1.747,15.688,69.325,1.20033,95.25,0.265,0.5132,0.0461,150.7,693.01,2.6865,powered
0.2490,1.763,15.757,69.306,1.20028,95.22,0.267,0.5129,0.0463,152.1,692.99,2.6867,powered
0.2500,1.779,15.827,69.287,1.20024,95.20,0.269,0.5125,0.0465,153.4,692.98,2.6869,powered
0.2510,1.795,15.896,69.268,1.20019,95.18,0.271,0.5122,0.0467,154.7,692.96,2.6872,powered
0.2520,1.810,15.965,69.249,1.20015,95.15,0.273,0.5118,0.0469,156.1,692.95,2.6874,powered
0.2530,1.826,16.034,69.230,1.20010,95.13,0.276,0.5115,0.0471,157.4,692.93,2.6876,powered
0.2540,1.843,16.104,69.212,1.20006,95.10,0.278,0.5112,0.0473,158.8,692.92,2.6878,powered
0.2550,1.859,16.173,69.193,1.20001,95.08,0.280,0.5108,0.0475,160.2,692.90,2.6881,powered
0.2560,1.875,16.242,69.174,1.19997,95.06,0.282,0.5105,0.0477,161.6,692.89,2.6883,powered
0.2570,1.891,16.311,69.155,1.19992,95.03,0.284,0.5102,0.0479,162.9,692.87,2.6885,powered
0.2580,1.907,16.380,69.136,1.19987,95.01,0.287,0.5099,0.0481,164.3,692.86,2.6888,powered
0.2590,1.924,16.449,69.117,1.19983,94.98,0.289,0.5095,0.0483,165.7,692.84,2.6890,powered
0.2600,1.940,16.519,69.098,1.19978,94.96,0.291,0.5092,0.0485,167.1,692.83,2.6892,powered
0.2610,1.957,16.588,69.079,1.19974,94.94,0.293,0.5089,0.0487,168.5,692.81,2.6894,powered
0.2620,1.974,16.657,69.060,1.19969,94.91,0.296,0.5086,0.0489,169.9,692.80,2.6897,powered
0.2630,1.990,16.726,69.041,1.19965,94.89,0.298,0.5082,0.0492,171.3,692.78,2.6899,powered
0.2640,2.007,16.795,69.023,1.19960,94.86,0.300,0.5079,0.0494,172.7,692.77,2.6901,powered
0.2650,2.024,16.864,69.004,1.19956,94.84,0.302,0.5076,0.0496,174.2,692.75,2.6903,powered
0.2660,2.041,16.933,68.985,1.19951,94.82,0.305,0.5073,0.0498,175.6,692.74,2.6906,powered
0.2670,2.058,17.002,68.966,1.19947,94.79,0.307,0.5070,0.0500,177.0,692.72,2.6908,powered
0.2680,2.075,17.071,68.947,1.19942,94.77,0.309,0.5067,0.0502,178.5,692.71,2.6910,powered
0.2690,2.092,17.140,68.928,1.19938,94.74,0.312,0.5064,0.0504,179.9,692.69,2.6913,powered
0.2700,2.109,17.209,68.909,1.19933,94.72,0.314,0.5061,0.0506,181.3,692.68,2.6915,powered
0.2710,2.126,17.277,68.890,1.19929,94.70,0.316,0.5058,0.0508,182.8,692.66,2.6917,powered
0.2720,2.144,17.346,68.871,1.19924,94.67,0.319,0.5055,0.0510,184.3,692.65,2.6919,powered
0.2730,2.161,17.415,68.852,1.19920,94.65,0.321,0.5052,0.0512,185.7,692.63,2.6922,powered
0.2740,2.178,17.484,68.833,1.19915,94.62,0.323,0.5049,0.0514,187.2,692.62,2.6924,powered
0.2750,2.196,17.553,68.814,1.19911,94.60,0.326,0.5046,0.0516,188.7,692.60,2.6926,powered
0.2760,2.213,17.622,68.795,1.19906,94.58,0.328,0.5043,0.0518,190.2,692.59,2.6928,powered
0.2770,2.231,17.690,68.776,1.19902,94.55,0.330,0.5040,0.0520,191.6,692.57,2.6931,powered
0.2780,2.249,17.759,68.756,1.19897,94.53,0.333,0.5037,0.0522,193.1,692.56,2.6933,powered
0.2790,2.267,17.828,68.737,1.19893,94.50,0.335,0.5034,0.0524,194.6,692.54,2.6935,powered
0.2800,2.285,17.897,68.718,1.19888,94.48,0.338,0.5031,0.0526,196.1,692.53,2.6937,powered
0.2810,2.302,17.965,68.699,1.19884,94.46,0.340,0.5028,0.0528,197.6,692.51,2.6940,powered
0.2820,2.320,18.034,68.680,1.19879,94.43,0.342,0.5025,0.0530,199.2,692.50,2.6942,powered
0.2830,2.339,18.103,68.661,1.19875,94.41,0.345,0.5022,0.0532,200.7,692.48,2.6944,powered
0.2840,2.357,18.171,68.642,1.19871,94.38,0.347,0.5019,0.0534,202.2,692.47,2.6947,powered
0.2850,2.375,18.240,68.623,1.19866,94.36,0.350,0.5017,0.0536,203.7,692.45,2.6949,powered
0.2860,2.393,18.309,68.604,1.19862,94.34,0.352,0.5014,0.0538,205.3,692.44,2.6951,powered
0.2870,2.411,18.377,68.585,1.19857,94.31,0.355,0.5011,0.0540,206.8,692.42,2.6953,powered
0.2880,2.430,18.446,68.565,1.19853,94.29,0.357,0.5008,0.0542,208.4,692.41,2.6956,powered
0.2890,2.448,18.514,68.546,1.19848,94.26,0.359,0.5005,0.0544,209.9,692.39,2.6958,powered
0.2900,2.467,18.583,68.527,1.19844,94.24,0.362,0.5003,0.0546,211.5,692.38,2.6960,powered
0.2910,2.486,18.651,68.508,1.19839,94.22,0.364,0.5000,0.0548,213.0,692.36,2.6962,powered
0.2920,2.504,18.720,68.489,1.19835,94.19,0.367,0.4997,0.0550,214.6,692.35,2.6965,powered
0.2930,2.523,18.788,68.470,1.19830,94.17,0.369,0.4994,0.0552,216.2,692.33,2.6967,powered
0.2940,2.542,18.857,68.450,1.19826,94.14,0.372,0.4992,0.0554,217.7,692.32,2.6969,powered
0.2950,2.561,18.925,68.431,1.19821,94.12,0.374,0.4989,0.0556,219.3,692.30,2.6971,powered
0.2960,2.580,18.994,68.412,1.19817,94.10,0.377,0.4986,0.0558,220.9,692.29,2.6974,powered
0.2970,2.599,19.062,68.393,1.19812,94.07,0.379,0.4984,0.0560,222.5,692.27,2.6976,powered
0.2980,2.618,19.131,68.374,1.19808,94.05,0.382,0.4981,0.0562,224.1,692.26,2.6978,powered
0.2990,2.637,19.199,68.354,1.19803,94.02,0.384,0.4978,0.0564,225.7,692.24,2.6980,powered
0.3000,2.656,19.267,68.335,1.19799,94.00,0.387,0.4976,0.0566,227.3,692.23,2.6983,powered
0.3010,2.675,19.336,68.316,1.19794,93.98,0.389,0.4973,0.0568,228.9,692.21,2.6985,powered
0.3020,2.695,19.404,68.297,1.19790,93.95,0.392,0.4970,0.0570,230.6,692.20,2.6987,powered
0.3030,2.714,19.472,68.277,1.19785,93.93,0.395,0.4968,0.0572,232.2,692.18,2.6989,powered
0.3040,2.734,19.540,68.258,1.19781,93.90,0.397,0.4965,0.0574,233.8,692.17,2.6992,powered
0.3050,2.753,19.609,68.239,1.19777,93.88,0.400,0.4963,0.0576,235.4,692.16,2.6994,powered
0.3060,2.773,19.677,68.220,1.19772,93.86,0.402,0.4960,0.0578,237.1,692.14,2.6996,powered
0.3070,2.793,19.745,68.200,1.19768,93.83,0.405,0.4957,0.0580,238.7,692.13,2.6998,powered
0.3080,2.813,19.813,68.181,1.19763,93.81,0.407,0.4955,0.0582,240.4,692.11,2.7001,powered
0.3090,2.832,19.882,68.162,1.19759,93.78,0.410,0.4952,0.0584,242.0,692.10,2.7003,powered
0.3100,2.852,19.950,68.142,1.19754,93.76,0.413,0.4950,0.0586,243.7,692.08,2.7005,powered
0.3110,2.872,20.018,68.123,1.19750,93.74,0.415,0.4947,0.0588,245.4,692.07,2.7007,powered
0.3120,2.892,20.086,68.104,1.19745,93.71,0.418,0.4945,0.0590,247.0,692.05,2.7010,powered
0.3130,2.912,20.154,68.084,1.19741,93.69,0.421,0.4942,0.0592,248.7,692.04,2.7012,powered
0.3140,2.933,20.222,68.065,1.19736,93.66,0.423,0.4940,0.0594,250.4,692.02,2.7014,powered
0.3150,2.953,20.290,68.046,1.19732,93.64,0.426,0.4937,0.0596,252.1,692.01,2.7016,powered
0.3160,2.973,20.358,68.026,1.19728,93.62,0.428,0.4935,0.0598,253.8,691.99,2.7019,powered
0.3170,2.994,20.426,68.007,1.19723,93.59,0.431,0.4933,0.0600,255.5,691.98,2.7021,powered
0.3180,3.014,20.494,67.988,1.19719,93.57,0.434,0.4930,0.0602,257.2,691.96,2.7023,powered
0.3190,3.035,20.562,67.968,1.19714,93.54,0.436,0.4928,0.0604,258.9,691.95,2.7025,powered
0.3200,3.055,20.630,67.949,1.19710,93.52,0.439,0.4925,0.0606,260.6,691.93,2.7028,powered
0.3210,3.076,20.698,67.929,1.19705,93.50,0.442,0.4923,0.0608,262.3,691.92,2.7030,powered
0.3220,3.097,20.766,67.910,1.19701,93.47,0.444,0.4920,0.0610,264.0,691.90,2.7032,powered
0.3230,3.117,20.834,67.891,1.19696,93.45,0.447,0.4918,0.0612,265.8,691.89,2.7034,powered
0.3240,3.138,20.902,67.871,1.19692,93.42,0.450,0.4916,0.0614,267.5,691.87,2.7037,powered
0.3250,3.159,20.970,67.852,1.19688,93.40,0.453,0.4913,0.0616,269.2,691.86,2.7039,powered
0.3260,3.180,21.037,67.832,1.19683,93.38,0.455,0.4911,0.0618,271.0,691.84,2.7041,powered
0.3270,3.201,21.105,67.813,1.19679,93.35,0.458,0.4909,0.0620,272.7,691.83,2.7043,powered
0.3280,3.222,21.173,67.793,1.19674,93.33,0.461,0.4906,0.0622,274.5,691.81,2.7046,powered
0.3290,3.244,21.241,67.774,1.19670,93.30,0.463,0.4904,0.0624,276.3,691.80,2.7048,powered
0.3300,3.265,21.309,67.754,1.19665,93.28,0.466,0.4902,0.0626,278.0,691.78,2.7050,powered
0.3310,3.286,21.376,67.735,1.19661,93.26,0.469,0.4899,0.0628,279.8,691.77,2.7052,powered
0.3320,3.308,21.444,67.715,1.19657,93.23,0.472,0.4897,0.0630,281.6,691.75,2.7055,powered
0.3330,3.329,21.512,67.696,1.19652,93.21,0.475,0.4895,0.0632,283.3,691.74,2.7057,powered
0.3340,3.351,21.579,67.676,1.19648,93.18,0.477,0.4893,0.0634,285.1,691.73,2.7059,powered
0.3350,3.372,21.647,67.657,1.19643,93.16,0.480,0.4890,0.0636,286.9,691.71,2.7061,powered
0.3360,3.394,21.715,67.637,1.19639,93.14,0.483,0.4888,0.0638,288.7,691.70,2.7064,powered
0.3370,3.416,21.782,67.618,1.19634,93.11,0.486,0.4886,0.0640,290.5,691.68,2.7066,powered
0.3380,3.438,21.850,67.598,1.19630,93.09,0.488,0.4884,0.0642,292.3,691.67,2.7068,powered
0.3390,3.459,21.918,67.579,1.19626,93.06,0.491,0.4881,0.0644,294.1,691.65,2.7070,powered
0.3400,3.481,21.985,67.559,1.19621,93.04,0.494,0.4879,0.0646,296.0,691.64,2.7073,powered
0.3410,3.503,22.053,67.540,1.19617,93.02,0.497,0.4877,0.0648,297.8,691.62,2.7075,powered
0.3420,3.525,22.120,67.520,1.19612,92.99,0.500,0.4875,0.0650,299.6,691.61,2.7077,powered
0.3430,3.548,22.188,67.501,1.19608,92.97,0.502,0.4873,0.0652,301.4,691.59,2.7079,powered
0.3440,3.570,22.255,67.481,1.19603,92.94,0.505,0.4870,0.0654,303.3,691.58,2.7082,powered
0.3450,3.592,22.323,67.461,1.19599,92.92,0.508,0.4868,0.0656,305.1,691.56,2.7084,powered
0.3460,3.614,22.390,67.442,1.19595,92.90,0.511,0.4866,0.0658,307.0,691.55,2.7086,powered
0.3470,3.637,22.458,67.422,1.19590,92.87,0.514,0.4864,0.0660,308.8,691.53,2.7088,powered
0.3480,3.659,22.525,67.403,1.19586,92.85,0.517,0.4862,0.0662,310.7,691.52,2.7090,powered
0.3490,3.682,22.592,67.383,1.19581,92.82,0.520,0.4860,0.0664,312.5,691.50,2.7093,powered
0.3500,3.705,22.660,67.363,1.19577,92.80,0.522,0.4858,0.0666,314.4,691.49,2.7095,powered
0.3510,3.727,22.727,67.344,1.19573,92.78,0.525,0.4855,0.0668,316.3,691.47,2.7097,powered
0.3520,3.750,22.795,67.324,1.19568,92.75,0.528,0.4853,0.0670,318.1,691.46,2.7099,powered
0.3530,3.773,22.862,67.304,1.19564,92.73,0.531,0.4851,0.0672,320.0,691.44,2.7102,powered
0.3540,3.796,22.929,67.285,1.19559,92.70,0.534,0.4849,0.0674,321.9,691.43,2.7104,powered
0.3550,3.819,22.996,67.265,1.19555,92.68,0.537,0.4847,0.0676,323.8,691.41,2.7106,powered
0.3560,3.842,23.064,67.245,1.19551,92.66,0.540,0.4845,0.0678,325.7,691.40,2.7108,powered
0.3570,3.865,23.131,67.226,1.19546,92.63,0.543,0.4843,0.0680,327.6,691.39,2.7111,powered
0.3580,3.888,23.198,67.206,1.19542,92.61,0.546,0.4841,0.0682,329.5,691.37,2.7113,powered
0.3590,3.911,23.265,67.186,1.19537,92.58,0.549,0.4839,0.0684,331.4,691.36,2.7115,powered
0.3600,3.935,23.332,67.167,1.19533,92.56,0.552,0.4837,0.0686,333.3,691.34,2.7117,powered
0.3610,3.958,23.400,67.147,1.19529,92.54,0.555,0.4835,0.0688,335.2,691.33,2.7119,powered
0.3620,3.981,23.467,67.127,1.19524,92.51,0.557,0.4833,0.0690,337.2,691.31,2.7122,powered
0.3630,4.005,23.534,67.107,1.19520,92.49,0.560,0.4831,0.0692,339.1,691.30,2.7124,powered
0.3640,4.028,23.601,67.088,1.19515,92.46,0.563,0.4829,0.0694,341.0,691.28,2.7126,powered
0.3650,4.052,23.668,67.068,1.19511,92.44,0.566,0.4827,0.0696,343.0,691.27,2.7128,powered
0.3660,4.076,23.735,67.048,1.19507,92.42,0.569,0.4825,0.0698,344.9,691.25,2.7131,powered
0.3670,4.100,23.802,67.028,1.19502,92.39,0.572,0.4823,0.0699,346.9,691.24,2.7133,powered
0.3680,4.123,23.869,67.009,1.19498,92.37,0.575,0.4821,0.0701,348.8,691.22,2.7135,powered
0.3690,4.147,23.936,66.989,1.19493,92.34,0.578,0.4819,0.0703,350.8,691.21,2.7137,powered
0.3700,4.171,24.003,66.969,1.19489,92.32,0.581,0.4817,0.0705,352.8,691.19,2.7140,powered
0.3710,4.195,24.070,66.949,1.19485,92.30,0.584,0.4815,0.0707,354.7,691.18,2.7142,powered
0.3720,4.219,24.137,66.930,1.19480,92.27,0.587,0.4813,0.0709,356.7,691.16,2.7144,powered
0.3730,4.244,24.204,66.910,1.19476,92.25,0.590,0.4811,0.0711,358.7,691.15,2.7146,powered
0.3740,4.268,24.271,66.890,1.19471,92.22,0.593,0.4809,0.0713,360.7,691.14,2.7148,powered
0.3750,4.292,24.338,66.870,1.19467,92.20,0.596,0.4807,0.0715,362.7,691.12,2.7151,powered
0.3760,4.316,24.405,66.850,1.19463,92.18,0.599,0.4805,0.0717,364.6,691.11,2.7153,powered
0.3770,4.341,24.471,66.831,1.19458,92.15,0.603,0.4803,0.0719,366.6,691.09,2.7155,powered
0.3780,4.365,24.538,66.811,1.19454,92.13,0.606,0.4801,0.0721,368.6,691.08,2.7157,powered
0.3790,4.390,24.605,66.791,1.19450,92.10,0.609,0.4799,0.0723,370.7,691.06,2.7160,powered
0.3800,4.415,24.672,66.771,1.19445,92.08,0.612,0.4798,0.0725,372.7,691.05,2.7162,powered
0.3810,4.439,24.739,66.751,1.19441,92.06,0.615,0.4796,0.0727,374.7,691.03,2.7164,powered
0.3820,4.464,24.805,66.731,1.19436,92.03,0.618,0.4794,0.0729,376.7,691.02,2.7166,powered
0.3830,4.489,24.872,66.711,1.19432,92.01,0.621,0.4792,0.0731,378.7,691.00,2.7168,powered
0.3840,4.514,24.939,66.691,1.19428,91.98,0.624,0.4790,0.0733,380.8,690.99,2.7171,powered
0.3850,4.539,25.005,66.672,1.19423,91.96,0.627,0.4788,0.0735,382.8,690.97,2.7173,powered
0.3860,4.564,25.072,66.652,1.19419,91.94,0.630,0.4786,0.0737,384.9,690.96,2.7175,powered
0.3870,4.589,25.139,66.632,1.19415,91.91,0.633,0.4785,0.0739,386.9,690.94,2.7177,powered
0.3880,4.614,25.205,66.612,1.19410,91.89,0.636,0.4783,0.0741,389.0,690.93,2.7180,powered
0.3890,4.639,25.272,66.592,1.19406,91.86,0.640,0.4781,0.0743,391.0,690.92,2.7182,powered
0.3900,4.665,25.339,66.572,1.19402,91.84,0.643,0.4779,0.0745,393.1,690.90,2.7184,powered
0.3910,4.690,25.405,66.552,1.19397,91.82,0.646,0.4777,0.0747,395.1,690.89,2.7186,powered
0.3920,4.715,25.472,66.532,1.19393,91.79,0.649,0.4775,0.0749,397.2,690.87,2.7188,powered
0.3930,4.741,25.538,66.512,1.19388,91.77,0.652,0.4774,0.0751,399.3,690.86,2.7191,powered
0.3940,4.767,25.605,66.492,1.19384,91.74,0.655,0.4772,0.0752,401.4,690.84,2.7193,powered
0.3950,4.792,25.671,66.472,1.19380,91.72,0.658,0.4770,0.0754,403.5,690.83,2.7195,powered
0.3960,4.818,25.738,66.452,1.19375,91.70,0.662,0.4768,0.0756,405.5,690.81,2.7197,powered
0.3970,4.844,25.804,66.432,1.19371,91.67,0.665,0.4767,0.0758,407.6,690.80,2.7200,powered
0.3980,4.869,25.871,66.412,1.19367,91.65,0.668,0.4765,0.0760,409.7,690.78,2.7202,powered
0.3990,4.895,25.937,66.392,1.19362,91.62,0.671,0.4763,0.0762,411.8,690.77,2.7204,powered
0.4000,4.921,26.003,66.372,1.19358,91.60,0.674,0.4761,0.0764,414.0,690.75,2.7206,powered
0.4010,4.947,26.070,66.352,1.19354,91.58,0.677,0.4759,0.0766,416.1,690.74,2.7208,powered
0.4020,4.973,26.136,66.332,1.19349,91.55,0.681,0.4758,0.0768,418.2,690.73,2.7211,powered
0.4030,5.000,26.202,66.312,1.19345,91.53,0.684,0.4756,0.0770,420.3,690.71,2.7213,powered
0.4040,5.026,26.269,66.292,1.19341,91.50,0.687,0.4754,0.0772,422.4,690.70,2.7215,powered
0.4050,5.052,26.335,66.272,1.19336,91.48,0.690,0.4753,0.0774,424.6,690.68,2.7217,powered
0.4060,5.079,26.401,66.252,1.19332,91.46,0.694,0.4751,0.0776,426.7,690.67,2.7219,powered
0.4070,5.105,26.467,66.232,1.19328,91.43,0.697,0.4749,0.0778,428.9,690.65,2.7222,powered
0.4080,5.131,26.534,66.212,1.19323,91.41,0.700,0.4747,0.0780,431.0,690.64,2.7224,powered
0.4090,5.158,26.600,66.192,1.19319,91.38,0.703,0.4746,0.0782,433.2,690.62,2.7226,powered
0.4100,5.185,26.666,66.172,1.19314,91.36,0.707,0.4744,0.0784,435.3,690.61,2.7228,powered
0.4110,5.211,26.732,66.152,1.19310,91.34,0.710,0.4742,0.0786,437.5,690.59,2.7230,powered
0.4120,5.238,26.798,66.132,1.19306,91.31,0.713,0.4741,0.0788,439.6,690.58,2.7233,powered
0.4130,5.265,26.864,66.112,1.19301,91.29,0.716,0.4739,0.0789,441.8,690.56,2.7235,powered
0.4140,5.292,26.931,66.092,1.19297,91.26,0.720,0.4737,0.0791,444.0,690.55,2.7237,powered
0.4150,5.319,26.997,66.071,1.19293,91.24,0.723,0.4736,0.0793,446.2,690.54,2.7239,powered
0.4160,5.346,27.063,66.051,1.19288,91.22,0.726,0.4734,0.0795,448.4,690.52,2.7242,powered
0.4170,5.373,27.129,66.031,1.19284,91.19,0.729,0.4732,0.0797,450.5,690.51,2.7244,powered
0.4180,5.400,27.195,66.011,1.19280,91.17,0.733,0.4731,0.0799,452.7,690.49,2.7246,powered
0.4190,5.427,27.261,65.991,1.19275,91.14,0.736,0.4729,0.0801,454.9,690.48,2.7248,powered
0.4200,5.455,27.327,65.971,1.19271,91.12,0.739,0.4727,0.0803,457.1,690.46,2.7250,powered
0.4210,5.482,27.393,65.951,1.19267,91.10,0.743,0.4726,0.0805,459.4,690.45,2.7253,powered
0.4220,5.509,27.459,65.931,1.19262,91.07,0.746,0.4724,0.0807,461.6,690.43,2.7255,powered
0.4230,5.537,27.525,65.910,1.19258,91.05,0.749,0.4723,0.0809,463.8,690.42,2.7257,powered
0.4240,5.564,27.590,65.890,1.19254,91.02,0.753,0.4721,0.0811,466.0,690.40,2.7259,powered
0.4250,5.592,27.656,65.870,1.19249,91.00,0.756,0.4719,0.0813,468.2,690.39,2.7261,powered
0.4260,5.620,27.722,65.850,1.19245,90.98,0.759,0.4718,0.0815,470.5,690.38,2.7264,powered
0.4270,5.648,27.788,65.830,1.19241,90.95,0.763,0.4716,0.0817,472.7,690.36,2.7266,powered
0.4280,5.675,27.854,65.809,1.19237,90.93,0.766,0.4715,0.0819,474.9,690.35,2.7268,powered
0.4290,5.703,27.920,65.789,1.19232,90.90,0.769,0.4713,0.0821,477.2,690.33,2.7270,powered
0.4300,5.731,27.985,65.769,1.19228,90.88,0.773,0.4711,0.0822,479.4,690.32,2.7272,powered
0.4310,5.759,28.051,65.749,1.19224,90.86,0.776,0.4710,0.0824,481.7,690.30,2.7275,powered
0.4320,5.787,28.117,65.729,1.19219,90.83,0.780,0.4708,0.0826,483.9,690.29,2.7277,powered
0.4330,5.815,28.183,65.708,1.19215,90.81,0.783,0.4707,0.0828,486.2,690.27,2.7279,powered
0.4340,5.844,28.248,65.688,1.19211,90.78,0.786,0.4705,0.0830,488.5,690.26,2.7281,powered
0.4350,5.872,28.314,65.668,1.19206,90.76,0.790,0.4704,0.0832,490.8,690.24,2.7283,powered
0.4360,5.900,28.380,65.648,1.19202,90.74,0.793,0.4702,0.0834,493.0,690.23,2.7286,powered
0.4370,5.929,28.445,65.627,1.19198,90.71,0.797,0.4700,0.0836,495.3,690.22,2.7288,powered
0.4380,5.957,28.511,65.607,1.19193,90.69,0.800,0.4699,0.0838,497.6,690.20,2.7290,powered
0.4390,5.986,28.577,65.587,1.19189,90.66,0.803,0.4697,0.0840,499.9,690.19,2.7292,powered
0.4400,6.014,28.642,65.566,1.19185,90.64,0.807,0.4696,0.0842,502.2,690.17,2.7294,powered
0.4410,6.043,28.708,65.546,1.19180,90.62,0.810,0.4694,0.0844,504.5,690.16,2.7297,powered
0.4420,6.072,28.773,65.526,1.19176,90.59,0.814,0.4693,0.0846,506.8,690.14,2.7299,powered
0.4430,6.101,28.839,65.506,1.19172,90.57,0.817,0.4691,0.0848,509.1,690.13,2.7301,powered
0.4440,6.129,28.904,65.485,1.19168,90.54,0.821,0.4690,0.0849,511.4,690.11,2.7303,powered
0.4450,6.158,28.970,65.465,1.19163,90.52,0.824,0.4688,0.0851,513.7,690.10,2.7305,powered
0.4460,6.187,29.035,65.445,1.19159,90.50,0.827,0.4687,0.0853,516.1,690.09,2.7308,powered
0.4470,6.216,29.101,65.424,1.19155,90.47,0.831,0.4685,0.0855,518.4,690.07,2.7310,powered
0.4480,6.246,29.166,65.404,1.19150,90.45,0.834,0.4684,0.0857,520.7,690.06,2.7312,powered
0.4490,6.275,29.231,65.384,1.19146,90.42,0.838,0.4682,0.0859,523.0,690.04,2.7314,powered
0.4500,6.304,29.297,65.363,1.19142,90.40,0.841,0.4681,0.0861,525.4,690.03,2.7316,powered
0.4510,6.333,29.362,65.343,1.19137,90.38,0.845,0.4679,0.0863,527.7,690.01,2.7319,powered
0.4520,6.363,29.427,65.322,1.19133,90.35,0.848,0.4678,0.0865,530.1,690.00,2.7321,powered
0.4530,6.392,29.493,65.302,1.19129,90.33,0.852,0.4676,0.0867,532.4,689.98,2.7323,powered
0.4540,6.422,29.558,65.282,1.19125,90.30,0.855,0.4675,0.0869,534.8,689.97,2.7325,powered
0.4550,6.451,29.623,65.261,1.19120,90.28,0.859,0.4673,0.0871,537.2,689.95,2.7327,powered
0.4560,6.481,29.689,65.241,1.19116,90.26,0.862,0.4672,0.0873,539.5,689.94,2.7329,powered
0.4570,6.511,29.754,65.220,1.19112,90.23,0.866,0.4671,0.0874,541.9,689.93,2.7332,powered
0.4580,6.541,29.819,65.200,1.19107,90.21,0.869,0.4669,0.0876,544.3,689.91,2.7334,powered
0.4590,6.570,29.884,65.180,1.19103,90.18,0.873,0.4668,0.0878,546.7,689.90,2.7336,powered
0.4600,6.600,29.949,65.159,1.19099,90.16,0.876,0.4666,0.0880,549.0,689.88,2.7338,powered
0.4610,6.630,30.015,65.139,1.19095,90.14,0.880,0.4665,0.0882,551.4,689.87,2.7340,powered
0.4620,6.660,30.080,65.118,1.19090,90.11,0.884,0.4663,0.0884,553.8,689.85,2.7343,powered
0.4630,6.690,30.145,65.098,1.19086,90.09,0.887,0.4662,0.0886,556.2,689.84,2.7345,powered
0.4640,6.721,30.210,65.077,1.19082,90.06,0.891,0.4661,0.0888,558.6,689.82,2.7347,powered
0.4650,6.751,30.275,65.057,1.19077,90.04,0.894,0.4659,0.0890,561.0,689.81,2.7349,powered
0.4660,6.781,30.340,65.037,1.19073,90.02,0.898,0.4658,0.0892,563.4,689.80,2.7351,powered
0.4670,6.812,30.405,65.016,1.19069,89.99,0.901,0.4656,0.0894,565.9,689.78,2.7354,powered
0.4680,6.842,30.470,64.996,1.19065,89.97,0.905,0.4655,0.0895,568.3,689.77,2.7356,powered
0.4690,6.872,30.535,64.975,1.19060,89.94,0.909,0.4654,0.0897,570.7,689.75,2.7358,powered
0.4700,6.903,30.600,64.955,1.19056,89.92,0.912,0.4652,0.0899,573.1,689.74,2.7360,powered
0.4710,6.934,30.665,64.934,1.19052,89.90,0.916,0.4651,0.0901,575.6,689.72,2.7362,powered
0.4720,6.964,30.730,64.914,1.19048,89.87,0.919,0.4649,0.0903,578.0,689.71,2.7364,powered
0.4730,6.995,30.795,64.893,1.19043,89.85,0.923,0.4648,0.0905,580.5,689.70,2.7367,powered
0.4740,7.026,30.860,64.873,1.19039,89.82,0.927,0.4647,0.0907,582.9,689.68,2.7369,powered
0.4750,7.057,30.924,64.852,1.19035,89.80,0.930,0.4645,0.0909,585.4,689.67,2.7371,powered
0.4760,7.088,30.989,64.831,1.19030,89.78,0.934,0.4644,0.0911,587.8,689.65,2.7373,powered
0.4770,7.119,31.054,64.811,1.19026,89.75,0.938,0.4643,0.0913,590.3,689.64,2.7375,powered
0.4780,7.150,31.119,64.790,1.19022,89.73,0.941,0.4641,0.0915,592.7,689.62,2.7378,powered
0.4790,7.181,31.184,64.770,1.19018,89.70,0.945,0.4640,0.0916,595.2,689.61,2.7380,powered
0.4800,7.212,31.248,64.749,1.19013,89.68,0.948,0.4639,0.0918,597.7,689.59,2.7382,powered
0.4810,7.244,31.313,64.729,1.19009,89.66,0.952,0.4637,0.0920,600.1,689.58,2.7384,powered
0.4820,7.275,31.378,64.708,1.19005,89.63,0.956,0.4636,0.0922,602.6,689.57,2.7386,powered
0.4830,7.306,31.443,64.688,1.19001,89.61,0.959,0.4634,0.0924,605.1,689.55,2.7388,powered
0.4840,7.338,31.507,64.667,1.18996,89.58,0.963,0.4633,0.0926,607.6,689.54,2.7391,powered
0.4850,7.369,31.572,64.646,1.18992,89.56,0.967,0.4632,0.0928,610.1,689.52,2.7393,powered
0.4860,7.401,31.637,64.626,1.18988,89.54,0.970,0.4631,0.0930,612.6,689.51,2.7395,powered
0.4870,7.433,31.701,64.605,1.18984,89.51,0.974,0.4629,0.0932,615.1,689.49,2.7397,powered
0.4880,7.464,31.766,64.585,1.18979,89.49,0.978,0.4628,0.0934,617.6,689.48,2.7399,powered
0.4890,7.496,31.830,64.564,1.18975,89.46,0.982,0.4627,0.0935,620.1,689.46,2.7402,powered
0.4900,7.528,31.895,64.543,1.18971,89.44,0.985,0.4625,0.0937,622.6,689.45,2.7404,powered
0.4910,7.560,31.959,64.523,1.18967,89.42,0.989,0.4624,0.0939,625.2,689.44,2.7406,powered
0.4920,7.592,32.024,64.502,1.18962,89.39,0.993,0.4623,0.0941,627.7,689.42,2.7408,powered
0.4930,7.624,32.088,64.481,1.18958,89.37,0.996,0.4621,0.0943,630.2,689.41,2.7410,powered
0.4940,7.656,32.153,64.461,1.18954,89.34,1.000,0.4620,0.0945,632.7,689.39,2.7412,powered
0.4950,7.688,32.217,64.440,1.18950,89.32,1.004,0.4619,0.0947,635.3,689.38,2.7415,powered
0.4960,7.721,32.282,64.419,1.18945,89.30,1.008,0.4618,0.0949,637.8,689.36,2.7417,powered
0.4970,7.753,32.346,64.399,1.18941,89.27,1.011,0.4616,0.0951,640.4,689.35,2.7419,powered
0.4980,7.785,32.411,64.378,1.18937,89.25,1.015,0.4615,0.0953,642.9,689.34,2.7421,powered
0.4990,7.818,32.475,64.357,1.18933,89.22,1.019,0.4614,0.0954,645.5,689.32,2.7423,powered
0.5000,7.850,32.539,64.337,1.18928,89.20,1.023,0.4612,0.0956,648.0,689.31,2.7425,powered
0.5010,7.883,32.604,64.316,1.18924,89.18,1.026,0.4611,0.0958,650.6,689.29,2.7428,powered
0.5020,7.915,32.668,64.295,1.18920,89.15,1.030,0.4610,0.0960,653.2,689.28,2.7430,powered
0.5030,7.948,32.732,64.274,1.18916,89.13,1.034,0.4609,0.0962,655.7,689.26,2.7432,powered
0.5040,7.981,32.796,64.254,1.18911,89.10,1.038,0.4607,0.0964,658.3,689.25,2.7434,powered
0.5050,8.014,32.861,64.233,1.18907,89.08,1.041,0.4606,0.0966,660.9,689.24,2.7436,powered
0.5060,8.047,32.925,64.212,1.18903,89.06,1.045,0.4605,0.0968,663.5,689.22,2.7438,powered
0.5070,8.080,32.989,64.192,1.18899,89.03,1.049,0.4604,0.0970,666.1,689.21,2.7441,powered
0.5080,8.113,33.053,64.171,1.18895,89.01,1.053,0.4602,0.0971,668.6,689.19,2.7443,powered
0.5090,8.146,33.118,64.150,1.18890,88.98,1.057,0.4601,0.0973,671.2,689.18,2.7445,powered
0.5100,8.179,33.182,64.129,1.18886,88.96,1.060,0.4600,0.0975,673.8,689.16,2.7447,powered
0.5110,8.212,33.246,64.109,1.18882,88.94,1.064,0.4599,0.0977,676.5,689.15,2.7449,powered
0.5120,8.245,33.310,64.088,1.18878,88.91,1.068,0.4597,0.0979,679.1,689.14,2.7451,powered
0.5130,8.279,33.374,64.067,1.18873,88.89,1.072,0.4596,0.0981,681.7,689.12,2.7454,powered
0.5140,8.312,33.438,64.046,1.18869,88.86,1.076,0.4595,0.0983,684.3,689.11,2.7456,powered
0.5150,8.345,33.502,64.025,1.18865,88.84,1.080,0.4594,0.0985,686.9,689.09,2.7458,powered
0.5160,8.379,33.566,64.005,1.18861,88.82,1.083,0.4593,0.0986,689.5,689.08,2.7460,powered
0.5170,8.413,33.630,63.984,1.18857,88.79,1.087,0.4591,0.0988,692.2,689.06,2.7462,powered
0.5180,8.446,33.694,63.963,1.18852,88.77,1.091,0.4590,0.0990,694.8,689.05,2.7464,powered
0.5190,8.480,33.758,63.942,1.18848,88.74,1.095,0.4589,0.0992,697.4,689.04,2.7467,powered
0.5200,8.514,33.822,63.921,1.18844,88.72,1.099,0.4588,0.0994,700.1,689.02,2.7469,powered
0.5210,8.548,33.886,63.900,1.18840,88.70,1.103,0.4587,0.0996,702.7,689.01,2.7471,powered
0.5220,8.582,33.950,63.880,1.18835,88.67,1.107,0.4585,0.0998,705.4,688.99,2.7473,powered
0.5230,8.616,34.014,63.859,1.18831,88.65,1.110,0.4584,0.1000,708.0,688.98,2.7475,powered
0.5240,8.650,34.077,63.838,1.18827,88.62,1.114,0.4583,0.1002,710.7,688.96,2.7477,powered
0.5250,8.684,34.141,63.817,1.18823,88.60,1.118,0.4582,0.1003,713.4,688.95,2.7480,powered
0.5260,8.718,34.205,63.796,1.18819,88.58,1.122,0.4581,0.1005,716.0,688.94,2.7482,powered
0.5270,8.752,34.269,63.775,1.18814,88.55,1.126,0.4580,0.1007,718.7,688.92,2.7484,powered
0.5280,8.786,34.333,63.754,1.18810,88.53,1.130,0.4578,0.1009,721.4,688.91,2.7486,powered
0.5290,8.821,34.396,63.734,1.18806,88.50,1.134,0.4577,0.1011,724.0,688.89,2.7488,powered
0.5300,8.855,34.460,63.713,1.18802,88.48,1.138,0.4576,0.1013,726.7,688.88,2.7490,powered
0.5310,8.890,34.524,63.692,1.18798,88.46,1.142,0.4575,0.1015,729.4,688.86,2.7493,powered
0.5320,8.924,34.587,63.671,1.18793,88.43,1.146,0.4574,0.1017,732.1,688.85,2.7495,powered
0.5330,8.959,34.651,63.650,1.18789,88.41,1.149,0.4573,0.1018,734.8,688.84,2.7497,powered
0.5340,8.994,34.715,63.629,1.18785,88.38,1.153,0.4571,0.1020,737.5,688.82,2.7499,powered
0.5350,9.028,34.778,63.608,1.18781,88.36,1.157,0.4570,0.1022,740.2,688.81,2.7501,powered
0.5360,9.063,34.842,63.587,1.18777,88.34,1.161,0.4569,0.1024,742.9,688.79,2.7503,powered
0.5370,9.098,34.906,63.566,1.18772,88.31,1.165,0.4568,0.1026,745.6,688.78,2.7506,powered
0.5380,9.133,34.969,63.545,1.18768,88.29,1.169,0.4567,0.1028,748.3,688.76,2.7508,powered
0.5390,9.168,35.033,63.524,1.18764,88.26,1.173,0.4566,0.1030,751.1,688.75,2.7510,powered
0.5400,9.203,35.096,63.503,1.18760,88.24,1.177,0.4565,0.1031,753.8,688.74,2.7512,powered
0.5410,9.238,35.160,63.482,1.18756,88.22,1.181,0.4564,0.1033,756.5,688.72,2.7514,powered
0.5420,9.273,35.223,63.461,1.18751,88.19,1.185,0.4562,0.1035,759.2,688.71,2.7516,powered
0.5430,9.309,35.287,63.441,1.18747,88.17,1.189,0.4561,0.1037,762.0,688.69,2.7518,powered
0.5440,9.344,35.350,63.420,1.18743,88.14,1.193,0.4560,0.1039,764.7,688.68,2.7521,powered
0.5450,9.379,35.413,63.399,1.18739,88.12,1.197,0.4559,0.1041,767.5,688.66,2.7523,powered
0.5460,9.415,35.477,63.378,1.18735,88.10,1.201,0.4558,0.1043,770.2,688.65,2.7525,powered
0.5470,9.450,35.540,63.357,1.18730,88.07,1.205,0.4557,0.1045,772.9,688.64,2.7527,powered
0.5480,9.486,35.604,63.336,1.18726,88.05,1.209,0.4556,0.1046,775.7,688.62,2.7529,powered
0.5490,9.521,35.667,63.315,1.18722,88.02,1.213,0.4555,0.1048,778.5,688.61,2.7531,powered
0.5500,9.557,35.730,63.294,1.18718,88.00,1.217,0.4554,0.1050,781.2,688.59,2.7534,powered
0.5510,9.593,35.793,63.272,1.18714,87.98,1.221,0.4552,0.1052,784.0,688.58,2.7536,powered
0.5520,9.629,35.857,63.251,1.18710,87.95,1.225,0.4551,0.1054,786.8,688.57,2.7538,powered
0.5530,9.665,35.920,63.230,1.18705,87.93,1.229,0.4550,0.1056,789.5,688.55,2.7540,powered
0.5540,9.701,35.983,63.209,1.18701,87.90,1.233,0.4549,0.1058,792.3,688.54,2.7542,powered
0.5550,9.737,36.046,63.188,1.18697,87.88,1.237,0.4548,0.1059,795.1,688.52,2.7544,powered
0.5560,9.773,36.110,63.167,1.18693,87.86,1.241,0.4547,0.1061,797.9,688.51,2.7546,powered
0.5570,9.809,36.173,63.146,1.18689,87.83,1.245,0.4546,0.1063,800.7,688.49,2.7549,powered
0.5580,9.845,36.236,63.125,1.18684,87.81,1.249,0.4545,0.1065,803.5,688.48,2.7551,powered
0.5590,9.881,36.299,63.104,1.18680,87.78,1.253,0.4544,0.1067,806.3,688.47,2.7553,powered
0.5600,9.918,36.362,63.083,1.18676,87.76,1.257,0.4543,0.1069,809.1,688.45,2.7555,powered
0.5610,9.954,36.425,63.062,1.18672,87.74,1.261,0.4542,0.1071,811.9,688.44,2.7557,powered
0.5620,9.990,36.488,63.041,1.18668,87.71,1.266,0.4541,0.1072,814.7,688.42,2.7559,powered
0.5630,10.027,36.551,63.020,1.18664,87.69,1.270,0.4540,0.1074,817.5,688.41,2.7561,powered
0.5640,10.064,36.614,62.999,1.18659,87.66,1.274,0.4538,0.1076,820.3,688.40,2.7564,powered
0.5650,10.100,36.677,62.977,1.18655,87.64,1.278,0.4537,0.1078,823.1,688.38,2.7566,powered
0.5660,10.137,36.740,62.956,1.18651,87.62,1.282,0.4536,0.1080,826.0,688.37,2.7568,powered
0.5670,10.174,36.803,62.935,1.18647,87.59,1.286,0.4535,0.1082,828.8,688.35,2.7570,powered
0.5680,10.211,36.866,62.914,1.18643,87.57,1.290,0.4534,0.1083,831.6,688.34,2.7572,powered
0.5690,10.247,36.929,62.893,1.18639,87.54,1.294,0.4533,0.1085,834.5,688.32,2.7574,powered
0.5700,10.284,36.992,62.872,1.18634,87.52,1.298,0.4532,0.1087,837.3,688.31,2.7576,powered
0.5710,10.321,37.055,62.851,1.18630,87.50,1.302,0.4531,0.1089,840.2,688.30,2.7579,powered
0.5720,10.358,37.117,62.829,1.18626,87.47,1.307,0.4530,0.1091,843.0,688.28,2.7581,powered
0.5730,10.396,37.180,62.808,1.18622,87.45,1.311,0.4529,0.1093,845.9,688.27,2.7583,powered
0.5740,10.433,37.243,62.787,1.18618,87.42,1.315,0.4528,0.1095,848.7,688.25,2.7585,powered
0.5750,10.470,37.306,62.766,1.18614,87.40,1.319,0.4527,0.1096,851.6,688.24,2.7587,powered
0.5760,10.507,37.369,62.745,1.18610,87.38,1.323,0.4526,0.1098,854.4,688.23,2.7589,powered
0.5770,10.545,37.431,62.724,1.18605,87.35,1.327,0.4525,0.1100,857.3,688.21,2.7591,powered
0.5780,10.582,37.494,62.702,1.18601,87.33,1.331,0.4524,0.1102,860.2,688.20,2.7594,powered
0.5790,10.620,37.557,62.681,1.18597,87.30,1.335,0.4523,0.1104,863.1,688.18,2.7596,powered
0.5800,10.657,37.619,62.660,1.18593,87.28,1.340,0.4522,0.1106,865.9,688.17,2.7598,powered
0.5810,10.695,37.682,62.639,1.18589,87.26,1.344,0.4521,0.1107,868.8,688.16,2.7600,powered
0.5820,10.733,37.745,62.618,1.18585,87.23,1.348,0.4520,0.1109,871.7,688.14,2.7602,powered
0.5830,10.771,37.807,62.596,1.18581,87.21,1.352,0.4519,0.1111,874.6,688.13,2.7604,powered
0.5840,10.808,37.870,62.575,1.18576,87.18,1.356,0.4518,0.1113,877.5,688.11,2.7606,powered
0.5850,10.846,37.932,62.554,1.18572,87.16,1.360,0.4517,0.1115,880.4,688.10,2.7608,powered
0.5860,10.884,37.995,62.533,1.18568,87.14,1.365,0.4516,0.1117,883.3,688.08,2.7611,powered
0.5870,10.922,38.058,62.511,1.18564,87.11,1.369,0.4515,0.1119,886.2,688.07,2.7613,powered
0.5880,10.960,38.120,62.490,1.18560,87.09,1.373,0.4514,0.1120,889.1,688.06,2.7615,powered
0.5890,10.999,38.183,62.469,1.18556,87.06,1.377,0.4513,0.1122,892.0,688.04,2.7617,powered
0.5900,11.037,38.245,62.448,1.18552,87.04,1.381,0.4512,0.1124,894.9,688.03,2.7619,powered
0.5910,11.075,38.307,62.426,1.18547,87.02,1.386,0.4511,0.1126,897.9,688.01,2.7621,powered
0.5920,11.113,38.370,62.405,1.18543,86.99,1.390,0.4510,0.1128,900.8,688.00,2.7623,powered
0.5930,11.152,38.432,62.384,1.18539,86.97,1.394,0.4509,0.1130,903.7,687.99,2.7626,powered
0.5940,11.190,38.495,62.362,1.18535,86.94,1.398,0.4508,0.1131,906.6,687.97,2.7628,powered
0.5950,11.229,38.557,62.341,1.18531,86.92,1.403,0.4507,0.1133,909.6,687.96,2.7630,powered
0.5960,11.267,38.619,62.320,1.18527,86.90,1.407,0.4506,0.1135,912.5,687.94,2.7632,powered
0.5970,11.306,38.682,62.299,1.18523,86.87,1.411,0.4505,0.1137,915.5,687.93,2.7634,powered
0.5980,11.345,38.744,62.277,1.18519,86.85,1.415,0.4504,0.1139,918.4,687.92,2.7636,powered
0.5990,11.383,38.806,62.256,1.18514,86.82,1.419,0.4503,0.1141,921.4,687.90,2.7638,powered
0.6000,11.422,38.868,62.235,1.18510,86.80,1.424,0.4502,0.1142,924.3,687.89,2.7640,powered
0.6010,11.461,38.931,62.213,1.18506,86.78,1.428,0.4501,0.1144,927.3,687.87,2.7643,powered
0.6020,11.500,38.993,62.192,1.18502,86.75,1.432,0.4500,0.1146,930.2,687.86,2.7645,powered
0.6030,11.539,39.055,62.171,1.18498,86.73,1.437,0.4499,0.1148,933.2,687.85,2.7647,powered
0.6040,11.578,39.117,62.149,1.18494,86.70,1.441,0.4498,0.1150,936.2,687.83,2.7649,powered
0.6050,11.617,39.179,62.128,1.18490,86.68,1.445,0.4498,0.1151,939.2,687.82,2.7651,powered
0.6060,11.657,39.241,62.106,1.18486,86.66,1.449,0.4497,0.1153,942.1,687.80,2.7653,powered
0.6070,11.696,39.304,62.085,1.18481,86.63,1.454,0.4496,0.1155,945.1,687.79,2.7655,powered
0.6080,11.735,39.366,62.064,1.18477,86.61,1.458,0.4495,0.1157,948.1,687.78,2.7657,powered
0.6090,11.775,39.428,62.042,1.18473,86.58,1.462,0.4494,0.1159,951.1,687.76,2.7660,powered
0.6100,11.814,39.490,62.021,1.18469,86.56,1.466,0.4493,0.1161,954.1,687.75,2.7662,powered
0.6110,11.854,39.552,62.000,1.18465,86.54,1.471,0.4492,0.1162,957.1,687.73,2.7664,powered
0.6120,11.893,39.614,61.978,1.18461,86.51,1.475,0.4491,0.1164,960.1,687.72,2.7666,powered
0.6130,11.933,39.676,61.957,1.18457,86.49,1.479,0.4490,0.1166,963.1,687.71,2.7668,powered
0.6140,11.973,39.738,61.935,1.18453,86.46,1.484,0.4489,0.1168,966.1,687.69,2.7670,powered
0.6150,12.012,39.800,61.914,1.18449,86.44,1.488,0.4488,0.1170,969.1,687.68,2.7672,powered
0.6160,12.052,39.861,61.893,1.18444,86.42,1.492,0.4487,0.1172,972.1,687.66,2.7674,powered
0.6170,12.092,39.923,61.871,1.18440,86.39,1.497,0.4486,0.1173,975.1,687.65,2.7677,powered
0.6180,12.132,39.985,61.850,1.18436,86.37,1.501,0.4485,0.1175,978.1,687.64,2.7679,powered
0.6190,12.172,40.047,61.828,1.18432,86.34,1.505,0.4485,0.1177,981.2,687.62,2.7681,powered
0.6200,12.212,40.109,61.807,1.18428,86.32,1.510,0.4484,0.1179,984.2,687.61,2.7683,powered
0.6210,12.252,40.171,61.785,1.18424,86.30,1.514,0.4483,0.1181,987.2,687.59,2.7685,powered
0.6220,12.292,40.232,61.764,1.18420,86.27,1.518,0.4482,0.1182,990.3,687.58,2.7687,powered
0.6230,12.333,40.294,61.742,1.18416,86.25,1.523,0.4481,0.1184,993.3,687.57,2.7689,powered
0.6240,12.373,40.356,61.721,1.18412,86.22,1.527,0.4480,0.1186,996.3,687.55,2.7691,powered
0.6250,12.413,40.418,61.699,1.18407,86.20,1.531,0.4479,0.1188,999.4,687.54,2.7694,powered
0.6260,12.454,40.479,61.678,1.18403,86.18,1.536,0.4478,0.1190,1002.4,687.52,2.7696,powered
0.6270,12.494,40.541,61.656,1.18399,86.15,1.540,0.4477,0.1192,1005.5,687.51,2.7698,powered
0.6280,12.535,40.603,61.635,1.18395,86.13,1.545,0.4476,0.1193,1008.5,687.50,2.7700,powered
0.6290,12.576,40.664,61.613,1.18391,86.10,1.549,0.4476,0.1195,1011.6,687.48,2.7702,powered
0.6300,12.616,40.726,61.592,1.18387,86.08,1.553,0.4475,0.1197,1014.7,687.47,2.7704,powered
0.6310,12.657,40.787,61.570,1.18383,86.06,1.558,0.4474,0.1199,1017.7,687.45,2.7706,powered
0.6320,12.698,40.849,61.549,1.18379,86.03,1.562,0.4473,0.1201,1020.8,687.44,2.7708,powered
0.6330,12.739,40.910,61.527,1.18375,86.01,1.566,0.4472,0.1202,1023.9,687.43,2.7710,powered
0.6340,12.780,40.972,61.506,1.18371,85.98,1.571,0.4471,0.1204,1026.9,687.41,2.7713,powered
0.6350,12.821,41.034,61.484,1.18367,85.96,1.575,0.4470,0.1206,1030.0,687.40,2.7715,powered
0.6360,12.862,41.095,61.463,1.18363,85.94,1.580,0.4469,0.1208,1033.1,687.38,2.7717,powered
0.6370,12.903,41.156,61.441,1.18358,85.91,1.584,0.4468,0.1210,1036.2,687.37,2.7719,powered
0.6380,12.944,41.218,61.420,1.18354,85.89,1.589,0.4468,0.1211,1039.3,687.36,2.7721,powered
0.6390,12.985,41.279,61.398,1.18350,85.86,1.593,0.4467,0.1213,1042.4,687.34,2.7723,powered
0.6400,13.027,41.341,61.377,1.18346,85.84,1.597,0.4466,0.1215,1045.5,687.33,2.7725,powered
0.6410,13.068,41.402,61.355,1.18342,85.82,1.602,0.4465,0.1217,1048.6,687.31,2.7727,powered
0.6420,13.109,41.463,61.333,1.18338,85.79,1.606,0.4464,0.1219,1051.7,687.30,2.7729,powered
0.6430,13.151,41.525,61.312,1.18334,85.77,1.611,0.4463,0.1220,1054.8,687.29,2.7732,powered
0.6440,13.192,41.586,61.290,1.18330,85.74,1.615,0.4462,0.1222,1057.9,687.27,2.7734,powered
0.6450,13.234,41.647,61.269,1.18326,85.72,1.620,0.4462,0.1224,1061.0,687.26,2.7736,powered
0.6460,13.276,41.709,61.247,1.18322,85.70,1.624,0.4461,0.1226,1064.1,687.25,2.7738,powered
0.6470,13.317,41.770,61.225,1.18318,85.67,1.628,0.4460,0.1228,1067.3,687.23,2.7740,powered
0.6480,13.359,41.831,61.204,1.18314,85.65,1.633,0.4459,0.1229,1070.4,687.22,2.7742,powered
0.6490,13.401,41.892,61.182,1.18310,85.62,1.637,0.4458,0.1231,1073.5,687.20,2.7744,powered
0.6500,13.443,41.953,61.161,1.18305,85.60,1.642,0.4457,0.1233,1076.7,687.19,2.7746,powered
0.6510,13.485,42.014,61.139,1.18301,85.58,1.646,0.4456,0.1235,1079.8,687.18,2.7748,powered
0.6520,13.527,42.076,61.117,1.18297,85.55,1.651,0.4456,0.1237,1082.9,687.16,2.7751,powered
0.6530,13.569,42.137,61.096,1.18293,85.53,1.655,0.4455,0.1238,1086.1,687.15,2.7753,powered
0.6540,13.611,42.198,61.074,1.18289,85.50,1.660,0.4454,0.1240,1089.2,687.13,2.7755,powered
0.6550,13.654,42.259,61.052,1.18285,85.48,1.664,0.4453,0.1242,1092.4,687.12,2.7757,powered
0.6560,13.696,42.320,61.031,1.18281,85.46,1.669,0.4452,0.1244,1095.5,687.11,2.7759,powered
0.6570,13.738,42.381,61.009,1.18277,85.43,1.673,0.4451,0.1246,1098.7,687.09,2.7761,powered
0.6580,13.781,42.442,60.987,1.18273,85.41,1.678,0.4451,0.1247,1101.8,687.08,2.7763,powered
0.6590,13.823,42.503,60.966,1.18269,85.38,1.682,0.4450,0.1249,1105.0,687.06,2.7765,powered
0.6600,13.866,42.564,60.944,1.18265,85.36,1.687,0.4449,0.1251,1108.2,687.05,2.7767,powered
0.6610,13.908,42.625,60.922,1.18261,85.34,1.691,0.4448,0.1253,1111.4,687.04,2.7769,powered
0.6620,13.951,42.686,60.901,1.18257,85.31,1.696,0.4447,0.1255,1114.5,687.02,2.7772,powered
0.6630,13.994,42.747,60.879,1.18253,85.29,1.700,0.4447,0.1256,1117.7,687.01,2.7774,powered
0.6640,14.036,42.807,60.857,1.18249,85.26,1.705,0.4446,0.1258,1120.9,687.00,2.7776,powered
0.6650,14.079,42.868,60.836,1.18245,85.24,1.709,0.4445,0.1260,1124.1,686.98,2.7778,powered
0.6660,14.122,42.929,60.814,1.18241,85.22,1.714,0.4444,0.1262,1127.3,686.97,2.7780,powered
0.6670,14.165,42.990,60.792,1.18236,85.19,1.718,0.4443,0.1264,1130.4,686.95,2.7782,powered
0.6680,14.208,43.051,60.770,1.18232,85.17,1.723,0.4442,0.1265,1133.6,686.94,2.7784,powered
0.6690,14.251,43.111,60.749,1.18228,85.14,1.728,0.4442,0.1267,1136.8,686.93,2.7786,powered
0.6700,14.294,43.172,60.727,1.18224,85.12,1.732,0.4441,0.1269,1140.0,686.91,2.7788,powered
0.6710,14.338,43.233,60.705,1.18220,85.10,1.737,0.4440,0.1271,1143.2,686.90,2.7790,powered
0.6720,14.381,43.294,60.684,1.18216,85.07,1.741,0.4439,0.1272,1146.4,686.88,2.7793,powered
0.6730,14.424,43.354,60.662,1.18212,85.05,1.746,0.4438,0.1274,1149.7,686.87,2.7795,powered
0.6740,14.468,43.415,60.640,1.18208,85.02,1.750,0.4438,0.1276,1152.9,686.86,2.7797,powered
0.6750,14.511,43.476,60.618,1.18204,85.00,1.755,0.4437,0.1278,1156.1,686.84,2.7799,powered
0.6760,14.554,43.536,60.596,1.18200,84.98,1.759,0.4436,0.1280,1159.3,686.83,2.7801,powered
0.6770,14.598,43.597,60.575,1.18196,84.95,1.764,0.4435,0.1281,1162.5,686.82,2.7803,powered
0.6780,14.642,43.657,60.553,1.18192,84.93,1.769,0.4435,0.1283,1165.8,686.80,2.7805,powered
0.6790,14.685,43.718,60.531,1.18188,84.90,1.773,0.4434,0.1285,1169.0,686.79,2.7807,powered
0.6800,14.729,43.778,60.509,1.18184,84.88,1.778,0.4433,0.1287,1172.2,686.77,2.7809,powered
0.6810,14.773,43.839,60.488,1.18180,84.86,1.782,0.4432,0.1288,1175.5,686.76,2.7811,powered
0.6820,14.817,43.899,60.466,1.18176,84.83,1.787,0.4431,0.1290,1178.7,686.75,2.7813,powered
0.6830,14.861,43.960,60.444,1.18172,84.81,1.792,0.4431,0.1292,1181.9,686.73,2.7816,powered
0.6840,14.905,44.020,60.422,1.18168,84.78,1.796,0.4430,0.1294,1185.2,686.72,2.7818,powered
0.6850,14.949,44.081,60.400,1.18164,84.76,1.801,0.4429,0.1296,1188.4,686.70,2.7820,powered
0.6860,14.993,44.141,60.378,1.18160,84.74,1.805,0.4428,0.1297,1191.7,686.69,2.7822,powered
0.6870,15.037,44.201,60.357,1.18156,84.71,1.810,0.4428,0.1299,1195.0,686.68,2.7824,powered
0.6880,15.081,44.262,60.335,1.18152,84.69,1.815,0.4427,0.1301,1198.2,686.66,2.7826,powered
0.6890,15.126,44.322,60.313,1.18148,84.66,1.819,0.4426,0.1303,1201.5,686.65,2.7828,powered
0.6900,15.170,44.382,60.291,1.18144,84.64,1.824,0.4425,0.1304,1204.7,686.64,2.7830,powered
0.6910,15.214,44.443,60.269,1.18140,84.62,1.829,0.4424,0.1306,1208.0,686.62,2.7832,powered
0.6920,15.259,44.503,60.247,1.18136,84.59,1.833,0.4424,0.1308,1211.3,686.61,2.7834,powered
0.6930,15.303,44.563,60.226,1.18132,84.57,1.838,0.4423,0.1310,1214.6,686.59,2.7836,powered
0.6940,15.348,44.623,60.204,1.18128,84.54,1.842,0.4422,0.1312,1217.8,686.58,2.7839,powered
0.6950,15.393,44.684,60.182,1.18124,84.52,1.847,0.4421,0.1313,1221.1,686.57,2.7841,powered
0.6960,15.437,44.744,60.160,1.18120,84.50,1.852,0.4421,0.1315,1224.4,686.55,2.7843,powered
0.6970,15.482,44.804,60.138,1.18116,84.47,1.856,0.4420,0.1317,1227.7,686.54,2.7845,powered
0.6980,15.527,44.864,60.116,1.18112,84.45,1.861,0.4419,0.1319,1231.0,686.53,2.7847,powered
0.6990,15.572,44.924,60.094,1.18108,84.42,1.866,0.4418,0.1320,1234.3,686.51,2.7849,powered
0.7000,15.617,44.984,60.072,1.18104,84.40,1.870,0.4418,0.1322,1237.6,686.50,2.7851,powered
0.7010,15.662,45.044,60.050,1.18100,84.38,1.875,0.4417,0.1324,1240.9,686.48,2.7853,powered
0.7020,15.707,45.104,60.029,1.18095,84.35,1.880,0.4416,0.1326,1244.2,686.47,2.7855,powered
0.7030,15.752,45.164,60.007,1.18091,84.33,1.884,0.4415,0.1327,1247.5,686.46,2.7857,powered
0.7040,15.797,45.224,59.985,1.18087,84.30,1.889,0.4415,0.1329,1250.8,686.44,2.7859,powered
0.7050,15.842,45.284,59.963,1.18083,84.28,1.894,0.4414,0.1331,1254.1,686.43,2.7861,powered
0.7060,15.888,45.344,59.941,1.18079,84.26,1.899,0.4413,0.1333,1257.4,686.42,2.7864,powered
0.7070,15.933,45.404,59.919,1.18075,84.23,1.903,0.4412,0.1335,1260.8,686.40,2.7866,powered
0.7080,15.979,45.464,59.897,1.18071,84.21,1.908,0.4412,0.1336,1264.1,686.39,2.7868,powered
0.7090,16.024,45.524,59.875,1.18067,84.18,1.913,0.4411,0.1338,1267.4,686.37,2.7870,powered
0.7100,16.070,45.584,59.853,1.18063,84.16,1.917,0.4410,0.1340,1270.7,686.36,2.7872,powered
0.7110,16.115,45.644,59.831,1.18059,84.14,1.922,0.4410,0.1342,1274.1,686.35,2.7874,powered
0.7120,16.161,45.704,59.809,1.18055,84.11,1.927,0.4409,0.1343,1277.4,686.33,2.7876,powered
0.7130,16.207,45.763,59.787,1.18051,84.09,1.932,0.4408,0.1345,1280.8,686.32,2.7878,powered
0.7140,16.252,45.823,59.765,1.18047,84.06,1.936,0.4407,0.1347,1284.1,686.31,2.7880,powered
0.7150,16.298,45.883,59.743,1.18043,84.04,1.941,0.4407,0.1349,1287.4,686.29,2.7882,powered
0.7160,16.344,45.943,59.721,1.18039,84.02,1.946,0.4406,0.1350,1290.8,686.28,2.7884,powered
0.7170,16.390,46.002,59.699,1.18036,83.99,1.950,0.4405,0.1352,1294.1,686.26,2.7886,powered
0.7180,16.436,46.062,59.677,1.18032,83.97,1.955,0.4405,0.1354,1297.5,686.25,2.7889,powered
0.7190,16.482,46.122,59.655,1.18028,83.94,1.960,0.4404,0.1356,1300.9,686.24,2.7891,powered
0.7200,16.528,46.181,59.633,1.18024,83.92,1.965,0.4403,0.1357,1304.2,686.22,2.7893,powered
0.7210,16.575,46.241,59.611,1.18020,83.90,1.969,0.4402,0.1359,1307.6,686.21,2.7895,powered
0.7220,16.621,46.301,59.589,1.18016,83.87,1.974,0.4402,0.1361,1310.9,686.20,2.7897,powered
0.7230,16.667,46.360,59.567,1.18012,83.85,1.979,0.4401,0.1363,1314.3,686.18,2.7899,powered
0.7240,16.714,46.420,59.545,1.18008,83.82,1.984,0.4400,0.1364,1317.7,686.17,2.7901,powered
0.7250,16.760,46.479,59.523,1.18004,83.80,1.988,0.4400,0.1366,1321.1,686.16,2.7903,powered
0.7260,16.807,46.539,59.501,1.18000,83.78,1.993,0.4399,0.1368,1324.4,686.14,2.7905,powered
0.7270,16.853,46.598,59.479,1.17996,83.75,1.998,0.4398,0.1370,1327.8,686.13,2.7907,powered
0.7280,16.900,46.658,59.457,1.17992,83.73,2.003,0.4397,0.1371,1331.2,686.11,2.7909,powered
0.7290,16.946,46.717,59.435,1.17988,83.70,2.008,0.4397,0.1373,1334.6,686.10,2.7911,powered
0.7300,16.993,46.777,59.413,1.17984,83.68,2.012,0.4396,0.1375,1338.0,686.09,2.7913,powered
0.7310,17.040,46.836,59.391,1.17980,83.66,2.017,0.4395,0.1377,1341.4,686.07,2.7915,powered
0.7320,17.087,46.895,59.369,1.17976,83.63,2.022,0.4395,0.1378,1344.8,686.06,2.7918,powered
0.7330,17.134,46.955,59.347,1.17972,83.61,2.027,0.4394,0.1380,1348.2,686.05,2.7920,powered
0.7340,17.181,47.014,59.325,1.17968,83.58,2.031,0.4393,0.1382,1351.6,686.03,2.7922,powered
0.7350,17.228,47.073,59.302,1.17964,83.56,2.036,0.4393,0.1384,1355.0,686.02,2.7924,powered
0.7360,17.275,47.133,59.280,1.17960,83.54,2.041,0.4392,0.1385,1358.4,686.00,2.7926,powered
0.7370,17.322,47.192,59.258,1.17956,83.51,2.046,0.4391,0.1387,1361.8,685.99,2.7928,powered
0.7380,17.369,47.251,59.236,1.17952,83.49,2.051,0.4391,0.1389,1365.2,685.98,2.7930,powered
0.7390,17.417,47.310,59.214,1.17948,83.46,2.056,0.4390,0.1391,1368.6,685.96,2.7932,powered
0.7400,17.464,47.370,59.192,1.17944,83.44,2.060,0.4389,0.1392,1372.1,685.95,2.7934,powered
0.7410,17.511,47.429,59.170,1.17940,83.42,2.065,0.4389,0.1394,1375.5,685.94,2.7936,powered
0.7420,17.559,47.488,59.148,1.17936,83.39,2.070,0.4388,0.1396,1378.9,685.92,2.7938,powered
0.7430,17.606,47.547,59.126,1.17932,83.37,2.075,0.4387,0.1398,1382.4,685.91,2.7940,powered
0.7440,17.654,47.606,59.103,1.17928,83.34,2.080,0.4386,0.1399,1385.8,685.90,2.7942,powered
0.7450,17.702,47.665,59.081,1.17924,83.32,2.084,0.4386,0.1401,1389.2,685.88,2.7944,powered
0.7460,17.749,47.724,59.059,1.17920,83.30,2.089,0.4385,0.1403,1392.7,685.87,2.7946,powered
0.7470,17.797,47.783,59.037,1.17916,83.27,2.094,0.4384,0.1404,1396.1,685.85,2.7949,powered
0.7480,17.845,47.842,59.015,1.17912,83.25,2.099,0.4384,0.1406,1399.5,685.84,2.7951,powered
0.7490,17.893,47.901,58.993,1.17908,83.22,2.104,0.4383,0.1408,1403.0,685.83,2.7953,powered
0.7500,17.941,47.960,58.970,1.17904,83.20,2.109,0.4382,0.1410,1406.4,685.81,2.7955,powered
0.7510,17.989,48.019,58.948,1.17900,83.18,2.114,0.4382,0.1411,1409.9,685.80,2.7957,powered
0.7520,18.037,48.078,58.926,1.17897,83.15,2.118,0.4381,0.1413,1413.4,685.79,2.7959,powered
0.7530,18.085,48.137,58.904,1.17893,83.13,2.123,0.4380,0.1415,1416.8,685.77,2.7961,powered
0.7540,18.133,48.196,58.882,1.17889,83.10,2.128,0.4380,0.1417,1420.3,685.76,2.7963,powered
0.7550,18.181,48.255,58.860,1.17885,83.08,2.133,0.4379,0.1418,1423.7,685.75,2.7965,powered
0.7560,18.229,48.314,58.837,1.17881,83.06,2.138,0.4379,0.1420,1427.2,685.73,2.7967,powered
0.7570,18.278,48.373,58.815,1.17877,83.03,2.143,0.4378,0.1422,1430.7,685.72,2.7969,powered
0.7580,18.326,48.431,58.793,1.17873,83.01,2.148,0.4378,0.1424,1434.2,685.71,2.7971,powered
0.7590,18.375,48.490,58.770,1.17869,82.98,2.153,0.4378,0.1425,1437.6,685.69,2.7973,powered
0.7600,18.423,48.549,58.748,1.17865,82.96,2.159,0.4378,0.1427,1441.1,685.68,2.7975,powered
0.7610,18.472,48.608,58.725,1.17861,82.94,2.164,0.4378,0.1429,1444.6,685.66,2.7977,powered
0.7620,18.520,48.666,58.702,1.17857,82.91,2.169,0.4378,0.1430,1448.1,685.65,2.7979,powered
0.7630,18.569,48.725,58.680,1.17853,82.89,2.174,0.4379,0.1432,1451.6,685.64,2.7981,powered
0.7640,18.618,48.784,58.657,1.17849,82.86,2.180,0.4379,0.1434,1455.1,685.62,2.7983,powered
0.7650,18.667,48.842,58.635,1.17845,82.84,2.185,0.4379,0.1436,1458.6,685.61,2.7986,powered
0.7660,18.715,48.901,58.612,1.17841,82.82,2.190,0.4379,0.1437,1462.0,685.60,2.7988,powered
0.7670,18.764,48.960,58.590,1.17837,82.79,2.196,0.4379,0.1439,1465.5,685.58,2.7990,powered
0.7680,18.813,49.018,58.567,1.17833,82.77,2.201,0.4379,0.1441,1469.0,685.57,2.7992,powered
0.7690,18.862,49.077,58.544,1.17830,82.74,2.206,0.4379,0.1442,1472.6,685.56,2.7994,powered
0.7700,18.912,49.135,58.522,1.17826,82.72,2.212,0.4379,0.1444,1476.1,685.54,2.7996,powered
0.7710,18.961,49.194,58.499,1.17822,82.70,2.217,0.4379,0.1446,1479.6,685.53,2.7998,powered
0.7720,19.010,49.252,58.477,1.17818,82.67,2.222,0.4380,0.1448,1483.1,685.52,2.8000,powered
0.7730,19.059,49.311,58.454,1.17814,82.65,2.227,0.4380,0.1449,1486.6,685.50,2.8002,powered
0.7740,19.109,49.369,58.431,1.17810,82.62,2.233,0.4380,0.1451,1490.1,685.49,2.8004,powered
0.7750,19.158,49.428,58.409,1.17806,82.60,2.238,0.4380,0.1453,1493.6,685.48,2.8006,powered
0.7760,19.207,49.486,58.386,1.17802,82.58,2.244,0.4380,0.1455,1497.2,685.46,2.8008,powered
0.7770,19.257,49.544,58.364,1.17798,82.55,2.249,0.4380,0.1456,1500.7,685.45,2.8010,powered
0.7780,19.307,49.603,58.341,1.17794,82.53,2.254,0.4380,0.1458,1504.2,685.43,2.8012,powered
0.7790,19.356,49.661,58.318,1.17790,82.50,2.260,0.4380,0.1460,1507.8,685.42,2.8014,powered
0.7800,19.406,49.719,58.296,1.17786,82.48,2.265,0.4380,0.1461,1511.3,685.41,2.8016,powered
0.7810,19.456,49.778,58.273,1.17782,82.46,2.270,0.4381,0.1463,1514.8,685.39,2.8018,powered
0.7820,19.505,49.836,58.250,1.17778,82.43,2.276,0.4381,0.1465,1518.4,685.38,2.8020,powered
0.7830,19.555,49.894,58.228,1.17775,82.41,2.281,0.4381,0.1467,1521.9,685.37,2.8022,powered
0.7840,19.605,49.952,58.205,1.17771,82.38,2.286,0.4381,0.1468,1525.5,685.35,2.8024,powered
0.7850,19.655,50.011,58.182,1.17767,82.36,2.292,0.4381,0.1470,1529.0,685.34,2.8027,powered
0.7860,19.705,50.069,58.159,1.17763,82.34,2.297,0.4381,0.1472,1532.6,685.33,2.8029,powered
0.7870,19.755,50.127,58.137,1.17759,82.31,2.303,0.4381,0.1473,1536.1,685.31,2.8031,powered
0.7880,19.805,50.185,58.114,1.17755,82.29,2.308,0.4381,0.1475,1539.7,685.30,2.8033,powered
0.7890,19.856,50.243,58.091,1.17751,82.26,2.313,0.4382,0.1477,1543.2,685.29,2.8035,powered
0.7900,19.906,50.301,58.069,1.17747,82.24,2.319,0.4382,0.1479,1546.8,685.27,2.8037,powered
0.7910,19.956,50.359,58.046,1.17743,82.22,2.324,0.4382,0.1480,1550.4,685.26,2.8039,powered
0.7920,20.007,50.417,58.023,1.17739,82.19,2.330,0.4382,0.1482,1553.9,685.25,2.8041,powered
0.7930,20.057,50.475,58.000,1.17735,82.17,2.335,0.4382,0.1484,1557.5,685.23,2.8043,powered
0.7940,20.108,50.533,57.978,1.17732,82.14,2.340,0.4382,0.1485,1561.1,685.22,2.8045,powered
0.7950,20.158,50.591,57.955,1.17728,82.12,2.346,0.4382,0.1487,1564.6,685.21,2.8047,powered
0.7960,20.209,50.649,57.932,1.17724,82.10,2.351,0.4382,0.1489,1568.2,685.19,2.8049,powered
0.7970,20.259,50.707,57.910,1.17720,82.07,2.357,0.4382,0.1490,1571.8,685.18,2.8051,powered
0.7980,20.310,50.765,57.887,1.17716,82.05,2.362,0.4383,0.1492,1575.4,685.16,2.8053,powered
0.7990,20.361,50.823,57.864,1.17712,82.02,2.368,0.4383,0.1494,1579.0,685.15,2.8055,powered
0.8000,20.412,50.881,57.841,1.17708,82.00,2.373,0.4383,0.1496,1582.6,685.14,2.8057,powered
0.8010,20.463,50.939,57.818,1.17704,81.98,2.378,0.4383,0.1497,1586.2,685.12,2.8059,powered
0.8020,20.514,50.996,57.796,1.17700,81.95,2.384,0.4383,0.1499,1589.8,685.11,2.8061,powered
0.8030,20.565,51.054,57.773,1.17696,81.93,2.389,0.4383,0.1501,1593.3,685.10,2.8063,powered
0.8040,20.616,51.112,57.750,1.17693,81.90,2.395,0.4383,0.1502,1596.9,685.08,2.8065,powered
0.8050,20.667,51.170,57.727,1.17689,81.88,2.400,0.4383,0.1504,1600.6,685.07,2.8067,powered
0.8060,20.718,51.227,57.704,1.17685,81.86,2.406,0.4383,0.1506,1604.2,685.06,2.8069,powered
0.8070,20.769,51.285,57.682,1.17681,81.83,2.411,0.4384,0.1507,1607.8,685.04,2.8071,powered
0.8080,20.821,51.343,57.659,1.17677,81.81,2.417,0.4384,0.1509,1611.4,685.03,2.8073,powered
0.8090,20.872,51.400,57.636,1.17673,81.78,2.422,0.4384,0.1511,1615.0,685.02,2.8075,powered
0.8100,20.924,51.458,57.613,1.17669,81.76,2.428,0.4384,0.1513,1618.6,685.00,2.8078,powered
0.8110,20.975,51.516,57.590,1.17665,81.74,2.433,0.4384,0.1514,1622.2,684.99,2.8080,powered
0.8120,21.027,51.573,57.567,1.17662,81.71,2.439,0.4384,0.1516,1625.8,684.98,2.8082,powered
0.8130,21.078,51.631,57.545,1.17658,81.69,2.444,0.4384,0.1518,1629.5,684.96,2.8084,powered
0.8140,21.130,51.688,57.522,1.17654,81.66,2.450,0.4384,0.1519,1633.1,684.95,2.8086,powered
0.8150,21.182,51.746,57.499,1.17650,81.64,2.455,0.4385,0.1521,1636.7,684.94,2.8088,powered
0.8160,21.233,51.803,57.476,1.17646,81.62,2.461,0.4385,0.1523,1640.3,684.92,2.8090,powered
0.8170,21.285,51.861,57.453,1.17642,81.59,2.466,0.4385,0.1524,1644.0,684.91,2.8092,powered
0.8180,21.337,51.918,57.430,1.17638,81.57,2.472,0.4385,0.1526,1647.6,684.90,2.8094,powered
0.8190,21.389,51.976,57.407,1.17634,81.54,2.477,0.4385,0.1528,1651.3,684.88,2.8096,powered
0.8200,21.441,52.033,57.385,1.17630,81.52,2.483,0.4385,0.1529,1654.9,684.87,2.8098,powered
0.8210,21.493,52.090,57.362,1.17627,81.50,2.488,0.4385,0.1531,1658.5,684.86,2.8100,powered
0.8220,21.545,52.148,57.339,1.17623,81.47,2.494,0.4385,0.1533,1662.2,684.84,2.8102,powered
0.8230,21.597,52.205,57.316,1.17619,81.45,2.499,0.4385,0.1534,1665.8,684.83,2.8104,powered
0.8240,21.650,52.262,57.293,1.17615,81.42,2.505,0.4386,0.1536,1669.5,684.82,2.8106,powered
0.8250,21.702,52.320,57.270,1.17611,81.40,2.510,0.4386,0.1538,1673.1,684.80,2.8108,powered
0.8260,21.754,52.377,57.247,1.17607,81.38,2.516,0.4386,0.1540,1676.8,684.79,2.8110,powered
0.8270,21.807,52.434,57.224,1.17603,81.35,2.522,0.4386,0.1541,1680.4,684.78,2.8112,powered
0.8280,21.859,52.491,57.201,1.17600,81.33,2.527,0.4386,0.1543,1684.1,684.76,2.8114,powered
0.8290,21.912,52.549,57.178,1.17596,81.30,2.533,0.4386,0.1545,1687.8,684.75,2.8116,powered
0.8300,21.964,52.606,57.155,1.17592,81.28,2.538,0.4386,0.1546,1691.4,684.74,2.8118,powered
0.8310,22.017,52.663,57.132,1.17588,81.26,2.544,0.4386,0.1548,1695.1,684.72,2.8120,powered
0.8320,22.070,52.720,57.109,1.17584,81.23,2.549,0.4386,0.1550,1698.8,684.71,2.8122,powered
0.8330,22.122,52.777,57.086,1.17580,81.21,2.555,0.4387,0.1551,1702.4,684.70,2.8124,powered
0.8340,22.175,52.834,57.063,1.17576,81.18,2.561,0.4387,0.1553,1706.1,684.68,2.8126,powered
0.8350,22.228,52.891,57.041,1.17573,81.16,2.566,0.4387,0.1555,1709.8,684.67,2.8128,powered
0.8360,22.281,52.948,57.018,1.17569,81.14,2.572,0.4387,0.1556,1713.5,684.66,2.8130,powered
0.8370,22.334,53.005,56.995,1.17565,81.11,2.577,0.4387,0.1558,1717.2,684.64,2.8132,powered
0.8380,22.387,53.062,56.972,1.17561,81.09,2.583,0.4387,0.1560,1720.9,684.63,2.8134,powered
0.8390,22.440,53.119,56.949,1.17557,81.06,2.589,0.4387,0.1561,1724.5,684.62,2.8136,powered
0.8400,22.493,53.176,56.926,1.17553,81.04,2.594,0.4387,0.1563,1728.2,684.60,2.8138,powered
0.8410,22.546,53.233,56.903,1.17549,81.02,2.600,0.4388,0.1565,1731.9,684.59,2.8140,powered
0.8420,22.600,53.290,56.880,1.17546,80.99,2.605,0.4388,0.1566,1735.6,684.58,2.8142,powered
0.8430,22.653,53.347,56.857,1.17542,80.97,2.611,0.4388,0.1568,1739.3,684.56,2.8144,powered
0.8440,22.706,53.404,56.834,1.17538,80.94,2.617,0.4388,0.1570,1743.0,684.55,2.8146,powered
0.8450,22.760,53.460,56.810,1.17534,80.92,2.622,0.4388,0.1571,1746.7,684.54,2.8148,powered
0.8460,22.813,53.517,56.787,1.17530,80.90,2.628,0.4388,0.1573,1750.4,684.52,2.8150,powered
0.8470,22.867,53.574,56.764,1.17526,80.87,2.633,0.4388,0.1575,1754.1,684.51,2.8152,powered
0.8480,22.920,53.631,56.741,1.17522,80.85,2.639,0.4388,0.1576,1757.8,684.50,2.8154,powered
0.8490,22.974,53.688,56.718,1.17519,80.82,2.645,0.4389,0.1578,1761.5,684.48,2.8156,powered
0.8500,23.028,53.744,56.695,1.17515,80.80,2.650,0.4389,0.1580,1765.3,684.47,2.8158,powered
0.8510,23.081,53.801,56.672,1.17511,80.78,2.656,0.4389,0.1581,1769.0,684.46,2.8161,powered
0.8520,23.135,53.858,56.649,1.17507,80.75,2.662,0.4389,0.1583,1772.7,684.44,2.8163,powered
0.8530,23.189,53.914,56.626,1.17503,80.73,2.667,0.4389,0.1585,1776.4,684.43,2.8165,powered
0.8540,23.243,53.971,56.603,1.17499,80.70,2.673,0.4389,0.1586,1780.1,684.42,2.8167,powered
0.8550,23.297,54.027,56.580,1.17496,80.68,2.679,0.4389,0.1588,1783.9,684.40,2.8169,powered
0.8560,23.351,54.084,56.557,1.17492,80.66,2.684,0.4389,0.1590,1787.6,684.39,2.8171,powered
0.8570,23.405,54.141,56.534,1.17488,80.63,2.690,0.4389,0.1591,1791.3,684.38,2.8173,powered
0.8580,23.459,54.197,56.511,1.17484,80.61,2.696,0.4390,0.1593,1795.1,684.36,2.8175,powered
0.8590,23.514,54.254,56.488,1.17480,80.58,2.701,0.4390,0.1595,1798.8,684.35,2.8177,powered
0.8600,23.568,54.310,56.464,1.17476,80.56,2.707,0.4390,0.1596,1802.5,684.34,2.8179,powered
0.8610,23.622,54.366,56.441,1.17473,80.54,2.713,0.4390,0.1598,1806.3,684.32,2.8181,powered
0.8620,23.677,54.423,56.418,1.17469,80.51,2.719,0.4390,0.1600,1810.0,684.31,2.8183,powered
0.8630,23.731,54.479,56.395,1.17465,80.49,2.724,0.4390,0.1601,1813.8,684.30,2.8185,powered
0.8640,23.786,54.536,56.372,1.17461,80.46,2.730,0.4390,0.1603,1817.5,684.28,2.8187,powered
0.8650,23.840,54.592,56.349,1.17457,80.44,2.736,0.4390,0.1605,1821.3,684.27,2.8189,powered
0.8660,23.895,54.648,56.326,1.17454,80.42,2.741,0.4391,0.1606,1825.0,684.26,2.8191,powered
0.8670,23.950,54.705,56.302,1.17450,80.39,2.747,0.4391,0.1608,1828.8,684.24,2.8193,powered
0.8680,24.004,54.761,56.279,1.17446,80.37,2.753,0.4391,0.1610,1832.5,684.23,2.8195,powered
0.8690,24.059,54.817,56.256,1.17442,80.34,2.758,0.4391,0.1611,1836.3,684.22,2.8197,powered
0.8700,24.114,54.874,56.233,1.17438,80.32,2.764,0.4391,0.1613,1840.0,684.20,2.8199,powered
0.8710,24.169,54.930,56.210,1.17434,80.30,2.770,0.4391,0.1615,1843.8,684.19,2.8201,powered
0.8720,24.224,54.986,56.187,1.17431,80.27,2.776,0.4391,0.1616,1847.6,684.18,2.8203,powered
0.8730,24.279,55.042,56.163,1.17427,80.25,2.781,0.4391,0.1618,1851.3,684.16,2.8205,powered
0.8740,24.334,55.098,56.140,1.17423,80.22,2.787,0.4392,0.1620,1855.1,684.15,2.8207,powered
0.8750,24.389,55.154,56.117,1.17419,80.20,2.793,0.4392,0.1621,1858.9,684.14,2.8209,powered
0.8760,24.444,55.210,56.094,1.17415,80.18,2.799,0.4392,0.1623,1862.6,684.12,2.8211,powered
0.8770,24.499,55.267,56.071,1.17412,80.15,2.804,0.4392,0.1625,1866.4,684.11,2.8213,powered
0.8780,24.555,55.323,56.047,1.17408,80.13,2.810,0.4392,0.1626,1870.2,684.10,2.8215,powered
0.8790,24.610,55.379,56.024,1.17404,80.10,2.816,0.4392,0.1628,1874.0,684.08,2.8217,powered
0.8800,24.665,55.435,56.001,1.17400,80.08,2.822,0.4392,0.1629,1877.8,684.07,2.8219,powered
0.8810,24.721,55.491,55.978,1.17396,80.06,2.827,0.4392,0.1631,1881.5,684.06,2.8221,powered
0.8820,24.776,55.547,55.955,1.17393,80.03,2.833,0.4392,0.1633,1885.3,684.05,2.8223,powered
0.8830,24.832,55.603,55.931,1.17389,80.01,2.839,0.4393,0.1634,1889.1,684.03,2.8225,powered
0.8840,24.888,55.659,55.908,1.17385,79.98,2.845,0.4393,0.1636,1892.9,684.02,2.8227,powered
0.8850,24.943,55.714,55.885,1.17381,79.96,2.851,0.4393,0.1638,1896.7,684.01,2.8229,powered
0.8860,24.999,55.770,55.862,1.17377,79.94,2.856,0.4393,0.1639,1900.5,683.99,2.8231,powered
0.8870,25.055,55.826,55.838,1.17374,79.91,2.862,0.4393,0.1641,1904.3,683.98,2.8233,powered
0.8880,25.111,55.882,55.815,1.17370,79.89,2.868,0.4393,0.1643,1908.1,683.97,2.8235,powered
0.8890,25.167,55.938,55.792,1.17366,79.86,2.874,0.4393,0.1644,1911.9,683.95,2.8237,powered
0.8900,25.223,55.994,55.769,1.17362,79.84,2.879,0.4393,0.1646,1915.7,683.94,2.8239,powered
0.8910,25.279,56.049,55.745,1.17358,79.82,2.885,0.4394,0.1648,1919.5,683.93,2.8241,powered
0.8920,25.335,56.105,55.722,1.17355,79.79,2.891,0.4394,0.1649,1923.3,683.91,2.8243,powered
0.8930,25.391,56.161,55.699,1.17351,79.77,2.897,0.4394,0.1651,1927.1,683.90,2.8245,powered
0.8940,25.447,56.216,55.675,1.17347,79.74,2.903,0.4394,0.1652,1931.0,683.89,2.8247,powered
0.8950,25.503,56.272,55.652,1.17343,79.72,2.909,0.4394,0.1654,1934.8,683.87,2.8249,powered
0.8960,25.560,56.328,55.629,1.17339,79.70,2.914,0.4394,0.1656,1938.6,683.86,2.8251,powered
0.8970,25.616,56.383,55.606,1.17336,79.67,2.920,0.4394,0.1657,1942.4,683.85,2.8253,powered
0.8980,25.672,56.439,55.582,1.17332,79.65,2.926,0.4394,0.1659,1946.2,683.83,2.8255,powered
0.8990,25.729,56.495,55.559,1.17328,79.62,2.932,0.4395,0.1661,1950.0,683.82,2.8257,powered
0.9000,25.785,56.550,55.536,1.17324,79.60,2.938,0.4395,0.1662,1953.9,683.81,2.8259,powered
0.9010,25.842,56.606,55.512,1.17320,79.58,2.944,0.4395,0.1664,1957.7,683.79,2.8261,powered
0.9020,25.899,56.661,55.489,1.17317,79.55,2.949,0.4395,0.1666,1961.5,683.78,2.8263,powered
0.9030,25.955,56.717,55.466,1.17313,79.53,2.955,0.4395,0.1667,1965.4,683.77,2.8265,powered
0.9040,26.012,56.772,55.442,1.17309,79.50,2.961,0.4395,0.1669,1969.2,683.76,2.8267,powered
0.9050,26.069,56.827,55.419,1.17305,79.48,2.967,0.4395,0.1670,1973.0,683.74,2.8269,powered
0.9060,26.126,56.883,55.396,1.17302,79.46,2.973,0.4395,0.1672,1976.9,683.73,2.8271,powered
0.9070,26.183,56.938,55.372,1.17298,79.43,2.979,0.4396,0.1674,1980.7,683.72,2.8273,powered
0.9080,26.239,56.994,55.349,1.17294,79.41,2.984,0.4396,0.1675,1984.6,683.70,2.8275,powered
0.9090,26.297,57.049,55.325,1.17290,79.38,2.990,0.4396,0.1677,1988.4,683.69,2.8277,powered
0.9100,26.354,57.104,55.302,1.17286,79.36,2.996,0.4396,0.1679,1992.2,683.68,2.8279,powered
0.9110,26.411,57.160,55.279,1.17283,79.34,3.002,0.4396,0.1680,1996.1,683.66,2.8281,powered
0.9120,26.468,57.215,55.255,1.17279,79.31,3.008,0.4396,0.1682,1999.9,683.65,2.8283,powered
0.9130,26.525,57.270,55.232,1.17275,79.29,3.014,0.4396,0.1683,2003.8,683.64,2.8284,powered
0.9140,26.582,57.325,55.209,1.17271,79.26,3.020,0.4396,0.1685,2007.7,683.62,2.8286,powered
0.9150,26.640,57.380,55.185,1.17268,79.24,3.026,0.4397,0.1687,2011.5,683.61,2.8288,powered
0.9160,26.697,57.436,55.162,1.17264,79.22,3.031,0.4397,0.1688,2015.4,683.60,2.8290,powered
0.9170,26.755,57.491,55.138,1.17260,79.19,3.037,0.4397,0.1690,2019.2,683.59,2.8292,powered
0.9180,26.812,57.546,55.115,1.17256,79.17,3.043,0.4397,0.1692,2023.1,683.57,2.8294,powered
0.9190,26.870,57.601,55.092,1.17253,79.14,3.049,0.4397,0.1693,2027.0,683.56,2.8296,powered
0.9200,26.927,57.656,55.068,1.17249,79.12,3.055,0.4397,0.1695,2030.8,683.55,2.8298,powered
0.9210,26.985,57.711,55.045,1.17245,79.10,3.061,0.4397,0.1696,2034.7,683.53,2.8300,powered
0.9220,27.043,57.766,55.021,1.17241,79.07,3.067,0.4397,0.1698,2038.6,683.52,2.8302,powered
0.9230,27.101,57.821,54.998,1.17238,79.05,3.073,0.4398,0.1700,2042.4,683.51,2.8304,powered
0.9240,27.158,57.876,54.974,1.17234,79.02,3.079,0.4398,0.1701,2046.3,683.49,2.8306,powered
0.9250,27.216,57.931,54.951,1.17230,79.00,3.085,0.4398,0.1703,2050.2,683.48,2.8308,powered
0.9260,27.274,57.986,54.927,1.17226,78.98,3.091,0.4398,0.1705,2054.1,683.47,2.8310,powered
0.9270,27.332,58.041,54.904,1.17223,78.95,3.097,0.4398,0.1706,2058.0,683.45,2.8312,powered
0.9280,27.390,58.096,54.881,1.17219,78.93,3.102,0.4398,0.1708,2061.8,683.44,2.8314,powered
0.9290,27.449,58.151,54.857,1.17215,78.90,3.108,0.4398,0.1709,2065.7,683.43,2.8316,powered
0.9300,27.507,58.206,54.834,1.17211,78.88,3.114,0.4398,0.1711,2069.6,683.42,2.8318,powered
0.9310,27.565,58.260,54.810,1.17208,78.86,3.120,0.4399,0.1713,2073.5,683.40,2.8320,powered
0.9320,27.623,58.315,54.787,1.17204,78.83,3.126,0.4399,0.1714,2077.4,683.39,2.8322,powered
0.9330,27.682,58.370,54.763,1.17200,78.81,3.132,0.4399,0.1716,2081.3,683.38,2.8324,powered
0.9340,27.740,58.425,54.740,1.17196,78.78,3.138,0.4399,0.1717,2085.2,683.36,2.8326,powered
0.9350,27.798,58.479,54.716,1.17193,78.76,3.144,0.4399,0.1719,2089.1,683.35,2.8328,powered
0.9360,27.857,58.534,54.693,1.17189,78.74,3.150,0.4399,0.1721,2093.0,683.34,2.8330,powered
0.9370,27.915,58.589,54.669,1.17185,78.71,3.156,0.4399,0.1722,2096.9,683.32,2.8332,powered
0.9380,27.974,58.644,54.646,1.17181,78.69,3.162,0.4399,0.1724,2100.8,683.31,2.8334,powered
0.9390,28.033,58.698,54.622,1.17178,78.66,3.168,0.4400,0.1725,2104.7,683.30,2.8336,powered
0.9400,28.091,58.753,54.599,1.17174,78.64,3.174,0.4400,0.1727,2108.6,683.28,2.8338,powered
0.9410,28.150,58.807,54.575,1.17170,78.62,3.180,0.4400,0.1729,2112.5,683.27,2.8340,powered
0.9420,28.209,58.862,54.552,1.17166,78.59,3.186,0.4400,0.1730,2116.4,683.26,2.8342,powered
0.9430,28.268,58.916,54.528,1.17163,78.57,3.192,0.4400,0.1732,2120.3,683.25,2.8344,powered
0.9440,28.327,58.971,54.504,1.17159,78.54,3.198,0.4400,0.1733,2124.2,683.23,2.8346,powered
0.9450,28.386,59.025,54.481,1.17155,78.52,3.204,0.4400,0.1735,2128.1,683.22,2.8348,powered
0.9460,28.445,59.080,54.457,1.17151,78.50,3.210,0.4400,0.1737,2132.1,683.21,2.8350,powered
0.9470,28.504,59.134,54.434,1.17148,78.47,3.216,0.4401,0.1738,2136.0,683.19,2.8352,powered
0.9480,28.563,59.189,54.410,1.17144,78.45,3.222,0.4401,0.1740,2139.9,683.18,2.8354,powered
0.9490,28.622,59.243,54.387,1.17140,78.42,3.228,0.4401,0.1742,2143.8,683.17,2.8356,powered
0.9500,28.682,59.298,54.363,1.17137,78.40,3.234,0.4401,0.1743,2147.7,683.15,2.8358,powered
0.9510,28.741,59.352,54.340,1.17133,78.38,3.240,0.4401,0.1745,2151.7,683.14,2.8360,powered
0.9520,28.800,59.406,54.316,1.17129,78.35,3.246,0.4401,0.1746,2155.6,683.13,2.8362,powered
0.9530,28.860,59.461,54.292,1.17125,78.33,3.252,0.4401,0.1748,2159.5,683.12,2.8364,powered
0.9540,28.919,59.515,54.269,1.17122,78.30,3.258,0.4401,0.1749,2163.5,683.10,2.8365,powered
0.9550,28.979,59.569,54.245,1.17118,78.28,3.264,0.4402,0.1751,2167.4,683.09,2.8367,powered
0.9560,29.039,59.623,54.222,1.17114,78.26,3.270,0.4402,0.1753,2171.3,683.08,2.8369,powered
0.9570,29.098,59.678,54.198,1.17111,78.23,3.276,0.4402,0.1754,2175.3,683.06,2.8371,powered
0.9580,29.158,59.732,54.174,1.17107,78.21,3.282,0.4402,0.1756,2179.2,683.05,2.8373,powered
0.9590,29.218,59.786,54.151,1.17103,78.18,3.288,0.4402,0.1757,2183.2,683.04,2.8375,powered
0.9600,29.277,59.840,54.127,1.17099,78.16,3.294,0.4402,0.1759,2187.1,683.03,2.8377,powered
0.9610,29.337,59.894,54.104,1.17096,78.14,3.300,0.4402,0.1761,2191.0,683.01,2.8379,powered
0.9620,29.397,59.948,54.080,1.17092,78.11,3.306,0.4402,0.1762,2195.0,683.00,2.8381,powered
0.9630,29.457,60.002,54.056,1.17088,78.09,3.312,0.4403,0.1764,2198.9,682.99,2.8383,powered
0.9640,29.517,60.056,54.033,1.17085,78.06,3.318,0.4403,0.1765,2202.9,682.97,2.8385,powered
0.9650,29.577,60.110,54.009,1.17081,78.04,3.324,0.4403,0.1767,2206.8,682.96,2.8387,powered
0.9660,29.637,60.164,53.985,1.17077,78.02,3.330,0.4403,0.1769,2210.8,682.95,2.8389,powered
0.9670,29.698,60.218,53.962,1.17073,77.99,3.336,0.4403,0.1770,2214.8,682.93,2.8391,powered
0.9680,29.758,60.272,53.938,1.17070,77.97,3.342,0.4403,0.1772,2218.7,682.92,2.8393,powered
0.9690,29.818,60.326,53.914,1.17066,77.94,3.348,0.4403,0.1773,2222.7,682.91,2.8395,powered
0.9700,29.879,60.380,53.891,1.17062,77.92,3.354,0.4403,0.1775,2226.6,682.90,2.8397,powered
0.9710,29.939,60.434,53.867,1.17059,77.90,3.361,0.4404,0.1777,2230.6,682.88,2.8399,powered
0.9720,29.999,60.488,53.843,1.17055,77.87,3.367,0.4404,0.1778,2234.6,682.87,2.8401,powered
0.9730,30.060,60.542,53.820,1.17051,77.85,3.373,0.4404,0.1780,2238.5,682.86,2.8403,powered
0.9740,30.120,60.595,53.796,1.17047,77.82,3.379,0.4404,0.1781,2242.5,682.84,2.8405,powered
0.9750,30.181,60.649,53.772,1.17044,77.80,3.385,0.4404,0.1783,2246.5,682.83,2.8407,powered
0.9760,30.242,60.703,53.749,1.17040,77.78,3.391,0.4404,0.1784,2250.4,682.82,2.8409,powered
0.9770,30.303,60.757,53.725,1.17036,77.75,3.397,0.4404,0.1786,2254.4,682.81,2.8411,powered
0.9780,30.363,60.810,53.701,1.17033,77.73,3.403,0.4405,0.1788,2258.4,682.79,2.8413,powered
0.9790,30.424,60.864,53.677,1.17029,77.70,3.409,0.4405,0.1789,2262.4,682.78,2.8414,powered
0.9800,30.485,60.918,53.654,1.17025,77.68,3.415,0.4405,0.1791,2266.3,682.77,2.8416,powered
0.9810,30.546,60.971,53.630,1.17022,77.66,3.421,0.4405,0.1792,2270.3,682.75,2.8418,powered
0.9820,30.607,61.025,53.606,1.17018,77.63,3.427,0.4405,0.1794,2274.3,682.74,2.8420,powered
0.9830,30.668,61.079,53.583,1.17014,77.61,3.434,0.4405,0.1796,2278.3,682.73,2.8422,powered
0.9840,30.729,61.132,53.559,1.17011,77.58,3.440,0.4405,0.1797,2282.3,682.72,2.8424,powered
0.9850,30.790,61.186,53.535,1.17007,77.56,3.446,0.4405,0.1799,2286.2,682.70,2.8426,powered
0.9860,30.852,61.239,53.511,1.17003,77.54,3.452,0.4406,0.1800,2290.2,682.69,2.8428,powered
0.9870,30.913,61.293,53.488,1.17000,77.51,3.458,0.4406,0.1802,2294.2,682.68,2.8430,powered
0.9880,30.974,61.346,53.464,1.16996,77.49,3.464,0.4406,0.1803,2298.2,682.66,2.8432,powered
0.9890,31.035,61.400,53.440,1.16992,77.46,3.470,0.4406,0.1805,2302.2,682.65,2.8434,powered
0.9900,31.097,61.453,53.416,1.16988,77.44,3.476,0.4406,0.1807,2306.2,682.64,2.8436,powered
0.9910,31.158,61.507,53.393,1.16985,77.42,3.482,0.4406,0.1808,2310.2,682.62,2.8438,powered
0.9920,31.220,61.560,53.369,1.16981,77.39,3.489,0.4406,0.1810,2314.2,682.61,2.8440,powered
0.9930,31.281,61.613,53.345,1.16977,77.37,3.495,0.4406,0.1811,2318.2,682.60,2.8442,powered
0.9940,31.343,61.667,53.321,1.16974,77.34,3.501,0.4407,0.1813,2322.2,682.59,2.8444,powered
0.9950,31.405,61.720,53.298,1.16970,77.32,3.507,0.4407,0.1814,2326.2,682.57,2.8446,powered
0.9960,31.467,61.773,53.274,1.16966,77.30,3.513,0.4407,0.1816,2330.2,682.56,2.8448,powered
0.9970,31.528,61.827,53.250,1.16963,77.27,3.519,0.4407,0.1818,2334.2,682.55,2.8450,powered
0.9980,31.590,61.880,53.226,1.16959,77.25,3.525,0.4407,0.1819,2338.2,682.54,2.8452,powered
0.9990,31.652,61.933,53.202,1.16955,77.22,3.532,0.4407,0.1821,2342.2,682.52,2.8453,powered
1.0000,31.714,61.986,53.179,1.16952,77.20,3.538,0.4407,0.1822,2346.2,682.51,2.8455,powered
1.0010,31.776,62.039,53.155,1.16948,77.18,3.544,0.4407,0.1824,2350.3,682.50,2.8457,powered
1.0020,31.838,62.092,53.131,1.16944,77.15,3.550,0.4408,0.1825,2354.3,682.48,2.8459,powered
1.0030,31.900,62.146,53.107,1.16941,77.13,3.556,0.4408,0.1827,2358.3,682.47,2.8461,powered
1.0040,31.962,62.199,53.083,1.16937,77.10,3.562,0.4408,0.1828,2362.3,682.46,2.8463,powered
1.0050,32.025,62.252,53.059,1.16933,77.08,3.569,0.4408,0.1830,2366.3,682.45,2.8465,powered
1.0060,32.087,62.305,53.036,1.16930,77.06,3.575,0.4408,0.1832,2370.3,682.43,2.8467,powered
1.0070,32.149,62.358,53.012,1.16926,77.03,3.581,0.4408,0.1833,2374.4,682.42,2.8469,powered
1.0080,32.212,62.411,52.988,1.16922,77.01,3.587,0.4408,0.1835,2378.4,682.41,2.8471,powered
1.0090,32.274,62.464,52.964,1.16919,76.98,3.593,0.4409,0.1836,2382.4,682.39,2.8473,powered
1.0100,32.337,62.517,52.940,1.16915,76.96,3.599,0.4409,0.1838,2386.4,682.38,2.8475,powered
1.0110,32.399,62.570,52.916,1.16911,76.94,3.606,0.4409,0.1839,2390.5,682.37,2.8477,powered
1.0120,32.462,62.623,52.893,1.16908,76.91,3.612,0.4409,0.1841,2394.5,682.36,2.8479,powered
1.0130,32.524,62.675,52.869,1.16904,76.89,3.618,0.4409,0.1842,2398.5,682.34,2.8481,powered
1.0140,32.587,62.728,52.845,1.16900,76.86,3.624,0.4409,0.1844,2402.6,682.33,2.8483,powered
1.0150,32.650,62.781,52.821,1.16897,76.84,3.630,0.4409,0.1846,2406.6,682.32,2.8485,powered
1.0160,32.713,62.834,52.797,1.16893,76.82,3.637,0.4409,0.1847,2410.6,682.30,2.8486,powered
1.0170,32.776,62.887,52.773,1.16890,76.79,3.643,0.4410,0.1849,2414.7,682.29,2.8488,powered
1.0180,32.838,62.940,52.749,1.16886,76.77,3.649,0.4410,0.1850,2418.7,682.28,2.8490,powered
1.0190,32.901,62.992,52.725,1.16882,76.74,3.655,0.4410,0.1852,2422.7,682.27,2.8492,powered
1.0200,32.964,63.045,52.701,1.16879,76.72,3.661,0.4410,0.1853,2426.8,682.25,2.8494,powered
1.0210,33.027,63.098,52.678,1.16875,76.70,3.668,0.4410,0.1855,2430.8,682.24,2.8496,powered
1.0220,33.091,63.150,52.654,1.16871,76.67,3.674,0.4410,0.1856,2434.9,682.23,2.8498,powered
1.0230,33.154,63.203,52.630,1.16868,76.65,3.680,0.4410,0.1858,2438.9,682.22,2.8500,powered
1.0240,33.217,63.256,52.606,1.16864,76.62,3.686,0.4410,0.1860,2443.0,682.20,2.8502,powered
1.0250,33.280,63.308,52.582,1.16860,76.60,3.692,0.4411,0.1861,2447.0,682.19,2.8504,powered
1.0260,33.344,63.361,52.558,1.16857,76.58,3.699,0.4411,0.1863,2451.1,682.18,2.8506,powered
1.0270,33.407,63.413,52.534,1.16853,76.55,3.705,0.4411,0.1864,2455.1,682.16,2.8508,powered
1.0280,33.470,63.466,52.510,1.16849,76.53,3.711,0.4411,0.1866,2459.2,682.15,2.8510,powered
1.0290,33.534,63.518,52.486,1.16846,76.50,3.717,0.4411,0.1867,2463.2,682.14,2.8512,powered
1.0300,33.598,63.571,52.462,1.16842,76.48,3.724,0.4411,0.1869,2467.3,682.13,2.8514,powered
1.0310,33.661,63.623,52.438,1.16839,76.46,3.730,0.4411,0.1870,2471.3,682.11,2.8515,powered
1.0320,33.725,63.676,52.414,1.16835,76.43,3.736,0.4412,0.1872,2475.4,682.10,2.8517,powered
1.0330,33.788,63.728,52.390,1.16831,76.41,3.742,0.4412,0.1873,2479.5,682.09,2.8519,powered
1.0340,33.852,63.780,52.367,1.16828,76.38,3.749,0.4412,0.1875,2483.5,682.08,2.8521,powered
1.0350,33.916,63.833,52.343,1.16824,76.36,3.755,0.4412,0.1877,2487.6,682.06,2.8523,powered
1.0360,33.980,63.885,52.319,1.16820,76.34,3.761,0.4412,0.1878,2491.7,682.05,2.8525,powered
1.0370,34.044,63.937,52.295,1.16817,76.31,3.767,0.4412,0.1880,2495.7,682.04,2.8527,powered
1.0380,34.108,63.990,52.271,1.16813,76.29,3.774,0.4412,0.1881,2499.8,682.02,2.8529,powered
1.0390,34.172,64.042,52.247,1.16810,76.26,3.780,0.4412,0.1883,2503.9,682.01,2.8531,powered
1.0400,34.236,64.094,52.223,1.16806,76.24,3.786,0.4413,0.1884,2507.9,682.00,2.8533,powered
1.0410,34.300,64.146,52.199,1.16802,76.22,3.792,0.4413,0.1886,2512.0,681.99,2.8535,powered
1.0420,34.364,64.199,52.175,1.16799,76.19,3.799,0.4413,0.1887,2516.1,681.97,2.8537,powered
1.0430,34.428,64.251,52.151,1.16795,76.17,3.805,0.4413,0.1889,2520.2,681.96,2.8539,powered
1.0440,34.493,64.303,52.127,1.16791,76.14,3.811,0.4413,0.1890,2524.2,681.95,2.8540,powered
1.0450,34.557,64.355,52.103,1.16788,76.12,3.817,0.4413,0.1892,2528.3,681.94,2.8542,powered
1.0460,34.621,64.407,52.079,1.16784,76.10,3.824,0.4413,0.1893,2532.4,681.92,2.8544,powered
1.0470,34.686,64.459,52.055,1.16781,76.07,3.830,0.4414,0.1895,2536.5,681.91,2.8546,powered
1.0480,34.750,64.511,52.031,1.16777,76.05,3.836,0.4414,0.1896,2540.5,681.90,2.8548,powered
1.0490,34.815,64.563,52.007,1.16773,76.02,3.842,0.4414,0.1898,2544.6,681.88,2.8550,powered
1.0500,34.879,64.615,51.983,1.16770,76.00,3.849,0.4414,0.1900,2548.7,681.87,2.8552,powered
1.0510,34.944,64.667,51.959,1.16766,75.98,3.855,0.4414,0.1901,2552.8,681.86,2.8554,powered
1.0520,35.009,64.719,51.935,1.16763,75.95,3.861,0.4414,0.1903,2556.9,681.85,2.8556,powered
1.0530,35.073,64.771,51.911,1.16759,75.93,3.868,0.4414,0.1904,2561.0,681.83,2.8558,powered
1.0540,35.138,64.823,51.887,1.16755,75.90,3.874,0.4414,0.1906,2565.1,681.82,2.8560,powered
1.0550,35.203,64.875,51.863,1.16752,75.88,3.880,0.4415,0.1907,2569.2,681.81,2.8562,powered
1.0560,35.268,64.927,51.838,1.16748,75.86,3.887,0.4415,0.1909,2573.2,681.80,2.8563,powered
1.0570,35.333,64.979,51.814,1.16744,75.83,3.893,0.4415,0.1910,2577.3,681.78,2.8565,powered
1.0580,35.398,65.030,51.790,1.16741,75.81,3.899,0.4415,0.1912,2581.4,681.77,2.8567,powered
1.0590,35.463,65.082,51.766,1.16737,75.78,3.905,0.4415,0.1913,2585.5,681.76,2.8569,powered
1.0600,35.528,65.134,51.742,1.16734,75.76,3.912,0.4415,0.1915,2589.6,681.75,2.8571,powered
1.0610,35.593,65.186,51.718,1.16730,75.74,3.918,0.4415,0.1916,2593.7,681.73,2.8573,powered
1.0620,35.658,65.237,51.694,1.16726,75.71,3.924,0.4415,0.1918,2597.8,681.72,2.8575,powered
1.0630,35.724,65.289,51.670,1.16723,75.69,3.931,0.4416,0.1919,2601.9,681.71,2.8577,powered
1.0640,35.789,65.341,51.646,1.16719,75.66,3.937,0.4416,0.1921,2606.0,681.69,2.8579,powered
1.0650,35.854,65.392,51.622,1.16716,75.64,3.943,0.4416,0.1922,2610.1,681.68,2.8581,powered
1.0660,35.920,65.444,51.598,1.16712,75.62,3.950,0.4416,0.1924,2614.2,681.67,2.8583,powered
1.0670,35.985,65.495,51.574,1.16709,75.59,3.956,0.4416,0.1925,2618.3,681.66,2.8585,powered
1.0680,36.051,65.547,51.550,1.16705,75.57,3.962,0.4416,0.1927,2622.5,681.64,2.8586,powered
1.0690,36.116,65.599,51.525,1.16701,75.54,3.969,0.4416,0.1928,2626.6,681.63,2.8588,powered
1.0700,36.182,65.650,51.501,1.16698,75.52,3.975,0.4417,0.1930,2630.7,681.62,2.8590,powered
1.0710,36.248,65.702,51.477,1.16694,75.50,3.981,0.4417,0.1932,2634.8,681.61,2.8592,powered
1.0720,36.313,65.753,51.453,1.16691,75.47,3.988,0.4417,0.1933,2638.9,681.59,2.8594,powered
1.0730,36.379,65.804,51.429,1.16687,75.45,3.994,0.4417,0.1935,2643.0,681.58,2.8596,powered
1.0740,36.445,65.856,51.405,1.16683,75.42,4.000,0.4417,0.1936,2647.1,681.57,2.8598,powered
1.0750,36.511,65.907,51.381,1.16680,75.40,4.007,0.4417,0.1938,2651.2,681.56,2.8600,powered
1.0760,36.577,65.959,51.357,1.16676,75.38,4.013,0.4417,0.1939,2655.4,681.54,2.8602,powered
1.0770,36.643,66.010,51.333,1.16673,75.35,4.019,0.4417,0.1941,2659.5,681.53,2.8604,powered
1.0780,36.709,66.061,51.308,1.16669,75.33,4.026,0.4418,0.1942,2663.6,681.52,2.8606,powered
1.0790,36.775,66.113,51.284,1.16665,75.30,4.032,0.4418,0.1944,2667.7,681.51,2.8607,powered
1.0800,36.841,66.164,51.260,1.16662,75.28,4.038,0.4418,0.1945,2671.8,681.49,2.8609,powered
1.0810,36.907,66.215,51.236,1.16658,75.26,4.045,0.4418,0.1947,2676.0,681.48,2.8611,powered
1.0820,36.974,66.266,51.212,1.16655,75.23,4.051,0.4418,0.1948,2680.1,681.47,2.8613,powered
1.0830,37.040,66.318,51.188,1.16651,75.21,4.057,0.4418,0.1950,2684.2,681.46,2.8615,powered
1.0840,37.106,66.369,51.163,1.16648,75.18,4.064,0.4418,0.1951,2688.3,681.44,2.8617,powered
1.0850,37.173,66.420,51.139,1.16644,75.16,4.070,0.4419,0.1953,2692.5,681.43,2.8619,powered
1.0860,37.239,66.471,51.115,1.16640,75.14,4.077,0.4419,0.1954,2696.6,681.42,2.8621,powered
1.0870,37.306,66.522,51.091,1.16637,75.11,4.083,0.4419,0.1956,2700.7,681.41,2.8623,powered
1.0880,37.372,66.573,51.067,1.16633,75.09,4.089,0.4419,0.1957,2704.9,681.39,2.8625,powered
1.0890,37.439,66.624,51.043,1.16630,75.06,4.096,0.4419,0.1959,2709.0,681.38,2.8626,powered
1.0900,37.505,66.675,51.018,1.16626,75.04,4.102,0.4419,0.1960,2713.1,681.37,2.8628,powered
1.0910,37.572,66.726,50.994,1.16623,75.02,4.108,0.4419,0.1962,2717.3,681.36,2.8630,powered
1.0920,37.639,66.777,50.970,1.16619,74.99,4.115,0.4420,0.1963,2721.4,681.34,2.8632,powered
1.0930,37.706,66.828,50.946,1.16616,74.97,4.121,0.4420,0.1965,2725.5,681.33,2.8634,powered
1.0940,37.772,66.879,50.922,1.16612,74.94,4.128,0.4420,0.1966,2729.7,681.32,2.8636,powered
1.0950,37.839,66.930,50.897,1.16608,74.92,4.134,0.4420,0.1968,2733.8,681.31,2.8638,powered
1.0960,37.906,66.981,50.873,1.16605,74.90,4.140,0.4420,0.1969,2738.0,681.29,2.8640,powered
1.0970,37.973,67.032,50.849,1.16601,74.87,4.147,0.4420,0.1971,2742.1,681.28,2.8642,powered
1.0980,38.040,67.083,50.825,1.16598,74.85,4.153,0.4420,0.1972,2746.2,681.27,2.8644,powered
1.0990,38.107,67.133,50.801,1.16594,74.82,4.159,0.4420,0.1974,2750.4,681.26,2.8645,powered
1.1000,38.175,67.184,50.776,1.16591,74.80,4.166,0.4421,0.1975,2754.5,681.24,2.8647,powered
1.1010,38.242,67.235,50.752,1.16587,74.78,4.172,0.4421,0.1977,2758.7,681.23,2.8649,powered
1.1020,38.309,67.286,50.728,1.16583,74.75,4.179,0.4421,0.1978,2762.8,681.22,2.8651,powered
1.1030,38.376,67.336,50.704,1.16580,74.73,4.185,0.4421,0.1980,2767.0,681.21,2.8653,powered
1.1040,38.444,67.387,50.679,1.16576,74.70,4.191,0.4421,0.1981,2771.1,681.19,2.8655,powered
1.1050,38.511,67.438,50.655,1.16573,74.68,4.198,0.4421,0.1983,2775.3,681.18,2.8657,powered
1.1060,38.579,67.488,50.631,1.16569,74.66,4.204,0.4421,0.1984,2779.4,681.17,2.8659,powered
1.1070,38.646,67.539,50.607,1.16566,74.63,4.211,0.4422,0.1986,2783.6,681.16,2.8661,powered
1.1080,38.714,67.590,50.582,1.16562,74.61,4.217,0.4422,0.1987,2787.7,681.14,2.8662,powered
1.1090,38.781,67.640,50.558,1.16559,74.58,4.224,0.4422,0.1989,2791.9,681.13,2.8664,powered
1.1100,38.849,67.691,50.534,1.16555,74.56,4.230,0.4422,0.1990,2796.1,681.12,2.8666,powered
1.1110,38.917,67.741,50.510,1.16552,74.54,4.236,0.4422,0.1992,2800.2,681.11,2.8668,powered
1.1120,38.984,67.792,50.485,1.16548,74.51,4.243,0.4422,0.1993,2804.4,681.09,2.8670,powered
1.1130,39.052,67.842,50.461,1.16544,74.49,4.249,0.4422,0.1995,2808.5,681.08,2.8672,powered
1.1140,39.120,67.893,50.437,1.16541,74.46,4.256,0.4422,0.1996,2812.7,681.07,2.8674,powered
1.1150,39.188,67.943,50.413,1.16537,74.44,4.262,0.4423,0.1997,2816.8,681.06,2.8676,powered
1.1160,39.256,67.994,50.388,1.16534,74.42,4.268,0.4423,0.1999,2821.0,681.04,2.8678,powered
1.1170,39.324,68.044,50.364,1.16530,74.39,4.275,0.4423,0.2000,2825.2,681.03,2.8679,powered
1.1180,39.392,68.094,50.340,1.16527,74.37,4.281,0.4423,0.2002,2829.3,681.02,2.8681,powered
1.1190,39.460,68.145,50.315,1.16523,74.34,4.288,0.4423,0.2003,2833.5,681.01,2.8683,powered
1.1200,39.528,68.195,50.291,1.16520,74.32,4.294,0.4423,0.2005,2837.7,680.99,2.8685,powered
1.1210,39.597,68.245,50.267,1.16516,74.30,4.301,0.4423,0.2006,2841.8,680.98,2.8687,powered
1.1220,39.665,68.295,50.243,1.16513,74.27,4.307,0.4424,0.2008,2846.0,680.97,2.8689,powered
1.1230,39.733,68.346,50.218,1.16509,74.25,4.314,0.4424,0.2009,2850.2,680.96,2.8691,powered
1.1240,39.802,68.396,50.194,1.16506,74.22,4.320,0.4424,0.2011,2854.3,680.94,2.8693,powered
1.1250,39.870,68.446,50.170,1.16502,74.20,4.326,0.4424,0.2012,2858.5,680.93,2.8695,powered
1.1260,39.938,68.496,50.145,1.16499,74.18,4.333,0.4424,0.2014,2862.7,680.92,2.8696,powered
1.1270,40.007,68.546,50.121,1.16495,74.15,4.339,0.4424,0.2015,2866.9,680.91,2.8698,powered
1.1280,40.076,68.596,50.097,1.16492,74.13,4.346,0.4424,0.2017,2871.0,680.89,2.8700,powered
1.1290,40.144,68.647,50.072,1.16488,74.10,4.352,0.4425,0.2018,2875.2,680.88,2.8702,powered
1.1300,40.213,68.697,50.048,1.16484,74.08,4.359,0.4425,0.2020,2879.4,680.87,2.8704,powered
1.1310,40.282,68.747,50.024,1.16481,74.06,4.365,0.4425,0.2021,2883.6,680.86,2.8706,powered
1.1320,40.350,68.797,49.999,1.16477,74.03,4.372,0.4425,0.2023,2887.7,680.84,2.8708,powered
1.1330,40.419,68.847,49.975,1.16474,74.01,4.378,0.4425,0.2024,2891.9,680.83,2.8710,powered
1.1340,40.488,68.897,49.951,1.16470,73.98,4.385,0.4425,0.2026,2896.1,680.82,2.8711,powered
1.1350,40.557,68.947,49.926,1.16467,73.96,4.391,0.4425,0.2027,2900.3,680.81,2.8713,powered
1.1360,40.626,68.996,49.902,1.16463,73.94,4.397,0.4425,0.2028,2904.5,680.79,2.8715,powered
1.1370,40.695,69.046,49.877,1.16460,73.91,4.404,0.4426,0.2030,2908.6,680.78,2.8717,powered
1.1380,40.764,69.096,49.853,1.16456,73.89,4.410,0.4426,0.2031,2912.8,680.77,2.8719,powered
1.1390,40.833,69.146,49.829,1.16453,73.86,4.417,0.4426,0.2033,2917.0,680.76,2.8721,powered
1.1400,40.902,69.196,49.804,1.16449,73.84,4.423,0.4426,0.2034,2921.2,680.74,2.8723,powered
1.1410,40.972,69.246,49.780,1.16446,73.82,4.430,0.4426,0.2036,2925.4,680.73,2.8725,powered
1.1420,41.041,69.295,49.756,1.16442,73.79,4.436,0.4426,0.2037,2929.6,680.72,2.8726,powered
1.1430,41.110,69.345,49.731,1.16439,73.77,4.443,0.4426,0.2039,2933.8,680.71,2.8728,powered
1.1440,41.180,69.395,49.707,1.16435,73.74,4.449,0.4427,0.2040,2937.9,680.70,2.8730,powered
1.1450,41.249,69.445,49.682,1.16432,73.72,4.456,0.4427,0.2042,2942.1,680.68,2.8732,powered
1.1460,41.318,69.494,49.658,1.16428,73.70,4.462,0.4427,0.2043,2946.3,680.67,2.8734,powered
1.1470,41.388,69.544,49.634,1.16425,73.67,4.469,0.4427,0.2045,2950.5,680.66,2.8736,powered
1.1480,41.458,69.594,49.609,1.16421,73.65,4.475,0.4427,0.2046,2954.7,680.65,2.8738,powered
1.1490,41.527,69.643,49.585,1.16418,73.62,4.482,0.4427,0.2048,2958.9,680.63,2.8740,powered
1.1500,41.597,69.693,49.560,1.16414,73.60,4.488,0.4427,0.2049,2963.1,680.62,2.8741,powered
1.1510,41.667,69.742,49.536,1.16411,73.58,4.495,0.4428,0.2050,2967.3,680.61,2.8743,powered
1.1520,41.736,69.792,49.512,1.16407,73.55,4.501,0.4428,0.2052,2971.5,680.60,2.8745,powered
1.1530,41.806,69.841,49.487,1.16404,73.53,4.508,0.4428,0.2053,2975.7,680.58,2.8747,powered
1.1540,41.876,69.891,49.463,1.16400,73.50,4.514,0.4428,0.2055,2979.9,680.57,2.8749,powered
1.1550,41.946,69.940,49.438,1.16397,73.48,4.521,0.4428,0.2056,2984.1,680.56,2.8751,powered
1.1560,42.016,69.990,49.414,1.16393,73.46,4.527,0.4428,0.2058,2988.3,680.55,2.8753,powered
1.1570,42.086,70.039,49.390,1.16390,73.43,4.534,0.4428,0.2059,2992.5,680.54,2.8755,powered
1.1580,42.156,70.088,49.365,1.16386,73.41,4.540,0.4428,0.2061,2996.7,680.52,2.8756,powered
1.1590,42.226,70.138,49.341,1.16383,73.38,4.547,0.4429,0.2062,3000.9,680.51,2.8758,powered
1.1600,42.296,70.187,49.316,1.16379,73.36,4.553,0.4429,0.2064,3005.1,680.50,2.8760,powered
1.1610,42.366,70.236,49.292,1.16376,73.34,4.560,0.4429,0.2065,3009.3,680.49,2.8762,powered
1.1620,42.437,70.286,49.267,1.16372,73.31,4.566,0.4429,0.2066,3013.5,680.47,2.8764,powered
1.1630,42.507,70.335,49.243,1.16369,73.29,4.573,0.4429,0.2068,3017.7,680.46,2.8766,powered
1.1640,42.577,70.384,49.218,1.16365,73.26,4.579,0.4429,0.2069,3021.9,680.45,2.8768,powered
1.1650,42.648,70.433,49.194,1.16362,73.24,4.586,0.4429,0.2071,3026.1,680.44,2.8769,powered
1.1660,42.718,70.483,49.169,1.16359,73.22,4.592,0.4430,0.2072,3030.3,680.42,2.8771,powered
1.1670,42.789,70.532,49.145,1.16355,73.19,4.599,0.4430,0.2074,3034.5,680.41,2.8773,powered
1.1680,42.859,70.581,49.121,1.16352,73.17,4.605,0.4430,0.2075,3038.7,680.40,2.8775,powered
1.1690,42.930,70.630,49.096,1.16348,73.14,4.612,0.4430,0.2077,3042.9,680.39,2.8777,powered
1.1700,43.001,70.679,49.072,1.16345,73.12,4.618,0.4430,0.2078,3047.1,680.38,2.8779,powered
1.1710,43.071,70.728,49.047,1.16341,73.10,4.625,0.4430,0.2079,3051.4,680.36,2.8781,powered
1.1720,43.142,70.777,49.023,1.16338,73.07,4.631,0.4430,0.2081,3055.6,680.35,2.8782,powered
1.1730,43.213,70.826,48.998,1.16334,73.05,4.638,0.4431,0.2082,3059.8,680.34,2.8784,powered
1.1740,43.284,70.875,48.974,1.16331,73.02,4.644,0.4431,0.2084,3064.0,680.33,2.8786,powered
1.1750,43.355,70.924,48.949,1.16327,73.00,4.651,0.4431,0.2085,3068.2,680.31,2.8788,powered
1.1760,43.425,70.973,48.925,1.16324,72.98,4.658,0.4431,0.2087,3072.4,680.30,2.8790,powered
1.1770,43.496,71.022,48.900,1.16320,72.95,4.664,0.4431,0.2088,3076.6,680.29,2.8792,powered
1.1780,43.568,71.071,48.876,1.16317,72.93,4.671,0.4431,0.2090,3080.9,680.28,2.8794,powered
1.1790,43.639,71.120,48.851,1.16313,72.90,4.677,0.4431,0.2091,3085.1,680.26,2.8796,powered
1.1800,43.710,71.169,48.827,1.16310,72.88,4.684,0.4431,0.2092,3089.3,680.25,2.8797,powered
1.1810,43.781,71.217,48.802,1.16306,72.86,4.690,0.4432,0.2094,3093.5,680.24,2.8799,powered
1.1820,43.852,71.266,48.778,1.16303,72.83,4.697,0.4432,0.2095,3097.7,680.23,2.8801,powered
1.1830,43.923,71.315,48.753,1.16300,72.81,4.703,0.4432,0.2097,3101.9,680.22,2.8803,powered
1.1840,43.995,71.364,48.729,1.16296,72.78,4.710,0.4432,0.2098,3106.2,680.20,2.8805,powered
1.1850,44.066,71.412,48.704,1.16293,72.76,4.716,0.4432,0.2100,3110.4,680.19,2.8807,powered
1.1860,44.138,71.461,48.680,1.16289,72.74,4.723,0.4432,0.2101,3114.6,680.18,2.8808,powered
1.1870,44.209,71.510,48.655,1.16286,72.71,4.729,0.4432,0.2102,3118.8,680.17,2.8810,powered
1.1880,44.281,71.558,48.630,1.16282,72.69,4.736,0.4433,0.2104,3123.1,680.15,2.8812,powered
1.1890,44.352,71.607,48.606,1.16279,72.66,4.743,0.4433,0.2105,3127.3,680.14,2.8814,powered
1.1900,44.424,71.656,48.581,1.16275,72.64,4.749,0.4433,0.2107,3131.5,680.13,2.8816,powered
1.1910,44.496,71.704,48.557,1.16272,72.62,4.756,0.4433,0.2108,3135.7,680.12,2.8818,powered
1.1920,44.567,71.753,48.532,1.16268,72.59,4.762,0.4433,0.2110,3140.0,680.11,2.8820,powered
1.1930,44.639,71.801,48.508,1.16265,72.57,4.769,0.4433,0.2111,3144.2,680.09,2.8821,powered
1.1940,44.711,71.850,48.483,1.16262,72.54,4.775,0.4433,0.2112,3148.4,680.08,2.8823,powered
1.1950,44.783,71.898,48.459,1.16258,72.52,4.782,0.4434,0.2114,3152.6,680.07,2.8825,powered
1.1960,44.855,71.947,48.434,1.16255,72.50,4.789,0.4434,0.2115,3156.9,680.06,2.8827,powered
1.1970,44.927,71.995,48.409,1.16251,72.47,4.795,0.4434,0.2117,3161.1,680.04,2.8829,powered
1.1980,44.999,72.043,48.385,1.16248,72.45,4.802,0.4434,0.2118,3165.3,680.03,2.8831,powered
1.1990,45.071,72.092,48.360,1.16244,72.42,4.808,0.4434,0.2120,3169.6,680.02,2.8833,powered
1.2000,45.143,72.140,48.336,1.16241,72.40,4.815,0.4434,0.2121,3173.8,680.01,2.8834,powered
1.2010,45.215,72.188,48.311,1.16237,72.38,4.821,0.4434,0.2122,3178.0,680.00,2.8836,powered
1.2020,45.287,72.237,48.287,1.16234,72.35,4.828,0.4435,0.2124,3182.2,679.98,2.8838,powered
1.2030,45.360,72.285,48.262,1.16231,72.33,4.834,0.4435,0.2125,3186.5,679.97,2.8840,powered
1.2040,45.432,72.333,48.237,1.16227,72.30,4.841,0.4435,0.2127,3190.7,679.96,2.8842,powered
1.2050,45.504,72.382,48.213,1.16224,72.28,4.848,0.4435,0.2128,3194.9,679.95,2.8844,powered
1.2060,45.577,72.430,48.188,1.16220,72.26,4.854,0.4435,0.2130,3199.2,679.94,2.8845,powered
1.2070,45.649,72.478,48.164,1.16217,72.23,4.861,0.4435,0.2131,3203.4,679.92,2.8847,powered
1.2080,45.722,72.526,48.139,1.16213,72.21,4.867,0.4435,0.2132,3207.6,679.91,2.8849,powered
1.2090,45.794,72.574,48.114,1.16210,72.18,4.874,0.4435,0.2134,3211.9,679.90,2.8851,powered
1.2100,45.867,72.622,48.090,1.16207,72.16,4.881,0.4436,0.2135,3216.1,679.89,2.8853,powered
1.2110,45.939,72.670,48.065,1.16203,72.14,4.887,0.4436,0.2137,3220.4,679.87,2.8855,powered
1.2120,46.012,72.718,48.041,1.16200,72.11,4.894,0.4436,0.2138,3224.6,679.86,2.8856,powered
1.2130,46.085,72.766,48.016,1.16196,72.09,4.900,0.4436,0.2139,3228.8,679.85,2.8858,powered
1.2140,46.158,72.814,47.991,1.16193,72.06,4.907,0.4436,0.2141,3233.1,679.84,2.8860,powered
1.2150,46.230,72.862,47.967,1.16189,72.04,4.913,0.4436,0.2142,3237.3,679.83,2.8862,powered
1.2160,46.303,72.910,47.942,1.16186,72.02,4.920,0.4436,0.2144,3241.6,679.81,2.8864,powered
1.2170,46.376,72.958,47.917,1.16183,71.99,4.927,0.4437,0.2145,3245.8,679.80,2.8866,powered
1.2180,46.449,73.006,47.893,1.16179,71.97,4.933,0.4437,0.2147,3250.0,679.79,2.8867,powered
1.2190,46.522,73.054,47.868,1.16176,71.94,4.940,0.4437,0.2148,3254.3,679.78,2.8869,powered
1.2200,46.595,73.102,47.844,1.16172,71.92,4.946,0.4437,0.2149,3258.5,679.77,2.8871,powered
1.2210,46.668,73.150,47.819,1.16169,71.90,4.953,0.4437,0.2151,3262.8,679.75,2.8873,powered
1.2220,46.742,73.198,47.794,1.16165,71.87,4.960,0.4437,0.2152,3267.0,679.74,2.8875,powered
1.2230,46.815,73.245,47.770,1.16162,71.85,4.966,0.4437,0.2154,3271.2,679.73,2.8877,powered
1.2240,46.888,73.293,47.745,1.16159,71.82,4.973,0.4438,0.2155,3275.5,679.72,2.8878,powered
1.2250,46.961,73.341,47.720,1.16155,71.80,4.979,0.4438,0.2156,3279.7,679.70,2.8880,powered
1.2260,47.035,73.389,47.696,1.16152,71.78,4.986,0.4438,0.2158,3284.0,679.69,2.8882,powered
1.2270,47.108,73.436,47.671,1.16148,71.75,4.993,0.4438,0.2159,3288.2,679.68,2.8884,powered
1.2280,47.182,73.484,47.646,1.16145,71.73,4.999,0.4438,0.2161,3292.5,679.67,2.8886,powered
1.2290,47.255,73.532,47.622,1.16142,71.70,5.006,0.4438,0.2162,3296.7,679.66,2.8888,powered
1.2300,47.329,73.579,47.597,1.16138,71.68,5.012,0.4438,0.2163,3301.0,679.64,2.8889,powered
1.2310,47.402,73.627,47.572,1.16135,71.66,5.019,0.4439,0.2165,3305.2,679.63,2.8891,powered
1.2320,47.476,73.674,47.548,1.16131,71.63,5.026,0.4439,0.2166,3309.5,679.62,2.8893,powered
1.2330,47.550,73.722,47.523,1.16128,71.61,5.032,0.4439,0.2168,3313.7,679.61,2.8895,powered
1.2340,47.623,73.769,47.498,1.16125,71.58,5.039,0.4439,0.2169,3318.0,679.60,2.8897,powered
1.2350,47.697,73.817,47.474,1.16121,71.56,5.045,0.4439,0.2170,3322.2,679.58,2.8899,powered
1.2360,47.771,73.864,47.449,1.16118,71.54,5.052,0.4439,0.2172,3326.5,679.57,2.8900,powered
1.2370,47.845,73.912,47.424,1.16114,71.51,5.059,0.4439,0.2173,3330.7,679.56,2.8902,powered
1.2380,47.919,73.959,47.400,1.16111,71.49,5.065,0.4440,0.2175,3335.0,679.55,2.8904,powered
1.2390,47.993,74.007,47.375,1.16108,71.46,5.072,0.4440,0.2176,3339.2,679.54,2.8906,powered
1.2400,48.067,74.054,47.350,1.16104,71.44,5.079,0.4440,0.2177,3343.5,679.52,2.8908,powered
1.2410,48.141,74.101,47.325,1.16101,71.42,5.085,0.4440,0.2179,3347.7,679.51,2.8910,powered
1.2420,48.215,74.149,47.301,1.16097,71.39,5.092,0.4440,0.2180,3352.0,679.50,2.8911,powered
1.2430,48.289,74.196,47.276,1.16094,71.37,5.098,0.4440,0.2182,3356.2,679.49,2.8913,powered
1.2440,48.363,74.243,47.251,1.16091,71.34,5.105,0.4440,0.2183,3360.5,679.48,2.8915,powered
1.2450,48.438,74.290,47.227,1.16087,71.32,5.112,0.4441,0.2184,3364.7,679.46,2.8917,powered
1.2460,48.512,74.338,47.202,1.16084,71.30,5.118,0.4441,0.2186,3369.0,679.45,2.8919,powered
1.2470,48.586,74.385,47.177,1.16080,71.27,5.125,0.4441,0.2187,3373.2,679.44,2.8921,powered
1.2480,48.661,74.432,47.152,1.16077,71.25,5.132,0.4441,0.2188,3377.5,679.43,2.8922,powered
1.2490,48.735,74.479,47.128,1.16074,71.22,5.138,0.4441,0.2190,3381.7,679.42,2.8924,powered
1.2500,48.810,74.526,47.103,1.16070,71.20,5.145,0.4441,0.2191,3386.0,679.40,2.8926,powered
1.2510,48.884,74.573,47.078,1.16067,71.18,5.151,0.4441,0.2193,3390.3,679.39,2.8928,powered
1.2520,48.959,74.620,47.054,1.16064,71.15,5.158,0.4441,0.2194,3394.5,679.38,2.8930,powered
1.2530,49.034,74.667,47.029,1.16060,71.13,5.165,0.4442,0.2195,3398.8,679.37,2.8931,powered
1.2540,49.108,74.714,47.004,1.16057,71.10,5.171,0.4442,0.2197,3403.0,679.36,2.8933,powered
1.2550,49.183,74.761,46.979,1.16053,71.08,5.178,0.4442,0.2198,3407.3,679.34,2.8935,powered
1.2560,49.258,74.808,46.955,1.16050,71.06,5.185,0.4442,0.2200,3411.5,679.33,2.8937,powered
1.2570,49.333,74.855,46.930,1.16047,71.03,5.191,0.4442,0.2201,3415.8,679.32,2.8939,powered
1.2580,49.407,74.902,46.905,1.16043,71.01,5.198,0.4442,0.2202,3420.1,679.31,2.8941,powered
1.2590,49.482,74.949,46.880,1.16040,70.98,5.204,0.4442,0.2204,3424.3,679.30,2.8942,powered
1.2600,49.557,74.996,46.856,1.16037,70.96,5.211,0.4443,0.2205,3428.6,679.28,2.8944,powered
1.2610,49.632,75.043,46.831,1.16033,70.94,5.218,0.4443,0.2206,3432.8,679.27,2.8946,powered
1.2620,49.707,75.090,46.806,1.16030,70.91,5.224,0.4443,0.2208,3437.1,679.26,2.8948,powered
1.2630,49.783,75.136,46.781,1.16026,70.89,5.231,0.4443,0.2209,3441.4,679.25,2.8950,powered
1.2640,49.858,75.183,46.757,1.16023,70.86,5.238,0.4443,0.2211,3445.6,679.24,2.8951,powered
1.2650,49.933,75.230,46.732,1.16020,70.84,5.244,0.4443,0.2212,3449.9,679.22,2.8953,powered
1.2660,50.008,75.277,46.707,1.16016,70.82,5.251,0.4443,0.2213,3454.1,679.21,2.8955,powered
1.2670,50.084,75.323,46.682,1.16013,70.79,5.258,0.4444,0.2215,3458.4,679.20,2.8957,powered
1.2680,50.159,75.370,46.657,1.16010,70.77,5.264,0.4444,0.2216,3462.7,679.19,2.8959,powered
1.2690,50.234,75.417,46.633,1.16006,70.74,5.271,0.4444,0.2217,3466.9,679.18,2.8960,powered
1.2700,50.310,75.463,46.608,1.16003,70.72,5.278,0.4444,0.2219,3471.2,679.16,2.8962,powered
1.2710,50.385,75.510,46.583,1.16000,70.70,5.284,0.4444,0.2220,3475.5,679.15,2.8964,powered
1.2720,50.461,75.556,46.558,1.15996,70.67,5.291,0.4444,0.2222,3479.7,679.14,2.8966,powered
1.2730,50.536,75.603,46.534,1.15993,70.65,5.297,0.4444,0.2223,3484.0,679.13,2.8968,powered
1.2740,50.612,75.650,46.509,1.15989,70.62,5.304,0.4445,0.2224,3488.2,679.12,2.8970,powered
1.2750,50.688,75.696,46.484,1.15986,70.60,5.311,0.4445,0.2226,3492.5,679.10,2.8971,powered
1.2760,50.763,75.742,46.459,1.15983,70.58,5.317,0.4445,0.2227,3496.8,679.09,2.8973,powered
1.2770,50.839,75.789,46.434,1.15979,70.55,5.324,0.4445,0.2228,3501.0,679.08,2.8975,powered
1.2780,50.915,75.835,46.410,1.15976,70.53,5.331,0.4445,0.2230,3505.3,679.07,2.8977,powered
1.2790,50.991,75.882,46.385,1.15973,70.50,5.337,0.4445,0.2231,3509.6,679.06,2.8979,powered
1.2800,51.067,75.928,46.360,1.15969,70.48,5.344,0.4445,0.2233,3513.8,679.04,2.8980,powered
1.2810,51.143,75.974,46.335,1.15966,70.46,5.351,0.4446,0.2234,3518.1,679.03,2.8982,powered
1.2820,51.219,76.021,46.310,1.15963,70.43,5.357,0.4446,0.2235,3522.4,679.02,2.8984,powered
1.2830,51.295,76.067,46.285,1.15959,70.41,5.364,0.4446,0.2237,3526.6,679.01,2.8986,powered
1.2840,51.371,76.113,46.261,1.15956,70.38,5.371,0.4446,0.2238,3530.9,679.00,2.8988,powered
1.2850,51.447,76.160,46.236,1.15953,70.36,5.377,0.4446,0.2239,3535.2,678.99,2.8989,powered
1.2860,51.523,76.206,46.211,1.15949,70.34,5.384,0.4446,0.2241,3539.4,678.97,2.8991,powered
1.2870,51.599,76.252,46.186,1.15946,70.31,5.391,0.4446,0.2242,3543.7,678.96,2.8993,powered
1.2880,51.676,76.298,46.161,1.15943,70.29,5.397,0.4447,0.2243,3548.0,678.95,2.8995,powered
1.2890,51.752,76.344,46.136,1.15939,70.26,5.404,0.4447,0.2245,3552.2,678.94,2.8997,powered
1.2900,51.828,76.390,46.112,1.15936,70.24,5.411,0.4447,0.2246,3556.5,678.93,2.8998,powered
1.2910,51.905,76.437,46.087,1.15933,70.22,5.417,0.4447,0.2248,3560.8,678.91,2.9000,powered
1.2920,51.981,76.483,46.062,1.15929,70.19,5.424,0.4447,0.2249,3565.0,678.90,2.9002,powered
1.2930,52.058,76.529,46.037,1.15926,70.17,5.431,0.4447,0.2250,3569.3,678.89,2.9004,powered
1.2940,52.134,76.575,46.012,1.15923,70.14,5.437,0.4447,0.2252,3573.6,678.88,2.9006,powered
1.2950,52.211,76.621,45.987,1.15919,70.12,5.444,0.4448,0.2253,3577.8,678.87,2.9007,powered
1.2960,52.287,76.667,45.963,1.15916,70.10,5.451,0.4448,0.2254,3582.1,678.85,2.9009,powered
1.2970,52.364,76.713,45.938,1.15913,70.07,5.457,0.4448,0.2256,3586.4,678.84,2.9011,powered
1.2980,52.441,76.759,45.913,1.15909,70.05,5.464,0.4448,0.2257,3590.6,678.83,2.9013,powered
1.2990,52.518,76.804,45.888,1.15906,70.02,5.471,0.4448,0.2258,3594.9,678.82,2.9015,powered
1.3000,52.594,76.850,45.863,1.15903,70.00,5.477,0.4448,0.2260,3599.2,678.81,2.9016,powered
1.3010,52.671,76.896,45.557,1.15899,69.65,5.484,0.4448,0.2261,3603.4,678.80,2.9018,powered
1.3020,52.748,76.941,45.251,1.15896,69.30,5.491,0.4448,0.2262,3607.7,678.78,2.9020,powered
1.3030,52.825,76.987,44.945,1.15893,68.95,5.497,0.4449,0.2264,3611.9,678.77,2.9022,powered
1.3040,52.902,77.031,44.639,1.15889,68.60,5.504,0.4449,0.2265,3616.0,678.76,2.9023,powered
1.3050,52.979,77.076,44.333,1.15886,68.25,5.510,0.4449,0.2266,3620.2,678.75,2.9025,powered
1.3060,53.056,77.120,44.026,1.15883,67.90,5.517,0.4449,0.2268,3624.3,678.74,2.9027,powered
1.3070,53.134,77.164,43.720,1.15880,67.55,5.523,0.4449,0.2269,3628.4,678.73,2.9029,powered
1.3080,53.211,77.207,43.414,1.15876,67.20,5.529,0.4449,0.2270,3632.5,678.71,2.9030,powered
1.3090,53.288,77.251,43.108,1.15873,66.85,5.536,0.4449,0.2271,3636.5,678.70,2.9032,powered
1.3100,53.365,77.294,42.802,1.15870,66.50,5.542,0.4450,0.2273,3640.6,678.69,2.9034,powered
1.3110,53.443,77.336,42.496,1.15867,66.15,5.548,0.4450,0.2274,3644.5,678.68,2.9036,powered
1.3120,53.520,77.379,42.190,1.15864,65.80,5.554,0.4450,0.2275,3648.5,678.67,2.9037,powered
1.3130,53.597,77.421,41.884,1.15861,65.45,5.561,0.4450,0.2276,3652.4,678.66,2.9039,powered
1.3140,53.675,77.462,41.578,1.15858,65.10,5.567,0.4450,0.2278,3656.4,678.65,2.9041,powered
1.3150,53.752,77.504,41.272,1.15855,64.75,5.573,0.4450,0.2279,3660.2,678.64,2.9042,powered
1.3160,53.830,77.545,40.966,1.15851,64.40,5.579,0.4450,0.2280,3664.1,678.63,2.9044,powered
1.3170,53.907,77.586,40.660,1.15848,64.05,5.585,0.4450,0.2281,3667.9,678.61,2.9046,powered
1.3180,53.985,77.626,40.354,1.15845,63.70,5.591,0.4451,0.2283,3671.7,678.60,2.9047,powered
1.3190,54.063,77.666,40.048,1.15842,63.35,5.597,0.4451,0.2284,3675.5,678.59,2.9049,powered
1.3200,54.140,77.706,39.743,1.15839,63.00,5.602,0.4451,0.2285,3679.3,678.58,2.9050,powered
1.3210,54.218,77.746,39.437,1.15836,62.65,5.608,0.4451,0.2286,3683.0,678.57,2.9052,powered
1.3220,54.296,77.785,39.131,1.15833,62.30,5.614,0.4451,0.2287,3686.7,678.56,2.9054,powered
1.3230,54.374,77.824,38.825,1.15830,61.95,5.620,0.4451,0.2288,3690.3,678.55,2.9055,powered
1.3240,54.451,77.863,38.519,1.15828,61.60,5.626,0.4451,0.2290,3694.0,678.54,2.9057,powered
1.3250,54.529,77.901,38.213,1.15825,61.25,5.631,0.4451,0.2291,3697.6,678.53,2.9058,powered
1.3260,54.607,77.939,37.907,1.15822,60.90,5.637,0.4452,0.2292,3701.2,678.52,2.9060,powered
1.3270,54.685,77.977,37.602,1.15819,60.55,5.642,0.4452,0.2293,3704.7,678.51,2.9062,powered
1.3280,54.763,78.015,37.296,1.15816,60.20,5.648,0.4452,0.2294,3708.3,678.50,2.9063,powered
1.3290,54.841,78.052,36.990,1.15813,59.85,5.653,0.4452,0.2295,3711.8,678.49,2.9065,powered
1.3300,54.919,78.089,36.684,1.15810,59.50,5.659,0.4452,0.2296,3715.3,678.48,2.9066,powered
1.3310,54.997,78.125,36.378,1.15807,59.15,5.664,0.4452,0.2297,3718.7,678.47,2.9068,powered
1.3320,55.075,78.161,36.073,1.15805,58.80,5.670,0.4452,0.2298,3722.1,678.46,2.9069,powered
1.3330,55.154,78.197,35.767,1.15802,58.45,5.675,0.4452,0.2299,3725.5,678.45,2.9071,powered
1.3340,55.232,78.233,35.461,1.15799,58.10,5.680,0.4452,0.2300,3728.9,678.44,2.9072,powered
1.3350,55.310,78.268,35.156,1.15796,57.75,5.685,0.4453,0.2301,3732.2,678.43,2.9074,powered
1.3360,55.388,78.303,34.850,1.15794,57.40,5.691,0.4453,0.2302,3735.5,678.42,2.9075,powered
1.3370,55.467,78.338,34.544,1.15791,57.05,5.696,0.4453,0.2304,3738.8,678.41,2.9077,powered
1.3380,55.545,78.372,34.239,1.15788,56.70,5.701,0.4453,0.2305,3742.1,678.40,2.9078,powered
1.3390,55.623,78.406,33.933,1.15785,56.35,5.706,0.4453,0.2306,3745.3,678.39,2.9080,powered
1.3400,55.702,78.440,33.627,1.15783,56.00,5.711,0.4453,0.2307,3748.5,678.38,2.9081,powered
1.3410,55.780,78.474,33.322,1.15780,55.65,5.716,0.4453,0.2308,3751.7,678.37,2.9082,powered
1.3420,55.859,78.507,33.016,1.15778,55.30,5.721,0.4453,0.2308,3754.8,678.36,2.9084,powered
1.3430,55.937,78.540,32.711,1.15775,54.95,5.726,0.4453,0.2309,3757.9,678.35,2.9085,powered
1.3440,56.016,78.572,32.405,1.15772,54.60,5.730,0.4454,0.2310,3761.0,678.34,2.9087,powered
1.3450,56.095,78.604,32.100,1.15770,54.25,5.735,0.4454,0.2311,3764.1,678.33,2.9088,powered
1.3460,56.173,78.636,31.794,1.15767,53.90,5.740,0.4454,0.2312,3767.1,678.32,2.9089,powered
1.3470,56.252,78.668,31.489,1.15765,53.55,5.745,0.4454,0.2313,3770.1,678.32,2.9091,powered
1.3480,56.330,78.699,31.183,1.15762,53.20,5.749,0.4454,0.2314,3773.1,678.31,2.9092,powered
1.3490,56.409,78.730,30.878,1.15760,52.85,5.754,0.4454,0.2315,3776.0,678.30,2.9094,powered
1.3500,56.488,78.761,30.572,1.15757,52.50,5.759,0.4454,0.2316,3779.0,678.29,2.9095,powered
1.3510,56.567,78.791,30.267,1.15755,52.15,5.763,0.4454,0.2317,3781.9,678.28,2.9096,powered
1.3520,56.646,78.822,29.961,1.15752,51.80,5.768,0.4454,0.2318,3784.7,678.27,2.9098,powered
1.3530,56.724,78.851,29.656,1.15750,51.45,5.772,0.4454,0.2319,3787.6,678.26,2.9099,powered
1.3540,56.803,78.881,29.351,1.15747,51.10,5.776,0.4455,0.2320,3790.4,678.25,2.9100,powered
1.3550,56.882,78.910,29.045,1.15745,50.75,5.781,0.4455,0.2320,3793.1,678.24,2.9102,powered
1.3560,56.961,78.939,28.740,1.15742,50.40,5.785,0.4455,0.2321,3795.9,678.24,2.9103,powered
1.3570,57.040,78.968,28.435,1.15740,50.05,5.789,0.4455,0.2322,3798.6,678.23,2.9104,powered
1.3580,57.119,78.996,28.130,1.15738,49.70,5.794,0.4455,0.2323,3801.3,678.22,2.9105,powered
1.3590,57.198,79.024,27.824,1.15735,49.35,5.798,0.4455,0.2324,3804.0,678.21,2.9107,powered
1.3600,57.277,79.052,27.519,1.15733,49.00,5.802,0.4455,0.2325,3806.6,678.20,2.9108,powered
1.3610,57.356,79.079,27.214,1.15731,48.65,5.806,0.4455,0.2325,3809.2,678.19,2.9109,powered
1.3620,57.435,79.106,26.909,1.15728,48.30,5.810,0.4455,0.2326,3811.8,678.19,2.9111,powered
1.3630,57.514,79.133,26.603,1.15726,47.95,5.814,0.4455,0.2327,3814.3,678.18,2.9112,powered
1.3640,57.593,79.159,26.298,1.15724,47.60,5.818,0.4455,0.2328,3816.9,678.17,2.9113,powered
1.3650,57.673,79.185,25.993,1.15721,47.25,5.822,0.4455,0.2328,3819.3,678.16,2.9114,powered
1.3660,57.752,79.211,25.688,1.15719,46.90,5.826,0.4456,0.2329,3821.8,678.15,2.9115,powered
1.3670,57.831,79.237,25.383,1.15717,46.55,5.830,0.4456,0.2330,3824.2,678.15,2.9117,powered
1.3680,57.910,79.262,25.078,1.15715,46.20,5.833,0.4456,0.2331,3826.7,678.14,2.9118,powered
1.3690,57.990,79.287,24.773,1.15713,45.85,5.837,0.4456,0.2331,3829.0,678.13,2.9119,powered
1.3700,58.069,79.311,24.468,1.15710,45.50,5.841,0.4456,0.2332,3831.4,678.12,2.9120,powered
1.3710,58.148,79.336,24.163,1.15708,45.15,5.844,0.4456,0.2333,3833.7,678.11,2.9121,powered
1.3720,58.228,79.360,23.858,1.15706,44.80,5.848,0.4456,0.2334,3836.0,678.11,2.9122,powered
1.3730,58.307,79.383,23.553,1.15704,44.45,5.852,0.4456,0.2334,3838.3,678.10,2.9124,powered
1.3740,58.386,79.407,23.248,1.15702,44.10,5.855,0.4456,0.2335,3840.5,678.09,2.9125,powered
1.3750,58.466,79.430,22.943,1.15700,43.75,5.858,0.4456,0.2336,3842.7,678.08,2.9126,powered
1.3760,58.545,79.453,22.638,1.15698,43.40,5.862,0.4456,0.2336,3844.9,678.08,2.9127,powered
1.3770,58.625,79.475,22.333,1.15696,43.05,5.865,0.4456,0.2337,3847.0,678.07,2.9128,powered
1.3780,58.704,79.497,22.029,1.15694,42.70,5.869,0.4456,0.2338,3849.1,678.06,2.9129,powered
1.3790,58.784,79.519,21.724,1.15692,42.35,5.872,0.4457,0.2338,3851.2,678.05,2.9130,powered
1.3800,58.863,79.541,21.419,1.15690,42.00,5.875,0.4457,0.2339,3853.3,678.05,2.9131,powered
1.3810,58.943,79.562,21.114,1.15688,41.65,5.878,0.4457,0.2340,3855.3,678.04,2.9132,powered
1.3820,59.022,79.583,20.810,1.15686,41.30,5.881,0.4457,0.2340,3857.3,678.03,2.9134,powered
1.3830,59.102,79.604,20.505,1.15684,40.95,5.884,0.4457,0.2341,3859.3,678.03,2.9135,powered
1.3840,59.181,79.624,20.200,1.15682,40.60,5.888,0.4457,0.2341,3861.2,678.02,2.9136,powered
1.3850,59.261,79.644,19.896,1.15680,40.25,5.891,0.4457,0.2342,3863.2,678.01,2.9137,powered
1.3860,59.341,79.664,19.591,1.15678,39.90,5.894,0.4457,0.2343,3865.0,678.01,2.9138,powered
1.3870,59.420,79.683,19.286,1.15676,39.55,5.896,0.4457,0.2343,3866.9,678.00,2.9139,powered
1.3880,59.500,79.702,18.982,1.15674,39.20,5.899,0.4457,0.2344,3868.7,677.99,2.9140,powered
1.3890,59.580,79.721,18.677,1.15672,38.85,5.902,0.4457,0.2344,3870.5,677.99,2.9141,powered
1.3900,59.660,79.740,18.373,1.15671,38.50,5.905,0.4457,0.2345,3872.3,677.98,2.9142,powered
1.3910,59.739,79.758,18.068,1.15669,38.15,5.908,0.4457,0.2345,3874.0,677.97,2.9143,powered
1.3920,59.819,79.776,17.764,1.15667,37.80,5.910,0.4457,0.2346,3875.7,677.97,2.9144,powered
1.3930,59.899,79.794,17.459,1.15665,37.45,5.913,0.4457,0.2346,3877.4,677.96,2.9145,powered
1.3940,59.979,79.811,17.155,1.15663,37.10,5.916,0.4457,0.2347,3879.1,677.95,2.9146,powered
1.3950,60.058,79.828,16.850,1.15662,36.75,5.918,0.4458,0.2347,3880.7,677.95,2.9147,powered
1.3960,60.138,79.845,16.546,1.15660,36.40,5.921,0.4458,0.2348,3882.3,677.94,2.9148,powered
1.3970,60.218,79.861,16.242,1.15658,36.05,5.923,0.4458,0.2348,3883.9,677.94,2.9148,powered
1.3980,60.298,79.877,15.937,1.15656,35.70,5.925,0.4458,0.2349,3885.4,677.93,2.9149,powered
1.3990,60.378,79.893,15.633,1.15655,35.35,5.928,0.4458,0.2349,3886.9,677.92,2.9150,powered
1.4000,60.458,79.908,15.329,1.15653,35.00,5.930,0.4458,0.2350,3888.4,677.92,2.9151,powered
1.4010,60.538,79.924,15.025,1.15651,34.65,5.932,0.4458,0.2350,3889.8,677.91,2.9152,powered
1.4020,60.618,79.938,14.720,1.15650,34.30,5.935,0.4458,0.2351,3891.2,677.91,2.9153,powered
1.4030,60.698,79.953,14.416,1.15648,33.95,5.937,0.4458,0.2351,3892.6,677.90,2.9154,powered
1.4040,60.778,79.967,14.112,1.15647,33.60,5.939,0.4458,0.2352,3894.0,677.89,2.9155,powered
1.4050,60.858,79.981,13.808,1.15645,33.25,5.941,0.4458,0.2352,3895.3,677.89,2.9156,powered
1.4060,60.938,79.995,13.504,1.15643,32.90,5.943,0.4458,0.2352,3896.6,677.88,2.9156,powered
1.4070,61.018,80.008,13.200,1.15642,32.55,5.945,0.4458,0.2353,3897.9,677.88,2.9157,powered
1.4080,61.098,80.021,12.896,1.15640,32.20,5.947,0.4458,0.2353,3899.1,677.87,2.9158,powered
1.4090,61.178,80.034,12.592,1.15639,31.85,5.949,0.4458,0.2354,3900.3,677.87,2.9159,powered
1.4100,61.258,80.046,12.288,1.15637,31.50,5.951,0.4458,0.2354,3901.5,677.86,2.9160,powered
1.4110,61.338,80.059,11.984,1.15636,31.15,5.953,0.4458,0.2354,3902.7,677.86,2.9161,powered
1.4120,61.418,80.070,11.680,1.15634,30.80,5.954,0.4458,0.2355,3903.8,677.85,2.9161,powered
1.4130,61.498,80.082,11.376,1.15633,30.45,5.956,0.4458,0.2355,3904.9,677.84,2.9162,powered
1.4140,61.578,80.093,11.072,1.15631,30.10,5.958,0.4458,0.2355,3906.0,677.84,2.9163,powered
1.4150,61.658,80.104,10.768,1.15630,29.75,5.959,0.4458,0.2356,3907.0,677.83,2.9164,powered
1.4160,61.738,80.115,10.464,1.15629,29.40,5.961,0.4458,0.2356,3908.0,677.83,2.9164,powered
1.4170,61.818,80.125,10.161,1.15627,29.05,5.962,0.4458,0.2356,3909.0,677.82,2.9165,powered
1.4180,61.898,80.135,9.857,1.15626,28.70,5.964,0.4459,0.2357,3909.9,677.82,2.9166,powered
1.4190,61.979,80.145,9.553,1.15625,28.35,5.965,0.4459,0.2357,3910.8,677.81,2.9167,powered
1.4200,62.059,80.154,9.249,1.15623,28.00,5.967,0.4459,0.2357,3911.7,677.81,2.9167,powered
1.4210,62.139,80.163,8.946,1.15622,27.65,5.968,0.4459,0.2357,3912.6,677.81,2.9168,powered
1.4220,62.219,80.172,8.642,1.15621,27.30,5.969,0.4459,0.2358,3913.4,677.80,2.9169,powered
1.4230,62.299,80.181,8.339,1.15619,26.95,5.971,0.4459,0.2358,3914.2,677.80,2.9170,powered
1.4240,62.379,80.189,8.035,1.15618,26.60,5.972,0.4459,0.2358,3915.0,677.79,2.9170,powered
1.4250,62.460,80.197,7.731,1.15617,26.25,5.973,0.4459,0.2358,3915.7,677.79,2.9171,powered
1.4260,62.540,80.204,7.428,1.15615,25.90,5.974,0.4459,0.2359,3916.4,677.78,2.9172,powered
1.4270,62.620,80.211,7.124,1.15614,25.55,5.975,0.4459,0.2359,3917.1,677.78,2.9172,powered
1.4280,62.700,80.218,6.821,1.15613,25.20,5.976,0.4459,0.2359,3917.8,677.77,2.9173,powered
1.4290,62.780,80.225,6.518,1.15612,24.85,5.977,0.4459,0.2359,3918.4,677.77,2.9174,powered
1.4300,62.861,80.231,6.214,1.15611,24.50,5.978,0.4459,0.2359,3919.0,677.77,2.9174,powered
1.4310,62.941,80.237,5.911,1.15610,24.15,5.979,0.4459,0.2360,3919.5,677.76,2.9175,powered
1.4320,63.021,80.243,5.608,1.15608,23.80,5.980,0.4459,0.2360,3920.1,677.76,2.9175,powered
1.4330,63.101,80.249,5.304,1.15607,23.45,5.981,0.4459,0.2360,3920.6,677.75,2.9176,powered
1.4340,63.182,80.254,5.001,1.15606,23.10,5.981,0.4459,0.2360,3921.0,677.75,2.9177,powered
1.4350,63.262,80.259,4.698,1.15605,22.75,5.982,0.4459,0.2360,3921.5,677.75,2.9177,powered
1.4360,63.342,80.263,4.395,1.15604,22.40,5.983,0.4459,0.2360,3921.9,677.74,2.9178,powered
1.4370,63.422,80.268,4.091,1.15603,22.05,5.983,0.4459,0.2360,3922.3,677.74,2.9178,powered
1.4380,63.503,80.271,3.788,1.15602,21.70,5.984,0.4459,0.2361,3922.6,677.73,2.9179,powered
1.4390,63.583,80.275,3.485,1.15601,21.35,5.984,0.4459,0.2361,3923.0,677.73,2.9180,powered
1.4400,63.663,80.278,3.182,1.15600,21.00,5.985,0.4459,0.2361,3923.3,677.73,2.9180,powered
1.4410,63.743,80.281,2.879,1.15599,20.65,5.985,0.4459,0.2361,3923.5,677.72,2.9181,powered
1.4420,63.824,80.284,2.576,1.15598,20.30,5.986,0.4459,0.2361,3923.8,677.72,2.9181,powered
1.4430,63.904,80.287,2.273,1.15597,19.95,5.986,0.4459,0.2361,3924.0,677.72,2.9182,powered
1.4440,63.984,80.289,1.970,1.15596,19.60,5.986,0.4459,0.2361,3924.1,677.71,2.9182,powered
1.4450,64.065,80.291,1.667,1.15595,19.25,5.987,0.4459,0.2361,3924.3,677.71,2.9183,powered
1.4460,64.145,80.292,1.365,1.15594,18.90,5.987,0.4459,0.2361,3924.4,677.71,2.9183,powered
1.4470,64.225,80.293,1.062,1.15593,18.55,5.987,0.4459,0.2361,3924.5,677.70,2.9184,powered
1.4480,64.305,80.294,0.759,1.15592,18.20,5.987,0.4459,0.2361,3924.6,677.70,2.9184,powered
1.4490,64.386,80.295,0.456,1.15592,17.85,5.987,0.4459,0.2361,3924.6,677.70,2.9185,powered
1.4500,64.466,80.295,0.153,1.15591,17.50,5.987,0.4459,0.2361,3924.6,677.69,2.9185,powered
1.4510,64.546,80.295,-0.149,1.15590,17.15,5.987,0.4459,0.2361,3924.6,677.69,2.9185,powered
1.4520,64.627,80.295,-0.452,1.15589,16.80,5.987,0.4459,0.2361,3924.5,677.69,2.9186,powered
1.4530,64.707,80.294,-0.754,1.15588,16.45,5.987,0.4459,0.2361,3924.4,677.69,2.9186,powered
1.4540,64.787,80.293,-1.057,1.15588,16.10,5.987,0.4459,0.2361,3924.3,677.68,2.9187,powered
1.4550,64.868,80.292,-1.360,1.15587,15.75,5.986,0.4459,0.2361,3924.1,677.68,2.9187,powered
1.4560,64.948,80.291,-1.662,1.15586,15.40,5.986,0.4459,0.2361,3924.0,677.68,2.9188,powered
1.4570,65.028,80.289,-1.965,1.15585,15.05,5.986,0.4459,0.2361,3923.8,677.67,2.9188,powered
1.4580,65.108,80.287,-2.267,1.15585,14.70,5.985,0.4459,0.2361,3923.5,677.67,2.9188,powered
1.4590,65.189,80.284,-2.569,1.15584,14.35,5.985,0.4459,0.2361,3923.3,677.67,2.9189,powered
1.4600,65.269,80.281,-2.872,1.15583,14.00,5.984,0.4459,0.2361,3923.0,677.67,2.9189,powered
1.4610,65.349,80.278,-3.174,1.15583,13.65,5.984,0.4459,0.2361,3922.6,677.66,2.9189,powered
1.4620,65.430,80.275,-3.476,1.15582,13.30,5.983,0.4459,0.2361,3922.3,677.66,2.9190,powered
1.4630,65.510,80.272,-3.779,1.15581,12.95,5.983,0.4459,0.2361,3921.9,677.66,2.9190,powered
1.4640,65.590,80.268,-4.081,1.15581,12.60,5.982,0.4459,0.2361,3921.5,677.66,2.9190,powered
1.4650,65.670,80.263,-4.383,1.15580,12.25,5.981,0.4459,0.2360,3921.0,677.66,2.9191,powered
1.4660,65.751,80.259,-4.685,1.15580,11.90,5.981,0.4459,0.2360,3920.6,677.65,2.9191,powered
1.4670,65.831,80.254,-4.987,1.15579,11.55,5.980,0.4459,0.2360,3920.1,677.65,2.9191,powered
1.4680,65.911,80.249,-5.289,1.15578,11.20,5.979,0.4459,0.2360,3919.5,677.65,2.9192,powered
1.4690,65.991,80.243,-5.592,1.15578,10.85,5.978,0.4459,0.2360,3919.0,677.65,2.9192,powered
1.4700,66.072,80.238,-5.894,1.15577,10.50,5.977,0.4459,0.2360,3918.4,677.65,2.9192,powered
1.4710,66.152,80.232,-6.196,1.15577,10.15,5.976,0.4459,0.2359,3917.8,677.64,2.9193,powered
1.4720,66.232,80.225,-6.497,1.15576,9.80,5.975,0.4459,0.2359,3917.1,677.64,2.9193,powered
1.4730,66.312,80.219,-6.799,1.15576,9.45,5.974,0.4459,0.2359,3916.4,677.64,2.9193,powered
1.4740,66.393,80.212,-7.101,1.15576,9.10,5.973,0.4459,0.2359,3915.7,677.64,2.9193,powered
1.4750,66.473,80.204,-7.403,1.15575,8.75,5.972,0.4459,0.2359,3915.0,677.64,2.9193,powered
1.4760,66.553,80.197,-7.705,1.15575,8.40,5.971,0.4459,0.2358,3914.2,677.64,2.9194,powered
1.4770,66.633,80.189,-8.007,1.15574,8.05,5.970,0.4459,0.2358,3913.4,677.64,2.9194,powered
1.4780,66.713,80.181,-8.308,1.15574,7.70,5.968,0.4459,0.2358,3912.6,677.63,2.9194,powered
1.4790,66.793,80.172,-8.610,1.15574,7.35,5.967,0.4459,0.2358,3911.7,677.63,2.9194,powered
1.4800,66.874,80.164,-8.912,1.15573,7.00,5.966,0.4459,0.2357,3910.8,677.63,2.9195,powered
1.4810,66.954,80.155,-9.213,1.15573,6.65,5.964,0.4459,0.2357,3909.9,677.63,2.9195,powered
1.4820,67.034,80.145,-9.515,1.15573,6.30,5.963,0.4459,0.2357,3909.0,677.63,2.9195,powered
1.4830,67.114,80.136,-9.816,1.15572,5.95,5.961,0.4459,0.2357,3908.0,677.63,2.9195,powered
1.4840,67.194,80.126,-10.118,1.15572,5.60,5.960,0.4458,0.2356,3907.0,677.63,2.9195,powered
1.4850,67.274,80.115,-10.419,1.15572,5.25,5.958,0.4458,0.2356,3906.0,677.63,2.9195,powered
1.4860,67.354,80.105,-10.721,1.15572,4.90,5.956,0.4458,0.2356,3904.9,677.63,2.9195,powered
1.4870,67.435,80.094,-11.022,1.15571,4.55,5.955,0.4458,0.2355,3903.8,677.62,2.9196,powered
1.4880,67.515,80.083,-11.323,1.15571,4.20,5.953,0.4458,0.2355,3902.7,677.62,2.9196,powered
1.4890,67.595,80.071,-11.625,1.15571,3.85,5.951,0.4458,0.2355,3901.6,677.62,2.9196,powered
1.4900,67.675,80.059,-11.926,1.15571,3.50,5.949,0.4458,0.2354,3900.4,677.62,2.9196,powered
1.4910,67.755,80.047,-12.227,1.15571,3.15,5.947,0.4458,0.2354,3899.2,677.62,2.9196,powered
1.4920,67.835,80.035,-12.528,1.15570,2.80,5.945,0.4458,0.2354,3897.9,677.62,2.9196,powered
1.4930,67.915,80.022,-12.829,1.15570,2.45,5.943,0.4458,0.2353,3896.7,677.62,2.9196,powered
1.4940,67.995,80.009,-13.130,1.15570,2.10,5.941,0.4458,0.2353,3895.4,677.62,2.9196,powered
1.4950,68.075,79.996,-13.431,1.15570,1.75,5.939,0.4458,0.2353,3894.1,677.62,2.9196,powered
1.4960,68.155,79.982,-13.732,1.15570,1.40,5.937,0.4458,0.2352,3892.7,677.62,2.9196,powered
1.4970,68.235,79.969,-14.033,1.15570,1.05,5.935,0.4458,0.2352,3891.3,677.62,2.9196,powered
1.4980,68.315,79.954,-14.334,1.15570,0.70,5.933,0.4458,0.2351,3889.9,677.62,2.9196,powered
1.4990,68.395,79.940,-14.635,1.15570,0.35,5.930,0.4458,0.2351,3888.5,677.62,2.9196,powered
1.5000,68.475,79.925,-14.936,1.15570,0.00,5.928,0.4458,0.2351,3887.0,677.62,2.9196,coast
1.5000,68.475,79.925,-15.241,1.15570,0.00,6.281,0.4723,0.2351,3887.0,677.62,2.9196,coast
1.5050,68.874,79.849,-15.230,1.15570,0.00,6.268,0.4723,0.2348,3879.5,677.62,2.9196,coast
1.5100,69.273,79.773,-15.220,1.15570,0.00,6.256,0.4723,0.2346,3871.9,677.62,2.9196,coast
1.5150,69.672,79.697,-15.209,1.15570,0.00,6.243,0.4722,0.2344,3864.4,677.62,2.9196,coast
1.5200,70.070,79.621,-15.198,1.15570,0.00,6.231,0.4722,0.2342,3856.9,677.62,2.9196,coast
1.5250,70.468,79.545,-15.187,1.15570,0.00,6.218,0.4722,0.2339,3849.4,677.62,2.9196,coast
1.5300,70.866,79.469,-15.176,1.15570,0.00,6.206,0.4721,0.2337,3841.9,677.62,2.9196,coast
1.5350,71.263,79.393,-15.166,1.15570,0.00,6.193,0.4721,0.2335,3834.4,677.62,2.9196,coast
1.5400,71.660,79.317,-15.155,1.15570,0.00,6.181,0.4721,0.2333,3826.9,677.62,2.9196,coast
1.5450,72.056,79.241,-15.144,1.15570,0.00,6.169,0.4721,0.2331,3819.5,677.62,2.9196,coast
1.5500,72.452,79.166,-15.133,1.15570,0.00,6.156,0.4720,0.2328,3812.0,677.62,2.9196,coast
1.5550,72.848,79.090,-15.123,1.15570,0.00,6.144,0.4720,0.2326,3804.6,677.62,2.9196,coast
1.5600,73.243,79.015,-15.112,1.15570,0.00,6.132,0.4720,0.2324,3797.2,677.62,2.9196,coast
1.5650,73.638,78.939,-15.101,1.15570,0.00,6.119,0.4720,0.2322,3789.8,677.62,2.9196,coast
1.5700,74.032,78.864,-15.091,1.15570,0.00,6.107,0.4719,0.2319,3782.4,677.62,2.9196,coast
1.5750,74.426,78.788,-15.080,1.15570,0.00,6.095,0.4719,0.2317,3775.0,677.62,2.9196,coast
1.5800,74.820,78.713,-15.070,1.15570,0.00,6.082,0.4719,0.2315,3767.7,677.62,2.9196,coast
1.5850,75.214,78.637,-15.059,1.15570,0.00,6.070,0.4719,0.2313,3760.3,677.62,2.9196,coast
1.5900,75.607,78.562,-15.049,1.15570,0.00,6.058,0.4718,0.2311,3753.0,677.62,2.9196,coast
1.5950,75.999,78.487,-15.038,1.15570,0.00,6.046,0.4718,0.2308,3745.7,677.62,2.9196,coast
1.6000,76.391,78.412,-15.028,1.15570,0.00,6.034,0.4718,0.2306,3738.4,677.62,2.9196,coast
1.6050,76.783,78.337,-15.017,1.15570,0.00,6.022,0.4717,0.2304,3731.1,677.62,2.9196,coast
1.6100,77.175,78.262,-15.007,1.15570,0.00,6.010,0.4717,0.2302,3723.8,677.62,2.9196,coast
1.6150,77.566,78.187,-14.996,1.15570,0.00,5.998,0.4717,0.2300,3716.5,677.62,2.9196,coast
1.6200,77.957,78.112,-14.986,1.15570,0.00,5.985,0.4717,0.2297,3709.2,677.62,2.9196,coast
1.6250,78.347,78.037,-14.975,1.15570,0.00,5.973,0.4716,0.2295,3702.0,677.62,2.9196,coast
1.6300,78.737,77.962,-14.965,1.15570,0.00,5.961,0.4716,0.2293,3694.7,677.62,2.9196,coast
1.6350,79.127,77.887,-14.955,1.15570,0.00,5.949,0.4716,0.2291,3687.5,677.62,2.9196,coast
1.6400,79.516,77.812,-14.944,1.15570,0.00,5.938,0.4716,0.2289,3680.3,677.62,2.9196,coast
1.6450,79.905,77.738,-14.934,1.15570,0.00,5.926,0.4715,0.2286,3673.1,677.62,2.9196,coast
1.6500,80.293,77.663,-14.924,1.15570,0.00,5.914,0.4715,0.2284,3665.9,677.62,2.9196,coast
1.6550,80.681,77.588,-14.913,1.15570,0.00,5.902,0.4715,0.2282,3658.7,677.62,2.9196,coast
1.6600,81.069,77.514,-14.903,1.15570,0.00,5.890,0.4715,0.2280,3651.6,677.62,2.9196,coast
1.6650,81.457,77.439,-14.893,1.15570,0.00,5.878,0.4714,0.2278,3644.4,677.62,2.9196,coast
1.6700,81.844,77.365,-14.883,1.15570,0.00,5.866,0.4714,0.2276,3637.3,677.62,2.9196,coast
1.6750,82.230,77.291,-14.872,1.15570,0.00,5.854,0.4714,0.2273,3630.2,677.62,2.9196,coast
1.6800,82.616,77.216,-14.862,1.15570,0.00,5.843,0.4714,0.2271,3623.1,677.62,2.9196,coast
1.6850,83.002,77.142,-14.852,1.15570,0.00,5.831,0.4713,0.2269,3616.0,677.62,2.9196,coast
1.6900,83.388,77.068,-14.842,1.15570,0.00,5.819,0.4713,0.2267,3608.9,677.62,2.9196,coast
1.6950,83.773,76.993,-14.832,1.15570,0.00,5.807,0.4713,0.2265,3601.8,677.62,2.9196,coast
1.7000,84.158,76.919,-14.822,1.15570,0.00,5.796,0.4713,0.2263,3594.7,677.62,2.9196,coast
1.7050,84.542,76.845,-14.811,1.15570,0.00,5.784,0.4712,0.2260,3587.7,677.62,2.9196,coast
1.7100,84.926,76.771,-14.801,1.15570,0.00,5.772,0.4712,0.2258,3580.6,677.62,2.9196,coast
1.7150,85.310,76.697,-14.791,1.15570,0.00,5.761,0.4712,0.2256,3573.6,677.62,2.9196,coast
1.7200,85.693,76.623,-14.781,1.15570,0.00,5.749,0.4712,0.2254,3566.6,677.62,2.9196,coast
1.7250,86.076,76.549,-14.771,1.15570,0.00,5.737,0.4711,0.2252,3559.6,677.62,2.9196,coast
1.7300,86.459,76.476,-14.761,1.15570,0.00,5.726,0.4711,0.2250,3552.6,677.62,2.9196,coast
1.7350,86.841,76.402,-14.751,1.15570,0.00,5.714,0.4711,0.2247,3545.6,677.62,2.9196,coast
1.7400,87.223,76.328,-14.741,1.15570,0.00,5.703,0.4711,0.2245,3538.6,677.62,2.9196,coast
1.7450,87.604,76.254,-14.731,1.15570,0.00,5.691,0.4710,0.2243,3531.7,677.62,2.9196,coast
1.7500,87.985,76.181,-14.721,1.15570,0.00,5.680,0.4710,0.2241,3524.7,677.62,2.9196,coast
1.7550,88.366,76.107,-14.711,1.15570,0.00,5.668,0.4710,0.2239,3517.8,677.62,2.9196,coast
1.7600,88.746,76.034,-14.701,1.15570,0.00,5.657,0.4710,0.2237,3510.9,677.62,2.9196,coast
1.7650,89.126,75.960,-14.692,1.15570,0.00,5.645,0.4709,0.2234,3504.0,677.62,2.9196,coast
1.7700,89.506,75.887,-14.682,1.15570,0.00,5.634,0.4709,0.2232,3497.1,677.62,2.9196,coast
1.7750,89.885,75.813,-14.672,1.15570,0.00,5.623,0.4709,0.2230,3490.2,677.62,2.9196,coast
1.7800,90.264,75.740,-14.662,1.15570,0.00,5.611,0.4709,0.2228,3483.3,677.62,2.9196,coast
1.7850,90.643,75.667,-14.652,1.15570,0.00,5.600,0.4708,0.2226,3476.4,677.62,2.9196,coast
1.7900,91.021,75.594,-14.642,1.15570,0.00,5.589,0.4708,0.2224,3469.6,677.62,2.9196,coast
1.7950,91.399,75.520,-14.633,1.15570,0.00,5.577,0.4708,0.2222,3462.7,677.62,2.9196,coast
1.8000,91.776,75.447,-14.623,1.15570,0.00,5.566,0.4708,0.2219,3455.9,677.62,2.9196,coast
1.8050,92.153,75.374,-14.613,1.15570,0.00,5.555,0.4707,0.2217,3449.1,677.62,2.9196,coast
1.8100,92.530,75.301,-14.603,1.15570,0.00,5.543,0.4707,0.2215,3442.3,677.62,2.9196,coast
1.8150,92.906,75.228,-14.594,1.15570,0.00,5.532,0.4707,0.2213,3435.5,677.62,2.9196,coast
1.8200,93.282,75.155,-14.584,1.15570,0.00,5.521,0.4707,0.2211,3428.7,677.62,2.9196,coast
1.8250,93.658,75.082,-14.574,1.15570,0.00,5.510,0.4706,0.2209,3421.9,677.62,2.9196,coast
1.8300,94.033,75.009,-14.565,1.15570,0.00,5.499,0.4706,0.2207,3415.2,677.62,2.9196,coast
1.8350,94.408,74.937,-14.555,1.15570,0.00,5.488,0.4706,0.2204,3408.4,677.62,2.9196,coast
1.8400,94.782,74.864,-14.545,1.15570,0.00,5.476,0.4706,0.2202,3401.7,677.62,2.9196,coast
1.8450,95.156,74.791,-14.536,1.15570,0.00,5.465,0.4705,0.2200,3395.0,677.62,2.9196,coast
1.8500,95.530,74.718,-14.526,1.15570,0.00,5.454,0.4705,0.2198,3388.2,677.62,2.9196,coast
1.8550,95.903,74.646,-14.516,1.15570,0.00,5.443,0.4705,0.2196,3381.5,677.62,2.9196,coast
1.8600,96.277,74.573,-14.507,1.15570,0.00,5.432,0.4705,0.2194,3374.9,677.62,2.9196,coast
1.8650,96.649,74.501,-14.497,1.15570,0.00,5.421,0.4704,0.2192,3368.2,677.62,2.9196,coast
1.8700,97.022,74.428,-14.488,1.15570,0.00,5.410,0.4704,0.2190,3361.5,677.62,2.9196,coast
1.8750,97.393,74.356,-14.478,1.15570,0.00,5.399,0.4704,0.2187,3354.8,677.62,2.9196,coast
1.8800,97.765,74.284,-14.469,1.15570,0.00,5.388,0.4704,0.2185,3348.2,677.62,2.9196,coast
1.8850,98.136,74.211,-14.459,1.15570,0.00,5.377,0.4704,0.2183,3341.6,677.62,2.9196,coast
1.8900,98.507,74.139,-14.450,1.15570,0.00,5.366,0.4703,0.2181,3334.9,677.62,2.9196,coast
1.8950,98.878,74.067,-14.440,1.15570,0.00,5.355,0.4703,0.2179,3328.3,677.62,2.9196,coast
1.9000,99.248,73.995,-14.431,1.15570,0.00,5.344,0.4703,0.2177,3321.7,677.62,2.9196,coast
1.9050,99.618,73.922,-14.422,1.15570,0.00,5.334,0.4703,0.2175,3315.1,677.62,2.9196,coast
1.9100,99.987,73.850,-14.412,1.15570,0.00,5.323,0.4702,0.2173,3308.6,677.62,2.9196,coast
1.9150,100.356,73.778,-14.403,1.15570,0.00,5.312,0.4702,0.2171,3302.0,677.62,2.9196,coast
1.9200,100.725,73.706,-14.394,1.15570,0.00,5.301,0.4702,0.2168,3295.4,677.62,2.9196,coast
1.9250,101.093,73.634,-14.384,1.15570,0.00,5.290,0.4702,0.2166,3288.9,677.62,2.9196,coast
1.9300,101.461,73.562,-14.375,1.15570,0.00,5.279,0.4701,0.2164,3282.3,677.62,2.9196,coast
1.9350,101.829,73.491,-14.366,1.15570,0.00,5.269,0.4701,0.2162,3275.8,677.62,2.9196,coast
1.9400,102.196,73.419,-14.356,1.15570,0.00,5.258,0.4701,0.2160,3269.3,677.62,2.9196,coast
1.9450,102.563,73.347,-14.347,1.15570,0.00,5.247,0.4701,0.2158,3262.8,677.62,2.9196,coast
1.9500,102.930,73.275,-14.338,1.15570,0.00,5.237,0.4700,0.2156,3256.3,677.62,2.9196,coast
1.9550,103.296,73.204,-14.328,1.15570,0.00,5.226,0.4700,0.2154,3249.8,677.62,2.9196,coast
1.9600,103.662,73.132,-14.319,1.15570,0.00,5.215,0.4700,0.2152,3243.4,677.62,2.9196,coast
1.9650,104.027,73.061,-14.310,1.15570,0.00,5.205,0.4700,0.2150,3236.9,677.62,2.9196,coast
1.9700,104.392,72.989,-14.301,1.15570,0.00,5.194,0.4700,0.2147,3230.5,677.62,2.9196,coast
1.9750,104.757,72.917,-14.292,1.15570,0.00,5.183,0.4699,0.2145,3224.0,677.62,2.9196,coast
1.9800,105.121,72.846,-14.283,1.15570,0.00,5.173,0.4699,0.2143,3217.6,677.62,2.9196,coast
1.9850,105.485,72.775,-14.273,1.15570,0.00,5.162,0.4699,0.2141,3211.2,677.62,2.9196,coast
1.9900,105.849,72.703,-14.264,1.15570,0.00,5.152,0.4699,0.2139,3204.8,677.62,2.9196,coast
1.9950,106.213,72.632,-14.255,1.15570,0.00,5.141,0.4698,0.2137,3198.4,677.62,2.9196,coast
2.0000,106.575,72.561,-14.246,1.15570,0.00,5.131,0.4698,0.2135,3192.0,677.62,2.9196,coast
2.0050,106.938,72.490,-14.237,1.15570,0.00,5.120,0.4698,0.2133,3185.6,677.62,2.9196,coast
2.0100,107.300,72.418,-14.228,1.15570,0.00,5.110,0.4698,0.2131,3179.3,677.62,2.9196,coast
2.0150,107.662,72.347,-14.219,1.15570,0.00,5.099,0.4697,0.2129,3172.9,677.62,2.9196,coast
2.0200,108.024,72.276,-14.210,1.15570,0.00,5.089,0.4697,0.2127,3166.6,677.62,2.9196,coast
2.0250,108.385,72.205,-14.201,1.15570,0.00,5.078,0.4697,0.2124,3160.2,677.62,2.9196,coast
2.0300,108.746,72.134,-14.192,1.15570,0.00,5.068,0.4697,0.2122,3153.9,677.62,2.9196,coast
2.0350,109.106,72.063,-14.183,1.15570,0.00,5.058,0.4697,0.2120,3147.6,677.62,2.9196,coast
2.0400,109.467,71.992,-14.174,1.15570,0.00,5.047,0.4696,0.2118,3141.3,677.62,2.9196,coast
2.0450,109.826,71.922,-14.165,1.15570,0.00,5.037,0.4696,0.2116,3135.0,677.62,2.9196,coast
2.0500,110.186,71.851,-14.156,1.15570,0.00,5.027,0.4696,0.2114,3128.7,677.62,2.9196,coast
2.0550,110.545,71.780,-14.147,1.15570,0.00,5.016,0.4696,0.2112,3122.5,677.62,2.9196,coast
2.0600,110.904,71.709,-14.138,1.15570,0.00,5.006,0.4695,0.2110,3116.2,677.62,2.9196,coast
2.0650,111.262,71.639,-14.129,1.15570,0.00,4.996,0.4695,0.2108,3110.0,677.62,2.9196,coast
2.0700,111.620,71.568,-14.120,1.15570,0.00,4.985,0.4695,0.2106,3103.7,677.62,2.9196,coast
2.0750,111.978,71.497,-14.112,1.15570,0.00,4.975,0.4695,0.2104,3097.5,677.62,2.9196,coast
2.0800,112.335,71.427,-14.103,1.15570,0.00,4.965,0.4695,0.2102,3091.3,677.62,2.9196,coast
2.0850,112.692,71.356,-14.094,1.15570,0.00,4.955,0.4694,0.2100,3085.1,677.62,2.9196,coast
2.0900,113.048,71.286,-14.085,1.15570,0.00,4.945,0.4694,0.2098,3078.9,677.62,2.9196,coast
2.0950,113.405,71.216,-14.076,1.15570,0.00,4.934,0.4694,0.2095,3072.7,677.62,2.9196,coast
2.1000,113.761,71.145,-14.067,1.15570,0.00,4.924,0.4694,0.2093,3066.5,677.62,2.9196,coast
2.1050,114.116,71.075,-14.059,1.15570,0.00,4.914,0.4693,0.2091,3060.4,677.62,2.9196,coast
2.1100,114.471,71.005,-14.050,1.15570,0.00,4.904,0.4693,0.2089,3054.2,677.62,2.9196,coast
2.1150,114.826,70.934,-14.041,1.15570,0.00,4.894,0.4693,0.2087,3048.1,677.62,2.9196,coast
2.1200,115.181,70.864,-14.033,1.15570,0.00,4.884,0.4693,0.2085,3041.9,677.62,2.9196,coast
2.1250,115.535,70.794,-14.024,1.15570,0.00,4.874,0.4693,0.2083,3035.8,677.62,2.9196,coast
2.1300,115.889,70.724,-14.015,1.15570,0.00,4.864,0.4692,0.2081,3029.7,677.62,2.9196,coast
2.1350,116.242,70.654,-14.006,1.15570,0.00,4.854,0.4692,0.2079,3023.6,677.62,2.9196,coast
2.1400,116.595,70.584,-13.998,1.15570,0.00,4.844,0.4692,0.2077,3017.5,677.62,2.9196,coast
2.1450,116.948,70.514,-13.989,1.15570,0.00,4.834,0.4692,0.2075,3011.4,677.62,2.9196,coast
2.1500,117.300,70.444,-13.981,1.15570,0.00,4.824,0.4691,0.2073,3005.4,677.62,2.9196,coast
2.1550,117.652,70.374,-13.972,1.15570,0.00,4.814,0.4691,0.2071,2999.3,677.62,2.9196,coast
2.1600,118.004,70.304,-13.963,1.15570,0.00,4.804,0.4691,0.2069,2993.2,677.62,2.9196,coast
2.1650,118.355,70.234,-13.955,1.15570,0.00,4.794,0.4691,0.2067,2987.2,677.62,2.9196,coast
2.1700,118.706,70.165,-13.946,1.15570,0.00,4.784,0.4691,0.2065,2981.2,677.62,2.9196,coast
2.1750,119.057,70.095,-13.938,1.15570,0.00,4.774,0.4690,0.2063,2975.2,677.62,2.9196,coast
2.1800,119.407,70.025,-13.929,1.15570,0.00,4.764,0.4690,0.2061,2969.1,677.62,2.9196,coast
2.1850,119.757,69.956,-13.921,1.15570,0.00,4.754,0.4690,0.2059,2963.1,677.62,2.9196,coast
2.1900,120.107,69.886,-13.912,1.15570,0.00,4.745,0.4690,0.2056,2957.2,677.62,2.9196,coast
2.1950,120.456,69.817,-13.904,1.15570,0.00,4.735,0.4690,0.2054,2951.2,677.62,2.9196,coast
2.2000,120.805,69.747,-13.895,1.15570,0.00,4.725,0.4689,0.2052,2945.2,677.62,2.9196,coast
2.2050,121.154,69.678,-13.887,1.15570,0.00,4.715,0.4689,0.2050,2939.2,677.62,2.9196,coast
2.2100,121.502,69.608,-13.878,1.15570,0.00,4.705,0.4689,0.2048,2933.3,677.62,2.9196,coast
2.2150,121.850,69.539,-13.870,1.15570,0.00,4.696,0.4689,0.2046,2927.3,677.62,2.9196,coast
2.2200,122.197,69.470,-13.861,1.15570,0.00,4.686,0.4688,0.2044,2921.4,677.62,2.9196,coast
2.2250,122.544,69.400,-13.853,1.15570,0.00,4.676,0.4688,0.2042,2915.5,677.62,2.9196,coast
2.2300,122.891,69.331,-13.845,1.15570,0.00,4.667,0.4688,0.2040,2909.6,677.62,2.9196,coast
2.2350,123.238,69.262,-13.836,1.15570,0.00,4.657,0.4688,0.2038,2903.7,677.62,2.9196,coast
2.2400,123.584,69.193,-13.828,1.15570,0.00,4.647,0.4688,0.2036,2897.8,677.62,2.9196,coast
2.2450,123.930,69.124,-13.819,1.15570,0.00,4.638,0.4687,0.2034,2891.9,677.62,2.9196,coast
2.2500,124.275,69.054,-13.811,1.15570,0.00,4.628,0.4687,0.2032,2886.0,677.62,2.9196,coast
2.2550,124.620,68.985,-13.803,1.15570,0.00,4.618,0.4687,0.2030,2880.2,677.62,2.9196,coast
2.2600,124.965,68.916,-13.795,1.15570,0.00,4.609,0.4687,0.2028,2874.3,677.62,2.9196,coast
2.2650,125.309,68.847,-13.786,1.15570,0.00,4.599,0.4687,0.2026,2868.5,677.62,2.9196,coast
2.2700,125.653,68.779,-13.778,1.15570,0.00,4.590,0.4686,0.2024,2862.6,677.62,2.9196,coast
2.2750,125.997,68.710,-13.770,1.15570,0.00,4.580,0.4686,0.2022,2856.8,677.62,2.9196,coast
2.2800,126.341,68.641,-13.761,1.15570,0.00,4.571,0.4686,0.2020,2851.0,677.62,2.9196,coast
2.2850,126.684,68.572,-13.753,1.15570,0.00,4.561,0.4686,0.2018,2845.2,677.62,2.9196,coast
2.2900,127.026,68.503,-13.745,1.15570,0.00,4.552,0.4686,0.2016,2839.4,677.62,2.9196,coast
2.2950,127.369,68.435,-13.737,1.15570,0.00,4.542,0.4685,0.2014,2833.6,677.62,2.9196,coast
2.3000,127.711,68.366,-13.729,1.15570,0.00,4.533,0.4685,0.2012,2827.8,677.62,2.9196,coast
2.3050,128.052,68.297,-13.720,1.15570,0.00,4.523,0.4685,0.2010,2822.1,677.62,2.9196,coast
2.3100,128.394,68.229,-13.712,1.15570,0.00,4.514,0.4685,0.2008,2816.3,677.62,2.9196,coast
2.3150,128.735,68.160,-13.704,1.15570,0.00,4.504,0.4685,0.2006,2810.6,677.62,2.9196,coast
2.3200,129.075,68.092,-13.696,1.15570,0.00,4.495,0.4684,0.2004,2804.8,677.62,2.9196,coast
2.3250,129.415,68.023,-13.688,1.15570,0.00,4.486,0.4684,0.2002,2799.1,677.62,2.9196,coast
2.3300,129.755,67.955,-13.680,1.15570,0.00,4.476,0.4684,0.2000,2793.4,677.62,2.9196,coast
2.3350,130.095,67.886,-13.672,1.15570,0.00,4.467,0.4684,0.1998,2787.7,677.62,2.9196,coast
2.3400,130.434,67.818,-13.664,1.15570,0.00,4.458,0.4683,0.1996,2782.0,677.62,2.9196,coast
2.3450,130.773,67.750,-13.656,1.15570,0.00,4.448,0.4683,0.1994,2776.3,677.62,2.9196,coast
2.3500,131.112,67.682,-13.648,1.15570,0.00,4.439,0.4683,0.1992,2770.6,677.62,2.9196,coast
2.3550,131.450,67.613,-13.640,1.15570,0.00,4.430,0.4683,0.1990,2764.9,677.62,2.9196,coast
2.3600,131.788,67.545,-13.632,1.15570,0.00,4.420,0.4683,0.1988,2759.3,677.62,2.9196,coast
2.3650,132.125,67.477,-13.624,1.15570,0.00,4.411,0.4682,0.1986,2753.6,677.62,2.9196,coast
2.3700,132.463,67.409,-13.616,1.15570,0.00,4.402,0.4682,0.1984,2748.0,677.62,2.9196,coast
2.3750,132.800,67.341,-13.608,1.15570,0.00,4.393,0.4682,0.1982,2742.3,677.62,2.9196,coast
2.3800,133.136,67.273,-13.600,1.15570,0.00,4.384,0.4682,0.1980,2736.7,677.62,2.9196,coast
2.3850,133.472,67.205,-13.592,1.15570,0.00,4.374,0.4682,0.1978,2731.1,677.62,2.9196,coast
2.3900,133.808,67.137,-13.584,1.15570,0.00,4.365,0.4681,0.1976,2725.5,677.62,2.9196,coast
2.3950,134.144,67.069,-13.576,1.15570,0.00,4.356,0.4681,0.1974,2719.9,677.62,2.9196,coast
2.4000,134.479,67.001,-13.568,1.15570,0.00,4.347,0.4681,0.1972,2714.3,677.62,2.9196,coast
2.4050,134.814,66.933,-13.560,1.15570,0.00,4.338,0.4681,0.1970,2708.7,677.62,2.9196,coast
2.4100,135.148,66.866,-13.552,1.15570,0.00,4.329,0.4681,0.1968,2703.1,677.62,2.9196,coast
2.4150,135.482,66.798,-13.544,1.15570,0.00,4.320,0.4680,0.1966,2697.6,677.62,2.9196,coast
2.4200,135.816,66.730,-13.536,1.15570,0.00,4.310,0.4680,0.1964,2692.0,677.62,2.9196,coast
2.4250,136.150,66.662,-13.529,1.15570,0.00,4.301,0.4680,0.1962,2686.5,677.62,2.9196,coast
2.4300,136.483,66.595,-13.521,1.15570,0.00,4.292,0.4680,0.1960,2680.9,677.62,2.9196,coast
2.4350,136.816,66.527,-13.513,1.15570,0.00,4.283,0.4680,0.1958,2675.4,677.62,2.9196,coast
2.4400,137.148,66.460,-13.505,1.15570,0.00,4.274,0.4679,0.1956,2669.9,677.62,2.9196,coast
2.4450,137.480,66.392,-13.497,1.15570,0.00,4.265,0.4679,0.1954,2664.4,677.62,2.9196,coast
2.4500,137.812,66.325,-13.490,1.15570,0.00,4.256,0.4679,0.1952,2658.9,677.62,2.9196,coast
2.4550,138.143,66.257,-13.482,1.15570,0.00,4.247,0.4679,0.1950,2653.4,677.62,2.9196,coast
2.4600,138.475,66.190,-13.474,1.15570,0.00,4.238,0.4679,0.1948,2647.9,677.62,2.9196,coast
2.4650,138.805,66.123,-13.466,1.15570,0.00,4.230,0.4678,0.1946,2642.5,677.62,2.9196,coast
2.4700,139.136,66.055,-13.459,1.15570,0.00,4.221,0.4678,0.1944,2637.0,677.62,2.9196,coast
2.4750,139.466,65.988,-13.451,1.15570,0.00,4.212,0.4678,0.1942,2631.6,677.62,2.9196,coast
2.4800,139.796,65.921,-13.443,1.15570,0.00,4.203,0.4678,0.1940,2626.1,677.62,2.9196,coast
2.4850,140.125,65.854,-13.436,1.15570,0.00,4.194,0.4678,0.1938,2620.7,677.62,2.9196,coast
2.4900,140.454,65.786,-13.428,1.15570,0.00,4.185,0.4677,0.1936,2615.2,677.62,2.9196,coast
2.4950,140.783,65.719,-13.420,1.15570,0.00,4.176,0.4677,0.1934,2609.8,677.62,2.9196,coast
2.5000,141.111,65.652,-13.413,1.15570,0.00,4.167,0.4677,0.1932,2604.4,677.62,2.9196,coast
2.5050,141.439,65.585,-13.405,1.15570,0.00,4.159,0.4677,0.1930,2599.0,677.62,2.9196,coast
2.5100,141.767,65.518,-13.397,1.15570,0.00,4.150,0.4677,0.1928,2593.6,677.62,2.9196,coast
2.5150,142.095,65.451,-13.390,1.15570,0.00,4.141,0.4677,0.1926,2588.3,677.62,2.9196,coast
2.5200,142.422,65.384,-13.382,1.15570,0.00,4.132,0.4676,0.1924,2582.9,677.62,2.9196,coast
2.5250,142.748,65.317,-13.375,1.15570,0.00,4.124,0.4676,0.1923,2577.5,677.62,2.9196,coast
2.5300,143.075,65.250,-13.367,1.15570,0.00,4.115,0.4676,0.1921,2572.2,677.62,2.9196,coast
2.5350,143.401,65.184,-13.360,1.15570,0.00,4.106,0.4676,0.1919,2566.8,677.62,2.9196,coast
2.5400,143.727,65.117,-13.352,1.15570,0.00,4.097,0.4676,0.1917,2561.5,677.62,2.9196,coast
2.5450,144.052,65.050,-13.344,1.15570,0.00,4.089,0.4675,0.1915,2556.2,677.62,2.9196,coast
2.5500,144.377,64.983,-13.337,1.15570,0.00,4.080,0.4675,0.1913,2550.8,677.62,2.9196,coast
2.5550,144.702,64.917,-13.329,1.15570,0.00,4.071,0.4675,0.1911,2545.5,677.62,2.9196,coast
2.5600,145.026,64.850,-13.322,1.15570,0.00,4.063,0.4675,0.1909,2540.2,677.62,2.9196,coast
2.5650,145.351,64.784,-13.315,1.15570,0.00,4.054,0.4675,0.1907,2534.9,677.62,2.9196,coast
2.5700,145.674,64.717,-13.307,1.15570,0.00,4.045,0.4674,0.1905,2529.6,677.62,2.9196,coast
2.5750,145.998,64.650,-13.300,1.15570,0.00,4.037,0.4674,0.1903,2524.4,677.62,2.9196,coast
2.5800,146.321,64.584,-13.292,1.15570,0.00,4.028,0.4674,0.1901,2519.1,677.62,2.9196,coast
2.5850,146.644,64.518,-13.285,1.15570,0.00,4.020,0.4674,0.1899,2513.8,677.62,2.9196,coast
2.5900,146.966,64.451,-13.277,1.15570,0.00,4.011,0.4674,0.1897,2508.6,677.62,2.9196,coast
2.5950,147.288,64.385,-13.270,1.15570,0.00,4.003,0.4673,0.1895,2503.3,677.62,2.9196,coast
2.6000,147.610,64.318,-13.263,1.15570,0.00,3.994,0.4673,0.1893,2498.1,677.62,2.9196,coast
2.6050,147.931,64.252,-13.255,1.15570,0.00,3.986,0.4673,0.1891,2492.9,677.62,2.9196,coast
2.6100,148.252,64.186,-13.248,1.15570,0.00,3.977,0.4673,0.1889,2487.7,677.62,2.9196,coast
2.6150,148.573,64.120,-13.241,1.15570,0.00,3.969,0.4673,0.1887,2482.5,677.62,2.9196,coast
2.6200,148.894,64.054,-13.233,1.15570,0.00,3.960,0.4673,0.1885,2477.3,677.62,2.9196,coast
2.6250,149.214,63.987,-13.226,1.15570,0.00,3.952,0.4672,0.1884,2472.1,677.62,2.9196,coast
2.6300,149.533,63.921,-13.219,1.15570,0.00,3.943,0.4672,0.1882,2466.9,677.62,2.9196,coast
2.6350,149.853,63.855,-13.211,1.15570,0.00,3.935,0.4672,0.1880,2461.7,677.62,2.9196,coast
2.6400,150.172,63.789,-13.204,1.15570,0.00,3.926,0.4672,0.1878,2456.6,677.62,2.9196,coast
2.6450,150.491,63.723,-13.197,1.15570,0.00,3.918,0.4672,0.1876,2451.4,677.62,2.9196,coast
2.6500,150.809,63.657,-13.190,1.15570,0.00,3.910,0.4671,0.1874,2446.3,677.62,2.9196,coast
2.6550,151.127,63.591,-13.182,1.15570,0.00,3.901,0.4671,0.1872,2441.1,677.62,2.9196,coast
2.6600,151.445,63.525,-13.175,1.15570,0.00,3.893,0.4671,0.1870,2436.0,677.62,2.9196,coast
2.6650,151.763,63.459,-13.168,1.15570,0.00,3.885,0.4671,0.1868,2430.9,677.62,2.9196,coast
2.6700,152.080,63.394,-13.161,1.15570,0.00,3.876,0.4671,0.1866,2425.8,677.62,2.9196,coast
2.6750,152.396,63.328,-13.153,1.15570,0.00,3.868,0.4671,0.1864,2420.6,677.62,2.9196,coast
2.6800,152.713,63.262,-13.146,1.15570,0.00,3.860,0.4670,0.1862,2415.5,677.62,2.9196,coast
2.6850,153.029,63.196,-13.139,1.15570,0.00,3.851,0.4670,0.1860,2410.5,677.62,2.9196,coast
2.6900,153.345,63.131,-13.132,1.15570,0.00,3.843,0.4670,0.1858,2405.4,677.62,2.9196,coast
2.6950,153.660,63.065,-13.125,1.15570,0.00,3.835,0.4670,0.1856,2400.3,677.62,2.9196,coast
2.7000,153.976,62.999,-13.118,1.15570,0.00,3.827,0.4670,0.1855,2395.2,677.62,2.9196,coast
2.7050,154.290,62.934,-13.111,1.15570,0.00,3.818,0.4669,0.1853,2390.2,677.62,2.9196,coast
2.7100,154.605,62.868,-13.103,1.15570,0.00,3.810,0.4669,0.1851,2385.1,677.62,2.9196,coast
2.7150,154.919,62.803,-13.096,1.15570,0.00,3.802,0.4669,0.1849,2380.1,677.62,2.9196,coast
2.7200,155.233,62.737,-13.089,1.15570,0.00,3.794,0.4669,0.1847,2375.1,677.62,2.9196,coast
2.7250,155.546,62.672,-13.082,1.15570,0.00,3.786,0.4669,0.1845,2370.0,677.62,2.9196,coast
2.7300,155.860,62.607,-13.075,1.15570,0.00,3.777,0.4669,0.1843,2365.0,677.62,2.9196,coast
2.7350,156.173,62.541,-13.068,1.15570,0.00,3.769,0.4668,0.1841,2360.0,677.62,2.9196,coast
2.7400,156.485,62.476,-13.061,1.15570,0.00,3.761,0.4668,0.1839,2355.0,677.62,2.9196,coast
2.7450,156.797,62.411,-13.054,1.15570,0.00,3.753,0.4668,0.1837,2350.0,677.62,2.9196,coast
2.7500,157.109,62.345,-13.047,1.15570,0.00,3.745,0.4668,0.1835,2345.1,677.62,2.9196,coast
2.7550,157.421,62.280,-13.040,1.15570,0.00,3.737,0.4668,0.1833,2340.1,677.62,2.9196,coast
2.7600,157.732,62.215,-13.033,1.15570,0.00,3.729,0.4667,0.1832,2335.1,677.62,2.9196,coast
2.7650,158.043,62.150,-13.026,1.15570,0.00,3.721,0.4667,0.1830,2330.2,677.62,2.9196,coast
2.7700,158.353,62.085,-13.019,1.15570,0.00,3.713,0.4667,0.1828,2325.2,677.62,2.9196,coast
2.7750,158.664,62.020,-13.012,1.15570,0.00,3.705,0.4667,0.1826,2320.3,677.62,2.9196,coast
2.7800,158.974,61.955,-13.005,1.15570,0.00,3.697,0.4667,0.1824,2315.3,677.62,2.9196,coast
2.7850,159.283,61.890,-12.998,1.15570,0.00,3.689,0.4667,0.1822,2310.4,677.62,2.9196,coast
2.7900,159.593,61.825,-12.991,1.15570,0.00,3.681,0.4666,0.1820,2305.5,677.62,2.9196,coast
2.7950,159.902,61.760,-12.984,1.15570,0.00,3.673,0.4666,0.1818,2300.6,677.62,2.9196,coast
2.8000,160.210,61.695,-12.978,1.15570,0.00,3.665,0.4666,0.1816,2295.7,677.62,2.9196,coast
2.8050,160.518,61.630,-12.971,1.15570,0.00,3.657,0.4666,0.1814,2290.8,677.62,2.9196,coast
2.8100,160.826,61.565,-12.964,1.15570,0.00,3.649,0.4666,0.1812,2285.9,677.62,2.9196,coast
2.8150,161.134,61.500,-12.957,1.15570,0.00,3.641,0.4665,0.1811,2281.0,677.62,2.9196,coast
2.8200,161.441,61.435,-12.950,1.15570,0.00,3.633,0.4665,0.1809,2276.2,677.62,2.9196,coast
2.8250,161.748,61.371,-12.943,1.15570,0.00,3.625,0.4665,0.1807,2271.3,677.62,2.9196,coast
2.8300,162.055,61.306,-12.937,1.15570,0.00,3.617,0.4665,0.1805,2266.4,677.62,2.9196,coast
2.8350,162.362,61.241,-12.930,1.15570,0.00,3.609,0.4665,0.1803,2261.6,677.62,2.9196,coast
2.8400,162.668,61.177,-12.923,1.15570,0.00,3.601,0.4665,0.1801,2256.8,677.62,2.9196,coast
2.8450,162.973,61.112,-12.916,1.15570,0.00,3.594,0.4664,0.1799,2251.9,677.62,2.9196,coast
2.8500,163.279,61.048,-12.909,1.15570,0.00,3.586,0.4664,0.1797,2247.1,677.62,2.9196,coast
2.8550,163.584,60.983,-12.903,1.15570,0.00,3.578,0.4664,0.1795,2242.3,677.62,2.9196,coast
2.8600,163.889,60.919,-12.896,1.15570,0.00,3.570,0.4664,0.1793,2237.5,677.62,2.9196,coast
2.8650,164.193,60.854,-12.889,1.15570,0.00,3.562,0.4664,0.1792,2232.7,677.62,2.9196,coast
2.8700,164.497,60.790,-12.882,1.15570,0.00,3.555,0.4664,0.1790,2227.9,677.62,2.9196,coast
2.8750,164.801,60.725,-12.876,1.15570,0.00,3.547,0.4663,0.1788,2223.1,677.62,2.9196,coast
2.8800,165.104,60.661,-12.869,1.15570,0.00,3.539,0.4663,0.1786,2218.3,677.62,2.9196,coast
2.8850,165.407,60.597,-12.862,1.15570,0.00,3.531,0.4663,0.1784,2213.6,677.62,2.9196,coast
2.8900,165.710,60.532,-12.856,1.15570,0.00,3.524,0.4663,0.1782,2208.8,677.62,2.9196,coast
2.8950,166.013,60.468,-12.849,1.15570,0.00,3.516,0.4663,0.1780,2204.1,677.62,2.9196,coast
2.9000,166.315,60.404,-12.842,1.15570,0.00,3.508,0.4663,0.1778,2199.3,677.62,2.9196,coast
2.9050,166.617,60.340,-12.836,1.15570,0.00,3.501,0.4662,0.1777,2194.6,677.62,2.9196,coast
2.9100,166.918,60.275,-12.829,1.15570,0.00,3.493,0.4662,0.1775,2189.9,677.62,2.9196,coast
2.9150,167.220,60.211,-12.822,1.15570,0.00,3.485,0.4662,0.1773,2185.1,677.62,2.9196,coast
2.9200,167.520,60.147,-12.816,1.15570,0.00,3.478,0.4662,0.1771,2180.4,677.62,2.9196,coast
2.9250,167.821,60.083,-12.809,1.15570,0.00,3.470,0.4662,0.1769,2175.7,677.62,2.9196,coast
2.9300,168.121,60.019,-12.803,1.15570,0.00,3.462,0.4662,0.1767,2171.0,677.62,2.9196,coast
2.9350,168.421,59.955,-12.796,1.15570,0.00,3.455,0.4661,0.1765,2166.3,677.62,2.9196,coast
2.9400,168.721,59.891,-12.789,1.15570,0.00,3.447,0.4661,0.1763,2161.6,677.62,2.9196,coast
2.9450,169.020,59.827,-12.783,1.15570,0.00,3.440,0.4661,0.1761,2157.0,677.62,2.9196,coast
2.9500,169.319,59.763,-12.776,1.15570,0.00,3.432,0.4661,0.1760,2152.3,677.62,2.9196,coast
2.9550,169.618,59.699,-12.770,1.15570,0.00,3.424,0.4661,0.1758,2147.6,677.62,2.9196,coast
2.9600,169.916,59.636,-12.763,1.15570,0.00,3.417,0.4661,0.1756,2143.0,677.62,2.9196,coast
2.9650,170.214,59.572,-12.757,1.15570,0.00,3.409,0.4660,0.1754,2138.3,677.62,2.9196,coast
2.9700,170.512,59.508,-12.750,1.15570,0.00,3.402,0.4660,0.1752,2133.7,677.62,2.9196,coast
2.9750,170.809,59.444,-12.744,1.15570,0.00,3.394,0.4660,0.1750,2129.1,677.62,2.9196,coast
2.9800,171.106,59.381,-12.737,1.15570,0.00,3.387,0.4660,0.1748,2124.5,677.62,2.9196,coast
2.9850,171.403,59.317,-12.731,1.15570,0.00,3.379,0.4660,0.1746,2119.8,677.62,2.9196,coast
2.9900,171.699,59.253,-12.724,1.15570,0.00,3.372,0.4660,0.1745,2115.2,677.62,2.9196,coast
2.9950,171.996,59.190,-12.718,1.15570,0.00,3.364,0.4659,0.1743,2110.6,677.62,2.9196,coast
3.0000,172.291,59.126,-12.711,1.15570,0.00,3.357,0.4659,0.1741,2106.0,677.62,2.9196,coast
3.0050,172.587,59.063,-12.705,1.15570,0.00,3.350,0.4659,0.1739,2101.5,677.62,2.9196,coast
3.0100,172.882,58.999,-12.699,1.15570,0.00,3.342,0.4659,0.1737,2096.9,677.62,2.9196,coast
3.0150,173.177,58.936,-12.692,1.15570,0.00,3.335,0.4659,0.1735,2092.3,677.62,2.9196,coast
3.0200,173.471,58.872,-12.686,1.15570,0.00,3.327,0.4659,0.1733,2087.8,677.62,2.9196,coast
3.0250,173.766,58.809,-12.679,1.15570,0.00,3.320,0.4658,0.1732,2083.2,677.62,2.9196,coast
3.0300,174.059,58.745,-12.673,1.15570,0.00,3.313,0.4658,0.1730,2078.7,677.62,2.9196,coast
3.0350,174.353,58.682,-12.667,1.15570,0.00,3.305,0.4658,0.1728,2074.1,677.62,2.9196,coast
3.0400,174.646,58.619,-12.660,1.15570,0.00,3.298,0.4658,0.1726,2069.6,677.62,2.9196,coast
3.0450,174.939,58.555,-12.654,1.15570,0.00,3.291,0.4658,0.1724,2065.1,677.62,2.9196,coast
3.0500,175.232,58.492,-12.648,1.15570,0.00,3.283,0.4658,0.1722,2060.5,677.62,2.9196,coast
3.0550,175.524,58.429,-12.641,1.15570,0.00,3.276,0.4657,0.1720,2056.0,677.62,2.9196,coast
3.0600,175.816,58.366,-12.635,1.15570,0.00,3.269,0.4657,0.1719,2051.5,677.62,2.9196,coast
3.0650,176.108,58.303,-12.629,1.15570,0.00,3.261,0.4657,0.1717,2047.0,677.62,2.9196,coast
3.0700,176.399,58.239,-12.622,1.15570,0.00,3.254,0.4657,0.1715,2042.5,677.62,2.9196,coast
3.0750,176.690,58.176,-12.616,1.15570,0.00,3.247,0.4657,0.1713,2038.1,677.62,2.9196,coast
3.0800,176.981,58.113,-12.610,1.15570,0.00,3.240,0.4657,0.1711,2033.6,677.62,2.9196,coast
3.0850,177.271,58.050,-12.604,1.15570,0.00,3.233,0.4656,0.1709,2029.1,677.62,2.9196,coast
3.0900,177.561,57.987,-12.597,1.15570,0.00,3.225,0.4656,0.1707,2024.7,677.62,2.9196,coast
3.0950,177.851,57.924,-12.591,1.15570,0.00,3.218,0.4656,0.1706,2020.2,677.62,2.9196,coast
3.1000,178.141,57.861,-12.585,1.15570,0.00,3.211,0.4656,0.1704,2015.8,677.62,2.9196,coast
3.1050,178.430,57.798,-12.579,1.15570,0.00,3.204,0.4656,0.1702,2011.3,677.62,2.9196,coast
3.1100,178.719,57.736,-12.573,1.15570,0.00,3.197,0.4656,0.1700,2006.9,677.62,2.9196,coast
3.1150,179.007,57.673,-12.566,1.15570,0.00,3.189,0.4655,0.1698,2002.5,677.62,2.9196,coast
3.1200,179.295,57.610,-12.560,1.15570,0.00,3.182,0.4655,0.1696,1998.1,677.62,2.9196,coast
3.1250,179.583,57.547,-12.554,1.15570,0.00,3.175,0.4655,0.1695,1993.7,677.62,2.9196,coast
3.1300,179.871,57.484,-12.548,1.15570,0.00,3.168,0.4655,0.1693,1989.3,677.62,2.9196,coast
3.1350,180.158,57.422,-12.542,1.15570,0.00,3.161,0.4655,0.1691,1984.9,677.62,2.9196,coast
3.1400,180.445,57.359,-12.536,1.15570,0.00,3.154,0.4655,0.1689,1980.5,677.62,2.9196,coast
3.1450,180.732,57.296,-12.529,1.15570,0.00,3.147,0.4655,0.1687,1976.1,677.62,2.9196,coast
3.1500,181.018,57.234,-12.523,1.15570,0.00,3.140,0.4654,0.1685,1971.7,677.62,2.9196,coast
3.1550,181.304,57.171,-12.517,1.15570,0.00,3.133,0.4654,0.1683,1967.4,677.62,2.9196,coast
3.1600,181.590,57.109,-12.511,1.15570,0.00,3.126,0.4654,0.1682,1963.0,677.62,2.9196,coast
3.1650,181.875,57.046,-12.505,1.15570,0.00,3.119,0.4654,0.1680,1958.7,677.62,2.9196,coast
3.1700,182.160,56.983,-12.499,1.15570,0.00,3.112,0.4654,0.1678,1954.3,677.62,2.9196,coast
3.1750,182.445,56.921,-12.493,1.15570,0.00,3.105,0.4654,0.1676,1950.0,677.62,2.9196,coast
3.1800,182.729,56.859,-12.487,1.15570,0.00,3.098,0.4653,0.1674,1945.6,677.62,2.9196,coast
3.1850,183.014,56.796,-12.481,1.15570,0.00,3.091,0.4653,0.1672,1941.3,677.62,2.9196,coast
3.1900,183.297,56.734,-12.475,1.15570,0.00,3.084,0.4653,0.1671,1937.0,677.62,2.9196,coast
3.1950,183.581,56.671,-12.469,1.15570,0.00,3.077,0.4653,0.1669,1932.7,677.62,2.9196,coast
3.2000,183.864,56.609,-12.463,1.15570,0.00,3.070,0.4653,0.1667,1928.4,677.62,2.9196,coast
3.2050,184.147,56.547,-12.457,1.15570,0.00,3.063,0.4653,0.1665,1924.1,677.62,2.9196,coast
3.2100,184.430,56.484,-12.451,1.15570,0.00,3.056,0.4652,0.1663,1919.8,677.62,2.9196,coast
3.2150,184.712,56.422,-12.445,1.15570,0.00,3.049,0.4652,0.1662,1915.5,677.62,2.9196,coast
3.2200,184.994,56.360,-12.439,1.15570,0.00,3.042,0.4652,0.1660,1911.3,677.62,2.9196,coast
3.2250,185.275,56.298,-12.433,1.15570,0.00,3.035,0.4652,0.1658,1907.0,677.62,2.9196,coast
3.2300,185.557,56.236,-12.427,1.15570,0.00,3.028,0.4652,0.1656,1902.7,677.62,2.9196,coast
3.2350,185.838,56.174,-12.421,1.15570,0.00,3.021,0.4652,0.1654,1898.5,677.62,2.9196,coast
3.2400,186.118,56.111,-12.415,1.15570,0.00,3.014,0.4652,0.1652,1894.2,677.62,2.9196,coast
3.2450,186.399,56.049,-12.409,1.15570,0.00,3.008,0.4651,0.1651,1890.0,677.62,2.9196,coast
3.2500,186.679,55.987,-12.403,1.15570,0.00,3.001,0.4651,0.1649,1885.8,677.62,2.9196,coast
3.2550,186.959,55.925,-12.397,1.15570,0.00,2.994,0.4651,0.1647,1881.5,677.62,2.9196,coast
3.2600,187.238,55.863,-12.391,1.15570,0.00,2.987,0.4651,0.1645,1877.3,677.62,2.9196,coast
3.2650,187.517,55.801,-12.385,1.15570,0.00,2.980,0.4651,0.1643,1873.1,677.62,2.9196,coast
3.2700,187.796,55.740,-12.380,1.15570,0.00,2.974,0.4651,0.1641,1868.9,677.62,2.9196,coast
3.2750,188.075,55.678,-12.374,1.15570,0.00,2.967,0.4651,0.1640,1864.7,677.62,2.9196,coast
3.2800,188.353,55.616,-12.368,1.15570,0.00,2.960,0.4650,0.1638,1860.5,677.62,2.9196,coast
3.2850,188.631,55.554,-12.362,1.15570,0.00,2.953,0.4650,0.1636,1856.3,677.62,2.9196,coast
3.2900,188.909,55.492,-12.356,1.15570,0.00,2.947,0.4650,0.1634,1852.2,677.62,2.9196,coast
3.2950,189.186,55.430,-12.350,1.15570,0.00,2.940,0.4650,0.1632,1848.0,677.62,2.9196,coast
3.3000,189.463,55.369,-12.345,1.15570,0.00,2.933,0.4650,0.1631,1843.8,677.62,2.9196,coast
3.3050,189.740,55.307,-12.339,1.15570,0.00,2.926,0.4650,0.1629,1839.7,677.62,2.9196,coast
3.3100,190.016,55.245,-12.333,1.15570,0.00,2.920,0.4649,0.1627,1835.5,677.62,2.9196,coast
3.3150,190.292,55.184,-12.327,1.15570,0.00,2.913,0.4649,0.1625,1831.4,677.62,2.9196,coast
3.3200,190.568,55.122,-12.321,1.15570,0.00,2.906,0.4649,0.1623,1827.2,677.62,2.9196,coast
3.3250,190.843,55.060,-12.316,1.15570,0.00,2.900,0.4649,0.1622,1823.1,677.62,2.9196,coast
3.3300,191.118,54.999,-12.310,1.15570,0.00,2.893,0.4649,0.1620,1819.0,677.62,2.9196,coast
3.3350,191.393,54.937,-12.304,1.15570,0.00,2.886,0.4649,0.1618,1814.9,677.62,2.9196,coast
3.3400,191.668,54.876,-12.298,1.15570,0.00,2.880,0.4649,0.1616,1810.8,677.62,2.9196,coast
3.3450,191.942,54.814,-12.293,1.15570,0.00,2.873,0.4648,0.1614,1806.7,677.62,2.9196,coast
3.3500,192.216,54.753,-12.287,1.15570,0.00,2.867,0.4648,0.1612,1802.6,677.62,2.9196,coast
3.3550,192.489,54.691,-12.281,1.15570,0.00,2.860,0.4648,0.1611,1798.5,677.62,2.9196,coast
3.3600,192.763,54.630,-12.276,1.15570,0.00,2.853,0.4648,0.1609,1794.4,677.62,2.9196,coast
3.3650,193.036,54.569,-12.270,1.15570,0.00,2.847,0.4648,0.1607,1790.3,677.62,2.9196,coast
3.3700,193.308,54.507,-12.264,1.15570,0.00,2.840,0.4648,0.1605,1786.2,677.62,2.9196,coast
3.3750,193.581,54.446,-12.259,1.15570,0.00,2.834,0.4648,0.1603,1782.2,677.62,2.9196,coast
3.3800,193.853,54.385,-12.253,1.15570,0.00,2.827,0.4647,0.1602,1778.1,677.62,2.9196,coast
3.3850,194.125,54.324,-12.247,1.15570,0.00,2.821,0.4647,0.1600,1774.1,677.62,2.9196,coast
3.3900,194.396,54.262,-12.242,1.15570,0.00,2.814,0.4647,0.1598,1770.0,677.62,2.9196,coast
3.3950,194.667,54.201,-12.236,1.15570,0.00,2.808,0.4647,0.1596,1766.0,677.62,2.9196,coast
3.4000,194.938,54.140,-12.230,1.15570,0.00,2.801,0.4647,0.1594,1762.0,677.62,2.9196,coast
3.4050,195.209,54.079,-12.225,1.15570,0.00,2.795,0.4647,0.1593,1757.9,677.62,2.9196,coast
3.4100,195.479,54.018,-12.219,1.15570,0.00,2.788,0.4647,0.1591,1753.9,677.62,2.9196,coast
3.4150,195.749,53.957,-12.214,1.15570,0.00,2.782,0.4646,0.1589,1749.9,677.62,2.9196,coast
3.4200,196.019,53.896,-12.208,1.15570,0.00,2.775,0.4646,0.1587,1745.9,677.62,2.9196,coast
3.4250,196.288,53.835,-12.202,1.15570,0.00,2.769,0.4646,0.1586,1741.9,677.62,2.9196,coast
3.4300,196.557,53.774,-12.197,1.15570,0.00,2.762,0.4646,0.1584,1737.9,677.62,2.9196,coast
3.4350,196.826,53.713,-12.191,1.15570,0.00,2.756,0.4646,0.1582,1733.9,677.62,2.9196,coast
3.4400,197.094,53.652,-12.186,1.15570,0.00,2.750,0.4646,0.1580,1730.0,677.62,2.9196,coast
3.4450,197.362,53.591,-12.180,1.15570,0.00,2.743,0.4645,0.1578,1726.0,677.62,2.9196,coast
3.4500,197.630,53.530,-12.175,1.15570,0.00,2.737,0.4645,0.1577,1722.0,677.62,2.9196,coast
3.4550,197.897,53.469,-12.169,1.15570,0.00,2.730,0.4645,0.1575,1718.1,677.62,2.9196,coast
3.4600,198.165,53.408,-12.164,1.15570,0.00,2.724,0.4645,0.1573,1714.1,677.62,2.9196,coast
3.4650,198.431,53.347,-12.158,1.15570,0.00,2.718,0.4645,0.1571,1710.2,677.62,2.9196,coast
3.4700,198.698,53.287,-12.153,1.15570,0.00,2.711,0.4645,0.1569,1706.2,677.62,2.9196,coast
3.4750,198.964,53.226,-12.147,1.15570,0.00,2.705,0.4645,0.1568,1702.3,677.62,2.9196,coast
3.4800,199.230,53.165,-12.142,1.15570,0.00,2.699,0.4645,0.1566,1698.4,677.62,2.9196,coast
3.4850,199.496,53.104,-12.136,1.15570,0.00,2.692,0.4644,0.1564,1694.5,677.62,2.9196,coast
3.4900,199.761,53.044,-12.131,1.15570,0.00,2.686,0.4644,0.1562,1690.5,677.62,2.9196,coast
3.4950,200.026,52.983,-12.125,1.15570,0.00,2.680,0.4644,0.1561,1686.6,677.62,2.9196,coast
3.5000,200.291,52.922,-12.120,1.15570,0.00,2.674,0.4644,0.1559,1682.7,677.62,2.9196,coast
3.5050,200.556,52.862,-12.115,1.15570,0.00,2.667,0.4644,0.1557,1678.8,677.62,2.9196,coast
3.5100,200.820,52.801,-12.109,1.15570,0.00,2.661,0.4644,0.1555,1675.0,677.62,2.9196,coast
3.5150,201.084,52.741,-12.104,1.15570,0.00,2.655,0.4644,0.1553,1671.1,677.62,2.9196,coast
3.5200,201.347,52.680,-12.098,1.15570,0.00,2.649,0.4643,0.1552,1667.2,677.62,2.9196,coast
3.5250,201.610,52.620,-12.093,1.15570,0.00,2.642,0.4643,0.1550,1663.3,677.62,2.9196,coast
3.5300,201.873,52.559,-12.088,1.15570,0.00,2.636,0.4643,0.1548,1659.5,677.62,2.9196,coast
3.5350,202.136,52.499,-12.082,1.15570,0.00,2.630,0.4643,0.1546,1655.6,677.62,2.9196,coast
3.5400,202.398,52.439,-12.077,1.15570,0.00,2.624,0.4643,0.1545,1651.8,677.62,2.9196,coast
3.5450,202.660,52.378,-12.072,1.15570,0.00,2.617,0.4643,0.1543,1647.9,677.62,2.9196,coast
3.5500,202.922,52.318,-12.066,1.15570,0.00,2.611,0.4643,0.1541,1644.1,677.62,2.9196,coast
3.5550,203.184,52.258,-12.061,1.15570,0.00,2.605,0.4642,0.1539,1640.3,677.62,2.9196,coast
3.5600,203.445,52.197,-12.056,1.15570,0.00,2.599,0.4642,0.1537,1636.4,677.62,2.9196,coast
3.5650,203.706,52.137,-12.050,1.15570,0.00,2.593,0.4642,0.1536,1632.6,677.62,2.9196,coast
3.5700,203.966,52.077,-12.045,1.15570,0.00,2.587,0.4642,0.1534,1628.8,677.62,2.9196,coast
3.5750,204.226,52.017,-12.040,1.15570,0.00,2.581,0.4642,0.1532,1625.0,677.62,2.9196,coast
3.5800,204.486,51.956,-12.034,1.15570,0.00,2.575,0.4642,0.1530,1621.2,677.62,2.9196,coast
3.5850,204.746,51.896,-12.029,1.15570,0.00,2.568,0.4642,0.1529,1617.4,677.62,2.9196,coast
3.5900,205.005,51.836,-12.024,1.15570,0.00,2.562,0.4641,0.1527,1613.6,677.62,2.9196,coast
3.5950,205.264,51.776,-12.019,1.15570,0.00,2.556,0.4641,0.1525,1609.8,677.62,2.9196,coast
3.6000,205.523,51.716,-12.013,1.15570,0.00,2.550,0.4641,0.1523,1606.1,677.62,2.9196,coast
3.6050,205.781,51.656,-12.008,1.15570,0.00,2.544,0.4641,0.1522,1602.3,677.62,2.9196,coast
3.6100,206.040,51.596,-12.003,1.15570,0.00,2.538,0.4641,0.1520,1598.5,677.62,2.9196,coast
3.6150,206.297,51.536,-11.998,1.15570,0.00,2.532,0.4641,0.1518,1594.8,677.62,2.9196,coast
3.6200,206.555,51.476,-11.992,1.15570,0.00,2.526,0.4641,0.1516,1591.0,677.62,2.9196,coast
3.6250,206.812,51.416,-11.987,1.15570,0.00,2.520,0.4640,0.1514,1587.3,677.62,2.9196,coast
3.6300,207.069,51.356,-11.982,1.15570,0.00,2.514,0.4640,0.1513,1583.6,677.62,2.9196,coast
3.6350,207.326,51.296,-11.977,1.15570,0.00,2.508,0.4640,0.1511,1579.8,677.62,2.9196,coast
3.6400,207.582,51.236,-11.972,1.15570,0.00,2.502,0.4640,0.1509,1576.1,677.62,2.9196,coast
3.6450,207.838,51.176,-11.966,1.15570,0.00,2.496,0.4640,0.1507,1572.4,677.62,2.9196,coast
3.6500,208.094,51.117,-11.961,1.15570,0.00,2.490,0.4640,0.1506,1568.7,677.62,2.9196,coast
3.6550,208.349,51.057,-11.956,1.15570,0.00,2.484,0.4640,0.1504,1565.0,677.62,2.9196,coast
3.6600,208.604,50.997,-11.951,1.15570,0.00,2.478,0.4640,0.1502,1561.3,677.62,2.9196,coast
3.6650,208.859,50.937,-11.946,1.15570,0.00,2.472,0.4639,0.1500,1557.6,677.62,2.9196,coast
3.6700,209.114,50.877,-11.941,1.15570,0.00,2.466,0.4639,0.1499,1553.9,677.62,2.9196,coast
3.6750,209.368,50.818,-11.936,1.15570,0.00,2.460,0.4639,0.1497,1550.2,677.62,2.9196,coast
3.6800,209.622,50.758,-11.930,1.15570,0.00,2.454,0.4639,0.1495,1546.5,677.62,2.9196,coast
3.6850,209.876,50.698,-11.925,1.15570,0.00,2.449,0.4639,0.1493,1542.9,677.62,2.9196,coast
3.6900,210.129,50.639,-11.920,1.15570,0.00,2.443,0.4639,0.1492,1539.2,677.62,2.9196,coast
3.6950,210.382,50.579,-11.915,1.15570,0.00,2.437,0.4639,0.1490,1535.5,677.62,2.9196,coast
3.7000,210.635,50.520,-11.910,1.15570,0.00,2.431,0.4638,0.1488,1531.9,677.62,2.9196,coast
3.7050,210.887,50.460,-11.905,1.15570,0.00,2.425,0.4638,0.1486,1528.2,677.62,2.9196,coast
3.7100,211.139,50.401,-11.900,1.15570,0.00,2.419,0.4638,0.1485,1524.6,677.62,2.9196,coast
3.7150,211.391,50.341,-11.895,1.15570,0.00,2.413,0.4638,0.1483,1521.0,677.62,2.9196,coast
3.7200,211.643,50.282,-11.890,1.15570,0.00,2.408,0.4638,0.1481,1517.3,677.62,2.9196,coast
3.7250,211.894,50.222,-11.885,1.15570,0.00,2.402,0.4638,0.1479,1513.7,677.62,2.9196,coast
3.7300,212.145,50.163,-11.880,1.15570,0.00,2.396,0.4638,0.1478,1510.1,677.62,2.9196,coast
3.7350,212.396,50.103,-11.875,1.15570,0.00,2.390,0.4638,0.1476,1506.5,677.62,2.9196,coast
3.7400,212.646,50.044,-11.870,1.15570,0.00,2.384,0.4637,0.1474,1502.9,677.62,2.9196,coast
3.7450,212.896,49.985,-11.865,1.15570,0.00,2.379,0.4637,0.1472,1499.3,677.62,2.9196,coast
3.7500,213.146,49.925,-11.860,1.15570,0.00,2.373,0.4637,0.1471,1495.7,677.62,2.9196,coast
3.7550,213.395,49.866,-11.855,1.15570,0.00,2.367,0.4637,0.1469,1492.1,677.62,2.9196,coast
3.7600,213.645,49.807,-11.850,1.15570,0.00,2.361,0.4637,0.1467,1488.5,677.62,2.9196,coast
3.7650,213.893,49.748,-11.845,1.15570,0.00,2.356,0.4637,0.1465,1485.0,677.62,2.9196,coast
3.7700,214.142,49.688,-11.840,1.15570,0.00,2.350,0.4637,0.1464,1481.4,677.62,2.9196,coast
3.7750,214.390,49.629,-11.835,1.15570,0.00,2.344,0.4637,0.1462,1477.8,677.62,2.9196,coast
3.7800,214.638,49.570,-11.830,1.15570,0.00,2.338,0.4636,0.1460,1474.3,677.62,2.9196,coast
3.7850,214.886,49.511,-11.825,1.15570,0.00,2.333,0.4636,0.1458,1470.7,677.62,2.9196,coast
3.7900,215.133,49.452,-11.820,1.15570,0.00,2.327,0.4636,0.1457,1467.2,677.62,2.9196,coast
3.7950,215.381,49.393,-11.815,1.15570,0.00,2.321,0.4636,0.1455,1463.6,677.62,2.9196,coast
3.8000,215.627,49.334,-11.810,1.15570,0.00,2.316,0.4636,0.1453,1460.1,677.62,2.9196,coast
3.8050,215.874,49.275,-11.806,1.15570,0.00,2.310,0.4636,0.1452,1456.6,677.62,2.9196,coast
3.8100,216.120,49.216,-11.801,1.15570,0.00,2.304,0.4636,0.1450,1453.0,677.62,2.9196,coast
3.8150,216.366,49.157,-11.796,1.15570,0.00,2.299,0.4636,0.1448,1449.5,677.62,2.9196,coast
3.8200,216.612,49.098,-11.791,1.15570,0.00,2.293,0.4636,0.1446,1446.0,677.62,2.9196,coast
3.8250,216.857,49.039,-11.787,1.15570,0.00,2.288,0.4636,0.1445,1442.5,677.62,2.9196,coast
3.8300,217.102,48.980,-11.782,1.15570,0.00,2.283,0.4637,0.1443,1439.0,677.62,2.9196,coast
3.8350,217.347,48.921,-11.777,1.15570,0.00,2.278,0.4638,0.1441,1435.5,677.62,2.9196,coast
3.8400,217.591,48.862,-11.773,1.15570,0.00,2.272,0.4638,0.1439,1432.0,677.62,2.9196,coast
3.8450,217.835,48.803,-11.768,1.15570,0.00,2.267,0.4639,0.1438,1428.6,677.62,2.9196,coast
3.8500,218.079,48.744,-11.764,1.15570,0.00,2.262,0.4640,0.1436,1425.1,677.62,2.9196,coast
3.8550,218.323,48.686,-11.759,1.15570,0.00,2.257,0.4640,0.1434,1421.6,677.62,2.9196,coast
3.8600,218.566,48.627,-11.755,1.15570,0.00,2.252,0.4641,0.1432,1418.1,677.62,2.9196,coast
3.8650,218.809,48.568,-11.751,1.15570,0.00,2.247,0.4642,0.1431,1414.7,677.62,2.9196,coast
3.8700,219.052,48.509,-11.746,1.15570,0.00,2.241,0.4642,0.1429,1411.2,677.62,2.9196,coast
3.8750,219.294,48.451,-11.742,1.15570,0.00,2.236,0.4643,0.1427,1407.8,677.62,2.9196,coast
3.8800,219.536,48.392,-11.737,1.15570,0.00,2.231,0.4644,0.1426,1404.3,677.62,2.9196,coast
3.8850,219.778,48.333,-11.733,1.15570,0.00,2.226,0.4644,0.1424,1400.9,677.62,2.9196,coast
3.8900,220.020,48.275,-11.728,1.15570,0.00,2.221,0.4645,0.1422,1397.5,677.62,2.9196,coast
3.8950,220.261,48.216,-11.724,1.15570,0.00,2.216,0.4646,0.1420,1394.1,677.62,2.9196,coast
3.9000,220.502,48.157,-11.719,1.15570,0.00,2.210,0.4646,0.1419,1390.6,677.62,2.9196,coast
3.9050,220.742,48.099,-11.715,1.15570,0.00,2.205,0.4647,0.1417,1387.2,677.62,2.9196,coast
3.9100,220.983,48.040,-11.711,1.15570,0.00,2.200,0.4648,0.1415,1383.8,677.62,2.9196,coast
3.9150,221.223,47.982,-11.706,1.15570,0.00,2.195,0.4648,0.1414,1380.4,677.62,2.9196,coast
3.9200,221.463,47.923,-11.702,1.15570,0.00,2.190,0.4649,0.1412,1377.0,677.62,2.9196,coast
3.9250,221.702,47.865,-11.697,1.15570,0.00,2.185,0.4650,0.1410,1373.6,677.62,2.9196,coast
3.9300,221.941,47.806,-11.693,1.15570,0.00,2.180,0.4650,0.1408,1370.2,677.62,2.9196,coast
3.9350,222.180,47.748,-11.689,1.15570,0.00,2.175,0.4651,0.1407,1366.9,677.62,2.9196,coast
3.9400,222.419,47.689,-11.684,1.15570,0.00,2.170,0.4652,0.1405,1363.5,677.62,2.9196,coast
3.9450,222.657,47.631,-11.680,1.15570,0.00,2.165,0.4652,0.1403,1360.1,677.62,2.9196,coast
3.9500,222.895,47.572,-11.675,1.15570,0.00,2.160,0.4653,0.1402,1356.8,677.62,2.9196,coast
3.9550,223.133,47.514,-11.671,1.15570,0.00,2.155,0.4654,0.1400,1353.4,677.62,2.9196,coast
3.9600,223.370,47.456,-11.667,1.15570,0.00,2.150,0.4654,0.1398,1350.0,677.62,2.9196,coast
3.9650,223.607,47.397,-11.662,1.15570,0.00,2.145,0.4655,0.1396,1346.7,677.62,2.9196,coast
3.9700,223.844,47.339,-11.658,1.15570,0.00,2.140,0.4656,0.1395,1343.4,677.62,2.9196,coast
3.9750,224.081,47.281,-11.654,1.15570,0.00,2.135,0.4656,0.1393,1340.0,677.62,2.9196,coast
3.9800,224.317,47.223,-11.649,1.15570,0.00,2.130,0.4657,0.1391,1336.7,677.62,2.9196,coast
3.9850,224.553,47.164,-11.645,1.15570,0.00,2.125,0.4658,0.1390,1333.4,677.62,2.9196,coast
3.9900,224.789,47.106,-11.641,1.15570,0.00,2.120,0.4658,0.1388,1330.0,677.62,2.9196,coast
3.9950,225.024,47.048,-11.636,1.15570,0.00,2.115,0.4659,0.1386,1326.7,677.62,2.9196,coast
4.0000,225.259,46.990,-11.632,1.15570,0.00,2.110,0.4660,0.1384,1323.4,677.62,2.9196,coast
4.0050,225.494,46.932,-11.628,1.15570,0.00,2.105,0.4660,0.1383,1320.1,677.62,2.9196,coast
4.0100,225.728,46.873,-11.624,1.15570,0.00,2.100,0.4661,0.1381,1316.8,677.62,2.9196,coast
4.0150,225.963,46.815,-11.619,1.15570,0.00,2.095,0.4662,0.1379,1313.5,677.62,2.9196,coast
4.0200,226.197,46.757,-11.615,1.15570,0.00,2.090,0.4662,0.1378,1310.2,677.62,2.9196,coast
4.0250,226.430,46.699,-11.611,1.15570,0.00,2.085,0.4663,0.1376,1307.0,677.62,2.9196,coast
4.0300,226.664,46.641,-11.606,1.15570,0.00,2.080,0.4664,0.1374,1303.7,677.62,2.9196,coast
4.0350,226.897,46.583,-11.602,1.15570,0.00,2.075,0.4664,0.1372,1300.4,677.62,2.9196,coast
4.0400,227.129,46.525,-11.598,1.15570,0.00,2.070,0.4665,0.1371,1297.1,677.62,2.9196,coast
4.0450,227.362,46.467,-11.594,1.15570,0.00,2.065,0.4666,0.1369,1293.9,677.62,2.9196,coast
4.0500,227.594,46.409,-11.590,1.15570,0.00,2.060,0.4666,0.1367,1290.6,677.62,2.9196,coast
4.0550,227.826,46.351,-11.585,1.15570,0.00,2.056,0.4667,0.1366,1287.4,677.62,2.9196,coast
4.0600,228.058,46.293,-11.581,1.15570,0.00,2.051,0.4668,0.1364,1284.1,677.62,2.9196,coast
4.0650,228.289,46.235,-11.577,1.15570,0.00,2.046,0.4668,0.1362,1280.9,677.62,2.9196,coast
4.0700,228.520,46.178,-11.573,1.15570,0.00,2.041,0.4669,0.1361,1277.7,677.62,2.9196,coast
4.0750,228.751,46.120,-11.568,1.15570,0.00,2.036,0.4670,0.1359,1274.4,677.62,2.9196,coast
4.0800,228.981,46.062,-11.564,1.15570,0.00,2.031,0.4671,0.1357,1271.2,677.62,2.9196,coast
4.0850,229.211,46.004,-11.560,1.15570,0.00,2.026,0.4671,0.1355,1268.0,677.62,2.9196,coast
4.0900,229.441,45.946,-11.556,1.15570,0.00,2.022,0.4672,0.1354,1264.8,677.62,2.9196,coast
4.0950,229.671,45.889,-11.552,1.15570,0.00,2.017,0.4673,0.1352,1261.6,677.62,2.9196,coast
4.1000,229.900,45.831,-11.548,1.15570,0.00,2.012,0.4673,0.1350,1258.4,677.62,2.9196,coast
4.1050,230.129,45.773,-11.543,1.15570,0.00,2.007,0.4674,0.1349,1255.2,677.62,2.9196,coast
4.1100,230.358,45.715,-11.539,1.15570,0.00,2.002,0.4675,0.1347,1252.0,677.62,2.9196,coast
4.1150,230.586,45.658,-11.535,1.15570,0.00,1.998,0.4675,0.1345,1248.8,677.62,2.9196,coast
4.1200,230.814,45.600,-11.531,1.15570,0.00,1.993,0.4676,0.1344,1245.6,677.62,2.9196,coast
4.1250,231.042,45.542,-11.527,1.15570,0.00,1.988,0.4677,0.1342,1242.5,677.62,2.9196,coast
4.1300,231.270,45.485,-11.523,1.15570,0.00,1.983,0.4678,0.1340,1239.3,677.62,2.9196,coast
4.1350,231.497,45.427,-11.519,1.15570,0.00,1.978,0.4678,0.1338,1236.1,677.62,2.9196,coast
4.1400,231.724,45.370,-11.514,1.15570,0.00,1.974,0.4679,0.1337,1233.0,677.62,2.9196,coast
4.1450,231.951,45.312,-11.510,1.15570,0.00,1.969,0.4680,0.1335,1229.8,677.62,2.9196,coast
4.1500,232.177,45.254,-11.506,1.15570,0.00,1.964,0.4680,0.1333,1226.7,677.62,2.9196,coast
4.1550,232.403,45.197,-11.502,1.15570,0.00,1.959,0.4681,0.1332,1223.5,677.62,2.9196,coast
4.1600,232.629,45.139,-11.498,1.15570,0.00,1.955,0.4682,0.1330,1220.4,677.62,2.9196,coast
4.1650,232.855,45.082,-11.494,1.15570,0.00,1.950,0.4683,0.1328,1217.2,677.62,2.9196,coast
4.1700,233.080,45.024,-11.490,1.15570,0.00,1.945,0.4683,0.1327,1214.1,677.62,2.9196,coast
4.1750,233.305,44.967,-11.486,1.15570,0.00,1.941,0.4684,0.1325,1211.0,677.62,2.9196,coast
4.1800,233.530,44.910,-11.482,1.15570,0.00,1.936,0.4685,0.1323,1207.9,677.62,2.9196,coast
4.1850,233.754,44.852,-11.478,1.15570,0.00,1.931,0.4685,0.1322,1204.8,677.62,2.9196,coast
4.1900,233.978,44.795,-11.474,1.15570,0.00,1.927,0.4686,0.1320,1201.7,677.62,2.9196,coast
4.1950,234.202,44.737,-11.470,1.15570,0.00,1.922,0.4687,0.1318,1198.6,677.62,2.9196,coast
4.2000,234.426,44.680,-11.466,1.15570,0.00,1.917,0.4688,0.1316,1195.5,677.62,2.9196,coast
4.2050,234.649,44.623,-11.462,1.15570,0.00,1.913,0.4688,0.1315,1192.4,677.62,2.9196,coast
4.2100,234.872,44.566,-11.457,1.15570,0.00,1.908,0.4689,0.1313,1189.3,677.62,2.9196,coast
4.2150,235.094,44.508,-11.453,1.15570,0.00,1.903,0.4690,0.1311,1186.2,677.62,2.9196,coast
4.2200,235.317,44.451,-11.449,1.15570,0.00,1.899,0.4691,0.1310,1183.1,677.62,2.9196,coast
4.2250,235.539,44.394,-11.445,1.15570,0.00,1.894,0.4691,0.1308,1180.1,677.62,2.9196,coast
4.2300,235.761,44.337,-11.441,1.15570,0.00,1.889,0.4692,0.1306,1177.0,677.62,2.9196,coast
4.2350,235.982,44.279,-11.437,1.15570,0.00,1.885,0.4693,0.1305,1173.9,677.62,2.9196,coast
4.2400,236.204,44.222,-11.433,1.15570,0.00,1.880,0.4693,0.1303,1170.9,677.62,2.9196,coast
4.2450,236.425,44.165,-11.429,1.15570,0.00,1.875,0.4694,0.1301,1167.8,677.62,2.9196,coast
4.2500,236.645,44.108,-11.425,1.15570,0.00,1.871,0.4695,0.1300,1164.8,677.62,2.9196,coast
4.2550,236.866,44.051,-11.422,1.15570,0.00,1.866,0.4696,0.1298,1161.7,677.62,2.9196,coast
4.2600,237.086,43.994,-11.418,1.15570,0.00,1.862,0.4696,0.1296,1158.7,677.62,2.9196,coast
4.2650,237.306,43.937,-11.414,1.15570,0.00,1.857,0.4697,0.1295,1155.7,677.62,2.9196,coast
4.2700,237.525,43.880,-11.410,1.15570,0.00,1.853,0.4698,0.1293,1152.7,677.62,2.9196,coast
4.2750,237.744,43.822,-11.406,1.15570,0.00,1.848,0.4699,0.1291,1149.6,677.62,2.9196,coast
4.2800,237.963,43.765,-11.402,1.15570,0.00,1.843,0.4699,0.1290,1146.6,677.62,2.9196,coast
4.2850,238.182,43.708,-11.398,1.15570,0.00,1.839,0.4700,0.1288,1143.6,677.62,2.9196,coast
4.2900,238.400,43.652,-11.394,1.15570,0.00,1.834,0.4701,0.1286,1140.6,677.62,2.9196,coast
4.2950,238.619,43.595,-11.390,1.15570,0.00,1.830,0.4702,0.1285,1137.6,677.62,2.9196,coast
4.3000,238.836,43.538,-11.386,1.15570,0.00,1.825,0.4702,0.1283,1134.6,677.62,2.9196,coast
4.3050,239.054,43.481,-11.382,1.15570,0.00,1.821,0.4703,0.1281,1131.6,677.62,2.9196,coast
4.3100,239.271,43.424,-11.378,1.15570,0.00,1.816,0.4704,0.1280,1128.6,677.62,2.9196,coast
4.3150,239.488,43.367,-11.374,1.15570,0.00,1.812,0.4705,0.1278,1125.7,677.62,2.9196,coast
4.3200,239.705,43.310,-11.370,1.15570,0.00,1.807,0.4705,0.1276,1122.7,677.62,2.9196,coast
4.3250,239.921,43.253,-11.367,1.15570,0.00,1.803,0.4706,0.1275,1119.7,677.62,2.9196,coast
4.3300,240.137,43.196,-11.363,1.15570,0.00,1.798,0.4707,0.1273,1116.8,677.62,2.9196,coast
4.3350,240.353,43.140,-11.359,1.15570,0.00,1.794,0.4708,0.1271,1113.8,677.62,2.9196,coast
4.3400,240.569,43.083,-11.355,1.15570,0.00,1.789,0.4708,0.1269,1110.9,677.62,2.9196,coast
4.3450,240.784,43.026,-11.351,1.15570,0.00,1.785,0.4709,0.1268,1107.9,677.62,2.9196,coast
4.3500,240.999,42.969,-11.347,1.15570,0.00,1.780,0.4710,0.1266,1105.0,677.62,2.9196,coast
4.3550,241.214,42.913,-11.343,1.15570,0.00,1.776,0.4711,0.1264,1102.0,677.62,2.9196,coast
4.3600,241.428,42.856,-11.340,1.15570,0.00,1.772,0.4711,0.1263,1099.1,677.62,2.9196,coast
4.3650,241.642,42.799,-11.336,1.15570,0.00,1.767,0.4712,0.1261,1096.2,677.62,2.9196,coast
4.3700,241.856,42.742,-11.332,1.15570,0.00,1.763,0.4713,0.1259,1093.2,677.62,2.9196,coast
4.3750,242.070,42.686,-11.328,1.15570,0.00,1.758,0.4714,0.1258,1090.3,677.62,2.9196,coast
4.3800,242.283,42.629,-11.324,1.15570,0.00,1.754,0.4714,0.1256,1087.4,677.62,2.9196,coast
4.3850,242.496,42.573,-11.320,1.15570,0.00,1.749,0.4715,0.1254,1084.5,677.62,2.9196,coast
4.3900,242.709,42.516,-11.317,1.15570,0.00,1.745,0.4716,0.1253,1081.6,677.62,2.9196,coast
4.3950,242.921,42.459,-11.313,1.15570,0.00,1.741,0.4717,0.1251,1078.7,677.62,2.9196,coast
4.4000,243.133,42.403,-11.309,1.15570,0.00,1.736,0.4718,0.1249,1075.8,677.62,2.9196,coast
4.4050,243.345,42.346,-11.305,1.15570,0.00,1.732,0.4718,0.1248,1072.9,677.62,2.9196,coast
4.4100,243.557,42.290,-11.301,1.15570,0.00,1.728,0.4719,0.1246,1070.0,677.62,2.9196,coast
4.4150,243.768,42.233,-11.298,1.15570,0.00,1.723,0.4720,0.1245,1067.1,677.62,2.9196,coast
4.4200,243.979,42.177,-11.294,1.15570,0.00,1.719,0.4721,0.1243,1064.3,677.62,2.9196,coast
4.4250,244.190,42.120,-11.290,1.15570,0.00,1.714,0.4721,0.1241,1061.4,677.62,2.9196,coast
4.4300,244.400,42.064,-11.286,1.15570,0.00,1.710,0.4722,0.1240,1058.5,677.62,2.9196,coast
4.4350,244.610,42.008,-11.283,1.15570,0.00,1.706,0.4723,0.1238,1055.7,677.62,2.9196,coast
4.4400,244.820,41.951,-11.279,1.15570,0.00,1.701,0.4724,0.1236,1052.8,677.62,2.9196,coast
4.4450,245.030,41.895,-11.275,1.15570,0.00,1.697,0.4725,0.1235,1050.0,677.62,2.9196,coast
4.4500,245.239,41.838,-11.271,1.15570,0.00,1.693,0.4725,0.1233,1047.1,677.62,2.9196,coast
4.4550,245.448,41.782,-11.268,1.15570,0.00,1.689,0.4726,0.1231,1044.3,677.62,2.9196,coast
4.4600,245.657,41.726,-11.264,1.15570,0.00,1.684,0.4727,0.1230,1041.5,677.62,2.9196,coast
4.4650,245.866,41.669,-11.260,1.15570,0.00,1.680,0.4728,0.1228,1038.6,677.62,2.9196,coast
4.4700,246.074,41.613,-11.257,1.15570,0.00,1.676,0.4728,0.1226,1035.8,677.62,2.9196,coast
4.4750,246.282,41.557,-11.253,1.15570,0.00,1.671,0.4729,0.1225,1033.0,677.62,2.9196,coast
4.4800,246.489,41.501,-11.249,1.15570,0.00,1.667,0.4730,0.1223,1030.2,677.62,2.9196,coast
4.4850,246.697,41.444,-11.245,1.15570,0.00,1.663,0.4731,0.1221,1027.4,677.62,2.9196,coast
4.4900,246.904,41.388,-11.242,1.15570,0.00,1.659,0.4732,0.1220,1024.6,677.62,2.9196,coast
4.4950,247.111,41.332,-11.238,1.15570,0.00,1.654,0.4732,0.1218,1021.8,677.62,2.9196,coast
4.5000,247.317,41.276,-11.234,1.15570,0.00,1.650,0.4733,0.1216,1019.0,677.62,2.9196,coast
4.5050,247.523,41.220,-11.231,1.15570,0.00,1.646,0.4734,0.1215,1016.2,677.62,2.9196,coast
4.5100,247.729,41.163,-11.227,1.15570,0.00,1.642,0.4735,0.1213,1013.4,677.62,2.9196,coast
4.5150,247.935,41.107,-11.223,1.15570,0.00,1.637,0.4736,0.1211,1010.6,677.62,2.9196,coast
4.5200,248.140,41.051,-11.220,1.15570,0.00,1.633,0.4736,0.1210,1007.8,677.62,2.9196,coast
4.5250,248.346,40.995,-11.216,1.15570,0.00,1.629,0.4737,0.1208,1005.0,677.62,2.9196,coast
4.5300,248.550,40.939,-11.212,1.15570,0.00,1.625,0.4738,0.1206,1002.3,677.62,2.9196,coast
4.5350,248.755,40.883,-11.209,1.15570,0.00,1.620,0.4739,0.1205,999.5,677.62,2.9196,coast
4.5400,248.959,40.827,-11.205,1.15570,0.00,1.616,0.4740,0.1203,996.8,677.62,2.9196,coast
4.5450,249.163,40.771,-11.202,1.15570,0.00,1.612,0.4740,0.1201,994.0,677.62,2.9196,coast
4.5500,249.367,40.715,-11.198,1.15570,0.00,1.608,0.4741,0.1200,991.3,677.62,2.9196,coast
4.5550,249.570,40.659,-11.194,1.15570,0.00,1.604,0.4742,0.1198,988.5,677.62,2.9196,coast
4.5600,249.774,40.603,-11.191,1.15570,0.00,1.600,0.4743,0.1197,985.8,677.62,2.9196,coast
4.5650,249.976,40.547,-11.187,1.15570,0.00,1.595,0.4744,0.1195,983.0,677.62,2.9196,coast
4.5700,250.179,40.491,-11.184,1.15570,0.00,1.591,0.4745,0.1193,980.3,677.62,2.9196,coast
4.5750,250.381,40.435,-11.180,1.15570,0.00,1.587,0.4745,0.1192,977.6,677.62,2.9196,coast
4.5800,250.583,40.379,-11.176,1.15570,0.00,1.583,0.4746,0.1190,974.9,677.62,2.9196,coast
4.5850,250.785,40.323,-11.173,1.15570,0.00,1.579,0.4747,0.1188,972.2,677.62,2.9196,coast
4.5900,250.987,40.268,-11.169,1.15570,0.00,1.575,0.4748,0.1187,969.4,677.62,2.9196,coast
4.5950,251.188,40.212,-11.166,1.15570,0.00,1.571,0.4749,0.1185,966.7,677.62,2.9196,coast
4.6000,251.389,40.156,-11.162,1.15570,0.00,1.566,0.4749,0.1183,964.0,677.62,2.9196,coast
4.6050,251.589,40.100,-11.158,1.15570,0.00,1.562,0.4750,0.1182,961.3,677.62,2.9196,coast
4.6100,251.790,40.044,-11.155,1.15570,0.00,1.558,0.4751,0.1180,958.7,677.62,2.9196,coast
4.6150,251.990,39.989,-11.151,1.15570,0.00,1.554,0.4752,0.1178,956.0,677.62,2.9196,coast
4.6200,252.190,39.933,-11.148,1.15570,0.00,1.550,0.4753,0.1177,953.3,677.62,2.9196,coast
4.6250,252.389,39.877,-11.144,1.15570,0.00,1.546,0.4754,0.1175,950.6,677.62,2.9196,coast
4.6300,252.588,39.821,-11.141,1.15570,0.00,1.542,0.4754,0.1174,947.9,677.62,2.9196,coast
4.6350,252.787,39.766,-11.137,1.15570,0.00,1.538,0.4755,0.1172,945.3,677.62,2.9196,coast
4.6400,252.986,39.710,-11.134,1.15570,0.00,1.534,0.4756,0.1170,942.6,677.62,2.9196,coast
4.6450,253.184,39.654,-11.130,1.15570,0.00,1.530,0.4757,0.1169,939.9,677.62,2.9196,coast
4.6500,253.383,39.599,-11.127,1.15570,0.00,1.526,0.4758,0.1167,937.3,677.62,2.9196,coast
4.6550,253.580,39.543,-11.123,1.15570,0.00,1.522,0.4759,0.1165,934.6,677.62,2.9196,coast
4.6600,253.778,39.487,-11.120,1.15570,0.00,1.518,0.4759,0.1164,932.0,677.62,2.9196,coast
4.6650,253.975,39.432,-11.116,1.15570,0.00,1.514,0.4760,0.1162,929.4,677.62,2.9196,coast
4.6700,254.172,39.376,-11.113,1.15570,0.00,1.510,0.4761,0.1160,926.7,677.62,2.9196,coast
4.6750,254.369,39.321,-11.109,1.15570,0.00,1.505,0.4762,0.1159,924.1,677.62,2.9196,coast
4.6800,254.566,39.265,-11.106,1.15570,0.00,1.501,0.4763,0.1157,921.5,677.62,2.9196,coast
4.6850,254.762,39.210,-11.102,1.15570,0.00,1.497,0.4764,0.1156,918.8,677.62,2.9196,coast
4.6900,254.958,39.154,-11.099,1.15570,0.00,1.493,0.4765,0.1154,916.2,677.62,2.9196,coast
4.6950,255.153,39.099,-11.095,1.15570,0.00,1.489,0.4765,0.1152,913.6,677.62,2.9196,coast
4.7000,255.349,39.043,-11.092,1.15570,0.00,1.485,0.4766,0.1151,911.0,677.62,2.9196,coast
4.7050,255.544,38.988,-11.089,1.15570,0.00,1.482,0.4767,0.1149,908.4,677.62,2.9196,coast
4.7100,255.738,38.932,-11.085,1.15570,0.00,1.478,0.4768,0.1147,905.8,677.62,2.9196,coast
4.7150,255.933,38.877,-11.082,1.15570,0.00,1.474,0.4769,0.1146,903.2,677.62,2.9196,coast
4.7200,256.127,38.822,-11.078,1.15570,0.00,1.470,0.4770,0.1144,900.6,677.62,2.9196,coast
4.7250,256.321,38.766,-11.075,1.15570,0.00,1.466,0.4770,0.1143,898.0,677.62,2.9196,coast
4.7300,256.515,38.711,-11.071,1.15570,0.00,1.462,0.4771,0.1141,895.5,677.62,2.9196,coast
4.7350,256.708,38.655,-11.068,1.15570,0.00,1.458,0.4772,0.1139,892.9,677.62,2.9196,coast
4.7400,256.901,38.600,-11.065,1.15570,0.00,1.454,0.4773,0.1138,890.3,677.62,2.9196,coast
4.7450,257.094,38.545,-11.061,1.15570,0.00,1.450,0.4774,0.1136,887.7,677.62,2.9196,coast
4.7500,257.287,38.489,-11.058,1.15570,0.00,1.446,0.4775,0.1134,885.2,677.62,2.9196,coast
4.7550,257.479,38.434,-11.054,1.15570,0.00,1.442,0.4776,0.1133,882.6,677.62,2.9196,coast
4.7600,257.671,38.379,-11.051,1.15570,0.00,1.438,0.4777,0.1131,880.1,677.62,2.9196,coast
4.7650,257.863,38.324,-11.048,1.15570,0.00,1.434,0.4777,0.1129,877.5,677.62,2.9196,coast
4.7700,258.054,38.268,-11.044,1.15570,0.00,1.430,0.4778,0.1128,875.0,677.62,2.9196,coast
4.7750,258.246,38.213,-11.041,1.15570,0.00,1.426,0.4779,0.1126,872.4,677.62,2.9196,coast
4.7800,258.437,38.158,-11.038,1.15570,0.00,1.423,0.4780,0.1125,869.9,677.62,2.9196,coast
4.7850,258.627,38.103,-11.034,1.15570,0.00,1.419,0.4781,0.1123,867.4,677.62,2.9196,coast
4.7900,258.818,38.048,-11.031,1.15570,0.00,1.415,0.4782,0.1121,864.8,677.62,2.9196,coast
4.7950,259.008,37.993,-11.028,1.15570,0.00,1.411,0.4783,0.1120,862.3,677.62,2.9196,coast
4.8000,259.198,37.937,-11.024,1.15570,0.00,1.407,0.4784,0.1118,859.8,677.62,2.9196,coast
4.8050,259.387,37.882,-11.021,1.15570,0.00,1.403,0.4784,0.1116,857.3,677.62,2.9196,coast
4.8100,259.576,37.827,-11.018,1.15570,0.00,1.399,0.4785,0.1115,854.8,677.62,2.9196,coast
4.8150,259.765,37.772,-11.014,1.15570,0.00,1.396,0.4786,0.1113,852.3,677.62,2.9196,coast
4.8200,259.954,37.717,-11.011,1.15570,0.00,1.392,0.4787,0.1112,849.8,677.62,2.9196,coast
4.8250,260.143,37.662,-11.008,1.15570,0.00,1.388,0.4788,0.1110,847.3,677.62,2.9196,coast
4.8300,260.331,37.607,-11.004,1.15570,0.00,1.384,0.4789,0.1108,844.8,677.62,2.9196,coast
4.8350,260.519,37.552,-11.001,1.15570,0.00,1.380,0.4790,0.1107,842.3,677.62,2.9196,coast
4.8400,260.706,37.497,-10.998,1.15570,0.00,1.376,0.4791,0.1105,839.8,677.62,2.9196,coast
4.8450,260.894,37.442,-10.994,1.15570,0.00,1.373,0.4792,0.1104,837.4,677.62,2.9196,coast
4.8500,261.081,37.387,-10.991,1.15570,0.00,1.369,0.4792,0.1102,834.9,677.62,2.9196,coast
4.8550,261.267,37.332,-10.988,1.15570,0.00,1.365,0.4793,0.1100,832.4,677.62,2.9196,coast
4.8600,261.454,37.277,-10.985,1.15570,0.00,1.361,0.4794,0.1099,830.0,677.62,2.9196,coast
4.8650,261.640,37.222,-10.981,1.15570,0.00,1.358,0.4795,0.1097,827.5,677.62,2.9196,coast
4.8700,261.826,37.167,-10.978,1.15570,0.00,1.354,0.4796,0.1095,825.1,677.62,2.9196,coast
4.8750,262.012,37.112,-10.975,1.15570,0.00,1.350,0.4797,0.1094,822.6,677.62,2.9196,coast
4.8800,262.197,37.058,-10.972,1.15570,0.00,1.346,0.4798,0.1092,820.2,677.62,2.9196,coast
4.8850,262.382,37.003,-10.968,1.15570,0.00,1.342,0.4799,0.1091,817.7,677.62,2.9196,coast
4.8900,262.567,36.948,-10.965,1.15570,0.00,1.339,0.4800,0.1089,815.3,677.62,2.9196,coast
4.8950,262.752,36.893,-10.962,1.15570,0.00,1.335,0.4801,0.1087,812.8,677.62,2.9196,coast
4.9000,262.936,36.838,-10.959,1.15570,0.00,1.331,0.4802,0.1086,810.4,677.62,2.9196,coast
4.9050,263.120,36.784,-10.955,1.15570,0.00,1.328,0.4802,0.1084,808.0,677.62,2.9196,coast
4.9100,263.304,36.729,-10.952,1.15570,0.00,1.324,0.4803,0.1083,805.6,677.62,2.9196,coast
4.9150,263.488,36.674,-10.949,1.15570,0.00,1.320,0.4804,0.1081,803.2,677.62,2.9196,coast
4.9200,263.671,36.619,-10.946,1.15570,0.00,1.316,0.4805,0.1079,800.8,677.62,2.9196,coast
4.9250,263.854,36.565,-10.943,1.15570,0.00,1.313,0.4806,0.1078,798.3,677.62,2.9196,coast
4.9300,264.037,36.510,-10.939,1.15570,0.00,1.309,0.4807,0.1076,795.9,677.62,2.9196,coast
4.9350,264.219,36.455,-10.936,1.15570,0.00,1.305,0.4808,0.1074,793.6,677.62,2.9196,coast
4.9400,264.401,36.400,-10.933,1.15570,0.00,1.302,0.4809,0.1073,791.2,677.62,2.9196,coast
4.9450,264.583,36.346,-10.930,1.15570,0.00,1.298,0.4810,0.1071,788.8,677.62,2.9196,coast
4.9500,264.765,36.291,-10.927,1.15570,0.00,1.294,0.4811,0.1070,786.4,677.62,2.9196,coast
4.9550,264.946,36.237,-10.923,1.15570,0.00,1.291,0.4812,0.1068,784.0,677.62,2.9196,coast
4.9600,265.127,36.182,-10.920,1.15570,0.00,1.287,0.4813,0.1066,781.6,677.62,2.9196,coast
4.9650,265.308,36.127,-10.917,1.15570,0.00,1.283,0.4814,0.1065,779.3,677.62,2.9196,coast
4.9700,265.488,36.073,-10.914,1.15570,0.00,1.280,0.4815,0.1063,776.9,677.62,2.9196,coast
4.9750,265.668,36.018,-10.911,1.15570,0.00,1.276,0.4815,0.1062,774.5,677.62,2.9196,coast
4.9800,265.848,35.964,-10.908,1.15570,0.00,1.272,0.4816,0.1060,772.2,677.62,2.9196,coast
4.9850,266.028,35.909,-10.904,1.15570,0.00,1.269,0.4817,0.1058,769.8,677.62,2.9196,coast
4.9900,266.207,35.855,-10.901,1.15570,0.00,1.265,0.4818,0.1057,767.5,677.62,2.9196,coast
4.9950,266.387,35.800,-10.898,1.15570,0.00,1.262,0.4819,0.1055,765.1,677.62,2.9196,coast
5.0000,266.565,35.746,-10.895,1.15570,0.00,1.258,0.4820,0.1054,762.8,677.62,2.9196,coast
5.0050,266.744,35.691,-10.892,1.15570,0.00,1.254,0.4821,0.1052,760.5,677.62,2.9196,coast
5.0100,266.922,35.637,-10.889,1.15570,0.00,1.251,0.4822,0.1050,758.1,677.62,2.9196,coast
5.0150,267.100,35.582,-10.886,1.15570,0.00,1.247,0.4823,0.1049,755.8,677.62,2.9196,coast
5.0200,267.278,35.528,-10.883,1.15570,0.00,1.244,0.4824,0.1047,753.5,677.62,2.9196,coast
5.0250,267.456,35.473,-10.880,1.15570,0.00,1.240,0.4825,0.1046,751.2,677.62,2.9196,coast
5.0300,267.633,35.419,-10.876,1.15570,0.00,1.236,0.4826,0.1044,748.8,677.62,2.9196,coast
5.0350,267.810,35.365,-10.873,1.15570,0.00,1.233,0.4827,0.1042,746.5,677.62,2.9196,coast
5.0400,267.987,35.310,-10.870,1.15570,0.00,1.229,0.4828,0.1041,744.2,677.62,2.9196,coast
5.0450,268.163,35.256,-10.867,1.15570,0.00,1.226,0.4829,0.1039,741.9,677.62,2.9196,coast
5.0500,268.339,35.202,-10.864,1.15570,0.00,1.222,0.4830,0.1038,739.6,677.62,2.9196,coast
5.0550,268.515,35.147,-10.861,1.15570,0.00,1.219,0.4831,0.1036,737.3,677.62,2.9196,coast
5.0600,268.691,35.093,-10.858,1.15570,0.00,1.215,0.4832,0.1034,735.0,677.62,2.9196,coast
5.0650,268.866,35.039,-10.855,1.15570,0.00,1.212,0.4833,0.1033,732.8,677.62,2.9196,coast
5.0700,269.041,34.985,-10.852,1.15570,0.00,1.208,0.4834,0.1031,730.5,677.62,2.9196,coast
5.0750,269.216,34.930,-10.849,1.15570,0.00,1.204,0.4835,0.1030,728.2,677.62,2.9196,coast
5.0800,269.390,34.876,-10.846,1.15570,0.00,1.201,0.4836,0.1028,725.9,677.62,2.9196,coast
5.0850,269.565,34.822,-10.843,1.15570,0.00,1.197,0.4837,0.1026,723.7,677.62,2.9196,coast
5.0900,269.739,34.768,-10.840,1.15570,0.00,1.194,0.4838,0.1025,721.4,677.62,2.9196,coast
5.0950,269.912,34.713,-10.837,1.15570,0.00,1.190,0.4839,0.1023,719.1,677.62,2.9196,coast
5.1000,270.086,34.659,-10.834,1.15570,0.00,1.187,0.4840,0.1022,716.9,677.62,2.9196,coast
5.1050,270.259,34.605,-10.831,1.15570,0.00,1.183,0.4840,0.1020,714.6,677.62,2.9196,coast
5.1100,270.432,34.551,-10.828,1.15570,0.00,1.180,0.4841,0.1018,712.4,677.62,2.9196,coast
5.1150,270.604,34.497,-10.825,1.15570,0.00,1.176,0.4842,0.1017,710.1,677.62,2.9196,coast
5.1200,270.777,34.443,-10.822,1.15570,0.00,1.173,0.4843,0.1015,707.9,677.62,2.9196,coast
5.1250,270.949,34.389,-10.819,1.15570,0.00,1.170,0.4844,0.1014,705.7,677.62,2.9196,coast
5.1300,271.121,34.334,-10.816,1.15570,0.00,1.166,0.4845,0.1012,703.4,677.62,2.9196,coast
5.1350,271.292,34.280,-10.813,1.15570,0.00,1.163,0.4846,0.1010,701.2,677.62,2.9196,coast
5.1400,271.463,34.226,-10.810,1.15570,0.00,1.159,0.4847,0.1009,699.0,677.62,2.9196,coast
5.1450,271.634,34.172,-10.807,1.15570,0.00,1.156,0.4848,0.1007,696.8,677.62,2.9196,coast
5.1500,271.805,34.118,-10.804,1.15570,0.00,1.152,0.4849,0.1006,694.6,677.62,2.9196,coast
5.1550,271.976,34.064,-10.801,1.15570,0.00,1.149,0.4850,0.1004,692.4,677.62,2.9196,coast
5.1600,272.146,34.010,-10.798,1.15570,0.00,1.145,0.4851,0.1003,690.2,677.62,2.9196,coast
5.1650,272.316,33.956,-10.795,1.15570,0.00,1.142,0.4852,0.1001,688.0,677.62,2.9196,coast
5.1700,272.485,33.902,-10.792,1.15570,0.00,1.139,0.4853,0.0999,685.8,677.62,2.9196,coast
5.1750,272.655,33.848,-10.789,1.15570,0.00,1.135,0.4854,0.0998,683.6,677.62,2.9196,coast
5.1800,272.824,33.794,-10.786,1.15570,0.00,1.132,0.4855,0.0996,681.4,677.62,2.9196,coast
5.1850,272.993,33.741,-10.783,1.15570,0.00,1.128,0.4857,0.0995,679.2,677.62,2.9196,coast
5.1900,273.161,33.687,-10.780,1.15570,0.00,1.125,0.4858,0.0993,677.0,677.62,2.9196,coast
5.1950,273.329,33.633,-10.777,1.15570,0.00,1.122,0.4859,0.0991,674.8,677.62,2.9196,coast
5.2000,273.497,33.579,-10.774,1.15570,0.00,1.118,0.4860,0.0990,672.7,677.62,2.9196,coast
5.2050,273.665,33.525,-10.771,1.15570,0.00,1.115,0.4861,0.0988,670.5,677.62,2.9196,coast
5.2100,273.833,33.471,-10.769,1.15570,0.00,1.112,0.4862,0.0987,668.3,677.62,2.9196,coast
5.2150,274.000,33.417,-10.766,1.15570,0.00,1.108,0.4863,0.0985,666.2,677.62,2.9196,coast
5.2200,274.167,33.363,-10.763,1.15570,0.00,1.105,0.4864,0.0983,664.0,677.62,2.9196,coast
5.2250,274.334,33.310,-10.760,1.15570,0.00,1.102,0.4865,0.0982,661.9,677.62,2.9196,coast
5.2300,274.500,33.256,-10.757,1.15570,0.00,1.098,0.4866,0.0980,659.7,677.62,2.9196,coast
5.2350,274.666,33.202,-10.754,1.15570,0.00,1.095,0.4867,0.0979,657.6,677.62,2.9196,coast
5.2400,274.832,33.148,-10.751,1.15570,0.00,1.092,0.4868,0.0977,655.4,677.62,2.9196,coast
5.2450,274.998,33.095,-10.748,1.15570,0.00,1.088,0.4869,0.0976,653.3,677.62,2.9196,coast
5.2500,275.163,33.041,-10.745,1.15570,0.00,1.085,0.4870,0.0974,651.2,677.62,2.9196,coast
5.2550,275.328,32.987,-10.743,1.15570,0.00,1.082,0.4871,0.0972,649.1,677.62,2.9196,coast
5.2600,275.493,32.933,-10.740,1.15570,0.00,1.078,0.4872,0.0971,646.9,677.62,2.9196,coast
5.2650,275.657,32.880,-10.737,1.15570,0.00,1.075,0.4873,0.0969,644.8,677.62,2.9196,coast
5.2700,275.822,32.826,-10.734,1.15570,0.00,1.072,0.4874,0.0968,642.7,677.62,2.9196,coast
5.2750,275.986,32.772,-10.731,1.15570,0.00,1.068,0.4875,0.0966,640.6,677.62,2.9196,coast
5.2800,276.149,32.719,-10.728,1.15570,0.00,1.065,0.4876,0.0964,638.5,677.62,2.9196,coast
5.2850,276.313,32.665,-10.725,1.15570,0.00,1.062,0.4877,0.0963,636.4,677.62,2.9196,coast
5.2900,276.476,32.611,-10.723,1.15570,0.00,1.059,0.4878,0.0961,634.3,677.62,2.9196,coast
5.2950,276.639,32.558,-10.720,1.15570,0.00,1.055,0.4879,0.0960,632.2,677.62,2.9196,coast
5.3000,276.802,32.504,-10.717,1.15570,0.00,1.052,0.4880,0.0958,630.1,677.62,2.9196,coast
5.3050,276.964,32.451,-10.714,1.15570,0.00,1.049,0.4881,0.0957,628.0,677.62,2.9196,coast
5.3100,277.126,32.397,-10.711,1.15570,0.00,1.046,0.4883,0.0955,625.9,677.62,2.9196,coast
5.3150,277.288,32.344,-10.709,1.15570,0.00,1.042,0.4884,0.0953,623.9,677.62,2.9196,coast
5.3200,277.450,32.290,-10.706,1.15570,0.00,1.039,0.4885,0.0952,621.8,677.62,2.9196,coast
5.3250,277.611,32.237,-10.703,1.15570,0.00,1.036,0.4886,0.0950,619.7,677.62,2.9196,coast
5.3300,277.772,32.183,-10.700,1.15570,0.00,1.033,0.4887,0.0949,617.7,677.62,2.9196,coast
5.3350,277.933,32.130,-10.697,1.15570,0.00,1.029,0.4888,0.0947,615.6,677.62,2.9196,coast
5.3400,278.093,32.076,-10.695,1.15570,0.00,1.026,0.4889,0.0946,613.5,677.62,2.9196,coast
5.3450,278.253,32.023,-10.692,1.15570,0.00,1.023,0.4890,0.0944,611.5,677.62,2.9196,coast
5.3500,278.413,31.969,-10.689,1.15570,0.00,1.020,0.4891,0.0942,609.4,677.62,2.9196,coast
5.3550,278.573,31.916,-10.686,1.15570,0.00,1.017,0.4892,0.0941,607.4,677.62,2.9196,coast
5.3600,278.733,31.862,-10.684,1.15570,0.00,1.013,0.4893,0.0939,605.3,677.62,2.9196,coast
5.3650,278.892,31.809,-10.681,1.15570,0.00,1.010,0.4894,0.0938,603.3,677.62,2.9196,coast
5.3700,279.051,31.755,-10.678,1.15570,0.00,1.007,0.4895,0.0936,601.3,677.62,2.9196,coast
5.3750,279.209,31.702,-10.675,1.15570,0.00,1.004,0.4897,0.0935,599.2,677.62,2.9196,coast
5.3800,279.368,31.649,-10.673,1.15570,0.00,1.001,0.4898,0.0933,597.2,677.62,2.9196,coast
5.3850,279.526,31.595,-10.670,1.15570,0.00,0.998,0.4899,0.0931,595.2,677.62,2.9196,coast
5.3900,279.684,31.542,-10.667,1.15570,0.00,0.994,0.4900,0.0930,593.2,677.62,2.9196,coast
5.3950,279.841,31.489,-10.664,1.15570,0.00,0.991,0.4901,0.0928,591.2,677.62,2.9196,coast
5.4000,279.999,31.435,-10.662,1.15570,0.00,0.988,0.4902,0.0927,589.2,677.62,2.9196,coast
5.4050,280.156,31.382,-10.659,1.15570,0.00,0.985,0.4903,0.0925,587.2,677.62,2.9196,coast
5.4100,280.312,31.329,-10.656,1.15570,0.00,0.982,0.4904,0.0924,585.2,677.62,2.9196,coast
5.4150,280.469,31.276,-10.653,1.15570,0.00,0.979,0.4905,0.0922,583.2,677.62,2.9196,coast
5.4200,280.625,31.222,-10.651,1.15570,0.00,0.976,0.4907,0.0920,581.2,677.62,2.9196,coast
5.4250,280.781,31.169,-10.648,1.15570,0.00,0.972,0.4908,0.0919,579.2,677.62,2.9196,coast
5.4300,280.937,31.116,-10.645,1.15570,0.00,0.969,0.4909,0.0917,577.2,677.62,2.9196,coast
5.4350,281.092,31.063,-10.643,1.15570,0.00,0.966,0.4910,0.0916,575.2,677.62,2.9196,coast
5.4400,281.247,31.009,-10.640,1.15570,0.00,0.963,0.4911,0.0914,573.2,677.62,2.9196,coast
5.4450,281.402,30.956,-10.637,1.15570,0.00,0.960,0.4912,0.0913,571.3,677.62,2.9196,coast
5.4500,281.557,30.903,-10.635,1.15570,0.00,0.957,0.4913,0.0911,569.3,677.62,2.9196,coast
5.4550,281.711,30.850,-10.632,1.15570,0.00,0.954,0.4914,0.0909,567.3,677.62,2.9196,coast
5.4600,281.865,30.797,-10.629,1.15570,0.00,0.951,0.4915,0.0908,565.4,677.62,2.9196,coast
5.4650,282.019,30.744,-10.627,1.15570,0.00,0.948,0.4917,0.0906,563.4,677.62,2.9196,coast
5.4700,282.173,30.690,-10.624,1.15570,0.00,0.945,0.4918,0.0905,561.4,677.62,2.9196,coast
5.4750,282.326,30.637,-10.621,1.15570,0.00,0.942,0.4919,0.0903,559.5,677.62,2.9196,coast
5.4800,282.479,30.584,-10.619,1.15570,0.00,0.938,0.4920,0.0902,557.6,677.62,2.9196,coast
5.4850,282.632,30.531,-10.616,1.15570,0.00,0.935,0.4921,0.0900,555.6,677.62,2.9196,coast
5.4900,282.785,30.478,-10.613,1.15570,0.00,0.932,0.4922,0.0899,553.7,677.62,2.9196,coast
5.4950,282.937,30.425,-10.611,1.15570,0.00,0.929,0.4923,0.0897,551.7,677.62,2.9196,coast
5.5000,283.089,30.372,-10.608,1.15570,0.00,0.926,0.4925,0.0895,549.8,677.62,2.9196,coast
5.5050,283.241,30.319,-10.606,1.15570,0.00,0.923,0.4926,0.0894,547.9,677.62,2.9196,coast
5.5100,283.392,30.266,-10.603,1.15570,0.00,0.920,0.4927,0.0892,546.0,677.62,2.9196,coast
5.5150,283.543,30.213,-10.600,1.15570,0.00,0.917,0.4928,0.0891,544.0,677.62,2.9196,coast
5.5200,283.694,30.160,-10.598,1.15570,0.00,0.914,0.4929,0.0889,542.1,677.62,2.9196,coast
5.5250,283.845,30.107,-10.595,1.15570,0.00,0.911,0.4930,0.0888,540.2,677.62,2.9196,coast
5.5300,283.995,30.054,-10.593,1.15570,0.00,0.908,0.4932,0.0886,538.3,677.62,2.9196,coast
5.5350,284.145,30.001,-10.590,1.15570,0.00,0.905,0.4933,0.0884,536.4,677.62,2.9196,coast
5.5400,284.295,29.948,-10.587,1.15570,0.00,0.902,0.4934,0.0883,534.5,677.62,2.9196,coast
5.5450,284.445,29.895,-10.585,1.15570,0.00,0.899,0.4935,0.0881,532.6,677.62,2.9196,coast
5.5500,284.594,29.842,-10.582,1.15570,0.00,0.896,0.4936,0.0880,530.7,677.62,2.9196,coast
5.5550,284.743,29.789,-10.580,1.15570,0.00,0.893,0.4937,0.0878,528.8,677.62,2.9196,coast
5.5600,284.892,29.736,-10.577,1.15570,0.00,0.890,0.4939,0.0877,526.9,677.62,2.9196,coast
5.5650,285.041,29.683,-10.574,1.15570,0.00,0.887,0.4940,0.0875,525.1,677.62,2.9196,coast
5.5700,285.189,29.631,-10.572,1.15570,0.00,0.884,0.4941,0.0874,523.2,677.62,2.9196,coast
5.5750,285.337,29.578,-10.569,1.15570,0.00,0.881,0.4942,0.0872,521.3,677.62,2.9196,coast
5.5800,285.485,29.525,-10.567,1.15570,0.00,0.878,0.4943,0.0870,519.4,677.62,2.9196,coast
5.5850,285.632,29.472,-10.564,1.15570,0.00,0.876,0.4945,0.0869,517.6,677.62,2.9196,coast
5.5900,285.779,29.419,-10.562,1.15570,0.00,0.873,0.4946,0.0867,515.7,677.62,2.9196,coast
5.5950,285.926,29.366,-10.559,1.15570,0.00,0.870,0.4947,0.0866,513.9,677.62,2.9196,coast
5.6000,286.073,29.314,-10.557,1.15570,0.00,0.867,0.4948,0.0864,512.0,677.62,2.9196,coast
5.6050,286.220,29.261,-10.554,1.15570,0.00,0.864,0.4949,0.0863,510.2,677.62,2.9196,coast
5.6100,286.366,29.208,-10.552,1.15570,0.00,0.861,0.4951,0.0861,508.3,677.62,2.9196,coast
5.6150,286.512,29.155,-10.549,1.15570,0.00,0.858,0.4952,0.0860,506.5,677.62,2.9196,coast
5.6200,286.657,29.103,-10.547,1.15570,0.00,0.855,0.4953,0.0858,504.6,677.62,2.9196,coast
5.6250,286.803,29.050,-10.544,1.15570,0.00,0.852,0.4954,0.0856,502.8,677.62,2.9196,coast
5.6300,286.948,28.997,-10.542,1.15570,0.00,0.849,0.4955,0.0855,501.0,677.62,2.9196,coast
5.6350,287.093,28.945,-10.539,1.15570,0.00,0.846,0.4957,0.0853,499.1,677.62,2.9196,coast
5.6400,287.237,28.892,-10.537,1.15570,0.00,0.844,0.4958,0.0852,497.3,677.62,2.9196,coast
5.6450,287.382,28.839,-10.534,1.15570,0.00,0.841,0.4959,0.0850,495.5,677.62,2.9196,coast
5.6500,287.526,28.786,-10.532,1.15570,0.00,0.838,0.4960,0.0849,493.7,677.62,2.9196,coast
5.6550,287.669,28.734,-10.529,1.15570,0.00,0.835,0.4961,0.0847,491.9,677.62,2.9196,coast
5.6600,287.813,28.681,-10.527,1.15570,0.00,0.832,0.4963,0.0846,490.1,677.62,2.9196,coast
5.6650,287.956,28.629,-10.524,1.15570,0.00,0.829,0.4964,0.0844,488.3,677.62,2.9196,coast
5.6700,288.099,28.576,-10.522,1.15570,0.00,0.826,0.4965,0.0842,486.5,677.62,2.9196,coast
5.6750,288.242,28.523,-10.519,1.15570,0.00,0.824,0.4966,0.0841,484.7,677.62,2.9196,coast
5.6800,288.384,28.471,-10.517,1.15570,0.00,0.821,0.4968,0.0839,482.9,677.62,2.9196,coast
5.6850,288.527,28.418,-10.514,1.15570,0.00,0.818,0.4969,0.0838,481.1,677.62,2.9196,coast
5.6900,288.669,28.366,-10.512,1.15570,0.00,0.815,0.4970,0.0836,479.3,677.62,2.9196,coast
5.6950,288.810,28.313,-10.509,1.15570,0.00,0.812,0.4971,0.0835,477.5,677.62,2.9196,coast
5.7000,288.952,28.261,-10.507,1.15570,0.00,0.809,0.4973,0.0833,475.8,677.62,2.9196,coast
5.7050,289.093,28.208,-10.505,1.15570,0.00,0.807,0.4974,0.0832,474.0,677.62,2.9196,coast
5.7100,289.234,28.155,-10.502,1.15570,0.00,0.804,0.4975,0.0830,472.2,677.62,2.9196,coast
5.7150,289.374,28.103,-10.500,1.15570,0.00,0.801,0.4976,0.0829,470.4,677.62,2.9196,coast
5.7200,289.515,28.050,-10.497,1.15570,0.00,0.798,0.4978,0.0827,468.7,677.62,2.9196,coast
5.7250,289.655,27.998,-10.495,1.15570,0.00,0.795,0.4979,0.0825,466.9,677.62,2.9196,coast
5.7300,289.795,27.946,-10.492,1.15570,0.00,0.793,0.4980,0.0824,465.2,677.62,2.9196,coast
5.7350,289.934,27.893,-10.490,1.15570,0.00,0.790,0.4981,0.0822,463.4,677.62,2.9196,coast
5.7400,290.074,27.841,-10.488,1.15570,0.00,0.787,0.4983,0.0821,461.7,677.62,2.9196,coast
5.7450,290.213,27.788,-10.485,1.15570,0.00,0.784,0.4984,0.0819,459.9,677.62,2.9196,coast
5.7500,290.352,27.736,-10.483,1.15570,0.00,0.781,0.4985,0.0818,458.2,677.62,2.9196,coast
5.7550,290.490,27.683,-10.480,1.15570,0.00,0.779,0.4987,0.0816,456.4,677.62,2.9196,coast
5.7600,290.629,27.631,-10.478,1.15570,0.00,0.776,0.4988,0.0815,454.7,677.62,2.9196,coast
5.7650,290.767,27.579,-10.476,1.15570,0.00,0.773,0.4989,0.0813,453.0,677.62,2.9196,coast
5.7700,290.904,27.526,-10.473,1.15570,0.00,0.770,0.4990,0.0812,451.3,677.62,2.9196,coast
5.7750,291.042,27.474,-10.471,1.15570,0.00,0.768,0.4992,0.0810,449.5,677.62,2.9196,coast
5.7800,291.179,27.422,-10.469,1.15570,0.00,0.765,0.4993,0.0808,447.8,677.62,2.9196,coast
5.7850,291.316,27.369,-10.466,1.15570,0.00,0.762,0.4994,0.0807,446.1,677.62,2.9196,coast
5.7900,291.453,27.317,-10.464,1.15570,0.00,0.760,0.4996,0.0805,444.4,677.62,2.9196,coast
5.7950,291.589,27.265,-10.462,1.15570,0.00,0.757,0.4997,0.0804,442.7,677.62,2.9196,coast
5.8000,291.725,27.212,-10.459,1.15570,0.00,0.754,0.4998,0.0802,441.0,677.62,2.9196,coast
5.8050,291.861,27.160,-10.457,1.15570,0.00,0.751,0.5000,0.0801,439.3,677.62,2.9196,coast
5.8100,291.997,27.108,-10.454,1.15570,0.00,0.749,0.5001,0.0799,437.6,677.62,2.9196,coast
5.8150,292.132,27.055,-10.452,1.15570,0.00,0.746,0.5002,0.0798,435.9,677.62,2.9196,coast
5.8200,292.268,27.003,-10.450,1.15570,0.00,0.743,0.5004,0.0796,434.2,677.62,2.9196,coast
5.8250,292.402,26.951,-10.447,1.15570,0.00,0.741,0.5005,0.0795,432.5,677.62,2.9196,coast
5.8300,292.537,26.899,-10.445,1.15570,0.00,0.738,0.5006,0.0793,430.9,677.62,2.9196,coast
5.8350,292.671,26.846,-10.443,1.15570,0.00,0.735,0.5008,0.0792,429.2,677.62,2.9196,coast
5.8400,292.805,26.794,-10.441,1.15570,0.00,0.733,0.5009,0.0790,427.5,677.62,2.9196,coast
5.8450,292.939,26.742,-10.438,1.15570,0.00,0.730,0.5010,0.0788,425.8,677.62,2.9196,coast
5.8500,293.073,26.690,-10.436,1.15570,0.00,0.727,0.5012,0.0787,424.2,677.62,2.9196,coast
5.8550,293.206,26.638,-10.434,1.15570,0.00,0.725,0.5013,0.0785,422.5,677.62,2.9196,coast
5.8600,293.339,26.586,-10.431,1.15570,0.00,0.722,0.5014,0.0784,420.8,677.62,2.9196,coast
5.8650,293.472,26.533,-10.429,1.15570,0.00,0.719,0.5016,0.0782,419.2,677.62,2.9196,coast
5.8700,293.605,26.481,-10.427,1.15570,0.00,0.717,0.5017,0.0781,417.5,677.62,2.9196,coast
5.8750,293.737,26.429,-10.424,1.15570,0.00,0.714,0.5018,0.0779,415.9,677.62,2.9196,coast
5.8800,293.869,26.377,-10.422,1.15570,0.00,0.711,0.5020,0.0778,414.3,677.62,2.9196,coast
5.8850,294.001,26.325,-10.420,1.15570,0.00,0.709,0.5021,0.0776,412.6,677.62,2.9196,coast
5.8900,294.132,26.273,-10.418,1.15570,0.00,0.706,0.5022,0.0775,411.0,677.62,2.9196,coast
5.8950,294.263,26.221,-10.415,1.15570,0.00,0.704,0.5024,0.0773,409.3,677.62,2.9196,coast
5.9000,294.394,26.169,-10.413,1.15570,0.00,0.701,0.5025,0.0772,407.7,677.62,2.9196,coast
5.9050,294.525,26.117,-10.411,1.15570,0.00,0.698,0.5026,0.0770,406.1,677.62,2.9196,coast
5.9100,294.656,26.065,-10.409,1.15570,0.00,0.696,0.5028,0.0768,404.5,677.62,2.9196,coast
5.9150,294.786,26.012,-10.406,1.15570,0.00,0.693,0.5029,0.0767,402.8,677.62,2.9196,coast
5.9200,294.916,25.960,-10.404,1.15570,0.00,0.691,0.5031,0.0765,401.2,677.62,2.9196,coast
5.9250,295.045,25.908,-10.402,1.15570,0.00,0.688,0.5032,0.0764,399.6,677.62,2.9196,coast
5.9300,295.175,25.856,-10.400,1.15570,0.00,0.685,0.5033,0.0762,398.0,677.62,2.9196,coast
5.9350,295.304,25.804,-10.397,1.15570,0.00,0.683,0.5035,0.0761,396.4,677.62,2.9196,coast
5.9400,295.433,25.752,-10.395,1.15570,0.00,0.680,0.5036,0.0759,394.8,677.62,2.9196,coast
5.9450,295.561,25.700,-10.393,1.15570,0.00,0.678,0.5038,0.0758,393.2,677.62,2.9196,coast
5.9500,295.690,25.649,-10.391,1.15570,0.00,0.675,0.5039,0.0756,391.6,677.62,2.9196,coast
5.9550,295.818,25.597,-10.389,1.15570,0.00,0.673,0.5040,0.0755,390.0,677.62,2.9196,coast
5.9600,295.946,25.545,-10.386,1.15570,0.00,0.670,0.5042,0.0753,388.4,677.62,2.9196,coast
5.9650,296.073,25.493,-10.384,1.15570,0.00,0.667,0.5043,0.0752,386.9,677.62,2.9196,coast
5.9700,296.201,25.441,-10.382,1.15570,0.00,0.665,0.5045,0.0750,385.3,677.62,2.9196,coast
5.9750,296.328,25.389,-10.380,1.15570,0.00,0.662,0.5046,0.0749,383.7,677.62,2.9196,coast
5.9800,296.455,25.337,-10.378,1.15570,0.00,0.660,0.5047,0.0747,382.1,677.62,2.9196,coast
5.9850,296.581,25.285,-10.375,1.15570,0.00,0.657,0.5049,0.0746,380.6,677.62,2.9196,coast
5.9900,296.707,25.233,-10.373,1.15570,0.00,0.655,0.5050,0.0744,379.0,677.62,2.9196,coast
5.9950,296.833,25.181,-10.371,1.15570,0.00,0.652,0.5052,0.0742,377.4,677.62,2.9196,coast
6.0000,296.959,25.130,-10.369,1.15570,0.00,0.650,0.5053,0.0741,375.9,677.62,2.9196,coast
6.0050,297.085,25.078,-10.367,1.15570,0.00,0.647,0.5055,0.0739,374.3,677.62,2.9196,coast
6.0100,297.210,25.026,-10.365,1.15570,0.00,0.645,0.5056,0.0738,372.8,677.62,2.9196,coast
6.0150,297.335,24.974,-10.362,1.15570,0.00,0.642,0.5058,0.0736,371.2,677.62,2.9196,coast
6.0200,297.460,24.922,-10.360,1.15570,0.00,0.640,0.5059,0.0735,369.7,677.62,2.9196,coast
6.0250,297.584,24.870,-10.358,1.15570,0.00,0.637,0.5060,0.0733,368.1,677.62,2.9196,coast
6.0300,297.708,24.819,-10.356,1.15570,0.00,0.635,0.5062,0.0732,366.6,677.62,2.9196,coast
6.0350,297.832,24.767,-10.354,1.15570,0.00,0.632,0.5063,0.0730,365.1,677.62,2.9196,coast
6.0400,297.956,24.715,-10.352,1.15570,0.00,0.630,0.5065,0.0729,363.6,677.62,2.9196,coast
6.0450,298.080,24.663,-10.350,1.15570,0.00,0.627,0.5066,0.0727,362.0,677.62,2.9196,coast
6.0500,298.203,24.612,-10.347,1.15570,0.00,0.625,0.5068,0.0726,360.5,677.62,2.9196,coast
6.0550,298.326,24.560,-10.345,1.15570,0.00,0.623,0.5069,0.0724,359.0,677.62,2.9196,coast
6.0600,298.448,24.508,-10.343,1.15570,0.00,0.620,0.5071,0.0723,357.5,677.62,2.9196,coast
6.0650,298.571,24.456,-10.341,1.15570,0.00,0.618,0.5072,0.0721,356.0,677.62,2.9196,coast
6.0700,298.693,24.405,-10.339,1.15570,0.00,0.615,0.5074,0.0720,354.5,677.62,2.9196,coast
6.0750,298.815,24.353,-10.337,1.15570,0.00,0.613,0.5075,0.0718,352.9,677.62,2.9196,coast
6.0800,298.936,24.301,-10.335,1.15570,0.00,0.610,0.5077,0.0717,351.4,677.62,2.9196,coast
6.0850,299.058,24.250,-10.333,1.15570,0.00,0.608,0.5078,0.0715,350.0,677.62,2.9196,coast
6.0900,299.179,24.198,-10.331,1.15570,0.00,0.606,0.5080,0.0714,348.5,677.62,2.9196,coast
6.0950,299.300,24.146,-10.329,1.15570,0.00,0.603,0.5081,0.0712,347.0,677.62,2.9196,coast
6.1000,299.420,24.095,-10.326,1.15570,0.00,0.601,0.5083,0.0710,345.5,677.62,2.9196,coast
6.1050,299.541,24.043,-10.324,1.15570,0.00,0.598,0.5084,0.0709,344.0,677.62,2.9196,coast
6.1100,299.661,23.992,-10.322,1.15570,0.00,0.596,0.5086,0.0707,342.5,677.62,2.9196,coast
6.1150,299.781,23.940,-10.320,1.15570,0.00,0.594,0.5087,0.0706,341.0,677.62,2.9196,coast
6.1200,299.900,23.888,-10.318,1.15570,0.00,0.591,0.5089,0.0704,339.6,677.62,2.9196,coast
6.1250,300.020,23.837,-10.316,1.15570,0.00,0.589,0.5090,0.0703,338.1,677.62,2.9196,coast
6.1300,300.139,23.785,-10.314,1.15570,0.00,0.586,0.5092,0.0701,336.6,677.62,2.9196,coast
6.1350,300.257,23.734,-10.312,1.15570,0.00,0.584,0.5093,0.0700,335.2,677.62,2.9196,coast
6.1400,300.376,23.682,-10.310,1.15570,0.00,0.582,0.5095,0.0698,333.7,677.62,2.9196,coast
6.1450,300.494,23.631,-10.308,1.15570,0.00,0.579,0.5096,0.0697,332.3,677.62,2.9196,coast
6.1500,300.612,23.579,-10.306,1.15570,0.00,0.577,0.5098,0.0695,330.8,677.62,2.9196,coast
6.1550,300.730,23.527,-10.304,1.15570,0.00,0.575,0.5100,0.0694,329.4,677.62,2.9196,coast
6.1600,300.848,23.476,-10.302,1.15570,0.00,0.572,0.5101,0.0692,327.9,677.62,2.9196,coast
6.1650,300.965,23.424,-10.300,1.15570,0.00,0.570,0.5103,0.0691,326.5,677.62,2.9196,coast
6.1700,301.082,23.373,-10.298,1.15570,0.00,0.568,0.5104,0.0689,325.0,677.62,2.9196,coast
6.1750,301.199,23.321,-10.296,1.15570,0.00,0.565,0.5106,0.0688,323.6,677.62,2.9196,coast
6.1800,301.315,23.270,-10.294,1.15570,0.00,0.563,0.5107,0.0686,322.2,677.62,2.9196,coast
6.1850,301.431,23.219,-10.292,1.15570,0.00,0.561,0.5109,0.0685,320.7,677.62,2.9196,coast
6.1900,301.547,23.167,-10.290,1.15570,0.00,0.558,0.5111,0.0683,319.3,677.62,2.9196,coast
6.1950,301.663,23.116,-10.288,1.15570,0.00,0.556,0.5112,0.0682,317.9,677.62,2.9196,coast
6.2000,301.778,23.064,-10.286,1.15570,0.00,0.554,0.5114,0.0680,316.5,677.62,2.9196,coast
6.2050,301.894,23.013,-10.284,1.15570,0.00,0.551,0.5115,0.0679,315.1,677.62,2.9196,coast
6.2100,302.008,22.961,-10.282,1.15570,0.00,0.549,0.5117,0.0677,313.7,677.62,2.9196,coast
6.2150,302.123,22.910,-10.280,1.15570,0.00,0.547,0.5118,0.0676,312.3,677.62,2.9196,coast
6.2200,302.238,22.859,-10.278,1.15570,0.00,0.545,0.5120,0.0674,310.9,677.62,2.9196,coast
6.2250,302.352,22.807,-10.276,1.15570,0.00,0.542,0.5122,0.0673,309.5,677.62,2.9196,coast
6.2300,302.466,22.756,-10.274,1.15570,0.00,0.540,0.5123,0.0671,308.1,677.62,2.9196,coast
6.2350,302.579,22.704,-10.272,1.15570,0.00,0.538,0.5125,0.0669,306.7,677.62,2.9196,coast
6.2400,302.693,22.653,-10.270,1.15570,0.00,0.535,0.5127,0.0668,305.3,677.62,2.9196,coast
6.2450,302.806,22.602,-10.268,1.15570,0.00,0.533,0.5128,0.0666,303.9,677.62,2.9196,coast
6.2500,302.919,22.550,-10.266,1.15570,0.00,0.531,0.5130,0.0665,302.5,677.62,2.9196,coast
6.2550,303.031,22.499,-10.264,1.15570,0.00,0.529,0.5131,0.0663,301.1,677.62,2.9196,coast
6.2600,303.144,22.448,-10.262,1.15570,0.00,0.526,0.5133,0.0662,299.8,677.62,2.9196,coast
6.2650,303.256,22.396,-10.260,1.15570,0.00,0.524,0.5135,0.0660,298.4,677.62,2.9196,coast
6.2700,303.368,22.345,-10.258,1.15570,0.00,0.522,0.5136,0.0659,297.0,677.62,2.9196,coast
6.2750,303.479,22.294,-10.256,1.15570,0.00,0.520,0.5138,0.0657,295.7,677.62,2.9196,coast
6.2800,303.591,22.243,-10.254,1.15570,0.00,0.517,0.5140,0.0656,294.3,677.62,2.9196,coast
6.2850,303.702,22.191,-10.252,1.15570,0.00,0.515,0.5141,0.0654,292.9,677.62,2.9196,coast
6.2900,303.813,22.140,-10.251,1.15570,0.00,0.513,0.5143,0.0653,291.6,677.62,2.9196,coast
6.2950,303.923,22.089,-10.249,1.15570,0.00,0.511,0.5145,0.0651,290.2,677.62,2.9196,coast
6.3000,304.033,22.038,-10.247,1.15570,0.00,0.509,0.5146,0.0650,288.9,677.62,2.9196,coast
6.3050,304.143,21.986,-10.245,1.15570,0.00,0.506,0.5148,0.0648,287.5,677.62,2.9196,coast
6.3100,304.253,21.935,-10.243,1.15570,0.00,0.504,0.5150,0.0647,286.2,677.62,2.9196,coast
6.3150,304.363,21.884,-10.241,1.15570,0.00,0.502,0.5151,0.0645,284.9,677.62,2.9196,coast
6.3200,304.472,21.833,-10.239,1.15570,0.00,0.500,0.5153,0.0644,283.5,677.62,2.9196,coast
6.3250,304.581,21.782,-10.237,1.15570,0.00,0.498,0.5155,0.0642,282.2,677.62,2.9196,coast
6.3300,304.690,21.730,-10.235,1.15570,0.00,0.495,0.5157,0.0641,280.9,677.62,2.9196,coast
6.3350,304.798,21.679,-10.233,1.15570,0.00,0.493,0.5158,0.0639,279.5,677.62,2.9196,coast
6.3400,304.907,21.628,-10.232,1.15570,0.00,0.491,0.5160,0.0638,278.2,677.62,2.9196,coast
6.3450,305.015,21.577,-10.230,1.15570,0.00,0.489,0.5162,0.0636,276.9,677.62,2.9196,coast
6.3500,305.122,21.526,-10.228,1.15570,0.00,0.487,0.5163,0.0635,275.6,677.62,2.9196,coast
6.3550,305.230,21.475,-10.226,1.15570,0.00,0.485,0.5165,0.0633,274.3,677.62,2.9196,coast
6.3600,305.337,21.423,-10.224,1.15570,0.00,0.483,0.5167,0.0632,273.0,677.62,2.9196,coast
6.3650,305.444,21.372,-10.222,1.15570,0.00,0.480,0.5169,0.0630,271.7,677.62,2.9196,coast
6.3700,305.551,21.321,-10.220,1.15570,0.00,0.478,0.5170,0.0629,270.4,677.62,2.9196,coast
6.3750,305.657,21.270,-10.219,1.15570,0.00,0.476,0.5172,0.0627,269.1,677.62,2.9196,coast
6.3800,305.764,21.219,-10.217,1.15570,0.00,0.474,0.5174,0.0626,267.8,677.62,2.9196,coast
6.3850,305.870,21.168,-10.215,1.15570,0.00,0.472,0.5176,0.0624,266.5,677.62,2.9196,coast
6.3900,305.975,21.117,-10.213,1.15570,0.00,0.470,0.5177,0.0623,265.2,677.62,2.9196,coast
6.3950,306.081,21.066,-10.211,1.15570,0.00,0.468,0.5179,0.0621,263.9,677.62,2.9196,coast
6.4000,306.186,21.015,-10.209,1.15570,0.00,0.466,0.5181,0.0620,262.6,677.62,2.9196,coast
6.4050,306.291,20.964,-10.208,1.15570,0.00,0.463,0.5183,0.0618,261.4,677.62,2.9196,coast
6.4100,306.396,20.913,-10.206,1.15570,0.00,0.461,0.5184,0.0617,260.1,677.62,2.9196,coast
6.4150,306.500,20.862,-10.204,1.15570,0.00,0.459,0.5186,0.0615,258.8,677.62,2.9196,coast
6.4200,306.604,20.811,-10.202,1.15570,0.00,0.457,0.5188,0.0614,257.5,677.62,2.9196,coast
6.4250,306.708,20.760,-10.200,1.15570,0.00,0.455,0.5190,0.0612,256.3,677.62,2.9196,coast
6.4300,306.812,20.709,-10.199,1.15570,0.00,0.453,0.5192,0.0611,255.0,677.62,2.9196,coast
6.4350,306.915,20.658,-10.197,1.15570,0.00,0.451,0.5193,0.0609,253.8,677.62,2.9196,coast
6.4400,307.018,20.607,-10.195,1.15570,0.00,0.449,0.5195,0.0608,252.5,677.62,2.9196,coast
6.4450,307.121,20.556,-10.193,1.15570,0.00,0.447,0.5197,0.0606,251.3,677.62,2.9196,coast
6.4500,307.224,20.505,-10.191,1.15570,0.00,0.445,0.5199,0.0605,250.0,677.62,2.9196,coast
6.4550,307.326,20.454,-10.190,1.15570,0.00,0.443,0.5201,0.0603,248.8,677.62,2.9196,coast
6.4600,307.429,20.403,-10.188,1.15570,0.00,0.441,0.5203,0.0602,247.5,677.62,2.9196,coast
6.4650,307.530,20.352,-10.186,1.15570,0.00,0.439,0.5204,0.0600,246.3,677.62,2.9196,coast
6.4700,307.632,20.301,-10.184,1.15570,0.00,0.436,0.5206,0.0599,245.1,677.62,2.9196,coast
6.4750,307.733,20.250,-10.183,1.15570,0.00,0.434,0.5208,0.0597,243.8,677.62,2.9196,coast
6.4800,307.835,20.199,-10.181,1.15570,0.00,0.432,0.5210,0.0596,242.6,677.62,2.9196,coast
6.4850,307.935,20.148,-10.179,1.15570,0.00,0.430,0.5212,0.0594,241.4,677.62,2.9196,coast
6.4900,308.036,20.097,-10.177,1.15570,0.00,0.428,0.5214,0.0593,240.2,677.62,2.9196,coast
6.4950,308.136,20.047,-10.176,1.15570,0.00,0.426,0.5216,0.0591,238.9,677.62,2.9196,coast
6.5000,308.236,19.996,-10.174,1.15570,0.00,0.424,0.5217,0.0590,237.7,677.62,2.9196,coast
6.5050,308.336,19.945,-10.172,1.15570,0.00,0.422,0.5219,0.0588,236.5,677.62,2.9196,coast
6.5100,308.436,19.894,-10.170,1.15570,0.00,0.420,0.5221,0.0587,235.3,677.62,2.9196,coast
6.5150,308.535,19.843,-10.169,1.15570,0.00,0.418,0.5223,0.0585,234.1,677.62,2.9196,coast
6.5200,308.634,19.792,-10.167,1.15570,0.00,0.416,0.5225,0.0584,232.9,677.62,2.9196,coast
6.5250,308.733,19.741,-10.165,1.15570,0.00,0.414,0.5227,0.0582,231.7,677.62,2.9196,coast
6.5300,308.832,19.691,-10.163,1.15570,0.00,0.412,0.5229,0.0581,230.5,677.62,2.9196,coast
6.5350,308.930,19.640,-10.162,1.15570,0.00,0.410,0.5231,0.0579,229.3,677.62,2.9196,coast
6.5400,309.028,19.589,-10.160,1.15570,0.00,0.408,0.5233,0.0578,228.1,677.62,2.9196,coast
6.5450,309.126,19.538,-10.158,1.15570,0.00,0.406,0.5235,0.0576,227.0,677.62,2.9196,coast
6.5500,309.224,19.487,-10.157,1.15570,0.00,0.404,0.5237,0.0575,225.8,677.62,2.9196,coast
6.5550,309.321,19.437,-10.155,1.15570,0.00,0.403,0.5239,0.0573,224.6,677.62,2.9196,coast
6.5600,309.418,19.386,-10.153,1.15570,0.00,0.401,0.5241,0.0572,223.4,677.62,2.9196,coast
6.5650,309.515,19.335,-10.152,1.15570,0.00,0.399,0.5242,0.0570,222.3,677.62,2.9196,coast
6.5700,309.611,19.284,-10.150,1.15570,0.00,0.397,0.5244,0.0569,221.1,677.62,2.9196,coast
6.5750,309.708,19.234,-10.148,1.15570,0.00,0.395,0.5246,0.0567,219.9,677.62,2.9196,coast
6.5800,309.804,19.183,-10.147,1.15570,0.00,0.393,0.5248,0.0566,218.8,677.62,2.9196,coast
6.5850,309.899,19.132,-10.145,1.15570,0.00,0.391,0.5250,0.0564,217.6,677.62,2.9196,coast
6.5900,309.995,19.081,-10.143,1.15570,0.00,0.389,0.5252,0.0563,216.4,677.62,2.9196,coast
6.5950,310.090,19.031,-10.142,1.15570,0.00,0.387,0.5254,0.0561,215.3,677.62,2.9196,coast
6.6000,310.185,18.980,-10.140,1.15570,0.00,0.385,0.5256,0.0560,214.2,677.62,2.9196,coast
6.6050,310.280,18.929,-10.138,1.15570,0.00,0.383,0.5258,0.0558,213.0,677.62,2.9196,coast
6.6100,310.375,18.879,-10.137,1.15570,0.00,0.381,0.5260,0.0557,211.9,677.62,2.9196,coast
6.6150,310.469,18.828,-10.135,1.15570,0.00,0.379,0.5262,0.0555,210.7,677.62,2.9196,coast
6.6200,310.563,18.777,-10.133,1.15570,0.00,0.377,0.5264,0.0554,209.6,677.62,2.9196,coast
6.6250,310.657,18.727,-10.132,1.15570,0.00,0.376,0.5266,0.0552,208.5,677.62,2.9196,coast
6.6300,310.750,18.676,-10.130,1.15570,0.00,0.374,0.5268,0.0551,207.3,677.62,2.9196,coast
6.6350,310.843,18.625,-10.128,1.15570,0.00,0.372,0.5271,0.0549,206.2,677.62,2.9196,coast
6.6400,310.936,18.575,-10.127,1.15570,0.00,0.370,0.5273,0.0548,205.1,677.62,2.9196,coast
6.6450,311.029,18.524,-10.125,1.15570,0.00,0.368,0.5275,0.0546,204.0,677.62,2.9196,coast
6.6500,311.122,18.473,-10.124,1.15570,0.00,0.366,0.5277,0.0545,202.9,677.62,2.9196,coast
6.6550,311.214,18.423,-10.122,1.15570,0.00,0.364,0.5279,0.0543,201.7,677.62,2.9196,coast
6.6600,311.306,18.372,-10.120,1.15570,0.00,0.362,0.5281,0.0542,200.6,677.62,2.9196,coast
6.6650,311.398,18.322,-10.119,1.15570,0.00,0.361,0.5283,0.0540,199.5,677.62,2.9196,coast
6.6700,311.489,18.271,-10.117,1.15570,0.00,0.359,0.5285,0.0539,198.4,677.62,2.9196,coast
6.6750,311.580,18.220,-10.115,1.15570,0.00,0.357,0.5287,0.0537,197.3,677.62,2.9196,coast
6.6800,311.671,18.170,-10.114,1.15570,0.00,0.355,0.5289,0.0536,196.2,677.62,2.9196,coast
6.6850,311.762,18.119,-10.112,1.15570,0.00,0.353,0.5291,0.0534,195.1,677.62,2.9196,coast
6.6900,311.852,18.069,-10.111,1.15570,0.00,0.351,0.5293,0.0533,194.0,677.62,2.9196,coast
6.6950,311.943,18.018,-10.109,1.15570,0.00,0.350,0.5296,0.0531,193.0,677.62,2.9196,coast
6.7000,312.033,17.968,-10.108,1.15570,0.00,0.348,0.5298,0.0530,191.9,677.62,2.9196,coast
6.7050,312.122,17.917,-10.106,1.15570,0.00,0.346,0.5300,0.0528,190.8,677.62,2.9196,coast
6.7100,312.212,17.867,-10.104,1.15570,0.00,0.344,0.5302,0.0527,189.7,677.62,2.9196,coast
6.7150,312.301,17.816,-10.103,1.15570,0.00,0.342,0.5304,0.0525,188.7,677.62,2.9196,coast
6.7200,312.390,17.766,-10.101,1.15570,0.00,0.341,0.5306,0.0524,187.6,677.62,2.9196,coast
6.7250,312.479,17.715,-10.100,1.15570,0.00,0.339,0.5308,0.0522,186.5,677.62,2.9196,coast
6.7300,312.567,17.665,-10.098,1.15570,0.00,0.337,0.5311,0.0521,185.5,677.62,2.9196,coast
6.7350,312.655,17.614,-10.097,1.15570,0.00,0.335,0.5313,0.0519,184.4,677.62,2.9196,coast
6.7400,312.743,17.564,-10.095,1.15570,0.00,0.333,0.5315,0.0518,183.3,677.62,2.9196,coast
6.7450,312.831,17.513,-10.094,1.15570,0.00,0.332,0.5317,0.0516,182.3,677.62,2.9196,coast
6.7500,312.918,17.463,-10.092,1.15570,0.00,0.330,0.5319,0.0515,181.2,677.62,2.9196,coast
6.7550,313.006,17.412,-10.091,1.15570,0.00,0.328,0.5322,0.0513,180.2,677.62,2.9196,coast
6.7600,313.092,17.362,-10.089,1.15570,0.00,0.326,0.5324,0.0512,179.1,677.62,2.9196,coast
6.7650,313.179,17.311,-10.087,1.15570,0.00,0.325,0.5326,0.0511,178.1,677.62,2.9196,coast
6.7700,313.266,17.261,-10.086,1.15570,0.00,0.323,0.5328,0.0509,177.1,677.62,2.9196,coast
6.7750,313.352,17.210,-10.084,1.15570,0.00,0.321,0.5331,0.0508,176.0,677.62,2.9196,coast
6.7800,313.438,17.160,-10.083,1.15570,0.00,0.319,0.5333,0.0506,175.0,677.62,2.9196,coast
6.7850,313.523,17.110,-10.081,1.15570,0.00,0.318,0.5335,0.0505,174.0,677.62,2.9196,coast
6.7900,313.609,17.059,-10.080,1.15570,0.00,0.316,0.5337,0.0503,172.9,677.62,2.9196,coast
6.7950,313.694,17.009,-10.078,1.15570,0.00,0.314,0.5340,0.0502,171.9,677.62,2.9196,coast
6.8000,313.779,16.958,-10.077,1.15570,0.00,0.312,0.5342,0.0500,170.9,677.62,2.9196,coast
6.8050,313.864,16.908,-10.075,1.15570,0.00,0.311,0.5344,0.0499,169.9,677.62,2.9196,coast
6.8100,313.948,16.858,-10.074,1.15570,0.00,0.309,0.5346,0.0497,168.9,677.62,2.9196,coast
6.8150,314.032,16.807,-10.072,1.15570,0.00,0.307,0.5349,0.0496,167.9,677.62,2.9196,coast
6.8200,314.116,16.757,-10.071,1.15570,0.00,0.305,0.5351,0.0494,166.9,677.62,2.9196,coast
6.8250,314.200,16.707,-10.069,1.15570,0.00,0.304,0.5353,0.0493,165.9,677.62,2.9196,coast
6.8300,314.283,16.656,-10.068,1.15570,0.00,0.302,0.5356,0.0491,164.9,677.62,2.9196,coast
6.8350,314.366,16.606,-10.067,1.15570,0.00,0.300,0.5358,0.0490,163.9,677.62,2.9196,coast
6.8400,314.449,16.556,-10.065,1.15570,0.00,0.299,0.5360,0.0488,162.9,677.62,2.9196,coast
6.8450,314.532,16.505,-10.064,1.15570,0.00,0.297,0.5363,0.0487,161.9,677.62,2.9196,coast
6.8500,314.614,16.455,-10.062,1.15570,0.00,0.295,0.5365,0.0485,160.9,677.62,2.9196,coast
6.8550,314.696,16.405,-10.061,1.15570,0.00,0.294,0.5368,0.0484,159.9,677.62,2.9196,coast
6.8600,314.778,16.354,-10.059,1.15570,0.00,0.292,0.5370,0.0482,158.9,677.62,2.9196,coast
6.8650,314.860,16.304,-10.058,1.15570,0.00,0.290,0.5372,0.0481,158.0,677.62,2.9196,coast
6.8700,314.941,16.254,-10.056,1.15570,0.00,0.289,0.5375,0.0479,157.0,677.62,2.9196,coast
6.8750,315.022,16.203,-10.055,1.15570,0.00,0.287,0.5377,0.0478,156.0,677.62,2.9196,coast
6.8800,315.103,16.153,-10.054,1.15570,0.00,0.285,0.5380,0.0476,155.0,677.62,2.9196,coast
6.8850,315.184,16.103,-10.052,1.15570,0.00,0.284,0.5382,0.0475,154.1,677.62,2.9196,coast
6.8900,315.264,16.053,-10.051,1.15570,0.00,0.282,0.5384,0.0473,153.1,677.62,2.9196,coast
6.8950,315.344,16.002,-10.049,1.15570,0.00,0.280,0.5387,0.0472,152.2,677.62,2.9196,coast
6.9000,315.424,15.952,-10.048,1.15570,0.00,0.279,0.5389,0.0470,151.2,677.62,2.9196,coast
6.9050,315.504,15.902,-10.046,1.15570,0.00,0.277,0.5392,0.0469,150.2,677.62,2.9196,coast
6.9100,315.583,15.852,-10.045,1.15570,0.00,0.276,0.5394,0.0467,149.3,677.62,2.9196,coast
6.9150,315.663,15.801,-10.044,1.15570,0.00,0.274,0.5397,0.0466,148.4,677.62,2.9196,coast
6.9200,315.741,15.751,-10.042,1.15570,0.00,0.272,0.5399,0.0465,147.4,677.62,2.9196,coast
6.9250,315.820,15.701,-10.041,1.15570,0.00,0.271,0.5402,0.0463,146.5,677.62,2.9196,coast
6.9300,315.898,15.651,-10.039,1.15570,0.00,0.269,0.5404,0.0462,145.5,677.62,2.9196,coast
6.9350,315.977,15.601,-10.038,1.15570,0.00,0.267,0.5407,0.0460,144.6,677.62,2.9196,coast
6.9400,316.054,15.550,-10.037,1.15570,0.00,0.266,0.5409,0.0459,143.7,677.62,2.9196,coast
6.9450,316.132,15.500,-10.035,1.15570,0.00,0.264,0.5412,0.0457,142.7,677.62,2.9196,coast
6.9500,316.209,15.450,-10.034,1.15570,0.00,0.263,0.5414,0.0456,141.8,677.62,2.9196,coast
6.9550,316.287,15.400,-10.033,1.15570,0.00,0.261,0.5417,0.0454,140.9,677.62,2.9196,coast
6.9600,316.363,15.350,-10.031,1.15570,0.00,0.260,0.5420,0.0453,140.0,677.62,2.9196,coast
6.9650,316.440,15.300,-10.030,1.15570,0.00,0.258,0.5422,0.0451,139.1,677.62,2.9196,coast
6.9700,316.516,15.250,-10.029,1.15570,0.00,0.256,0.5425,0.0450,138.2,677.62,2.9196,coast
6.9750,316.593,15.199,-10.027,1.15570,0.00,0.255,0.5427,0.0448,137.2,677.62,2.9196,coast
6.9800,316.668,15.149,-10.026,1.15570,0.00,0.253,0.5430,0.0447,136.3,677.62,2.9196,coast
6.9850,316.744,15.099,-10.024,1.15570,0.00,0.252,0.5433,0.0445,135.4,677.62,2.9196,coast
6.9900,316.819,15.049,-10.023,1.15570,0.00,0.250,0.5435,0.0444,134.5,677.62,2.9196,coast
6.9950,316.895,14.999,-10.022,1.15570,0.00,0.249,0.5438,0.0442,133.6,677.62,2.9196,coast
7.0000,316.969,14.949,-10.020,1.15570,0.00,0.247,0.5440,0.0441,132.8,677.62,2.9196,coast
7.0050,317.044,14.899,-10.019,1.15570,0.00,0.246,0.5443,0.0439,131.9,677.62,2.9196,coast
7.0100,317.118,14.849,-10.018,1.15570,0.00,0.244,0.5446,0.0438,131.0,677.62,2.9196,coast
7.0150,317.192,14.798,-10.016,1.15570,0.00,0.243,0.5448,0.0436,130.1,677.62,2.9196,coast
7.0200,317.266,14.748,-10.015,1.15570,0.00,0.241,0.5451,0.0435,129.2,677.62,2.9196,coast
7.0250,317.340,14.698,-10.014,1.15570,0.00,0.239,0.5454,0.0433,128.3,677.62,2.9196,coast
7.0300,317.413,14.648,-10.013,1.15570,0.00,0.238,0.5457,0.0432,127.5,677.62,2.9196,coast
7.0350,317.486,14.598,-10.011,1.15570,0.00,0.236,0.5459,0.0431,126.6,677.62,2.9196,coast
7.0400,317.559,14.548,-10.010,1.15570,0.00,0.235,0.5462,0.0429,125.7,677.62,2.9196,coast
7.0450,317.632,14.498,-10.009,1.15570,0.00,0.233,0.5465,0.0428,124.9,677.62,2.9196,coast
7.0500,317.704,14.448,-10.007,1.15570,0.00,0.232,0.5468,0.0426,124.0,677.62,2.9196,coast
7.0550,317.776,14.398,-10.006,1.15570,0.00,0.230,0.5470,0.0425,123.1,677.62,2.9196,coast
7.0600,317.848,14.348,-10.005,1.15570,0.00,0.229,0.5473,0.0423,122.3,677.62,2.9196,coast
7.0650,317.920,14.298,-10.004,1.15570,0.00,0.228,0.5476,0.0422,121.4,677.62,2.9196,coast
7.0700,317.991,14.248,-10.002,1.15570,0.00,0.226,0.5479,0.0420,120.6,677.62,2.9196,coast
7.0750,318.062,14.198,-10.001,1.15570,0.00,0.225,0.5481,0.0419,119.7,677.62,2.9196,coast
7.0800,318.133,14.148,-10.000,1.15570,0.00,0.223,0.5484,0.0417,118.9,677.62,2.9196,coast
7.0850,318.204,14.098,-9.998,1.15570,0.00,0.222,0.5487,0.0416,118.1,677.62,2.9196,coast
7.0900,318.274,14.048,-9.997,1.15570,0.00,0.220,0.5490,0.0414,117.2,677.62,2.9196,coast
7.0950,318.344,13.998,-9.996,1.15570,0.00,0.219,0.5493,0.0413,116.4,677.62,2.9196,coast
7.1000,318.414,13.948,-9.995,1.15570,0.00,0.217,0.5496,0.0411,115.6,677.62,2.9196,coast
7.1050,318.484,13.898,-9.993,1.15570,0.00,0.216,0.5499,0.0410,114.7,677.62,2.9196,coast
7.1100,318.553,13.848,-9.992,1.15570,0.00,0.214,0.5502,0.0408,113.9,677.62,2.9196,coast
7.1150,318.622,13.798,-9.991,1.15570,0.00,0.213,0.5504,0.0407,113.1,677.62,2.9196,coast
7.1200,318.691,13.748,-9.990,1.15570,0.00,0.212,0.5507,0.0405,112.3,677.62,2.9196,coast
7.1250,318.760,13.698,-9.988,1.15570,0.00,0.210,0.5510,0.0404,111.5,677.62,2.9196,coast
7.1300,318.828,13.648,-9.987,1.15570,0.00,0.209,0.5513,0.0403,110.6,677.62,2.9196,coast
7.1350,318.896,13.598,-9.986,1.15570,0.00,0.207,0.5516,0.0401,109.8,677.62,2.9196,coast
7.1400,318.964,13.548,-9.985,1.15570,0.00,0.206,0.5519,0.0400,109.0,677.62,2.9196,coast
7.1450,319.032,13.499,-9.984,1.15570,0.00,0.204,0.5522,0.0398,108.2,677.62,2.9196,coast
7.1500,319.099,13.449,-9.982,1.15570,0.00,0.203,0.5525,0.0397,107.4,677.62,2.9196,coast
7.1550,319.166,13.399,-9.981,1.15570,0.00,0.202,0.5528,0.0395,106.6,677.62,2.9196,coast
7.1600,319.233,13.349,-9.980,1.15570,0.00,0.200,0.5531,0.0394,105.8,677.62,2.9196,coast
7.1650,319.300,13.299,-9.979,1.15570,0.00,0.199,0.5534,0.0392,105.0,677.62,2.9196,coast
7.1700,319.366,13.249,-9.978,1.15570,0.00,0.198,0.5537,0.0391,104.3,677.62,2.9196,coast
7.1750,319.432,13.199,-9.976,1.15570,0.00,0.196,0.5540,0.0389,103.5,677.62,2.9196,coast
7.1800,319.498,13.149,-9.975,1.15570,0.00,0.195,0.5544,0.0388,102.7,677.62,2.9196,coast
7.1850,319.564,13.099,-9.974,1.15570,0.00,0.193,0.5547,0.0386,101.9,677.62,2.9196,coast
7.1900,319.629,13.050,-9.973,1.15570,0.00,0.192,0.5550,0.0385,101.1,677.62,2.9196,coast
7.1950,319.694,13.000,-9.972,1.15570,0.00,0.191,0.5553,0.0383,100.4,677.62,2.9196,coast
7.2000,319.759,12.950,-9.970,1.15570,0.00,0.189,0.5556,0.0382,99.6,677.62,2.9196,coast
7.2050,319.824,12.900,-9.969,1.15570,0.00,0.188,0.5559,0.0380,98.8,677.62,2.9196,coast
7.2100,319.888,12.850,-9.968,1.15570,0.00,0.187,0.5562,0.0379,98.1,677.62,2.9196,coast
7.2150,319.952,12.800,-9.967,1.15570,0.00,0.185,0.5565,0.0378,97.3,677.62,2.9196,coast
7.2200,320.016,12.750,-9.966,1.15570,0.00,0.184,0.5569,0.0376,96.6,677.62,2.9196,coast
7.2250,320.080,12.701,-9.965,1.15570,0.00,0.183,0.5572,0.0375,95.8,677.62,2.9196,coast
7.2300,320.143,12.651,-9.964,1.15570,0.00,0.181,0.5575,0.0373,95.0,677.62,2.9196,coast
7.2350,320.206,12.601,-9.962,1.15570,0.00,0.180,0.5578,0.0372,94.3,677.62,2.9196,coast
7.2400,320.269,12.551,-9.961,1.15570,0.00,0.179,0.5582,0.0370,93.6,677.62,2.9196,coast
7.2450,320.332,12.501,-9.960,1.15570,0.00,0.177,0.5585,0.0369,92.8,677.62,2.9196,coast
7.2500,320.394,12.452,-9.959,1.15570,0.00,0.176,0.5588,0.0367,92.1,677.62,2.9196,coast
7.2550,320.456,12.402,-9.958,1.15570,0.00,0.175,0.5592,0.0366,91.3,677.62,2.9196,coast
7.2600,320.518,12.352,-9.957,1.15570,0.00,0.173,0.5595,0.0364,90.6,677.62,2.9196,coast
7.2650,320.580,12.302,-9.956,1.15570,0.00,0.172,0.5598,0.0363,89.9,677.62,2.9196,coast
7.2700,320.641,12.252,-9.954,1.15570,0.00,0.171,0.5602,0.0361,89.2,677.62,2.9196,coast
7.2750,320.702,12.203,-9.953,1.15570,0.00,0.170,0.5605,0.0360,88.4,677.62,2.9196,coast
7.2800,320.763,12.153,-9.952,1.15570,0.00,0.168,0.5608,0.0358,87.7,677.62,2.9196,coast
7.2850,320.824,12.103,-9.951,1.15570,0.00,0.167,0.5612,0.0357,87.0,677.62,2.9196,coast
7.2900,320.884,12.053,-9.950,1.15570,0.00,0.166,0.5615,0.0355,86.3,677.62,2.9196,coast
7.2950,320.944,12.004,-9.949,1.15570,0.00,0.164,0.5619,0.0354,85.6,677.62,2.9196,coast
7.3000,321.004,11.954,-9.948,1.15570,0.00,0.163,0.5622,0.0353,84.9,677.62,2.9196,coast
7.3050,321.064,11.904,-9.947,1.15570,0.00,0.162,0.5625,0.0351,84.2,677.62,2.9196,coast
7.3100,321.123,11.854,-9.946,1.15570,0.00,0.161,0.5629,0.0350,83.5,677.62,2.9196,coast
7.3150,321.182,11.805,-9.945,1.15570,0.00,0.159,0.5632,0.0348,82.8,677.62,2.9196,coast
7.3200,321.241,11.755,-9.944,1.15570,0.00,0.158,0.5636,0.0347,82.1,677.62,2.9196,coast
7.3250,321.300,11.705,-9.942,1.15570,0.00,0.157,0.5640,0.0345,81.4,677.62,2.9196,coast
7.3300,321.358,11.656,-9.941,1.15570,0.00,0.156,0.5643,0.0344,80.7,677.62,2.9196,coast
7.3350,321.417,11.606,-9.940,1.15570,0.00,0.155,0.5647,0.0342,80.0,677.62,2.9196,coast
7.3400,321.474,11.556,-9.939,1.15570,0.00,0.153,0.5650,0.0341,79.3,677.62,2.9196,coast
7.3450,321.532,11.506,-9.938,1.15570,0.00,0.152,0.5654,0.0339,78.6,677.62,2.9196,coast
7.3500,321.589,11.457,-9.937,1.15570,0.00,0.151,0.5658,0.0338,77.9,677.62,2.9196,coast
7.3550,321.647,11.407,-9.936,1.15570,0.00,0.150,0.5661,0.0336,77.3,677.62,2.9196,coast
7.3600,321.704,11.357,-9.935,1.15570,0.00,0.148,0.5665,0.0335,76.6,677.62,2.9196,coast
7.3650,321.760,11.308,-9.934,1.15570,0.00,0.147,0.5669,0.0334,75.9,677.62,2.9196,coast
7.3700,321.817,11.258,-9.933,1.15570,0.00,0.146,0.5672,0.0332,75.3,677.62,2.9196,coast
7.3750,321.873,11.208,-9.932,1.15570,0.00,0.145,0.5676,0.0331,74.6,677.62,2.9196,coast
7.3800,321.929,11.159,-9.931,1.15570,0.00,0.144,0.5680,0.0329,73.9,677.62,2.9196,coast
7.3850,321.984,11.109,-9.930,1.15570,0.00,0.142,0.5683,0.0328,73.3,677.62,2.9196,coast
7.3900,322.040,11.059,-9.929,1.15570,0.00,0.141,0.5687,0.0326,72.6,677.62,2.9196,coast
7.3950,322.095,11.010,-9.928,1.15570,0.00,0.140,0.5691,0.0325,72.0,677.62,2.9196,coast
7.4000,322.150,10.960,-9.927,1.15570,0.00,0.139,0.5695,0.0323,71.3,677.62,2.9196,coast
7.4050,322.205,10.911,-9.926,1.15570,0.00,0.138,0.5699,0.0322,70.7,677.62,2.9196,coast
7.4100,322.259,10.861,-9.925,1.15570,0.00,0.137,0.5703,0.0320,70.0,677.62,2.9196,coast
7.4150,322.313,10.811,-9.924,1.15570,0.00,0.135,0.5706,0.0319,69.4,677.62,2.9196,coast
7.4200,322.367,10.762,-9.923,1.15570,0.00,0.134,0.5710,0.0317,68.8,677.62,2.9196,coast
7.4250,322.421,10.712,-9.922,1.15570,0.00,0.133,0.5714,0.0316,68.1,677.62,2.9196,coast
7.4300,322.474,10.662,-9.921,1.15570,0.00,0.132,0.5718,0.0314,67.5,677.62,2.9196,coast
7.4350,322.527,10.613,-9.920,1.15570,0.00,0.131,0.5722,0.0313,66.9,677.62,2.9196,coast
7.4400,322.580,10.563,-9.919,1.15570,0.00,0.130,0.5726,0.0312,66.3,677.62,2.9196,coast
7.4450,322.633,10.514,-9.918,1.15570,0.00,0.129,0.5730,0.0310,65.6,677.62,2.9196,coast
7.4500,322.686,10.464,-9.917,1.15570,0.00,0.128,0.5734,0.0309,65.0,677.62,2.9196,coast
7.4550,322.738,10.414,-9.916,1.15570,0.00,0.126,0.5738,0.0307,64.4,677.62,2.9196,coast
7.4600,322.790,10.365,-9.915,1.15570,0.00,0.125,0.5742,0.0306,63.8,677.62,2.9196,coast
7.4650,322.841,10.315,-9.914,1.15570,0.00,0.124,0.5747,0.0304,63.2,677.62,2.9196,coast
7.4700,322.893,10.266,-9.913,1.15570,0.00,0.123,0.5751,0.0303,62.6,677.62,2.9196,coast
7.4750,322.944,10.216,-9.912,1.15570,0.00,0.122,0.5755,0.0301,62.0,677.62,2.9196,coast
7.4800,322.995,10.167,-9.911,1.15570,0.00,0.121,0.5759,0.0300,61.4,677.62,2.9196,coast
7.4850,323.046,10.117,-9.910,1.15570,0.00,0.120,0.5763,0.0298,60.8,677.62,2.9196,coast
7.4900,323.096,10.068,-9.909,1.15570,0.00,0.119,0.5768,0.0297,60.2,677.62,2.9196,coast
7.4950,323.146,10.018,-9.908,1.15570,0.00,0.118,0.5772,0.0295,59.6,677.62,2.9196,coast
7.5000,323.196,9.968,-9.908,1.15570,0.00,0.117,0.5776,0.0294,59.0,677.62,2.9196,coast
7.5050,323.246,9.919,-9.907,1.15570,0.00,0.116,0.5780,0.0293,58.4,677.62,2.9196,coast
7.5100,323.296,9.869,-9.906,1.15570,0.00,0.114,0.5785,0.0291,57.8,677.62,2.9196,coast
7.5150,323.345,9.820,-9.905,1.15570,0.00,0.113,0.5789,0.0290,57.3,677.62,2.9196,coast
7.5200,323.394,9.770,-9.904,1.15570,0.00,0.112,0.5793,0.0288,56.7,677.62,2.9196,coast
7.5250,323.442,9.721,-9.903,1.15570,0.00,0.111,0.5798,0.0287,56.1,677.62,2.9196,coast
7.5300,323.491,9.671,-9.902,1.15570,0.00,0.110,0.5802,0.0285,55.5,677.62,2.9196,coast
7.5350,323.539,9.622,-9.901,1.15570,0.00,0.109,0.5807,0.0284,55.0,677.62,2.9196,coast
7.5400,323.587,9.572,-9.900,1.15570,0.00,0.108,0.5811,0.0282,54.4,677.62,2.9196,coast
7.5450,323.635,9.523,-9.899,1.15570,0.00,0.107,0.5816,0.0281,53.8,677.62,2.9196,coast
7.5500,323.682,9.473,-9.898,1.15570,0.00,0.106,0.5820,0.0279,53.3,677.62,2.9196,coast
7.5550,323.730,9.424,-9.898,1.15570,0.00,0.105,0.5825,0.0278,52.7,677.62,2.9196,coast
7.5600,323.777,9.374,-9.897,1.15570,0.00,0.104,0.5830,0.0276,52.2,677.62,2.9196,coast
7.5650,323.823,9.325,-9.896,1.15570,0.00,0.103,0.5834,0.0275,51.6,677.62,2.9196,coast
7.5700,323.870,9.275,-9.895,1.15570,0.00,0.102,0.5839,0.0274,51.1,677.62,2.9196,coast
7.5750,323.916,9.226,-9.894,1.15570,0.00,0.101,0.5844,0.0272,50.5,677.62,2.9196,coast
7.5800,323.962,9.176,-9.893,1.15570,0.00,0.100,0.5848,0.0271,50.0,677.62,2.9196,coast
7.5850,324.008,9.127,-9.892,1.15570,0.00,0.099,0.5853,0.0269,49.5,677.62,2.9196,coast
7.5900,324.053,9.078,-9.891,1.15570,0.00,0.098,0.5858,0.0268,48.9,677.62,2.9196,coast
7.5950,324.099,9.028,-9.891,1.15570,0.00,0.097,0.5863,0.0266,48.4,677.62,2.9196,coast
7.6000,324.144,8.979,-9.890,1.15570,0.00,0.096,0.5868,0.0265,47.9,677.62,2.9196,coast
7.6050,324.188,8.929,-9.889,1.15570,0.00,0.095,0.5872,0.0263,47.3,677.62,2.9196,coast
7.6100,324.233,8.880,-9.888,1.15570,0.00,0.094,0.5877,0.0262,46.8,677.62,2.9196,coast
7.6150,324.277,8.830,-9.887,1.15570,0.00,0.093,0.5882,0.0260,46.3,677.62,2.9196,coast
7.6200,324.321,8.781,-9.886,1.15570,0.00,0.092,0.5887,0.0259,45.8,677.62,2.9196,coast
7.6250,324.365,8.731,-9.886,1.15570,0.00,0.091,0.5892,0.0258,45.3,677.62,2.9196,coast
7.6300,324.409,8.682,-9.885,1.15570,0.00,0.090,0.5897,0.0256,44.7,677.62,2.9196,coast
7.6350,324.452,8.633,-9.884,1.15570,0.00,0.089,0.5902,0.0255,44.2,677.62,2.9196,coast
7.6400,324.495,8.583,-9.883,1.15570,0.00,0.088,0.5907,0.0253,43.7,677.62,2.9196,coast
7.6450,324.538,8.534,-9.882,1.15570,0.00,0.087,0.5913,0.0252,43.2,677.62,2.9196,coast
7.6500,324.580,8.484,-9.882,1.15570,0.00,0.087,0.5918,0.0250,42.7,677.62,2.9196,coast
7.6550,324.623,8.435,-9.881,1.15570,0.00,0.086,0.5923,0.0249,42.2,677.62,2.9196,coast
7.6600,324.665,8.386,-9.880,1.15570,0.00,0.085,0.5928,0.0247,41.7,677.62,2.9196,coast
7.6650,324.706,8.336,-9.879,1.15570,0.00,0.084,0.5934,0.0246,41.3,677.62,2.9196,coast
7.6700,324.748,8.287,-9.878,1.15570,0.00,0.083,0.5939,0.0244,40.8,677.62,2.9196,coast
7.6750,324.789,8.237,-9.878,1.15570,0.00,0.082,0.5944,0.0243,40.3,677.62,2.9196,coast
7.6800,324.830,8.188,-9.877,1.15570,0.00,0.081,0.5950,0.0242,39.8,677.62,2.9196,coast
7.6850,324.871,8.139,-9.876,1.15570,0.00,0.080,0.5955,0.0240,39.3,677.62,2.9196,coast
7.6900,324.912,8.089,-9.875,1.15570,0.00,0.079,0.5961,0.0239,38.8,677.62,2.9196,coast
7.6950,324.952,8.040,-9.874,1.15570,0.00,0.078,0.5966,0.0237,38.4,677.62,2.9196,coast
7.7000,324.992,7.990,-9.874,1.15570,0.00,0.077,0.5972,0.0236,37.9,677.62,2.9196,coast
7.7050,325.032,7.941,-9.873,1.15570,0.00,0.077,0.5977,0.0234,37.4,677.62,2.9196,coast
7.7100,325.072,7.892,-9.872,1.15570,0.00,0.076,0.5983,0.0233,37.0,677.62,2.9196,coast
7.7150,325.111,7.842,-9.871,1.15570,0.00,0.075,0.5989,0.0231,36.5,677.62,2.9196,coast
7.7200,325.150,7.793,-9.871,1.15570,0.00,0.074,0.5995,0.0230,36.1,677.62,2.9196,coast
7.7250,325.189,7.744,-9.870,1.15570,0.00,0.073,0.6000,0.0228,35.6,677.62,2.9196,coast
7.7300,325.227,7.694,-9.869,1.15570,0.00,0.072,0.6006,0.0227,35.1,677.62,2.9196,coast
7.7350,325.266,7.645,-9.868,1.15570,0.00,0.071,0.6012,0.0225,34.7,677.62,2.9196,coast
7.7400,325.304,7.596,-9.868,1.15570,0.00,0.071,0.6018,0.0224,34.2,677.62,2.9196,coast
7.7450,325.342,7.546,-9.867,1.15570,0.00,0.070,0.6024,0.0223,33.8,677.62,2.9196,coast
7.7500,325.379,7.497,-9.866,1.15570,0.00,0.069,0.6030,0.0221,33.4,677.62,2.9196,coast
7.7550,325.417,7.448,-9.865,1.15570,0.00,0.068,0.6036,0.0220,32.9,677.62,2.9196,coast
7.7600,325.454,7.398,-9.865,1.15570,0.00,0.067,0.6042,0.0218,32.5,677.62,2.9196,coast
7.7650,325.491,7.349,-9.864,1.15570,0.00,0.066,0.6048,0.0217,32.1,677.62,2.9196,coast
7.7700,325.527,7.300,-9.863,1.15570,0.00,0.066,0.6054,0.0215,31.6,677.62,2.9196,coast
7.7750,325.564,7.250,-9.863,1.15570,0.00,0.065,0.6061,0.0214,31.2,677.62,2.9196,coast
7.7800,325.600,7.201,-9.862,1.15570,0.00,0.064,0.6067,0.0212,30.8,677.62,2.9196,coast
7.7850,325.636,7.152,-9.861,1.15570,0.00,0.063,0.6073,0.0211,30.4,677.62,2.9196,coast
7.7900,325.671,7.102,-9.861,1.15570,0.00,0.062,0.6080,0.0209,29.9,677.62,2.9196,coast
7.7950,325.707,7.053,-9.860,1.15570,0.00,0.061,0.6086,0.0208,29.5,677.62,2.9196,coast
7.8000,325.742,7.004,-9.859,1.15570,0.00,0.061,0.6093,0.0207,29.1,677.62,2.9196,coast
7.8050,325.777,6.955,-9.858,1.15570,0.00,0.060,0.6099,0.0205,28.7,677.62,2.9196,coast
7.8100,325.811,6.905,-9.858,1.15570,0.00,0.059,0.6106,0.0204,28.3,677.62,2.9196,coast
7.8150,325.846,6.856,-9.857,1.15570,0.00,0.058,0.6113,0.0202,27.9,677.62,2.9196,coast
7.8200,325.880,6.807,-9.856,1.15570,0.00,0.058,0.6119,0.0201,27.5,677.62,2.9196,coast
7.8250,325.914,6.757,-9.856,1.15570,0.00,0.057,0.6126,0.0199,27.1,677.62,2.9196,coast
7.8300,325.947,6.708,-9.855,1.15570,0.00,0.056,0.6133,0.0198,26.7,677.62,2.9196,coast
7.8350,325.981,6.659,-9.854,1.15570,0.00,0.055,0.6140,0.0196,26.3,677.62,2.9196,coast
7.8400,326.014,6.610,-9.854,1.15570,0.00,0.055,0.6147,0.0195,25.9,677.62,2.9196,coast
7.8450,326.047,6.560,-9.853,1.15570,0.00,0.054,0.6154,0.0193,25.5,677.62,2.9196,coast
7.8500,326.080,6.511,-9.853,1.15570,0.00,0.053,0.6161,0.0192,25.2,677.62,2.9196,coast
7.8550,326.112,6.462,-9.852,1.15570,0.00,0.052,0.6168,0.0191,24.8,677.62,2.9196,coast
7.8600,326.144,6.413,-9.851,1.15570,0.00,0.052,0.6176,0.0189,24.4,677.62,2.9196,coast
7.8650,326.176,6.363,-9.851,1.15570,0.00,0.051,0.6183,0.0188,24.0,677.62,2.9196,coast
7.8700,326.208,6.314,-9.850,1.15570,0.00,0.050,0.6190,0.0186,23.7,677.62,2.9196,coast
7.8750,326.239,6.265,-9.849,1.15570,0.00,0.049,0.6198,0.0185,23.3,677.62,2.9196,coast
7.8800,326.271,6.215,-9.849,1.15570,0.00,0.049,0.6205,0.0183,22.9,677.62,2.9196,coast
7.8850,326.302,6.166,-9.848,1.15570,0.00,0.048,0.6213,0.0182,22.6,677.62,2.9196,coast
7.8900,326.332,6.117,-9.848,1.15570,0.00,0.047,0.6220,0.0180,22.2,677.62,2.9196,coast
7.8950,326.363,6.068,-9.847,1.15570,0.00,0.047,0.6228,0.0179,21.9,677.62,2.9196,coast
7.9000,326.393,6.019,-9.846,1.15570,0.00,0.046,0.6236,0.0178,21.5,677.62,2.9196,coast
7.9050,326.423,5.969,-9.846,1.15570,0.00,0.045,0.6244,0.0176,21.1,677.62,2.9196,coast
7.9100,326.453,5.920,-9.845,1.15570,0.00,0.044,0.6252,0.0175,20.8,677.62,2.9196,coast
7.9150,326.482,5.871,-9.845,1.15570,0.00,0.044,0.6260,0.0173,20.5,677.62,2.9196,coast
7.9200,326.511,5.822,-9.844,1.15570,0.00,0.043,0.6268,0.0172,20.1,677.62,2.9196,coast
7.9250,326.540,5.772,-9.843,1.15570,0.00,0.042,0.6276,0.0170,19.8,677.62,2.9196,coast
7.9300,326.569,5.723,-9.843,1.15570,0.00,0.042,0.6284,0.0169,19.4,677.62,2.9196,coast
7.9350,326.598,5.674,-9.842,1.15570,0.00,0.041,0.6293,0.0167,19.1,677.62,2.9196,coast
7.9400,326.626,5.625,-9.842,1.15570,0.00,0.040,0.6301,0.0166,18.8,677.62,2.9196,coast
7.9450,326.654,5.576,-9.841,1.15570,0.00,0.040,0.6310,0.0164,18.5,677.62,2.9196,coast
7.9500,326.682,5.526,-9.841,1.15570,0.00,0.039,0.6318,0.0163,18.1,677.62,2.9196,coast
7.9550,326.709,5.477,-9.840,1.15570,0.00,0.039,0.6327,0.0162,17.8,677.62,2.9196,coast
7.9600,326.736,5.428,-9.839,1.15570,0.00,0.038,0.6336,0.0160,17.5,677.62,2.9196,coast
7.9650,326.763,5.379,-9.839,1.15570,0.00,0.037,0.6345,0.0159,17.2,677.62,2.9196,coast
7.9700,326.790,5.330,-9.838,1.15570,0.00,0.037,0.6354,0.0157,16.9,677.62,2.9196,coast
7.9750,326.817,5.280,-9.838,1.15570,0.00,0.036,0.6363,0.0156,16.5,677.62,2.9196,coast
7.9800,326.843,5.231,-9.837,1.15570,0.00,0.035,0.6372,0.0154,16.2,677.62,2.9196,coast
7.9850,326.869,5.182,-9.837,1.15570,0.00,0.035,0.6382,0.0153,15.9,677.62,2.9196,coast
7.9900,326.895,5.133,-9.836,1.15570,0.00,0.034,0.6391,0.0151,15.6,677.62,2.9196,coast
7.9950,326.920,5.084,-9.836,1.15570,0.00,0.034,0.6401,0.0150,15.3,677.62,2.9196,coast
8.0000,326.946,5.034,-9.835,1.15570,0.00,0.033,0.6410,0.0148,15.0,677.62,2.9196,coast
8.0050,326.971,4.985,-9.835,1.15570,0.00,0.032,0.6420,0.0147,14.8,677.62,2.9196,coast
8.0100,326.995,4.936,-9.834,1.15570,0.00,0.032,0.6430,0.0146,14.5,677.62,2.9196,coast
8.0150,327.020,4.887,-9.834,1.15570,0.00,0.031,0.6440,0.0144,14.2,677.62,2.9196,coast
8.0200,327.044,4.838,-9.833,1.15570,0.00,0.031,0.6450,0.0143,13.9,677.62,2.9196,coast
8.0250,327.068,4.789,-9.833,1.15570,0.00,0.030,0.6460,0.0141,13.6,677.62,2.9196,coast
8.0300,327.092,4.739,-9.832,1.15570,0.00,0.030,0.6471,0.0140,13.3,677.62,2.9196,coast
8.0350,327.116,4.690,-9.832,1.15570,0.00,0.029,0.6481,0.0138,13.1,677.62,2.9196,coast
8.0400,327.139,4.641,-9.831,1.15570,0.00,0.028,0.6492,0.0137,12.8,677.62,2.9196,coast
8.0450,327.162,4.592,-9.831,1.15570,0.00,0.028,0.6503,0.0135,12.5,677.62,2.9196,coast
8.0500,327.185,4.543,-9.830,1.15570,0.00,0.027,0.6514,0.0134,12.2,677.62,2.9196,coast
8.0550,327.208,4.494,-9.830,1.15570,0.00,0.027,0.6525,0.0133,12.0,677.62,2.9196,coast
8.0600,327.230,4.445,-9.829,1.15570,0.00,0.026,0.6536,0.0131,11.7,677.62,2.9196,coast
8.0650,327.252,4.395,-9.829,1.15570,0.00,0.026,0.6547,0.0130,11.5,677.62,2.9196,coast
8.0700,327.274,4.346,-9.828,1.15570,0.00,0.025,0.6559,0.0128,11.2,677.62,2.9196,coast
8.0750,327.295,4.297,-9.828,1.15570,0.00,0.025,0.6570,0.0127,11.0,677.62,2.9196,coast
8.0800,327.317,4.248,-9.828,1.15570,0.00,0.024,0.6582,0.0125,10.7,677.62,2.9196,coast
8.0850,327.338,4.199,-9.827,1.15570,0.00,0.024,0.6594,0.0124,10.5,677.62,2.9196,coast
8.0900,327.359,4.150,-9.827,1.15570,0.00,0.023,0.6606,0.0122,10.2,677.62,2.9196,coast
8.0950,327.379,4.101,-9.826,1.15570,0.00,0.023,0.6619,0.0121,10.0,677.62,2.9196,coast
8.1000,327.400,4.051,-9.826,1.15570,0.00,0.022,0.6631,0.0119,9.7,677.62,2.9196,coast
8.1050,327.420,4.002,-9.825,1.15570,0.00,0.022,0.6644,0.0118,9.5,677.62,2.9196,coast
8.1100,327.440,3.953,-9.825,1.15570,0.00,0.021,0.6657,0.0117,9.3,677.62,2.9196,coast
8.1150,327.460,3.904,-9.825,1.15570,0.00,0.021,0.6670,0.0115,9.0,677.62,2.9196,coast
8.1200,327.479,3.855,-9.824,1.15570,0.00,0.020,0.6683,0.0114,8.8,677.62,2.9196,coast
8.1250,327.498,3.806,-9.824,1.15570,0.00,0.020,0.6697,0.0112,8.6,677.62,2.9196,coast
8.1300,327.517,3.757,-9.823,1.15570,0.00,0.019,0.6710,0.0111,8.4,677.62,2.9196,coast
8.1350,327.536,3.708,-9.823,1.15570,0.00,0.019,0.6724,0.0109,8.2,677.62,2.9196,coast
8.1400,327.554,3.658,-9.822,1.15570,0.00,0.018,0.6738,0.0108,7.9,677.62,2.9196,coast
8.1450,327.572,3.609,-9.822,1.15570,0.00,0.018,0.6753,0.0106,7.7,677.62,2.9196,coast
8.1500,327.590,3.560,-9.822,1.15570,0.00,0.017,0.6767,0.0105,7.5,677.62,2.9196,coast
8.1550,327.608,3.511,-9.821,1.15570,0.00,0.017,0.6782,0.0104,7.3,677.62,2.9196,coast
8.1600,327.625,3.462,-9.821,1.15570,0.00,0.017,0.6797,0.0102,7.1,677.62,2.9196,coast
8.1650,327.642,3.413,-9.821,1.15570,0.00,0.016,0.6813,0.0101,6.9,677.62,2.9196,coast
8.1700,327.659,3.364,-9.820,1.15570,0.00,0.016,0.6828,0.0099,6.7,677.62,2.9196,coast
8.1750,327.676,3.315,-9.820,1.15570,0.00,0.015,0.6844,0.0098,6.5,677.62,2.9196,coast
8.1800,327.693,3.266,-9.820,1.15570,0.00,0.015,0.6860,0.0096,6.3,677.62,2.9196,coast
8.1850,327.709,3.217,-9.819,1.15570,0.00,0.014,0.6877,0.0095,6.1,677.62,2.9196,coast
8.1900,327.725,3.167,-9.819,1.15570,0.00,0.014,0.6893,0.0093,6.0,677.62,2.9196,coast
8.1950,327.740,3.118,-9.818,1.15570,0.00,0.014,0.6911,0.0092,5.8,677.62,2.9196,coast
8.2000,327.756,3.069,-9.818,1.15570,0.00,0.013,0.6928,0.0091,5.6,677.62,2.9196,coast
8.2050,327.771,3.020,-9.818,1.15570,0.00,0.013,0.6946,0.0089,5.4,677.62,2.9196,coast
8.2100,327.786,2.971,-9.817,1.15570,0.00,0.012,0.6964,0.0088,5.2,677.62,2.9196,coast
8.2150,327.801,2.922,-9.817,1.15570,0.00,0.012,0.6982,0.0086,5.1,677.62,2.9196,coast
8.2200,327.815,2.873,-9.817,1.15570,0.00,0.012,0.7001,0.0085,4.9,677.62,2.9196,coast
8.2250,327.830,2.824,-9.816,1.15570,0.00,0.011,0.7020,0.0083,4.7,677.62,2.9196,coast
8.2300,327.844,2.775,-9.816,1.15570,0.00,0.011,0.7040,0.0082,4.6,677.62,2.9196,coast
8.2350,327.857,2.726,-9.816,1.15570,0.00,0.011,0.7060,0.0080,4.4,677.62,2.9196,coast
8.2400,327.871,2.677,-9.816,1.15570,0.00,0.010,0.7080,0.0079,4.3,677.62,2.9196,coast
8.2450,327.884,2.628,-9.815,1.15570,0.00,0.010,0.7101,0.0078,4.1,677.62,2.9196,coast
8.2500,327.897,2.578,-9.815,1.15570,0.00,0.010,0.7123,0.0076,3.9,677.62,2.9196,coast
8.2550,327.910,2.529,-9.815,1.15570,0.00,0.009,0.7145,0.0075,3.8,677.62,2.9196,coast
8.2600,327.922,2.480,-9.814,1.15570,0.00,0.009,0.7167,0.0073,3.7,677.62,2.9196,coast
8.2650,327.935,2.431,-9.814,1.15570,0.00,0.009,0.7190,0.0072,3.5,677.62,2.9196,coast
8.2700,327.947,2.382,-9.814,1.15570,0.00,0.008,0.7214,0.0070,3.4,677.62,2.9196,coast
8.2750,327.958,2.333,-9.814,1.15570,0.00,0.008,0.7238,0.0069,3.2,677.62,2.9196,coast
8.2800,327.970,2.284,-9.813,1.15570,0.00,0.008,0.7262,0.0067,3.1,677.62,2.9196,coast
8.2850,327.981,2.235,-9.813,1.15570,0.00,0.007,0.7288,0.0066,3.0,677.62,2.9196,coast
8.2900,327.992,2.186,-9.813,1.15570,0.00,0.007,0.7314,0.0064,2.8,677.62,2.9196,coast
8.2950,328.003,2.137,-9.813,1.15570,0.00,0.007,0.7341,0.0063,2.7,677.62,2.9196,coast
8.3000,328.014,2.088,-9.812,1.15570,0.00,0.007,0.7368,0.0062,2.6,677.62,2.9196,coast
8.3050,328.024,2.039,-9.812,1.15570,0.00,0.006,0.7396,0.0060,2.5,677.62,2.9196,coast
8.3100,328.034,1.990,-9.812,1.15570,0.00,0.006,0.7426,0.0059,2.3,677.62,2.9196,coast
8.3150,328.044,1.941,-9.812,1.15570,0.00,0.006,0.7456,0.0057,2.2,677.62,2.9196,coast
8.3200,328.054,1.892,-9.811,1.15570,0.00,0.005,0.7486,0.0056,2.1,677.62,2.9196,coast
8.3250,328.063,1.842,-9.811,1.15570,0.00,0.005,0.7518,0.0054,2.0,677.62,2.9196,coast
8.3300,328.072,1.793,-9.811,1.15570,0.00,0.005,0.7551,0.0053,1.9,677.62,2.9196,coast
8.3350,328.081,1.744,-9.811,1.15570,0.00,0.005,0.7585,0.0051,1.8,677.62,2.9196,coast
8.3400,328.089,1.695,-9.810,1.15570,0.00,0.004,0.7620,0.0050,1.7,677.62,2.9196,coast
8.3450,328.098,1.646,-9.810,1.15570,0.00,0.004,0.7657,0.0049,1.6,677.62,2.9196,coast
8.3500,328.106,1.597,-9.810,1.15570,0.00,0.004,0.7695,0.0047,1.5,677.62,2.9196,coast
8.3550,328.114,1.548,-9.810,1.15570,0.00,0.004,0.7734,0.0046,1.4,677.62,2.9196,coast
8.3600,328.121,1.499,-9.810,1.15570,0.00,0.004,0.7775,0.0044,1.3,677.62,2.9196,coast
8.3650,328.129,1.450,-9.810,1.15570,0.00,0.003,0.7817,0.0043,1.2,677.62,2.9196,coast
8.3700,328.136,1.401,-9.809,1.15570,0.00,0.003,0.7861,0.0041,1.2,677.62,2.9196,coast
8.3750,328.143,1.352,-9.809,1.15570,0.00,0.003,0.7907,0.0040,1.1,677.62,2.9196,coast
8.3800,328.149,1.303,-9.809,1.15570,0.00,0.003,0.7955,0.0038,1.0,677.62,2.9196,coast
8.3850,328.156,1.254,-9.809,1.15570,0.00,0.003,0.8005,0.0037,0.9,677.62,2.9196,coast
8.3900,328.162,1.205,-9.809,1.15570,0.00,0.002,0.8058,0.0036,0.9,677.62,2.9196,coast
8.3950,328.168,1.156,-9.809,1.15570,0.00,0.002,0.8113,0.0034,0.8,677.62,2.9196,coast
8.4000,328.173,1.107,-9.808,1.15570,0.00,0.002,0.8171,0.0033,0.7,677.62,2.9196,coast
8.4050,328.179,1.058,-9.808,1.15570,0.00,0.002,0.8233,0.0031,0.7,677.62,2.9196,coast
8.4100,328.184,1.009,-9.808,1.15570,0.00,0.002,0.8298,0.0030,0.6,677.62,2.9196,coast
8.4150,328.189,0.960,-9.808,1.15570,0.00,0.002,0.8366,0.0028,0.5,677.62,2.9196,coast
8.4200,328.194,0.911,-9.808,1.15570,0.00,0.001,0.8440,0.0027,0.5,677.62,2.9196,coast
8.4250,328.198,0.862,-9.808,1.15570,0.00,0.001,0.8518,0.0025,0.4,677.62,2.9196,coast
8.4300,328.202,0.813,-9.808,1.15570,0.00,0.001,0.8601,0.0024,0.4,677.62,2.9196,coast
8.4350,328.206,0.763,-9.808,1.15570,0.00,0.001,0.8691,0.0023,0.3,677.62,2.9196,coast
8.4400,328.210,0.714,-9.807,1.15570,0.00,0.001,0.8788,0.0021,0.3,677.62,2.9196,coast
8.4450,328.213,0.665,-9.807,1.15570,0.00,0.001,0.8893,0.0020,0.3,677.62,2.9196,coast
8.4500,328.217,0.616,-9.807,1.15570,0.00,0.001,0.9008,0.0018,0.2,677.62,2.9196,coast
8.4550,328.219,0.567,-9.807,1.15570,0.00,0.001,0.9135,0.0017,0.2,677.62,2.9196,coast
8.4600,328.222,0.518,-9.807,1.15570,0.00,0.001,0.9276,0.0015,0.2,677.62,2.9196,coast
8.4650,328.225,0.469,-9.807,1.15570,0.00,0.000,0.9433,0.0014,0.1,677.62,2.9196,coast
8.4700,328.227,0.420,-9.807,1.15570,0.00,0.000,0.9612,0.0012,0.1,677.62,2.9196,coast
8.4750,328.229,0.371,-9.807,1.15570,0.00,0.000,0.9817,0.0011,0.1,677.62,2.9196,coast
8.4800,328.231,0.322,-9.807,1.15570,0.00,0.000,1.0058,0.0010,0.1,677.62,2.9196,coast
8.4850,328.232,0.273,-9.807,1.15570,0.00,0.000,1.0348,0.0008,0.0,677.62,2.9196,coast
8.4900,328.233,0.224,-9.807,1.15570,0.00,0.000,1.0708,0.0007,0.0,677.62,2.9196,coast
8.4950,328.234,0.175,-9.807,1.15570,0.00,0.000,1.1177,0.0005,0.0,677.62,2.9196,coast
8.5000,328.235,0.126,-9.807,1.15570,0.00,0.000,1.1758,0.0004,0.0,677.62,2.9196,coast
8.5050,328.236,0.077,-9.807,1.15570,0.00,0.000,1.1758,0.0002,0.0,677.62,2.9196,coast
8.5100,328.236,0.028,-9.807,1.15570,0.00,0.000,1.1758,0.0001,0.0,677.62,2.9196,coast
8.5150,328.236,-0.021,-9.806,1.15570,0.00,-0.000,0.0000,0.0001,0.0,677.62,2.9196,descent
8.5350,328.233,-0.217,-9.789,1.15570,0.00,-0.020,0.0000,0.0006,0.0,677.62,2.9196,descent
8.5550,328.227,-0.412,-9.744,1.15570,0.00,-0.072,0.0000,0.0012,0.1,677.62,2.9196,descent
8.5750,328.217,-0.607,-9.671,1.15570,0.00,-0.156,0.0000,0.0018,0.2,677.62,2.9196,descent
8.5950,328.203,-0.799,-9.572,1.15570,0.00,-0.271,0.0000,0.0024,0.4,677.62,2.9196,descent
8.6150,328.185,-0.989,-9.447,1.15570,0.00,-0.416,0.0000,0.0029,0.6,677.62,2.9196,descent
8.6350,328.163,-1.177,-9.298,1.15570,0.00,-0.588,0.0000,0.0035,0.8,677.62,2.9196,descent
8.6550,328.138,-1.361,-9.126,1.15570,0.00,-0.786,0.0000,0.0040,1.1,677.62,2.9196,descent
8.6750,328.109,-1.542,-8.934,1.15570,0.00,-1.009,0.0000,0.0045,1.4,677.62,2.9196,descent
8.6950,328.076,-1.718,-8.722,1.15570,0.00,-1.253,0.0000,0.0051,1.8,677.62,2.9196,descent
8.7150,328.040,-1.891,-8.494,1.15570,0.00,-1.517,0.0000,0.0056,2.1,677.62,2.9196,descent
8.7350,328.001,-2.058,-8.251,1.15570,0.00,-1.798,0.0000,0.0061,2.5,677.62,2.9196,descent
8.7550,327.958,-2.221,-7.996,1.15570,0.00,-2.093,0.0000,0.0065,2.9,677.62,2.9196,descent
8.7750,327.912,-2.378,-7.730,1.15570,0.00,-2.400,0.0000,0.0070,3.4,677.62,2.9196,descent
8.7950,327.863,-2.530,-7.456,1.15570,0.00,-2.717,0.0000,0.0075,3.8,677.62,2.9196,descent
8.8150,327.811,-2.676,-7.176,1.15570,0.00,-3.040,0.0000,0.0079,4.2,677.62,2.9196,descent
8.8350,327.756,-2.817,-6.892,1.15570,0.00,-3.368,0.0000,0.0083,4.7,677.62,2.9196,descent
8.8550,327.698,-2.952,-6.606,1.15570,0.00,-3.699,0.0000,0.0087,5.2,677.62,2.9196,descent
8.8750,327.638,-3.081,-6.320,1.15570,0.00,-4.030,0.0000,0.0091,5.6,677.62,2.9196,descent
8.8950,327.575,-3.204,-6.035,1.15570,0.00,-4.359,0.0000,0.0095,6.1,677.62,2.9196,descent
8.9150,327.510,-3.322,-5.752,1.15570,0.00,-4.686,0.0000,0.0098,6.6,677.62,2.9196,descent
8.9350,327.442,-3.435,-5.473,1.15570,0.00,-5.008,0.0000,0.0101,7.0,677.62,2.9196,descent
8.9550,327.372,-3.541,-5.200,1.15570,0.00,-5.324,0.0000,0.0104,7.4,677.62,2.9196,descent
8.9750,327.301,-3.643,-4.933,1.15570,0.00,-5.633,0.0000,0.0107,7.9,677.62,2.9196,descent
8.9950,327.227,-3.739,-4.672,1.15570,0.00,-5.934,0.0000,0.0110,8.3,677.62,2.9196,descent
9.0150,327.151,-3.830,-4.419,1.15570,0.00,-6.226,0.0000,0.0113,8.7,677.62,2.9196,descent
9.0350,327.074,-3.915,-4.175,1.15570,0.00,-6.509,0.0000,0.0115,9.1,677.62,2.9196,descent
9.0550,326.994,-3.997,-3.939,1.15570,0.00,-6.781,0.0000,0.0118,9.5,677.62,2.9196,descent
9.0750,326.914,-4.073,-3.712,1.15570,0.00,-7.043,0.0000,0.0120,9.8,677.62,2.9196,descent
9.0950,326.832,-4.145,-3.495,1.15570,0.00,-7.295,0.0000,0.0122,10.2,677.62,2.9196,descent
9.1150,326.748,-4.213,-3.286,1.15570,0.00,-7.535,0.0000,0.0124,10.5,677.62,2.9196,descent
9.1350,326.663,-4.277,-3.088,1.15570,0.00,-7.765,0.0000,0.0126,10.9,677.62,2.9196,descent
9.1550,326.577,-4.337,-2.898,1.15570,0.00,-7.984,0.0000,0.0128,11.2,677.62,2.9196,descent
9.1750,326.490,-4.393,-2.718,1.15570,0.00,-8.192,0.0000,0.0130,11.5,677.62,2.9196,descent
9.1950,326.401,-4.445,-2.547,1.15570,0.00,-8.390,0.0000,0.0131,11.7,677.62,2.9196,descent
9.2150,326.312,-4.495,-2.385,1.15570,0.00,-8.577,0.0000,0.0133,12.0,677.62,2.9196,descent
9.2350,326.221,-4.541,-2.232,1.15570,0.00,-8.754,0.0000,0.0134,12.2,677.62,2.9196,descent
9.2550,326.130,-4.584,-2.087,1.15570,0.00,-8.922,0.0000,0.0135,12.5,677.62,2.9196,descent
9.2750,326.038,-4.624,-1.950,1.15570,0.00,-9.079,0.0000,0.0136,12.7,677.62,2.9196,descent
9.2950,325.945,-4.662,-1.822,1.15570,0.00,-9.228,0.0000,0.0138,12.9,677.62,2.9196,descent
9.3150,325.852,-4.697,-1.701,1.15570,0.00,-9.368,0.0000,0.0139,13.1,677.62,2.9196,descent
9.3350,325.757,-4.730,-1.587,1.15570,0.00,-9.500,0.0000,0.0140,13.3,677.62,2.9196,descent
9.3550,325.662,-4.761,-1.480,1.15570,0.00,-9.623,0.0000,0.0140,13.5,677.62,2.9196,descent
9.3750,325.567,-4.789,-1.379,1.15570,0.00,-9.739,0.0000,0.0141,13.6,677.62,2.9196,descent
9.3950,325.471,-4.816,-1.285,1.15570,0.00,-9.848,0.0000,0.0142,13.8,677.62,2.9196,descent
9.4150,325.374,-4.841,-1.197,1.15570,0.00,-9.950,0.0000,0.0143,13.9,677.62,2.9196,descent
9.4350,325.277,-4.864,-1.115,1.15570,0.00,-10.045,0.0000,0.0143,14.0,677.62,2.9196,descent
9.4550,325.180,-4.885,-1.038,1.15570,0.00,-10.134,0.0000,0.0144,14.2,677.62,2.9196,descent
9.4750,325.082,-4.905,-0.965,1.15570,0.00,-10.218,0.0000,0.0145,14.3,677.62,2.9196,descent
9.4950,324.984,-4.924,-0.898,1.15570,0.00,-10.296,0.0000,0.0145,14.4,677.62,2.9196,descent
9.5150,324.885,-4.941,-0.835,1.15570,0.00,-10.368,0.0000,0.0146,14.5,677.62,2.9196,descent
9.5350,324.786,-4.957,-0.776,1.15570,0.00,-10.436,0.0000,0.0146,14.6,677.62,2.9196,descent
9.5550,324.687,-4.972,-0.722,1.15570,0.00,-10.499,0.0000,0.0147,14.7,677.62,2.9196,descent
9.5750,324.587,-4.986,-0.671,1.15570,0.00,-10.558,0.0000,0.0147,14.8,677.62,2.9196,descent
9.5950,324.487,-4.999,-0.623,1.15570,0.00,-10.613,0.0000,0.0147,14.8,677.62,2.9196,descent
9.6150,324.387,-5.011,-0.579,1.15570,0.00,-10.664,0.0000,0.0148,14.9,677.62,2.9196,descent
9.6350,324.287,-5.022,-0.538,1.15570,0.00,-10.712,0.0000,0.0148,15.0,677.62,2.9196,descent
9.6550,324.186,-5.033,-0.499,1.15570,0.00,-10.757,0.0000,0.0148,15.0,677.62,2.9196,descent
9.6750,324.085,-5.042,-0.464,1.15570,0.00,-10.798,0.0000,0.0149,15.1,677.62,2.9196,descent
9.6950,323.985,-5.051,-0.430,1.15570,0.00,-10.836,0.0000,0.0149,15.1,677.62,2.9196,descent
9.7150,323.883,-5.060,-0.399,1.15570,0.00,-10.872,0.0000,0.0149,15.2,677.62,2.9196,descent
9.7350,323.782,-5.067,-0.371,1.15570,0.00,-10.905,0.0000,0.0149,15.2,677.62,2.9196,descent
9.7550,323.681,-5.075,-0.344,1.15570,0.00,-10.936,0.0000,0.0150,15.3,677.62,2.9196,descent
9.7750,323.579,-5.081,-0.319,1.15570,0.00,-10.965,0.0000,0.0150,15.3,677.62,2.9196,descent
9.7950,323.477,-5.087,-0.296,1.15570,0.00,-10.991,0.0000,0.0150,15.4,677.62,2.9196,descent
9.8150,323.376,-5.093,-0.275,1.15570,0.00,-11.016,0.0000,0.0150,15.4,677.62,2.9196,descent
9.8350,323.274,-5.098,-0.255,1.15570,0.00,-11.039,0.0000,0.0150,15.4,677.62,2.9196,descent
9.8550,323.172,-5.103,-0.236,1.15570,0.00,-11.061,0.0000,0.0151,15.5,677.62,2.9196,descent
9.8750,323.070,-5.108,-0.219,1.15570,0.00,-11.080,0.0000,0.0151,15.5,677.62,2.9196,descent
9.8950,322.967,-5.112,-0.203,1.15570,0.00,-11.099,0.0000,0.0151,15.5,677.62,2.9196,descent
9.9150,322.865,-5.116,-0.188,1.15570,0.00,-11.116,0.0000,0.0151,15.5,677.62,2.9196,descent
9.9350,322.763,-5.120,-0.175,1.15570,0.00,-11.132,0.0000,0.0151,15.6,677.62,2.9196,descent
9.9550,322.660,-5.123,-0.162,1.15570,0.00,-11.147,0.0000,0.0151,15.6,677.62,2.9196,descent
9.9750,322.558,-5.126,-0.150,1.15570,0.00,-11.160,0.0000,0.0151,15.6,677.62,2.9196,descent
9.9950,322.455,-5.129,-0.139,1.15570,0.00,-11.173,0.0000,0.0151,15.6,677.62,2.9196,descent
10.0150,322.353,-5.132,-0.129,1.15570,0.00,-11.185,0.0000,0.0151,15.6,677.62,2.9196,descent
10.0350,322.250,-5.134,-0.119,1.15570,0.00,-11.196,0.0000,0.0151,15.7,677.62,2.9196,descent
10.0550,322.147,-5.136,-0.111,1.15570,0.00,-11.206,0.0000,0.0151,15.7,677.62,2.9196,descent
10.0750,322.045,-5.138,-0.102,1.15570,0.00,-11.215,0.0000,0.0152,15.7,677.62,2.9196,descent
10.0950,321.942,-5.140,-0.095,1.15570,0.00,-11.224,0.0000,0.0152,15.7,677.62,2.9196,descent
10.1150,321.839,-5.142,-0.088,1.15570,0.00,-11.232,0.0000,0.0152,15.7,677.62,2.9196,descent
10.1350,321.736,-5.144,-0.081,1.15570,0.00,-11.239,0.0000,0.0152,15.7,677.62,2.9196,descent
10.1550,321.633,-5.146,-0.075,1.15570,0.00,-11.246,0.0000,0.0152,15.7,677.62,2.9196,descent
10.1750,321.530,-5.147,-0.070,1.15570,0.00,-11.253,0.0000,0.0152,15.7,677.62,2.9196,descent
10.1950,321.427,-5.148,-0.065,1.15570,0.00,-11.259,0.0000,0.0152,15.7,677.62,2.9196,descent
10.2150,321.324,-5.150,-0.060,1.15570,0.00,-11.264,0.0000,0.0152,15.7,677.62,2.9196,descent
10.2350,321.221,-5.151,-0.055,1.15570,0.00,-11.270,0.0000,0.0152,15.8,677.62,2.9196,descent
10.2550,321.118,-5.152,-0.051,1.15570,0.00,-11.274,0.0000,0.0152,15.8,677.62,2.9196,descent
10.2750,321.015,-5.153,-0.047,1.15570,0.00,-11.279,0.0000,0.0152,15.8,677.62,2.9196,descent
10.2950,320.912,-5.154,-0.044,1.15570,0.00,-11.283,0.0000,0.0152,15.8,677.62,2.9196,descent
10.3150,320.809,-5.155,-0.041,1.15570,0.00,-11.287,0.0000,0.0152,15.8,677.62,2.9196,descent
10.3350,320.706,-5.155,-0.037,1.15570,0.00,-11.290,0.0000,0.0152,15.8,677.62,2.9196,descent
10.3550,320.603,-5.156,-0.035,1.15570,0.00,-11.293,0.0000,0.0152,15.8,677.62,2.9196,descent
10.3750,320.500,-5.157,-0.032,1.15570,0.00,-11.297,0.0000,0.0152,15.8,677.62,2.9196,descent
10.3950,320.397,-5.157,-0.030,1.15570,0.00,-11.299,0.0000,0.0152,15.8,677.62,2.9196,descent
10.4150,320.294,-5.158,-0.027,1.15570,0.00,-11.302,0.0000,0.0152,15.8,677.62,2.9196,descent
10.4350,320.190,-5.158,-0.025,1.15570,0.00,-11.304,0.0000,0.0152,15.8,677.62,2.9196,descent
10.4550,320.087,-5.159,-0.023,1.15570,0.00,-11.307,0.0000,0.0152,15.8,677.62,2.9196,descent
10.4750,319.984,-5.159,-0.022,1.15570,0.00,-11.309,0.0000,0.0152,15.8,677.62,2.9196,descent
10.4950,319.881,-5.160,-0.020,1.15570,0.00,-11.311,0.0000,0.0152,15.8,677.62,2.9196,descent
10.5150,319.778,-5.160,-0.018,1.15570,0.00,-11.312,0.0000,0.0152,15.8,677.62,2.9196,descent
10.5350,319.674,-5.160,-0.017,1.15570,0.00,-11.314,0.0000,0.0152,15.8,677.62,2.9196,descent
10.5550,319.571,-5.161,-0.016,1.15570,0.00,-11.316,0.0000,0.0152,15.8,677.62,2.9196,descent
10.5750,319.468,-5.161,-0.014,1.15570,0.00,-11.317,0.0000,0.0152,15.8,677.62,2.9196,descent
10.5950,319.365,-5.161,-0.013,1.15570,0.00,-11.318,0.0000,0.0152,15.8,677.62,2.9196,descent
10.6150,319.262,-5.162,-0.012,1.15570,0.00,-11.320,0.0000,0.0152,15.8,677.62,2.9196,descent
10.6350,319.158,-5.162,-0.011,1.15570,0.00,-11.321,0.0000,0.0152,15.8,677.62,2.9196,descent
10.6550,319.055,-5.162,-0.010,1.15570,0.00,-11.322,0.0000,0.0152,15.8,677.62,2.9196,descent
10.6750,318.952,-5.162,-0.009,1.15570,0.00,-11.323,0.0000,0.0152,15.8,677.62,2.9196,descent
10.6950,318.849,-5.162,-0.009,1.15570,0.00,-11.324,0.0000,0.0152,15.8,677.62,2.9196,descent
10.7150,318.745,-5.163,-0.008,1.15570,0.00,-11.324,0.0000,0.0152,15.8,677.62,2.9196,descent
10.7350,318.642,-5.163,-0.007,1.15570,0.00,-11.325,0.0000,0.0152,15.8,677.62,2.9196,descent
10.7550,318.539,-5.163,-0.007,1.15570,0.00,-11.326,0.0000,0.0152,15.8,677.62,2.9196,descent
10.7750,318.436,-5.163,-0.006,1.15570,0.00,-11.327,0.0000,0.0152,15.8,677.62,2.9196,descent
10.7950,318.332,-5.163,-0.005,1.15570,0.00,-11.327,0.0000,0.0152,15.8,677.62,2.9196,descent
10.8150,318.229,-5.163,-0.005,1.15570,0.00,-11.328,0.0000,0.0152,15.8,677.62,2.9196,descent
10.8350,318.126,-5.163,-0.005,1.15570,0.00,-11.328,0.0000,0.0152,15.8,677.62,2.9196,descent
10.8550,318.022,-5.163,-0.004,1.15570,0.00,-11.329,0.0000,0.0152,15.8,677.62,2.9196,descent
10.8750,317.919,-5.164,-0.004,1.15570,0.00,-11.329,0.0000,0.0152,15.8,677.62,2.9196,descent
10.8950,317.816,-5.164,-0.003,1.15570,0.00,-11.330,0.0000,0.0152,15.8,677.62,2.9196,descent
10.9150,317.713,-5.164,-0.003,1.15570,0.00,-11.330,0.0000,0.0152,15.8,677.62,2.9196,descent
10.9350,317.609,-5.164,-0.003,1.15570,0.00,-11.330,0.0000,0.0152,15.8,677.62,2.9196,descent
10.9550,317.506,-5.164,-0.002,1.15570,0.00,-11.331,0.0000,0.0152,15.8,677.62,2.9196,descent
10.9750,317.403,-5.164,-0.002,1.15570,0.00,-11.331,0.0000,0.0152,15.8,677.62,2.9196,descent
10.9950,317.300,-5.164,-0.002,1.15570,0.00,-11.331,0.0000,0.0152,15.8,677.62,2.9196,descent
11.0150,317.196,-5.164,-0.002,1.15570,0.00,-11.332,0.0000,0.0152,15.8,677.62,2.9196,descent
11.0350,317.093,-5.164,-0.001,1.15570,0.00,-11.332,0.0000,0.0152,15.8,677.62,2.9196,descent
11.0550,316.990,-5.164,-0.001,1.15570,0.00,-11.332,0.0000,0.0152,15.8,677.62,2.9196,descent
11.0750,316.886,-5.164,-0.001,1.15570,0.00,-11.332,0.0000,0.0152,15.8,677.62,2.9196,descent
11.0950,316.783,-5.164,-0.001,1.15570,0.00,-11.333,0.0000,0.0152,15.8,677.62,2.9196,descent
11.1150,316.680,-5.164,-0.001,1.15570,0.00,-11.333,0.0000,0.0152,15.8,677.62,2.9196,descent
11.1350,316.577,-5.164,-0.001,1.15570,0.00,-11.333,0.0000,0.0152,15.8,677.62,2.9196,descent
11.1550,316.473,-5.164,-0.000,1.15570,0.00,-11.333,0.0000,0.0152,15.8,677.62,2.9196,descent
11.1750,316.370,-5.164,-0.000,1.15570,0.00,-11.333,0.0000,0.0152,15.8,677.62,2.9196,descent
11.1950,316.267,-5.164,-0.000,1.15570,0.00,-11.333,0.0000,0.0152,15.8,677.62,2.9196,descent
11.2150,316.164,-5.164,-0.000,1.15570,0.00,-11.333,0.0000,0.0152,15.8,677.62,2.9196,descent
11.2350,316.060,-5.164,0.000,1.15570,0.00,-11.334,0.0000,0.0152,15.8,677.62,2.9196,descent
11.2550,315.957,-5.164,0.000,1.15570,0.00,-11.334,0.0000,0.0152,15.8,677.62,2.9196,descent
11.2750,315.854,-5.164,0.000,1.15570,0.00,-11.334,0.0000,0.0152,15.8,677.62,2.9196,descent
11.2950,315.750,-5.164,0.000,1.15570,0.00,-11.334,0.0000,0.0152,15.8,677.62,2.9196,descent
11.3150,315.647,-5.164,0.000,1.15570,0.00,-11.334,0.0000,0.0152,15.8,677.62,2.9196,descent
11.3350,315.544,-5.164,0.000,1.15570,0.00,-11.334,0.0000,0.0152,15.8,677.62,2.9196,descent
11.3550,315.441,-5.164,0.000,1.15570,0.00,-11.334,0.0000,0.0152,15.8,677.62,2.9196,descent
11.3750,315.337,-5.164,0.001,1.15570,0.00,-11.334,0.0000,0.0152,15.8,677.62,2.9196,descent
11.3950,315.234,-5.164,0.001,1.15570,0.00,-11.334,0.0000,0.0152,15.8,677.62,2.9196,descent
11.4150,315.131,-5.164,0.001,1.15570,0.00,-11.334,0.0000,0.0152,15.8,677.62,2.9196,descent
11.4350,315.027,-5.164,0.001,1.15570,0.00,-11.334,0.0000,0.0152,15.8,677.62,2.9196,descent
11.4550,314.924,-5.164,0.001,1.15570,0.00,-11.334,0.0000,0.0152,15.8,677.62,2.9196,descent
11.4750,314.821,-5.164,0.001,1.15570,0.00,-11.334,0.0000,0.0152,15.8,677.62,2.9196,descent
11.4950,314.718,-5.164,0.001,1.15570,0.00,-11.334,0.0000,0.0152,15.8,677.62,2.9196,descent
11.5150,314.614,-5.164,0.001,1.15570,0.00,-11.335,0.0000,0.0152,15.8,677.62,2.9196,descent
11.5350,314.511,-5.164,0.001,1.15570,0.00,-11.335,0.0000,0.0152,15.8,677.62,2.9196,descent
11.5550,314.408,-5.164,0.001,1.15570,0.00,-11.335,0.0000,0.0152,15.8,677.62,2.9196,descent
11.5750,314.304,-5.164,0.001,1.15570,0.00,-11.335,0.0000,0.0152,15.8,677.62,2.9196,descent
11.5950,314.201,-5.164,0.001,1.15570,0.00,-11.335,0.0000,0.0152,15.8,677.62,2.9196,descent
11.6150,314.098,-5.164,0.001,1.15570,0.00,-11.335,0.0000,0.0152,15.8,677.62,2.9196,descent
11.6350,313.995,-5.164,0.001,1.15570,0.00,-11.335,0.0000,0.0152,15.8,677.62,2.9196,descent
11.6550,313.891,-5.164,0.001,1.15570,0.00,-11.335,0.0000,0.0152,15.8,677.62,2.9196,descent
11.6750,313.788,-5.164,0.001,1.15570,0.00,-11.335,0.0000,0.0152,15.8,677.62,2.9196,descent
11.6950,313.685,-5.164,0.001,1.15570,0.00,-11.335,0.0000,0.0152,15.8,677.62,2.9196,descent
11.7150,313.582,-5.164,0.001,1.15570,0.00,-11.335,0.0000,0.0152,15.8,677.62,2.9196,descent
11.7350,313.478,-5.164,0.001,1.15570,0.00,-11.335,0.0000,0.0152,15.8,677.62,2.9196,descent
11.7550,313.375,-5.164,0.001,1.15570,0.00,-11.335,0.0000,0.0152,15.8,677.62,2.9196,descent
11.7750,313.272,-5.164,0.001,1.15570,0.00,-11.335,0.0000,0.0152,15.8,677.62,2.9196,descent
11.7950,313.168,-5.164,0.001,1.15570,0.00,-11.335,0.0000,0.0152,15.8,677.62,2.9196,descent
11.8150,313.065,-5.164,0.001,1.15570,0.00,-11.335,0.0000,0.0152,15.8,677.62,2.9196,descent
11.8350,312.962,-5.164,0.001,1.15570,0.00,-11.335,0.0000,0.0152,15.8,677.62,2.9196,descent
11.8550,312.859,-5.164,0.001,1.15570,0.00,-11.335,0.0000,0.0152,15.8,677.62,2.9196,descent
11.8750,312.755,-5.164,0.001,1.15570,0.00,-11.335,0.0000,0.0152,15.8,677.62,2.9196,descent
11.8950,312.652,-5.163,0.001,1.15570,0.00,-11.335,0.0000,0.0152,15.8,677.62,2.9196,descent
11.9150,312.549,-5.163,0.001,1.15570,0.00,-11.335,0.0000,0.0152,15.8,677.62,2.9196,descent
11.9350,312.446,-5.163,0.001,1.15570,0.00,-11.335,0.0000,0.0152,15.8,677.62,2.9196,descent
11.9550,312.342,-5.163,0.001,1.15570,0.00,-11.335,0.0000,0.0152,15.8,677.62,2.9196,descent
11.9750,312.239,-5.163,0.001,1.15570,0.00,-11.335,0.0000,0.0152,15.8,677.62,2.9196,descent
11.9950,312.136,-5.163,0.001,1.15570,0.00,-11.335,0.0000,0.0152,15.8,677.62,2.9196,descent
12.0150,312.032,-5.163,0.001,1.15570,0.00,-11.335,0.0000,0.0152,15.8,677.62,2.9196,descent
12.0350,311.929,-5.163,0.001,1.15570,0.00,-11.335,0.0000,0.0152,15.8,677.62,2.9196,descent
12.0550,311.826,-5.163,0.001,1.15570,0.00,-11.335,0.0000,0.0152,15.8,677.62,2.9196,descent
12.0750,311.723,-5.163,0.001,1.15570,0.00,-11.335,0.0000,0.0152,15.8,677.62,2.9196,descent
12.0950,311.619,-5.163,0.001,1.15570,0.00,-11.335,0.0000,0.0152,15.8,677.62,2.9196,descent
12.1150,311.516,-5.163,0.001,1.15570,0.00,-11.335,0.0000,0.0152,15.8,677.62,2.9196,descent
12.1350,311.413,-5.163,0.001,1.15570,0.00,-11.335,0.0000,0.0152,15.8,677.62,2.9196,descent
12.1550,311.310,-5.163,0.001,1.15570,0.00,-11.335,0.0000,0.0152,15.8,677.62,2.9196,descent
12.1750,311.206,-5.163,0.001,1.15570,0.00,-11.335,0.0000,0.0152,15.8,677.62,2.9196,descent
12.1950,311.103,-5.163,0.001,1.15570,0.00,-11.335,0.0000,0.0152,15.8,677.62,2.9196,descent
12.2150,311.000,-5.163,0.001,1.15570,0.00,-11.335,0.0000,0.0152,15.8,677.62,2.9196,descent
12.2350,310.897,-5.163,0.001,1.15570,0.00,-11.335,0.0000,0.0152,15.8,677.62,2.9196,descent
12.2550,310.793,-5.163,0.001,1.15570,0.00,-11.335,0.0000,0.0152,15.8,677.62,2.9196,descent
12.2750,310.690,-5.163,0.001,1.15570,0.00,-11.335,0.0000,0.0152,15.8,677.62,2.9196,descent
12.2950,310.587,-5.163,0.001,1.15570,0.00,-11.335,0.0000,0.0152,15.8,677.62,2.9196,descent
12.3150,310.484,-5.163,0.001,1.15570,0.00,-11.335,0.0000,0.0152,15.8,677.62,2.9196,descent
12.3350,310.380,-5.163,0.001,1.15570,0.00,-11.335,0.0000,0.0152,15.8,677.62,2.9196,descent
12.3550,310.277,-5.163,0.001,1.15570,0.00,-11.335,0.0000,0.0152,15.8,677.62,2.9196,descent
12.3750,310.174,-5.163,0.001,1.15570,0.00,-11.335,0.0000,0.0152,15.8,677.62,2.9196,descent
12.3950,310.071,-5.163,0.001,1.15570,0.00,-11.335,0.0000,0.0152,15.8,677.62,2.9196,descent
12.4150,309.967,-5.163,0.001,1.15570,0.00,-11.335,0.0000,0.0152,15.8,677.62,2.9196,descent
12.4350,309.864,-5.163,0.001,1.15570,0.00,-11.335,0.0000,0.0152,15.8,677.62,2.9196,descent
12.4550,309.761,-5.163,0.001,1.15570,0.00,-11.335,0.0000,0.0152,15.8,677.62,2.9196,descent
12.4750,309.657,-5.163,0.001,1.15570,0.00,-11.335,0.0000,0.0152,15.8,677.62,2.9196,descent
12.4950,309.554,-5.163,0.001,1.15570,0.00,-11.335,0.0000,0.0152,15.8,677.62,2.9196,descent
12.5150,309.451,-5.163,0.001,1.15570,0.00,-11.335,0.0000,0.0152,15.8,677.62,2.9196,descent
12.5350,309.348,-5.163,0.001,1.15570,0.00,-11.335,0.0000,0.0152,15.8,677.62,2.9196,descent
12.5550,309.244,-5.163,0.001,1.15570,0.00,-11.335,0.0000,0.0152,15.8,677.62,2.9196,descent
12.5750,309.141,-5.163,0.001,1.15570,0.00,-11.335,0.0000,0.0152,15.8,677.62,2.9196,descent
12.5950,309.038,-5.163,0.001,1.15570,0.00,-11.335,0.0000,0.0152,15.8,677.62,2.9196,descent
12.6150,308.935,-5.163,0.001,1.15570,0.00,-11.335,0.0000,0.0152,15.8,677.62,2.9196,descent
12.6350,308.831,-5.163,0.001,1.15570,0.00,-11.335,0.0000,0.0152,15.8,677.62,2.9196,descent
12.6550,308.728,-5.163,0.001,1.15570,0.00,-11.335,0.0000,0.0152,15.8,677.62,2.9196,descent
12.6750,308.625,-5.163,0.001,1.15570,0.00,-11.335,0.0000,0.0152,15.8,677.62,2.9196,descent
12.6950,308.522,-5.162,0.001,1.15570,0.00,-11.335,0.0000,0.0152,15.8,677.62,2.9196,descent
12.7150,308.418,-5.162,0.001,1.15570,0.00,-11.335,0.0000,0.0152,15.8,677.62,2.9196,descent
12.7350,308.315,-5.162,0.001,1.15570,0.00,-11.335,0.0000,0.0152,15.8,677.62,2.9196,descent
12.7550,308.212,-5.162,0.001,1.15570,0.00,-11.335,0.0000,0.0152,15.8,677.62,2.9196,descent
12.7750,308.109,-5.162,0.001,1.15570,0.00,-11.335,0.0000,0.0152,15.8,677.62,2.9196,descent
12.7950,308.005,-5.162,0.001,1.15570,0.00,-11.335,0.0000,0.0152,15.8,677.62,2.9196,descent
12.8150,307.902,-5.162,0.001,1.15570,0.00,-11.335,0.0000,0.0152,15.8,677.62,2.9196,descent
12.8350,307.799,-5.162,0.001,1.15570,0.00,-11.335,0.0000,0.0152,15.8,677.62,2.9196,descent
12.8550,307.696,-5.162,0.001,1.15570,0.00,-11.335,0.0000,0.0152,15.8,677.62,2.9196,descent
12.8750,307.592,-5.162,0.001,1.15570,0.00,-11.335,0.0000,0.0152,15.8,677.62,2.9196,descent
12.8950,307.489,-5.162,0.001,1.15570,0.00,-11.335,0.0000,0.0152,15.8,677.62,2.9196,descent
12.9150,307.386,-5.162,0.001,1.15570,0.00,-11.335,0.0000,0.0152,15.8,677.62,2.9196,descent
12.9350,307.283,-5.162,0.001,1.15570,0.00,-11.335,0.0000,0.0152,15.8,677.62,2.9196,descent
12.9550,307.180,-5.162,0.001,1.15570,0.00,-11.335,0.0000,0.0152,15.8,677.62,2.9196,descent
12.9750,307.076,-5.162,0.001,1.15570,0.00,-11.335,0.0000,0.0152,15.8,677.62,2.9196,descent
12.9950,306.973,-5.162,0.001,1.15570,0.00,-11.335,0.0000,0.0152,15.8,677.62,2.9196,descent
13.0150,306.870,-5.162,0.001,1.15570,0.00,-11.335,0.0000,0.0152,15.8,677.62,2.9196,descent
13.0350,306.767,-5.162,0.001,1.15570,0.00,-11.335,0.0000,0.0152,15.8,677.62,2.9196,descent
13.0550,306.663,-5.162,0.001,1.15570,0.00,-11.335,0.0000,0.0152,15.8,677.62,2.9196,descent
13.0750,306.560,-5.162,0.001,1.15570,0.00,-11.335,0.0000,0.0152,15.8,677.62,2.9196,descent
13.0950,306.457,-5.162,0.001,1.15570,0.00,-11.335,0.0000,0.0152,15.8,677.62,2.9196,descent
13.1150,306.354,-5.162,0.001,1.15570,0.00,-11.335,0.0000,0.0152,15.8,677.62,2.9196,descent
13.1350,306.250,-5.162,0.001,1.15570,0.00,-11.335,0.0000,0.0152,15.8,677.62,2.9196,descent
13.1550,306.147,-5.162,0.001,1.15570,0.00,-11.335,0.0000,0.0152,15.8,677.62,2.9196,descent
13.1750,306.044,-5.162,0.001,1.15570,0.00,-11.335,0.0000,0.0152,15.8,677.62,2.9196,descent
13.1950,305.941,-5.162,0.001,1.15570,0.00,-11.335,0.0000,0.0152,15.8,677.62,2.9196,descent
13.2150,305.837,-5.162,0.001,1.15570,0.00,-11.335,0.0000,0.0152,15.8,677.62,2.9196,descent
13.2350,305.734,-5.162,0.001,1.15570,0.00,-11.335,0.0000,0.0152,15.8,677.62,2.9196,descent
13.2550,305.631,-5.162,0.001,1.15570,0.00,-11.335,0.0000,0.0152,15.8,677.62,2.9196,descent
13.2750,305.528,-5.162,0.001,1.15570,0.00,-11.335,0.0000,0.0152,15.8,677.62,2.9196,descent
13.2950,305.424,-5.162,0.001,1.15570,0.00,-11.335,0.0000,0.0152,15.8,677.62,2.9196,descent
13.3150,305.321,-5.162,0.001,1.15570,0.00,-11.335,0.0000,0.0152,15.8,677.62,2.9196,descent
13.3350,305.218,-5.162,0.001,1.15570,0.00,-11.335,0.0000,0.0152,15.8,677.62,2.9196,descent
13.3550,305.115,-5.162,0.001,1.15570,0.00,-11.335,0.0000,0.0152,15.8,677.62,2.9196,descent
13.3750,305.012,-5.162,0.001,1.15570,0.00,-11.335,0.0000,0.0152,15.8,677.62,2.9196,descent
13.3950,304.908,-5.162,0.001,1.15570,0.00,-11.335,0.0000,0.0152,15.8,677.62,2.9196,descent
13.4150,304.805,-5.162,0.001,1.15570,0.00,-11.335,0.0000,0.0152,15.8,677.62,2.9196,descent
13.4350,304.702,-5.162,0.001,1.15570,0.00,-11.335,0.0000,0.0152,15.8,677.62,2.9196,descent
13.4550,304.599,-5.161,0.001,1.15570,0.00,-11.335,0.0000,0.0152,15.8,677.62,2.9196,descent
13.4750,304.495,-5.161,0.001,1.15570,0.00,-11.335,0.0000,0.0152,15.8,677.62,2.9196,descent
13.4950,304.392,-5.161,0.001,1.15570,0.00,-11.335,0.0000,0.0152,15.8,677.62,2.9196,descent
13.5150,304.289,-5.161,0.001,1.15570,0.00,-11.335,0.0000,0.0152,15.8,677.62,2.9196,descent
13.5350,304.186,-5.161,0.001,1.15570,0.00,-11.335,0.0000,0.0152,15.8,677.62,2.9196,descent
13.5550,304.082,-5.161,0.001,1.15570,0.00,-11.335,0.0000,0.0152,15.8,677.62,2.9196,descent
13.5750,303.979,-5.161,0.001,1.15570,0.00,-11.335,0.0000,0.0152,15.8,677.62,2.9196,descent
13.5950,303.876,-5.161,0.001,1.15570,0.00,-11.335,0.0000,0.0152,15.8,677.62,2.9196,descent
13.6150,303.773,-5.161,0.001,1.15570,0.00,-11.335,0.0000,0.0152,15.8,677.62,2.9196,descent
13.6350,303.670,-5.161,0.001,1.15570,0.00,-11.335,0.0000,0.0152,15.8,677.62,2.9196,descent
13.6550,303.566,-5.161,0.001,1.15570,0.00,-11.335,0.0000,0.0152,15.8,677.62,2.9196,descent
13.6750,303.463,-5.161,0.001,1.15570,0.00,-11.335,0.0000,0.0152,15.8,677.62,2.9196,descent
13.6950,303.360,-5.161,0.001,1.15570,0.00,-11.335,0.0000,0.0152,15.8,677.62,2.9196,descent
13.7150,303.257,-5.161,0.001,1.15570,0.00,-11.335,0.0000,0.0152,15.8,677.62,2.9196,descent
13.7350,303.153,-5.161,0.001,1.15570,0.00,-11.335,0.0000,0.0152,15.8,677.62,2.9196,descent
13.7550,303.050,-5.161,0.001,1.15570,0.00,-11.335,0.0000,0.0152,15.8,677.62,2.9196,descent
13.7750,302.947,-5.161,0.001,1.15570,0.00,-11.335,0.0000,0.0152,15.8,677.62,2.9196,descent
13.7950,302.844,-5.161,0.001,1.15570,0.00,-11.335,0.0000,0.0152,15.8,677.62,2.9196,descent
13.8150,302.741,-5.161,0.001,1.15570,0.00,-11.335,0.0000,0.0152,15.8,677.62,2.9196,descent
13.8350,302.637,-5.161,0.001,1.15570,0.00,-11.335,0.0000,0.0152,15.8,677.62,2.9196,descent
13.8550,302.534,-5.161,0.001,1.15570,0.00,-11.335,0.0000,0.0152,15.8,677.62,2.9196,descent
13.8750,302.431,-5.161,0.001,1.15570,0.00,-11.335,0.0000,0.0152,15.8,677.62,2.9196,descent
13.8950,302.328,-5.161,0.001,1.15570,0.00,-11.335,0.0000,0.0152,15.8,677.62,2.9196,descent
13.9150,302.224,-5.161,0.001,1.15570,0.00,-11.335,0.0000,0.0152,15.8,677.62,2.9196,descent
13.9350,302.121,-5.161,0.001,1.15570,0.00,-11.335,0.0000,0.0152,15.8,677.62,2.9196,descent
13.9550,302.018,-5.161,0.001,1.15570,0.00,-11.335,0.0000,0.0152,15.8,677.62,2.9196,descent
13.9750,301.915,-5.161,0.001,1.15570,0.00,-11.335,0.0000,0.0152,15.8,677.62,2.9196,descent
13.9950,301.812,-5.161,0.001,1.15570,0.00,-11.335,0.0000,0.0152,15.8,677.62,2.9196,descent
14.0150,301.708,-5.161,0.001,1.15570,0.00,-11.335,0.0000,0.0152,15.8,677.62,2.9196,descent
14.0350,301.605,-5.161,0.001,1.15570,0.00,-11.335,0.0000,0.0152,15.8,677.62,2.9196,descent
14.0550,301.502,-5.161,0.001,1.15570,0.00,-11.335,0.0000,0.0152,15.8,677.62,2.9196,descent
14.0750,301.399,-5.161,0.001,1.15570,0.00,-11.335,0.0000,0.0152,15.8,677.62,2.9196,descent
14.0950,301.296,-5.161,0.001,1.15570,0.00,-11.335,0.0000,0.0152,15.8,677.62,2.9196,descent
14.1150,301.192,-5.161,0.001,1.15570,0.00,-11.335,0.0000,0.0152,15.8,677.62,2.9196,descent
14.1350,301.089,-5.161,0.001,1.15570,0.00,-11.335,0.0000,0.0152,15.8,677.62,2.9196,descent
14.1550,300.986,-5.161,0.001,1.15570,0.00,-11.335,0.0000,0.0152,15.8,677.62,2.9196,descent
14.1750,300.883,-5.161,0.001,1.15570,0.00,-11.335,0.0000,0.0152,15.8,677.62,2.9196,descent
14.1950,300.779,-5.161,0.001,1.15570,0.00,-11.335,0.0000,0.0152,15.8,677.62,2.9196,descent
14.2150,300.676,-5.161,0.001,1.15570,0.00,-11.335,0.0000,0.0152,15.8,677.62,2.9196,descent
14.2350,300.573,-5.160,0.001,1.15570,0.00,-11.335,0.0000,0.0152,15.8,677.62,2.9196,descent
14.2550,300.470,-5.160,0.001,1.15570,0.00,-11.335,0.0000,0.0152,15.8,677.62,2.9196,descent
14.2750,300.367,-5.160,0.001,1.15570,0.00,-11.335,0.0000,0.0152,15.8,677.62,2.9196,descent
14.2950,300.263,-5.160,0.001,1.15570,0.00,-11.335,0.0000,0.0152,15.8,677.62,2.9196,descent
14.3150,300.160,-5.160,0.001,1.15570,0.00,-11.335,0.0000,0.0152,15.8,677.62,2.9196,descent
14.3350,300.057,-5.160,0.001,1.15570,0.00,-11.335,0.0000,0.0152,15.8,677.62,2.9196,descent
14.3550,299.954,-5.160,0.001,1.15570,0.00,-11.335,0.0000,0.0152,15.8,677.62,2.9196,descent
14.3750,299.851,-5.160,0.001,1.15570,0.00,-11.335,0.0000,0.0152,15.8,677.62,2.9196,descent
14.3950,299.747,-5.160,0.001,1.15570,0.00,-11.335,0.0000,0.0152,15.8,677.62,2.9196,descent
14.4150,299.644,-5.160,0.001,1.15570,0.00,-11.335,0.0000,0.0152,15.8,677.62,2.9196,descent
14.4350,299.541,-5.160,0.001,1.15570,0.00,-11.335,0.0000,0.0152,15.8,677.62,2.9196,descent
14.4550,299.438,-5.160,0.001,1.15570,0.00,-11.335,0.0000,0.0152,15.8,677.62,2.9196,descent
14.4750,299.335,-5.160,0.001,1.15570,0.00,-11.335,0.0000,0.0152,15.8,677.62,2.9196,descent
14.4950,299.231,-5.160,0.001,1.15570,0.00,-11.335,0.0000,0.0152,15.8,677.62,2.9196,descent
14.5150,299.128,-5.160,0.001,1.15570,0.00,-11.335,0.0000,0.0152,15.8,677.62,2.9196,descent
14.5350,299.025,-5.160,0.001,1.15570,0.00,-11.335,0.0000,0.0152,15.8,677.62,2.9196,descent
14.5550,298.922,-5.160,0.001,1.15570,0.00,-11.335,0.0000,0.0152,15.8,677.62,2.9196,descent
14.5750,298.819,-5.160,0.001,1.15570,0.00,-11.335,0.0000,0.0152,15.8,677.62,2.9196,descent
14.5950,298.715,-5.160,0.001,1.15570,0.00,-11.335,0.0000,0.0152,15.8,677.62,2.9196,descent
14.6150,298.612,-5.160,0.001,1.15570,0.00,-11.335,0.0000,0.0152,15.8,677.62,2.9196,descent
14.6350,298.509,-5.160,0.001,1.15570,0.00,-11.335,0.0000,0.0152,15.8,677.62,2.9196,descent
14.6550,298.406,-5.160,0.001,1.15570,0.00,-11.335,0.0000,0.0152,15.8,677.62,2.9196,descent
14.6750,298.303,-5.160,0.001,1.15570,0.00,-11.335,0.0000,0.0152,15.8,677.62,2.9196,descent
14.6950,298.199,-5.160,0.001,1.15570,0.00,-11.335,0.0000,0.0152,15.8,677.62,2.9196,descent
14.7150,298.096,-5.160,0.001,1.15570,0.00,-11.335,0.0000,0.0152,15.8,677.62,2.9196,descent
14.7350,297.993,-5.160,0.001,1.15570,0.00,-11.335,0.0000,0.0152,15.8,677.62,2.9196,descent
14.7550,297.890,-5.160,0.001,1.15570,0.00,-11.335,0.0000,0.0152,15.8,677.62,2.9196,descent
14.7750,297.787,-5.160,0.001,1.15570,0.00,-11.335,0.0000,0.0152,15.8,677.62,2.9196,descent
14.7950,297.683,-5.160,0.001,1.15570,0.00,-11.335,0.0000,0.0152,15.8,677.62,2.9196,descent
14.8150,297.580,-5.160,0.001,1.15570,0.00,-11.335,0.0000,0.0152,15.8,677.62,2.9196,descent
14.8350,297.477,-5.160,0.001,1.15570,0.00,-11.335,0.0000,0.0152,15.8,677.62,2.9196,descent
14.8550,297.374,-5.160,0.001,1.15570,0.00,-11.335,0.0000,0.0152,15.8,677.62,2.9196,descent
14.8750,297.271,-5.160,0.001,1.15570,0.00,-11.335,0.0000,0.0152,15.8,677.62,2.9196,descent
14.8950,297.167,-5.160,0.001,1.15570,0.00,-11.335,0.0000,0.0152,15.8,677.62,2.9196,descent
14.9150,297.064,-5.160,0.001,1.15570,0.00,-11.335,0.0000,0.0152,15.8,677.62,2.9196,descent
14.9350,296.961,-5.160,0.001,1.15570,0.00,-11.335,0.0000,0.0152,15.8,677.62,2.9196,descent
14.9550,296.858,-5.160,0.001,1.15570,0.00,-11.335,0.0000,0.0152,15.8,677.62,2.9196,descent
14.9750,296.755,-5.160,0.001,1.15570,0.00,-11.335,0.0000,0.0152,15.8,677.62,2.9196,descent
14.9950,296.651,-5.160,0.001,1.15570,0.00,-11.335,0.0000,0.0152,15.8,677.62,2.9196,descent
15.0150,296.548,-5.159,0.001,1.15570,0.00,-11.335,0.0000,0.0152,15.8,677.62,2.9196,descent
15.0350,296.445,-5.159,0.001,1.15570,0.00,-11.335,0.0000,0.0152,15.8,677.62,2.9196,descent
15.0550,296.342,-5.159,0.001,1.15570,0.00,-11.335,0.0000,0.0152,15.8,677.62,2.9196,descent
15.0750,296.239,-5.159,0.001,1.15570,0.00,-11.335,0.0000,0.0152,15.8,677.62,2.9196,descent
15.0950,296.135,-5.159,0.001,1.15570,0.00,-11.335,0.0000,0.0152,15.8,677.62,2.9196,descent
15.1150,296.032,-5.159,0.001,1.15570,0.00,-11.335,0.0000,0.0152,15.8,677.62,2.9196,descent
15.1350,295.929,-5.159,0.001,1.15570,0.00,-11.335,0.0000,0.0152,15.8,677.62,2.9196,descent
15.1550,295.826,-5.159,0.001,1.15570,0.00,-11.335,0.0000,0.0152,15.8,677.62,2.9196,descent
15.1750,295.723,-5.159,0.001,1.15570,0.00,-11.335,0.0000,0.0152,15.8,677.62,2.9196,descent
15.1950,295.620,-5.159,0.001,1.15570,0.00,-11.335,0.0000,0.0152,15.8,677.62,2.9196,descent
15.2150,295.516,-5.159,0.001,1.15570,0.00,-11.335,0.0000,0.0152,15.8,677.62,2.9196,descent
15.2350,295.413,-5.159,0.001,1.15570,0.00,-11.335,0.0000,0.0152,15.8,677.62,2.9196,descent
15.2550,295.310,-5.159,0.001,1.15570,0.00,-11.335,0.0000,0.0152,15.8,677.62,2.9196,descent
15.2750,295.207,-5.159,0.001,1.15570,0.00,-11.335,0.0000,0.0152,15.8,677.62,2.9196,descent
15.2950,295.104,-5.159,0.001,1.15570,0.00,-11.335,0.0000,0.0152,15.8,677.62,2.9196,descent
15.3150,295.000,-5.159,0.001,1.15570,0.00,-11.335,0.0000,0.0152,15.8,677.62,2.9196,descent
15.3350,294.897,-5.159,0.001,1.15570,0.00,-11.335,0.0000,0.0152,15.8,677.62,2.9196,descent
15.3550,294.794,-5.159,0.001,1.15570,0.00,-11.335,0.0000,0.0152,15.8,677.62,2.9196,descent
15.3750,294.691,-5.159,0.001,1.15570,0.00,-11.335,0.0000,0.0152,15.8,677.62,2.9196,descent
15.3950,294.588,-5.159,0.001,1.15570,0.00,-11.335,0.0000,0.0152,15.8,677.62,2.9196,descent
15.4150,294.485,-5.159,0.001,1.15570,0.00,-11.335,0.0000,0.0152,15.8,677.62,2.9196,descent
15.4350,294.381,-5.159,0.001,1.15570,0.00,-11.335,0.0000,0.0152,15.8,677.62,2.9196,descent
15.4550,294.278,-5.159,0.001,1.15570,0.00,-11.335,0.0000,0.0152,15.8,677.62,2.9196,descent
15.4750,294.175,-5.159,0.001,1.15570,0.00,-11.335,0.0000,0.0152,15.8,677.62,2.9196,descent
15.4950,294.072,-5.159,0.001,1.15570,0.00,-11.335,0.0000,0.0152,15.8,677.62,2.9196,descent
15.5150,293.969,-5.159,0.001,1.15570,0.00,-11.335,0.0000,0.0152,15.8,677.62,2.9196,descent
15.5350,293.865,-5.159,0.001,1.15570,0.00,-11.335,0.0000,0.0152,15.8,677.62,2.9196,descent
15.5550,293.762,-5.159,0.001,1.15570,0.00,-11.335,0.0000,0.0152,15.8,677.62,2.9196,descent
15.5750,293.659,-5.159,0.001,1.15570,0.00,-11.335,0.0000,0.0152,15.8,677.62,2.9196,descent
15.5950,293.556,-5.159,0.001,1.15570,0.00,-11.335,0.0000,0.0152,15.8,677.62,2.9196,descent
15.6150,293.453,-5.159,0.001,1.15570,0.00,-11.335,0.0000,0.0152,15.8,677.62,2.9196,descent
15.6350,293.350,-5.159,0.001,1.15570,0.00,-11.335,0.0000,0.0152,15.8,677.62,2.9196,descent
15.6550,293.246,-5.159,0.001,1.15570,0.00,-11.335,0.0000,0.0152,15.8,677.62,2.9196,descent
15.6750,293.143,-5.159,0.001,1.15570,0.00,-11.335,0.0000,0.0152,15.8,677.62,2.9196,descent
15.6950,293.040,-5.159,0.001,1.15570,0.00,-11.335,0.0000,0.0152,15.8,677.62,2.9196,descent
15.7150,292.937,-5.159,0.001,1.15570,0.00,-11.335,0.0000,0.0152,15.8,677.62,2.9196,descent
15.7350,292.834,-5.159,0.001,1.15570,0.00,-11.335,0.0000,0.0152,15.8,677.62,2.9196,descent
15.7550,292.731,-5.159,0.001,1.15570,0.00,-11.335,0.0000,0.0152,15.8,677.62,2.9196,descent
15.7750,292.627,-5.159,0.001,1.15570,0.00,-11.335,0.0000,0.0152,15.8,677.62,2.9196,descent
15.7950,292.524,-5.158,0.001,1.15570,0.00,-11.335,0.0000,0.0152,15.8,677.62,2.9196,descent
15.8150,292.421,-5.158,0.001,1.15570,0.00,-11.335,0.0000,0.0152,15.8,677.62,2.9196,descent
15.8350,292.318,-5.158,0.001,1.15570,0.00,-11.335,0.0000,0.0152,15.8,677.62,2.9196,descent
15.8550,292.215,-5.158,0.001,1.15570,0.00,-11.335,0.0000,0.0152,15.8,677.62,2.9196,descent
15.8750,292.112,-5.158,0.001,1.15570,0.00,-11.335,0.0000,0.0152,15.8,677.62,2.9196,descent
15.8950,292.008,-5.158,0.001,1.15570,0.00,-11.335,0.0000,0.0152,15.8,677.62,2.9196,descent
15.9150,291.905,-5.158,0.001,1.15570,0.00,-11.335,0.0000,0.0152,15.8,677.62,2.9196,descent
15.9350,291.802,-5.158,0.001,1.15570,0.00,-11.335,0.0000,0.0152,15.8,677.62,2.9196,descent
15.9550,291.699,-5.158,0.001,1.15570,0.00,-11.335,0.0000,0.0152,15.8,677.62,2.9196,descent
15.9750,291.596,-5.158,0.001,1.15570,0.00,-11.335,0.0000,0.0152,15.8,677.62,2.9196,descent
15.9950,291.493,-5.158,0.001,1.15570,0.00,-11.335,0.0000,0.0152,15.8,677.62,2.9196,descent
16.0150,291.389,-5.158,0.001,1.15570,0.00,-11.335,0.0000,0.0152,15.8,677.62,2.9196,descent
16.0350,291.286,-5.158,0.001,1.15570,0.00,-11.335,0.0000,0.0152,15.8,677.62,2.9196,descent
16.0550,291.183,-5.158,0.001,1.15570,0.00,-11.335,0.0000,0.0152,15.8,677.62,2.9196,descent
16.0750,291.080,-5.158,0.001,1.15570,0.00,-11.335,0.0000,0.0152,15.8,677.62,2.9196,descent
16.0950,290.977,-5.158,0.001,1.15570,0.00,-11.335,0.0000,0.0152,15.8,677.62,2.9196,descent
16.1150,290.874,-5.158,0.001,1.15570,0.00,-11.335,0.0000,0.0152,15.8,677.62,2.9196,descent
16.1350,290.770,-5.158,0.001,1.15570,0.00,-11.335,0.0000,0.0152,15.8,677.62,2.9196,descent
16.1550,290.667,-5.158,0.001,1.15570,0.00,-11.335,0.0000,0.0152,15.8,677.62,2.9196,descent
16.1750,290.564,-5.158,0.001,1.15570,0.00,-11.335,0.0000,0.0152,15.8,677.62,2.9196,descent
16.1950,290.461,-5.158,0.001,1.15570,0.00,-11.335,0.0000,0.0152,15.8,677.62,2.9196,descent
16.2150,290.358,-5.158,0.001,1.15570,0.00,-11.335,0.0000,0.0152,15.8,677.62,2.9196,descent
16.2350,290.255,-5.158,0.001,1.15570,0.00,-11.335,0.0000,0.0152,15.8,677.62,2.9196,descent
16.2550,290.151,-5.158,0.001,1.15570,0.00,-11.335,0.0000,0.0152,15.8,677.62,2.9196,descent
16.2750,290.048,-5.158,0.001,1.15570,0.00,-11.335,0.0000,0.0152,15.8,677.62,2.9196,descent
16.2950,289.945,-5.158,0.001,1.15570,0.00,-11.335,0.0000,0.0152,15.8,677.62,2.9196,descent
16.3150,289.842,-5.158,0.001,1.15570,0.00,-11.335,0.0000,0.0152,15.8,677.62,2.9196,descent
16.3350,289.739,-5.158,0.001,1.15570,0.00,-11.335,0.0000,0.0152,15.8,677.62,2.9196,descent
16.3550,289.636,-5.158,0.001,1.15570,0.00,-11.335,0.0000,0.0152,15.8,677.62,2.9196,descent
16.3750,289.533,-5.158,0.001,1.15570,0.00,-11.335,0.0000,0.0152,15.8,677.62,2.9196,descent
16.3950,289.429,-5.158,0.001,1.15570,0.00,-11.335,0.0000,0.0152,15.8,677.62,2.9196,descent
16.4150,289.326,-5.158,0.001,1.15570,0.00,-11.335,0.0000,0.0152,15.8,677.62,2.9196,descent
16.4350,289.223,-5.158,0.001,1.15570,0.00,-11.335,0.0000,0.0152,15.8,677.62,2.9196,descent
16.4550,289.120,-5.158,0.001,1.15570,0.00,-11.335,0.0000,0.0152,15.8,677.62,2.9196,descent
16.4750,289.017,-5.158,0.001,1.15570,0.00,-11.335,0.0000,0.0152,15.8,677.62,2.9196,descent
16.4950,288.914,-5.158,0.001,1.15570,0.00,-11.335,0.0000,0.0152,15.8,677.62,2.9196,descent
16.5150,288.810,-5.158,0.001,1.15570,0.00,-11.335,0.0000,0.0152,15.8,677.62,2.9196,descent
16.5350,288.707,-5.158,0.001,1.15570,0.00,-11.335,0.0000,0.0152,15.8,677.62,2.9196,descent
16.5550,288.604,-5.158,0.001,1.15570,0.00,-11.335,0.0000,0.0152,15.8,677.62,2.9196,descent
16.5750,288.501,-5.157,0.001,1.15570,0.00,-11.335,0.0000,0.0152,15.8,677.62,2.9196,descent
16.5950,288.398,-5.157,0.001,1.15570,0.00,-11.335,0.0000,0.0152,15.8,677.62,2.9196,descent
16.6150,288.295,-5.157,0.001,1.15570,0.00,-11.335,0.0000,0.0152,15.8,677.62,2.9196,descent
16.6350,288.192,-5.157,0.001,1.15570,0.00,-11.335,0.0000,0.0152,15.8,677.62,2.9196,descent
16.6550,288.088,-5.157,0.001,1.15570,0.00,-11.335,0.0000,0.0152,15.8,677.62,2.9196,descent
16.6750,287.985,-5.157,0.001,1.15570,0.00,-11.335,0.0000,0.0152,15.8,677.62,2.9196,descent
16.6950,287.882,-5.157,0.001,1.15570,0.00,-11.335,0.0000,0.0152,15.8,677.62,2.9196,descent
16.7150,287.779,-5.157,0.001,1.15570,0.00,-11.335,0.0000,0.0152,15.8,677.62,2.9196,descent
16.7350,287.676,-5.157,0.001,1.15570,0.00,-11.335,0.0000,0.0152,15.8,677.62,2.9196,descent
16.7550,287.573,-5.157,0.001,1.15570,0.00,-11.335,0.0000,0.0152,15.8,677.62,2.9196,descent
16.7750,287.470,-5.157,0.001,1.15570,0.00,-11.335,0.0000,0.0152,15.8,677.62,2.9196,descent
16.7950,287.366,-5.157,0.001,1.15570,0.00,-11.335,0.0000,0.0152,15.8,677.62,2.9196,descent
16.8150,287.263,-5.157,0.001,1.15570,0.00,-11.335,0.0000,0.0152,15.8,677.62,2.9196,descent
16.8350,287.160,-5.157,0.001,1.15570,0.00,-11.335,0.0000,0.0152,15.8,677.62,2.9196,descent
16.8550,287.057,-5.157,0.001,1.15570,0.00,-11.335,0.0000,0.0152,15.8,677.62,2.9196,descent
16.8750,286.954,-5.157,0.001,1.15570,0.00,-11.335,0.0000,0.0152,15.8,677.62,2.9196,descent
16.8950,286.851,-5.157,0.001,1.15570,0.00,-11.335,0.0000,0.0152,15.8,677.62,2.9196,descent
16.9150,286.748,-5.157,0.001,1.15570,0.00,-11.335,0.0000,0.0152,15.8,677.62,2.9196,descent
16.9350,286.644,-5.157,0.001,1.15570,0.00,-11.335,0.0000,0.0152,15.8,677.62,2.9196,descent
16.9550,286.541,-5.157,0.001,1.15570,0.00,-11.335,0.0000,0.0152,15.8,677.62,2.9196,descent
16.9750,286.438,-5.157,0.001,1.15570,0.00,-11.335,0.0000,0.0152,15.8,677.62,2.9196,descent
16.9950,286.335,-5.157,0.001,1.15570,0.00,-11.335,0.0000,0.0152,15.8,677.62,2.9196,descent
17.0150,286.232,-5.157,0.001,1.15570,0.00,-11.335,0.0000,0.0152,15.8,677.62,2.9196,descent
17.0350,286.129,-5.157,0.001,1.15570,0.00,-11.335,0.0000,0.0152,15.8,677.62,2.9196,descent
17.0550,286.026,-5.157,0.001,1.15570,0.00,-11.335,0.0000,0.0152,15.8,677.62,2.9196,descent
17.0750,285.922,-5.157,0.001,1.15570,0.00,-11.335,0.0000,0.0152,15.8,677.62,2.9196,descent
17.0950,285.819,-5.157,0.001,1.15570,0.00,-11.335,0.0000,0.0152,15.8,677.62,2.9196,descent
17.1150,285.716,-5.157,0.001,1.15570,0.00,-11.335,0.0000,0.0152,15.8,677.62,2.9196,descent
17.1350,285.613,-5.157,0.001,1.15570,0.00,-11.335,0.0000,0.0152,15.8,677.62,2.9196,descent
17.1550,285.510,-5.157,0.001,1.15570,0.00,-11.335,0.0000,0.0152,15.8,677.62,2.9196,descent
17.1750,285.407,-5.157,0.001,1.15570,0.00,-11.335,0.0000,0.0152,15.8,677.62,2.9196,descent
17.1950,285.304,-5.157,0.001,1.15570,0.00,-11.335,0.0000,0.0152,15.8,677.62,2.9196,descent
17.2150,285.200,-5.157,0.001,1.15570,0.00,-11.335,0.0000,0.0152,15.8,677.62,2.9196,descent
17.2350,285.097,-5.157,0.001,1.15570,0.00,-11.335,0.0000,0.0152,15.8,677.62,2.9196,descent
17.2550,284.994,-5.157,0.001,1.15570,0.00,-11.335,0.0000,0.0152,15.8,677.62,2.9196,descent
17.2750,284.891,-5.157,0.001,1.15570,0.00,-11.335,0.0000,0.0152,15.8,677.62,2.9196,descent
17.2950,284.788,-5.157,0.001,1.15570,0.00,-11.335,0.0000,0.0152,15.8,677.62,2.9196,descent
17.3150,284.685,-5.157,0.001,1.15570,0.00,-11.335,0.0000,0.0152,15.8,677.62,2.9196,descent
17.3350,284.582,-5.157,0.001,1.15570,0.00,-11.335,0.0000,0.0152,15.8,677.62,2.9196,descent
17.3550,284.479,-5.156,0.001,1.15570,0.00,-11.335,0.0000,0.0152,15.8,677.62,2.9196,descent
17.3750,284.375,-5.156,0.001,1.15570,0.00,-11.335,0.0000,0.0152,15.8,677.62,2.9196,descent
17.3950,284.272,-5.156,0.001,1.15570,0.00,-11.335,0.0000,0.0152,15.8,677.62,2.9196,descent
17.4150,284.169,-5.156,0.001,1.15570,0.00,-11.335,0.0000,0.0152,15.8,677.62,2.9196,descent
17.4350,284.066,-5.156,0.001,1.15570,0.00,-11.335,0.0000,0.0152,15.8,677.62,2.9196,descent
17.4550,283.963,-5.156,0.001,1.15570,0.00,-11.335,0.0000,0.0152,15.8,677.62,2.9196,descent
17.4750,283.860,-5.156,0.001,1.15570,0.00,-11.335,0.0000,0.0152,15.8,677.62,2.9196,descent
17.4950,283.757,-5.156,0.001,1.15570,0.00,-11.335,0.0000,0.0152,15.8,677.62,2.9196,descent
17.5150,283.654,-5.156,0.001,1.15570,0.00,-11.335,0.0000,0.0152,15.8,677.62,2.9196,descent
17.5350,283.550,-5.156,0.001,1.15570,0.00,-11.335,0.0000,0.0152,15.8,677.62,2.9196,descent
17.5550,283.447,-5.156,0.001,1.15570,0.00,-11.335,0.0000,0.0152,15.8,677.62,2.9196,descent
17.5750,283.344,-5.156,0.001,1.15570,0.00,-11.335,0.0000,0.0152,15.8,677.62,2.9196,descent
17.5950,283.241,-5.156,0.001,1.15570,0.00,-11.335,0.0000,0.0152,15.8,677.62,2.9196,descent
17.6150,283.138,-5.156,0.001,1.15570,0.00,-11.335,0.0000,0.0152,15.8,677.62,2.9196,descent
17.6350,283.035,-5.156,0.001,1.15570,0.00,-11.335,0.0000,0.0152,15.8,677.62,2.9196,descent
17.6550,282.932,-5.156,0.001,1.15570,0.00,-11.335,0.0000,0.0152,15.8,677.62,2.9196,descent
17.6750,282.829,-5.156,0.001,1.15570,0.00,-11.335,0.0000,0.0152,15.8,677.62,2.9196,descent
17.6950,282.725,-5.156,0.001,1.15570,0.00,-11.335,0.0000,0.0152,15.8,677.62,2.9196,descent
17.7150,282.622,-5.156,0.001,1.15570,0.00,-11.335,0.0000,0.0152,15.8,677.62,2.9196,descent
17.7350,282.519,-5.156,0.001,1.15570,0.00,-11.335,0.0000,0.0152,15.8,677.62,2.9196,descent
17.7550,282.416,-5.156,0.001,1.15570,0.00,-11.335,0.0000,0.0152,15.8,677.62,2.9196,descent
17.7750,282.313,-5.156,0.001,1.15570,0.00,-11.335,0.0000,0.0152,15.8,677.62,2.9196,descent
17.7950,282.210,-5.156,0.001,1.15570,0.00,-11.335,0.0000,0.0152,15.8,677.62,2.9196,descent
17.8150,282.107,-5.156,0.001,1.15570,0.00,-11.335,0.0000,0.0152,15.8,677.62,2.9196,descent
17.8350,282.004,-5.156,0.001,1.15570,0.00,-11.335,0.0000,0.0152,15.8,677.62,2.9196,descent
17.8550,281.900,-5.156,0.001,1.15570,0.00,-11.335,0.0000,0.0152,15.8,677.62,2.9196,descent
17.8750,281.797,-5.156,0.001,1.15570,0.00,-11.335,0.0000,0.0152,15.8,677.62,2.9196,descent
17.8950,281.694,-5.156,0.001,1.15570,0.00,-11.335,0.0000,0.0152,15.8,677.62,2.9196,descent
17.9150,281.591,-5.156,0.001,1.15570,0.00,-11.335,0.0000,0.0152,15.8,677.62,2.9196,descent
17.9350,281.488,-5.156,0.001,1.15570,0.00,-11.335,0.0000,0.0152,15.8,677.62,2.9196,descent
17.9550,281.385,-5.156,0.001,1.15570,0.00,-11.335,0.0000,0.0152,15.8,677.62,2.9196,descent
17.9750,281.282,-5.156,0.001,1.15570,0.00,-11.335,0.0000,0.0152,15.8,677.62,2.9196,descent
17.9950,281.179,-5.156,0.001,1.15570,0.00,-11.335,0.0000,0.0152,15.8,677.62,2.9196,descent
18.0150,281.076,-5.156,0.001,1.15570,0.00,-11.335,0.0000,0.0152,15.8,677.62,2.9196,descent
18.0350,280.972,-5.156,0.001,1.15570,0.00,-11.335,0.0000,0.0152,15.8,677.62,2.9196,descent
18.0550,280.869,-5.156,0.001,1.15570,0.00,-11.335,0.0000,0.0152,15.8,677.62,2.9196,descent
18.0750,280.766,-5.156,0.001,1.15570,0.00,-11.335,0.0000,0.0152,15.8,677.62,2.9196,descent
18.0950,280.663,-5.156,0.001,1.15570,0.00,-11.335,0.0000,0.0152,15.8,677.62,2.9196,descent
18.1150,280.560,-5.156,0.001,1.15570,0.00,-11.335,0.0000,0.0152,15.8,677.62,2.9196,descent
18.1350,280.457,-5.155,0.001,1.15570,0.00,-11.335,0.0000,0.0152,15.8,677.62,2.9196,descent
18.1550,280.354,-5.155,0.001,1.15570,0.00,-11.335,0.0000,0.0152,15.8,677.62,2.9196,descent
18.1750,280.251,-5.155,0.001,1.15570,0.00,-11.335,0.0000,0.0152,15.8,677.62,2.9196,descent
18.1950,280.148,-5.155,0.001,1.15570,0.00,-11.335,0.0000,0.0152,15.8,677.62,2.9196,descent
18.2150,280.044,-5.155,0.001,1.15570,0.00,-11.335,0.0000,0.0152,15.8,677.62,2.9196,descent
18.2350,279.941,-5.155,0.001,1.15570,0.00,-11.335,0.0000,0.0152,15.8,677.62,2.9196,descent
18.2550,279.838,-5.155,0.001,1.15570,0.00,-11.335,0.0000,0.0152,15.8,677.62,2.9196,descent
18.2750,279.735,-5.155,0.001,1.15570,0.00,-11.335,0.0000,0.0152,15.8,677.62,2.9196,descent
18.2950,279.632,-5.155,0.001,1.15570,0.00,-11.335,0.0000,0.0152,15.8,677.62,2.9196,descent
18.3150,279.529,-5.155,0.001,1.15570,0.00,-11.335,0.0000,0.0152,15.8,677.62,2.9196,descent
18.3350,279.426,-5.155,0.001,1.15570,0.00,-11.335,0.0000,0.0152,15.8,677.62,2.9196,descent
18.3550,279.323,-5.155,0.001,1.15570,0.00,-11.335,0.0000,0.0152,15.8,677.62,2.9196,descent
18.3750,279.220,-5.155,0.001,1.15570,0.00,-11.335,0.0000,0.0152,15.8,677.62,2.9196,descent
18.3950,279.117,-5.155,0.001,1.15570,0.00,-11.335,0.0000,0.0152,15.8,677.62,2.9196,descent
18.4150,279.013,-5.155,0.001,1.15570,0.00,-11.335,0.0000,0.0152,15.8,677.62,2.9196,descent
18.4350,278.910,-5.155,0.001,1.15570,0.00,-11.335,0.0000,0.0152,15.8,677.62,2.9196,descent
18.4550,278.807,-5.155,0.001,1.15570,0.00,-11.335,0.0000,0.0152,15.8,677.62,2.9196,descent
18.4750,278.704,-5.155,0.001,1.15570,0.00,-11.335,0.0000,0.0152,15.8,677.62,2.9196,descent
18.4950,278.601,-5.155,0.001,1.15570,0.00,-11.335,0.0000,0.0152,15.8,677.62,2.9196,descent
18.5150,278.498,-5.155,0.001,1.15570,0.00,-11.335,0.0000,0.0152,15.8,677.62,2.9196,descent
18.5350,278.395,-5.155,0.001,1.15570,0.00,-11.335,0.0000,0.0152,15.8,677.62,2.9196,descent
18.5550,278.292,-5.155,0.001,1.15570,0.00,-11.335,0.0000,0.0152,15.8,677.62,2.9196,descent
18.5750,278.189,-5.155,0.001,1.15570,0.00,-11.335,0.0000,0.0152,15.8,677.62,2.9196,descent
18.5950,278.086,-5.155,0.001,1.15570,0.00,-11.335,0.0000,0.0152,15.8,677.62,2.9196,descent
18.6150,277.982,-5.155,0.001,1.15570,0.00,-11.335,0.0000,0.0152,15.8,677.62,2.9196,descent
18.6350,277.879,-5.155,0.001,1.15570,0.00,-11.335,0.0000,0.0152,15.8,677.62,2.9196,descent
18.6550,277.776,-5.155,0.001,1.15570,0.00,-11.335,0.0000,0.0152,15.8,677.62,2.9196,descent
18.6750,277.673,-5.155,0.001,1.15570,0.00,-11.335,0.0000,0.0152,15.8,677.62,2.9196,descent
18.6950,277.570,-5.155,0.001,1.15570,0.00,-11.335,0.0000,0.0152,15.8,677.62,2.9196,descent
18.7150,277.467,-5.155,0.001,1.15570,0.00,-11.335,0.0000,0.0152,15.8,677.62,2.9196,descent
18.7350,277.364,-5.155,0.001,1.15570,0.00,-11.335,0.0000,0.0152,15.8,677.62,2.9196,descent
18.7550,277.261,-5.155,0.001,1.15570,0.00,-11.335,0.0000,0.0152,15.8,677.62,2.9196,descent
18.7750,277.158,-5.155,0.001,1.15570,0.00,-11.335,0.0000,0.0152,15.8,677.62,2.9196,descent
18.7950,277.055,-5.155,0.001,1.15570,0.00,-11.335,0.0000,0.0152,15.8,677.62,2.9196,descent
18.8150,276.951,-5.155,0.001,1.15570,0.00,-11.335,0.0000,0.0152,15.8,677.62,2.9196,descent
18.8350,276.848,-5.155,0.001,1.15570,0.00,-11.335,0.0000,0.0152,15.8,677.62,2.9196,descent
18.8550,276.745,-5.155,0.001,1.15570,0.00,-11.335,0.0000,0.0152,15.8,677.62,2.9196,descent
18.8750,276.642,-5.155,0.001,1.15570,0.00,-11.335,0.0000,0.0152,15.8,677.62,2.9196,descent
18.8950,276.539,-5.155,0.001,1.15570,0.00,-11.335,0.0000,0.0152,15.8,677.62,2.9196,descent
18.9150,276.436,-5.154,0.001,1.15570,0.00,-11.335,0.0000,0.0152,15.8,677.62,2.9196,descent
18.9350,276.333,-5.154,0.001,1.15570,0.00,-11.335,0.0000,0.0152,15.8,677.62,2.9196,descent
18.9550,276.230,-5.154,0.001,1.15570,0.00,-11.335,0.0000,0.0152,15.8,677.62,2.9196,descent
18.9750,276.127,-5.154,0.001,1.15570,0.00,-11.335,0.0000,0.0152,15.8,677.62,2.9196,descent
18.9950,276.024,-5.154,0.001,1.15570,0.00,-11.335,0.0000,0.0152,15.8,677.62,2.9196,descent
19.0150,275.921,-5.154,0.001,1.15570,0.00,-11.335,0.0000,0.0152,15.8,677.62,2.9196,descent
19.0350,275.817,-5.154,0.001,1.15570,0.00,-11.335,0.0000,0.0152,15.8,677.62,2.9196,descent
19.0550,275.714,-5.154,0.001,1.15570,0.00,-11.335,0.0000,0.0152,15.8,677.62,2.9196,descent
19.0750,275.611,-5.154,0.001,1.15570,0.00,-11.335,0.0000,0.0152,15.8,677.62,2.9196,descent
19.0950,275.508,-5.154,0.001,1.15570,0.00,-11.335,0.0000,0.0152,15.8,677.62,2.9196,descent
19.1150,275.405,-5.154,0.001,1.15570,0.00,-11.335,0.0000,0.0152,15.8,677.62,2.9196,descent
19.1350,275.302,-5.154,0.001,1.15570,0.00,-11.335,0.0000,0.0152,15.8,677.62,2.9196,descent
19.1550,275.199,-5.154,0.001,1.15570,0.00,-11.335,0.0000,0.0152,15.8,677.62,2.9196,descent
19.1750,275.096,-5.154,0.001,1.15570,0.00,-11.335,0.0000,0.0152,15.8,677.62,2.9196,descent
19.1950,274.993,-5.154,0.001,1.15570,0.00,-11.335,0.0000,0.0152,15.8,677.62,2.9196,descent
19.2150,274.890,-5.154,0.001,1.15570,0.00,-11.335,0.0000,0.0152,15.8,677.62,2.9196,descent
19.2350,274.787,-5.154,0.001,1.15570,0.00,-11.335,0.0000,0.0152,15.8,677.62,2.9196,descent
19.2550,274.684,-5.154,0.001,1.15570,0.00,-11.335,0.0000,0.0152,15.8,677.62,2.9196,descent
19.2750,274.580,-5.154,0.001,1.15570,0.00,-11.335,0.0000,0.0152,15.8,677.62,2.9196,descent
19.2950,274.477,-5.154,0.001,1.15570,0.00,-11.335,0.0000,0.0152,15.8,677.62,2.9196,descent
19.3150,274.374,-5.154,0.001,1.15570,0.00,-11.335,0.0000,0.0152,15.8,677.62,2.9196,descent
19.3350,274.271,-5.154,0.001,1.15570,0.00,-11.335,0.0000,0.0152,15.8,677.62,2.9196,descent
19.3550,274.168,-5.154,0.001,1.15570,0.00,-11.335,0.0000,0.0152,15.8,677.62,2.9196,descent
19.3750,274.065,-5.154,0.001,1.15570,0.00,-11.335,0.0000,0.0152,15.8,677.62,2.9196,descent
19.3950,273.962,-5.154,0.001,1.15570,0.00,-11.335,0.0000,0.0152,15.8,677.62,2.9196,descent
19.4150,273.859,-5.154,0.001,1.15570,0.00,-11.335,0.0000,0.0152,15.8,677.62,2.9196,descent
19.4350,273.756,-5.154,0.001,1.15570,0.00,-11.335,0.0000,0.0152,15.8,677.62,2.9196,descent
19.4550,273.653,-5.154,0.001,1.15570,0.00,-11.335,0.0000,0.0152,15.8,677.62,2.9196,descent
19.4750,273.550,-5.154,0.001,1.15570,0.00,-11.335,0.0000,0.0152,15.8,677.62,2.9196,descent
19.4950,273.447,-5.154,0.001,1.15570,0.00,-11.335,0.0000,0.0152,15.8,677.62,2.9196,descent
19.5150,273.344,-5.154,0.001,1.15570,0.00,-11.335,0.0000,0.0152,15.8,677.62,2.9196,descent
19.5350,273.240,-5.154,0.001,1.15570,0.00,-11.335,0.0000,0.0152,15.8,677.62,2.9196,descent
19.5550,273.137,-5.154,0.001,1.15570,0.00,-11.335,0.0000,0.0152,15.8,677.62,2.9196,descent
19.5750,273.034,-5.154,0.001,1.15570,0.00,-11.335,0.0000,0.0152,15.8,677.62,2.9196,descent
19.5950,272.931,-5.154,0.001,1.15570,0.00,-11.335,0.0000,0.0152,15.8,677.62,2.9196,descent
19.6150,272.828,-5.154,0.001,1.15570,0.00,-11.335,0.0000,0.0152,15.8,677.62,2.9196,descent
19.6350,272.725,-5.154,0.001,1.15570,0.00,-11.335,0.0000,0.0152,15.8,677.62,2.9196,descent
19.6550,272.622,-5.154,0.001,1.15570,0.00,-11.335,0.0000,0.0152,15.8,677.62,2.9196,descent
19.6750,272.519,-5.154,0.001,1.15570,0.00,-11.335,0.0000,0.0152,15.8,677.62,2.9196,descent
19.6950,272.416,-5.153,0.001,1.15570,0.00,-11.335,0.0000,0.0152,15.8,677.62,2.9196,descent
19.7150,272.313,-5.153,0.001,1.15570,0.00,-11.335,0.0000,0.0152,15.8,677.62,2.9196,descent
19.7350,272.210,-5.153,0.001,1.15570,0.00,-11.335,0.0000,0.0152,15.8,677.62,2.9196,descent
19.7550,272.107,-5.153,0.001,1.15570,0.00,-11.335,0.0000,0.0152,15.8,677.62,2.9196,descent
19.7750,272.004,-5.153,0.001,1.15570,0.00,-11.335,0.0000,0.0152,15.8,677.62,2.9196,descent
19.7950,271.901,-5.153,0.001,1.15570,0.00,-11.335,0.0000,0.0152,15.8,677.62,2.9196,descent
19.8150,271.797,-5.153,0.001,1.15570,0.00,-11.335,0.0000,0.0152,15.8,677.62,2.9196,descent
19.8350,271.694,-5.153,0.001,1.15570,0.00,-11.335,0.0000,0.0152,15.8,677.62,2.9196,descent
19.8550,271.591,-5.153,0.001,1.15570,0.00,-11.335,0.0000,0.0152,15.8,677.62,2.9196,descent
19.8750,271.488,-5.153,0.001,1.15570,0.00,-11.335,0.0000,0.0152,15.8,677.62,2.9196,descent
19.8950,271.385,-5.153,0.001,1.15570,0.00,-11.335,0.0000,0.0152,15.8,677.62,2.9196,descent
19.9150,271.282,-5.153,0.001,1.15570,0.00,-11.335,0.0000,0.0152,15.8,677.62,2.9196,descent
19.9350,271.179,-5.153,0.001,1.15570,0.00,-11.335,0.0000,0.0152,15.8,677.62,2.9196,descent
19.9550,271.076,-5.153,0.001,1.15570,0.00,-11.335,0.0000,0.0152,15.8,677.62,2.9196,descent
19.9750,270.973,-5.153,0.001,1.15570,0.00,-11.335,0.0000,0.0152,15.8,677.62,2.9196,descent
19.9950,270.870,-5.153,0.001,1.15570,0.00,-11.335,0.0000,0.0152,15.8,677.62,2.9196,descent
20.0150,270.767,-5.153,0.001,1.15570,0.00,-11.335,0.0000,0.0152,15.8,677.62,2.9196,descent
20.0350,270.664,-5.153,0.001,1.15570,0.00,-11.335,0.0000,0.0152,15.8,677.62,2.9196,descent
20.0550,270.561,-5.153,0.001,1.15570,0.00,-11.335,0.0000,0.0152,15.8,677.62,2.9196,descent
20.0750,270.458,-5.153,0.001,1.15570,0.00,-11.335,0.0000,0.0152,15.8,677.62,2.9196,descent
20.0950,270.355,-5.153,0.001,1.15570,0.00,-11.335,0.0000,0.0152,15.8,677.62,2.9196,descent
20.1150,270.252,-5.153,0.001,1.15570,0.00,-11.335,0.0000,0.0152,15.8,677.62,2.9196,descent
20.1350,270.149,-5.153,0.001,1.15570,0.00,-11.335,0.0000,0.0152,15.8,677.62,2.9196,descent
20.1550,270.045,-5.153,0.001,1.15570,0.00,-11.335,0.0000,0.0152,15.8,677.62,2.9196,descent
20.1750,269.942,-5.153,0.001,1.15570,0.00,-11.335,0.0000,0.0152,15.8,677.62,2.9196,descent
20.1950,269.839,-5.153,0.001,1.15570,0.00,-11.335,0.0000,0.0152,15.8,677.62,2.9196,descent
20.2150,269.736,-5.153,0.001,1.15570,0.00,-11.335,0.0000,0.0152,15.8,677.62,2.9196,descent
20.2350,269.633,-5.153,0.001,1.15570,0.00,-11.335,0.0000,0.0152,15.8,677.62,2.9196,descent
20.2550,269.530,-5.153,0.001,1.15570,0.00,-11.335,0.0000,0.0152,15.8,677.62,2.9196,descent
20.2750,269.427,-5.153,0.001,1.15570,0.00,-11.335,0.0000,0.0152,15.8,677.62,2.9196,descent
20.2950,269.324,-5.153,0.001,1.15570,0.00,-11.335,0.0000,0.0152,15.8,677.62,2.9196,descent
20.3150,269.221,-5.153,0.001,1.15570,0.00,-11.335,0.0000,0.0152,15.8,677.62,2.9196,descent
20.3350,269.118,-5.153,0.001,1.15570,0.00,-11.335,0.0000,0.0152,15.8,677.62,2.9196,descent
20.3550,269.015,-5.153,0.001,1.15570,0.00,-11.335,0.0000,0.0152,15.8,677.62,2.9196,descent
20.3750,268.912,-5.153,0.001,1.15570,0.00,-11.335,0.0000,0.0152,15.8,677.62,2.9196,descent
20.3950,268.809,-5.153,0.001,1.15570,0.00,-11.335,0.0000,0.0152,15.8,677.62,2.9196,descent
20.4150,268.706,-5.153,0.001,1.15570,0.00,-11.335,0.0000,0.0152,15.8,677.62,2.9196,descent
20.4350,268.603,-5.153,0.001,1.15570,0.00,-11.335,0.0000,0.0152,15.8,677.62,2.9196,descent
20.4550,268.500,-5.153,0.001,1.15570,0.00,-11.335,0.0000,0.0152,15.8,677.62,2.9196,descent
20.4750,268.397,-5.152,0.001,1.15570,0.00,-11.335,0.0000,0.0152,15.8,677.62,2.9196,descent
20.4950,268.294,-5.152,0.001,1.15570,0.00,-11.335,0.0000,0.0152,15.8,677.62,2.9196,descent
20.5150,268.190,-5.152,0.001,1.15570,0.00,-11.335,0.0000,0.0152,15.8,677.62,2.9196,descent
20.5350,268.087,-5.152,0.001,1.15570,0.00,-11.335,0.0000,0.0152,15.8,677.62,2.9196,descent
20.5550,267.984,-5.152,0.001,1.15570,0.00,-11.335,0.0000,0.0152,15.8,677.62,2.9196,descent
20.5750,267.881,-5.152,0.001,1.15570,0.00,-11.335,0.0000,0.0152,15.8,677.62,2.9196,descent
20.5950,267.778,-5.152,0.001,1.15570,0.00,-11.335,0.0000,0.0152,15.8,677.62,2.9196,descent
20.6150,267.675,-5.152,0.001,1.15570,0.00,-11.335,0.0000,0.0152,15.8,677.62,2.9196,descent
20.6350,267.572,-5.152,0.001,1.15570,0.00,-11.335,0.0000,0.0152,15.8,677.62,2.9196,descent
20.6550,267.469,-5.152,0.001,1.15570,0.00,-11.335,0.0000,0.0152,15.8,677.62,2.9196,descent
20.6750,267.366,-5.152,0.001,1.15570,0.00,-11.335,0.0000,0.0152,15.8,677.62,2.9196,descent
20.6950,267.263,-5.152,0.001,1.15570,0.00,-11.335,0.0000,0.0152,15.8,677.62,2.9196,descent
20.7150,267.160,-5.152,0.001,1.15570,0.00,-11.335,0.0000,0.0152,15.8,677.62,2.9196,descent
20.7350,267.057,-5.152,0.001,1.15570,0.00,-11.335,0.0000,0.0152,15.8,677.62,2.9196,descent
20.7550,266.954,-5.152,0.001,1.15570,0.00,-11.335,0.0000,0.0152,15.8,677.62,2.9196,descent
20.7750,266.851,-5.152,0.001,1.15570,0.00,-11.335,0.0000,0.0152,15.8,677.62,2.9196,descent
20.7950,266.748,-5.152,0.001,1.15570,0.00,-11.335,0.0000,0.0152,15.8,677.62,2.9196,descent
20.8150,266.645,-5.152,0.001,1.15570,0.00,-11.335,0.0000,0.0152,15.8,677.62,2.9196,descent
20.8350,266.542,-5.152,0.001,1.15570,0.00,-11.335,0.0000,0.0152,15.8,677.62,2.9196,descent
20.8550,266.439,-5.152,0.001,1.15570,0.00,-11.335,0.0000,0.0152,15.8,677.62,2.9196,descent
20.8750,266.336,-5.152,0.001,1.15570,0.00,-11.335,0.0000,0.0152,15.8,677.62,2.9196,descent
20.8950,266.233,-5.152,0.001,1.15570,0.00,-11.335,0.0000,0.0152,15.8,677.62,2.9196,descent
20.9150,266.130,-5.152,0.001,1.15570,0.00,-11.335,0.0000,0.0152,15.8,677.62,2.9196,descent
20.9350,266.027,-5.152,0.001,1.15570,0.00,-11.335,0.0000,0.0152,15.8,677.62,2.9196,descent
20.9550,265.924,-5.152,0.001,1.15570,0.00,-11.335,0.0000,0.0152,15.8,677.62,2.9196,descent
20.9750,265.821,-5.152,0.001,1.15570,0.00,-11.335,0.0000,0.0152,15.8,677.62,2.9196,descent
20.9950,265.717,-5.152,0.001,1.15570,0.00,-11.335,0.0000,0.0152,15.8,677.62,2.9196,descent
21.0150,265.614,-5.152,0.001,1.15570,0.00,-11.335,0.0000,0.0152,15.8,677.62,2.9196,descent
21.0350,265.511,-5.152,0.001,1.15570,0.00,-11.335,0.0000,0.0152,15.8,677.62,2.9196,descent
21.0550,265.408,-5.152,0.001,1.15570,0.00,-11.335,0.0000,0.0152,15.8,677.62,2.9196,descent
21.0750,265.305,-5.152,0.001,1.15570,0.00,-11.335,0.0000,0.0152,15.8,677.62,2.9196,descent
21.0950,265.202,-5.152,0.001,1.15570,0.00,-11.335,0.0000,0.0152,15.8,677.62,2.9196,descent
21.1150,265.099,-5.152,0.001,1.15570,0.00,-11.335,0.0000,0.0152,15.8,677.62,2.9196,descent
21.1350,264.996,-5.152,0.001,1.15570,0.00,-11.335,0.0000,0.0152,15.8,677.62,2.9196,descent
21.1550,264.893,-5.152,0.001,1.15570,0.00,-11.335,0.0000,0.0152,15.8,677.62,2.9196,descent
21.1750,264.790,-5.152,0.001,1.15570,0.00,-11.335,0.0000,0.0152,15.8,677.62,2.9196,descent
21.1950,264.687,-5.152,0.001,1.15570,0.00,-11.335,0.0000,0.0152,15.8,677.62,2.9196,descent
21.2150,264.584,-5.152,0.001,1.15570,0.00,-11.335,0.0000,0.0152,15.8,677.62,2.9196,descent
21.2350,264.481,-5.152,0.001,1.15570,0.00,-11.335,0.0000,0.0152,15.8,677.62,2.9196,descent
21.2550,264.378,-5.151,0.001,1.15570,0.00,-11.335,0.0000,0.0152,15.8,677.62,2.9196,descent
21.2750,264.275,-5.151,0.001,1.15570,0.00,-11.335,0.0000,0.0152,15.8,677.62,2.9196,descent
21.2950,264.172,-5.151,0.001,1.15570,0.00,-11.335,0.0000,0.0152,15.8,677.62,2.9196,descent
21.3150,264.069,-5.151,0.001,1.15570,0.00,-11.335,0.0000,0.0152,15.8,677.62,2.9196,descent
21.3350,263.966,-5.151,0.001,1.15570,0.00,-11.335,0.0000,0.0152,15.8,677.62,2.9196,descent
21.3550,263.863,-5.151,0.001,1.15570,0.00,-11.335,0.0000,0.0152,15.8,677.62,2.9196,descent
21.3750,263.760,-5.151,0.001,1.15570,0.00,-11.335,0.0000,0.0152,15.8,677.62,2.9196,descent
21.3950,263.657,-5.151,0.001,1.15570,0.00,-11.335,0.0000,0.0152,15.8,677.62,2.9196,descent
21.4150,263.554,-5.151,0.001,1.15570,0.00,-11.335,0.0000,0.0152,15.8,677.62,2.9196,descent
21.4350,263.451,-5.151,0.001,1.15570,0.00,-11.335,0.0000,0.0152,15.8,677.62,2.9196,descent
21.4550,263.348,-5.151,0.001,1.15570,0.00,-11.335,0.0000,0.0152,15.8,677.62,2.9196,descent
21.4750,263.245,-5.151,0.001,1.15570,0.00,-11.335,0.0000,0.0152,15.8,677.62,2.9196,descent
21.4950,263.142,-5.151,0.001,1.15570,0.00,-11.335,0.0000,0.0152,15.8,677.62,2.9196,descent
21.5150,263.039,-5.151,0.001,1.15570,0.00,-11.335,0.0000,0.0152,15.8,677.62,2.9196,descent
21.5350,262.936,-5.151,0.001,1.15570,0.00,-11.335,0.0000,0.0152,15.8,677.62,2.9196,descent
21.5550,262.833,-5.151,0.001,1.15570,0.00,-11.335,0.0000,0.0152,15.8,677.62,2.9196,descent
21.5750,262.730,-5.151,0.001,1.15570,0.00,-11.335,0.0000,0.0152,15.8,677.62,2.9196,descent
21.5950,262.627,-5.151,0.001,1.15570,0.00,-11.335,0.0000,0.0152,15.8,677.62,2.9196,descent
21.6150,262.524,-5.151,0.001,1.15570,0.00,-11.335,0.0000,0.0152,15.8,677.62,2.9196,descent
21.6350,262.421,-5.151,0.001,1.15570,0.00,-11.335,0.0000,0.0152,15.8,677.62,2.9196,descent
21.6550,262.318,-5.151,0.001,1.15570,0.00,-11.335,0.0000,0.0152,15.8,677.62,2.9196,descent
21.6750,262.215,-5.151,0.001,1.15570,0.00,-11.335,0.0000,0.0152,15.8,677.62,2.9196,descent
21.6950,262.112,-5.151,0.001,1.15570,0.00,-11.335,0.0000,0.0152,15.8,677.62,2.9196,descent
21.7150,262.008,-5.151,0.001,1.15570,0.00,-11.335,0.0000,0.0152,15.8,677.62,2.9196,descent
21.7350,261.905,-5.151,0.001,1.15570,0.00,-11.335,0.0000,0.0152,15.8,677.62,2.9196,descent
21.7550,261.802,-5.151,0.001,1.15570,0.00,-11.335,0.0000,0.0152,15.8,677.62,2.9196,descent
21.7750,261.699,-5.151,0.001,1.15570,0.00,-11.335,0.0000,0.0152,15.8,677.62,2.9196,descent
21.7950,261.596,-5.151,0.001,1.15570,0.00,-11.335,0.0000,0.0152,15.8,677.62,2.9196,descent
21.8150,261.493,-5.151,0.001,1.15570,0.00,-11.335,0.0000,0.0152,15.8,677.62,2.9196,descent
21.8350,261.390,-5.151,0.001,1.15570,0.00,-11.335,0.0000,0.0152,15.8,677.62,2.9196,descent
21.8550,261.287,-5.151,0.001,1.15570,0.00,-11.335,0.0000,0.0152,15.8,677.62,2.9196,descent
21.8750,261.184,-5.151,0.001,1.15570,0.00,-11.335,0.0000,0.0152,15.8,677.62,2.9196,descent
21.8950,261.081,-5.151,0.001,1.15570,0.00,-11.335,0.0000,0.0152,15.8,677.62,2.9196,descent
21.9150,260.978,-5.151,0.001,1.15570,0.00,-11.335,0.0000,0.0152,15.8,677.62,2.9196,descent
21.9350,260.875,-5.151,0.001,1.15570,0.00,-11.335,0.0000,0.0152,15.8,677.62,2.9196,descent
21.9550,260.772,-5.151,0.001,1.15570,0.00,-11.335,0.0000,0.0152,15.8,677.62,2.9196,descent
21.9750,260.669,-5.151,0.001,1.15570,0.00,-11.335,0.0000,0.0152,15.8,677.62,2.9196,descent
21.9950,260.566,-5.151,0.001,1.15570,0.00,-11.335,0.0000,0.0152,15.8,677.62,2.9196,descent
22.0150,260.463,-5.151,0.001,1.15570,0.00,-11.335,0.0000,0.0152,15.8,677.62,2.9196,descent
22.0350,260.360,-5.150,0.001,1.15570,0.00,-11.335,0.0000,0.0152,15.8,677.62,2.9196,descent
22.0550,260.257,-5.150,0.001,1.15570,0.00,-11.335,0.0000,0.0152,15.8,677.62,2.9196,descent
22.0750,260.154,-5.150,0.001,1.15570,0.00,-11.335,0.0000,0.0152,15.8,677.62,2.9196,descent
22.0950,260.051,-5.150,0.001,1.15570,0.00,-11.335,0.0000,0.0152,15.8,677.62,2.9196,descent
22.1150,259.948,-5.150,0.001,1.15570,0.00,-11.335,0.0000,0.0152,15.8,677.62,2.9196,descent
22.1350,259.845,-5.150,0.001,1.15570,0.00,-11.335,0.0000,0.0152,15.8,677.62,2.9196,descent
22.1550,259.742,-5.150,0.001,1.15570,0.00,-11.335,0.0000,0.0152,15.8,677.62,2.9196,descent
22.1750,259.639,-5.150,0.001,1.15570,0.00,-11.335,0.0000,0.0152,15.8,677.62,2.9196,descent
22.1950,259.536,-5.150,0.001,1.15570,0.00,-11.335,0.0000,0.0152,15.8,677.62,2.9196,descent
22.2150,259.433,-5.150,0.001,1.15570,0.00,-11.335,0.0000,0.0152,15.8,677.62,2.9196,descent
22.2350,259.330,-5.150,0.001,1.15570,0.00,-11.335,0.0000,0.0152,15.8,677.62,2.9196,descent
22.2550,259.227,-5.150,0.001,1.15570,0.00,-11.335,0.0000,0.0152,15.8,677.62,2.9196,descent
22.2750,259.124,-5.150,0.001,1.15570,0.00,-11.335,0.0000,0.0152,15.8,677.62,2.9196,descent
22.2950,259.021,-5.150,0.001,1.15570,0.00,-11.335,0.0000,0.0152,15.8,677.62,2.9196,descent
22.3150,258.918,-5.150,0.001,1.15570,0.00,-11.335,0.0000,0.0152,15.8,677.62,2.9196,descent
22.3350,258.815,-5.150,0.001,1.15570,0.00,-11.335,0.0000,0.0152,15.8,677.62,2.9196,descent
22.3550,258.712,-5.150,0.001,1.15570,0.00,-11.335,0.0000,0.0152,15.8,677.62,2.9196,descent
22.3750,258.609,-5.150,0.001,1.15570,0.00,-11.335,0.0000,0.0152,15.8,677.62,2.9196,descent
22.3950,258.506,-5.150,0.001,1.15570,0.00,-11.335,0.0000,0.0152,15.8,677.62,2.9196,descent
22.4150,258.403,-5.150,0.001,1.15570,0.00,-11.335,0.0000,0.0152,15.8,677.62,2.9196,descent
22.4350,258.300,-5.150,0.001,1.15570,0.00,-11.335,0.0000,0.0152,15.8,677.62,2.9196,descent
22.4550,258.197,-5.150,0.001,1.15570,0.00,-11.335,0.0000,0.0152,15.8,677.62,2.9196,descent
22.4750,258.094,-5.150,0.001,1.15570,0.00,-11.335,0.0000,0.0152,15.8,677.62,2.9196,descent
22.4950,257.991,-5.150,0.001,1.15570,0.00,-11.335,0.0000,0.0152,15.8,677.62,2.9196,descent
22.5150,257.888,-5.150,0.001,1.15570,0.00,-11.335,0.0000,0.0152,15.8,677.62,2.9196,descent
22.5350,257.785,-5.150,0.001,1.15570,0.00,-11.335,0.0000,0.0152,15.8,677.62,2.9196,descent
22.5550,257.682,-5.150,0.001,1.15570,0.00,-11.335,0.0000,0.0152,15.8,677.62,2.9196,descent
22.5750,257.579,-5.150,0.001,1.15570,0.00,-11.335,0.0000,0.0152,15.8,677.62,2.9196,descent
22.5950,257.476,-5.150,0.001,1.15570,0.00,-11.335,0.0000,0.0152,15.8,677.62,2.9196,descent
22.6150,257.373,-5.150,0.001,1.15570,0.00,-11.335,0.0000,0.0152,15.8,677.62,2.9196,descent
22.6350,257.270,-5.150,0.001,1.15570,0.00,-11.335,0.0000,0.0152,15.8,677.62,2.9196,descent
22.6550,257.167,-5.150,0.001,1.15570,0.00,-11.335,0.0000,0.0152,15.8,677.62,2.9196,descent
22.6750,257.064,-5.150,0.001,1.15570,0.00,-11.335,0.0000,0.0152,15.8,677.62,2.9196,descent
22.6950,256.961,-5.150,0.001,1.15570,0.00,-11.335,0.0000,0.0152,15.8,677.62,2.9196,descent
22.7150,256.858,-5.150,0.001,1.15570,0.00,-11.335,0.0000,0.0152,15.8,677.62,2.9196,descent
22.7350,256.755,-5.150,0.001,1.15570,0.00,-11.335,0.0000,0.0152,15.8,677.62,2.9196,descent
22.7550,256.652,-5.150,0.001,1.15570,0.00,-11.335,0.0000,0.0152,15.8,677.62,2.9196,descent
22.7750,256.549,-5.150,0.001,1.15570,0.00,-11.335,0.0000,0.0152,15.8,677.62,2.9196,descent
22.7950,256.446,-5.150,0.001,1.15570,0.00,-11.335,0.0000,0.0152,15.8,677.62,2.9196,descent
22.8150,256.343,-5.149,0.001,1.15570,0.00,-11.335,0.0000,0.0152,15.8,677.62,2.9196,descent
22.8350,256.240,-5.149,0.001,1.15570,0.00,-11.335,0.0000,0.0152,15.8,677.62,2.9196,descent
22.8550,256.137,-5.149,0.001,1.15570,0.00,-11.335,0.0000,0.0152,15.8,677.62,2.9196,descent
22.8750,256.034,-5.149,0.001,1.15570,0.00,-11.335,0.0000,0.0152,15.8,677.62,2.9196,descent
22.8950,255.931,-5.149,0.001,1.15570,0.00,-11.335,0.0000,0.0152,15.8,677.62,2.9196,descent
22.9150,255.828,-5.149,0.001,1.15570,0.00,-11.335,0.0000,0.0152,15.8,677.62,2.9196,descent
22.9350,255.725,-5.149,0.001,1.15570,0.00,-11.335,0.0000,0.0152,15.8,677.62,2.9196,descent
22.9550,255.622,-5.149,0.001,1.15570,0.00,-11.335,0.0000,0.0152,15.8,677.62,2.9196,descent
22.9750,255.519,-5.149,0.001,1.15570,0.00,-11.335,0.0000,0.0152,15.8,677.62,2.9196,descent
22.9950,255.416,-5.149,0.001,1.15570,0.00,-11.335,0.0000,0.0152,15.8,677.62,2.9196,descent
23.0150,255.313,-5.149,0.001,1.15570,0.00,-11.335,0.0000,0.0152,15.8,677.62,2.9196,descent
23.0350,255.210,-5.149,0.001,1.15570,0.00,-11.335,0.0000,0.0152,15.8,677.62,2.9196,descent
23.0550,255.107,-5.149,0.001,1.15570,0.00,-11.335,0.0000,0.0152,15.8,677.62,2.9196,descent
23.0750,255.004,-5.149,0.001,1.15570,0.00,-11.335,0.0000,0.0152,15.8,677.62,2.9196,descent
23.0950,254.901,-5.149,0.001,1.15570,0.00,-11.335,0.0000,0.0152,15.8,677.62,2.9196,descent
23.1150,254.799,-5.149,0.001,1.15570,0.00,-11.335,0.0000,0.0152,15.8,677.62,2.9196,descent
23.1350,254.696,-5.149,0.001,1.15570,0.00,-11.335,0.0000,0.0152,15.8,677.62,2.9196,descent
23.1550,254.593,-5.149,0.001,1.15570,0.00,-11.335,0.0000,0.0152,15.8,677.62,2.9196,descent
23.1750,254.490,-5.149,0.001,1.15570,0.00,-11.335,0.0000,0.0152,15.8,677.62,2.9196,descent
23.1950,254.387,-5.149,0.001,1.15570,0.00,-11.335,0.0000,0.0152,15.8,677.62,2.9196,descent
23.2150,254.284,-5.149,0.001,1.15570,0.00,-11.335,0.0000,0.0152,15.8,677.62,2.9196,descent
23.2350,254.181,-5.149,0.001,1.15570,0.00,-11.335,0.0000,0.0152,15.8,677.62,2.9196,descent
23.2550,254.078,-5.149,0.001,1.15570,0.00,-11.335,0.0000,0.0152,15.8,677.62,2.9196,descent
23.2750,253.975,-5.149,0.001,1.15570,0.00,-11.335,0.0000,0.0152,15.8,677.62,2.9196,descent
23.2950,253.872,-5.149,0.001,1.15570,0.00,-11.335,0.0000,0.0152,15.8,677.62,2.9196,descent
23.3150,253.769,-5.149,0.001,1.15570,0.00,-11.335,0.0000,0.0152,15.8,677.62,2.9196,descent
23.3350,253.666,-5.149,0.001,1.15570,0.00,-11.335,0.0000,0.0152,15.8,677.62,2.9196,descent
23.3550,253.563,-5.149,0.001,1.15570,0.00,-11.335,0.0000,0.0152,15.8,677.62,2.9196,descent
23.3750,253.460,-5.149,0.001,1.15570,0.00,-11.335,0.0000,0.0152,15.8,677.62,2.9196,descent
23.3950,253.357,-5.149,0.001,1.15570,0.00,-11.335,0.0000,0.0152,15.8,677.62,2.9196,descent
23.4150,253.254,-5.149,0.001,1.15570,0.00,-11.335,0.0000,0.0152,15.8,677.62,2.9196,descent
23.4350,253.151,-5.149,0.001,1.15570,0.00,-11.335,0.0000,0.0152,15.8,677.62,2.9196,descent
23.4550,253.048,-5.149,0.001,1.15570,0.00,-11.335,0.0000,0.0152,15.8,677.62,2.9196,descent
23.4750,252.945,-5.149,0.001,1.15570,0.00,-11.335,0.0000,0.0152,15.8,677.62,2.9196,descent
23.4950,252.842,-5.149,0.001,1.15570,0.00,-11.335,0.0000,0.0152,15.8,677.62,2.9196,descent
23.5150,252.739,-5.149,0.001,1.15570,0.00,-11.335,0.0000,0.0152,15.8,677.62,2.9196,descent
23.5350,252.636,-5.149,0.001,1.15570,0.00,-11.335,0.0000,0.0152,15.8,677.62,2.9196,descent
23.5550,252.533,-5.149,0.001,1.15570,0.00,-11.335,0.0000,0.0152,15.8,677.62,2.9196,descent
23.5750,252.430,-5.149,0.001,1.15570,0.00,-11.335,0.0000,0.0152,15.8,677.62,2.9196,descent
23.5950,252.327,-5.148,0.001,1.15570,0.00,-11.335,0.0000,0.0152,15.8,677.62,2.9196,descent
23.6150,252.224,-5.148,0.001,1.15570,0.00,-11.335,0.0000,0.0152,15.8,677.62,2.9196,descent
23.6350,252.121,-5.148,0.001,1.15570,0.00,-11.335,0.0000,0.0152,15.8,677.62,2.9196,descent
23.6550,252.018,-5.148,0.001,1.15570,0.00,-11.335,0.0000,0.0152,15.8,677.62,2.9196,descent
23.6750,251.915,-5.148,0.001,1.15570,0.00,-11.335,0.0000,0.0152,15.8,677.62,2.9196,descent
23.6950,251.812,-5.148,0.001,1.15570,0.00,-11.335,0.0000,0.0152,15.8,677.62,2.9196,descent
23.7150,251.709,-5.148,0.001,1.15570,0.00,-11.335,0.0000,0.0152,15.8,677.62,2.9196,descent
23.7350,251.606,-5.148,0.001,1.15570,0.00,-11.335,0.0000,0.0152,15.8,677.62,2.9196,descent
23.7550,251.503,-5.148,0.001,1.15570,0.00,-11.335,0.0000,0.0152,15.8,677.62,2.9196,descent
23.7750,251.400,-5.148,0.001,1.15570,0.00,-11.335,0.0000,0.0152,15.8,677.62,2.9196,descent
23.7950,251.297,-5.148,0.001,1.15570,0.00,-11.335,0.0000,0.0152,15.8,677.62,2.9196,descent
23.8150,251.194,-5.148,0.001,1.15570,0.00,-11.335,0.0000,0.0152,15.8,677.62,2.9196,descent
23.8350,251.091,-5.148,0.001,1.15570,0.00,-11.335,0.0000,0.0152,15.8,677.62,2.9196,descent
23.8550,250.989,-5.148,0.001,1.15570,0.00,-11.335,0.0000,0.0152,15.8,677.62,2.9196,descent
23.8750,250.886,-5.148,0.001,1.15570,0.00,-11.335,0.0000,0.0152,15.8,677.62,2.9196,descent
23.8950,250.783,-5.148,0.001,1.15570,0.00,-11.335,0.0000,0.0152,15.8,677.62,2.9196,descent
23.9150,250.680,-5.148,0.001,1.15570,0.00,-11.335,0.0000,0.0152,15.8,677.62,2.9196,descent
23.9350,250.577,-5.148,0.001,1.15570,0.00,-11.335,0.0000,0.0152,15.8,677.62,2.9196,descent
23.9550,250.474,-5.148,0.001,1.15570,0.00,-11.335,0.0000,0.0152,15.8,677.62,2.9196,descent
23.9750,250.371,-5.148,0.001,1.15570,0.00,-11.335,0.0000,0.0152,15.8,677.62,2.9196,descent
23.9950,250.268,-5.148,0.001,1.15570,0.00,-11.335,0.0000,0.0152,15.8,677.62,2.9196,descent
24.0150,250.165,-5.148,0.001,1.15570,0.00,-11.335,0.0000,0.0152,15.8,677.62,2.9196,descent
24.0350,250.062,-5.148,0.001,1.15570,0.00,-11.335,0.0000,0.0152,15.8,677.62,2.9196,descent
24.0550,249.959,-5.148,0.001,1.15570,0.00,-11.335,0.0000,0.0152,15.8,677.62,2.9196,descent
24.0750,249.856,-5.148,0.001,1.15570,0.00,-11.335,0.0000,0.0152,15.8,677.62,2.9196,descent
24.0950,249.753,-5.148,0.001,1.15570,0.00,-11.335,0.0000,0.0152,15.8,677.62,2.9196,descent
24.1150,249.650,-5.148,0.001,1.15570,0.00,-11.335,0.0000,0.0152,15.8,677.62,2.9196,descent
24.1350,249.547,-5.148,0.001,1.15570,0.00,-11.335,0.0000,0.0152,15.8,677.62,2.9196,descent
24.1550,249.444,-5.148,0.001,1.15570,0.00,-11.335,0.0000,0.0152,15.8,677.62,2.9196,descent
24.1750,249.341,-5.148,0.001,1.15570,0.00,-11.335,0.0000,0.0152,15.8,677.62,2.9196,descent
24.1950,249.238,-5.148,0.001,1.15570,0.00,-11.335,0.0000,0.0152,15.8,677.62,2.9196,descent
24.2150,249.135,-5.148,0.001,1.15570,0.00,-11.335,0.0000,0.0152,15.8,677.62,2.9196,descent
24.2350,249.032,-5.148,0.001,1.15570,0.00,-11.335,0.0000,0.0152,15.8,677.62,2.9196,descent
24.2550,248.929,-5.148,0.001,1.15570,0.00,-11.335,0.0000,0.0152,15.8,677.62,2.9196,descent
24.2750,248.826,-5.148,0.001,1.15570,0.00,-11.335,0.0000,0.0152,15.8,677.62,2.9196,descent
24.2950,248.723,-5.148,0.001,1.15570,0.00,-11.335,0.0000,0.0152,15.8,677.62,2.9196,descent
24.3150,248.621,-5.148,0.001,1.15570,0.00,-11.335,0.0000,0.0152,15.8,677.62,2.9196,descent
24.3350,248.518,-5.148,0.001,1.15570,0.00,-11.335,0.0000,0.0152,15.8,677.62,2.9196,descent
24.3550,248.415,-5.148,0.001,1.15570,0.00,-11.335,0.0000,0.0152,15.8,677.62,2.9196,descent
24.3750,248.312,-5.147,0.001,1.15570,0.00,-11.335,0.0000,0.0152,15.8,677.62,2.9196,descent
24.3950,248.209,-5.147,0.001,1.15570,0.00,-11.335,0.0000,0.0152,15.8,677.62,2.9196,descent
24.4150,248.106,-5.147,0.001,1.15570,0.00,-11.335,0.0000,0.0152,15.8,677.62,2.9196,descent
24.4350,248.003,-5.147,0.001,1.15570,0.00,-11.335,0.0000,0.0152,15.8,677.62,2.9196,descent
24.4550,247.900,-5.147,0.001,1.15570,0.00,-11.335,0.0000,0.0152,15.8,677.62,2.9196,descent
24.4750,247.797,-5.147,0.001,1.15570,0.00,-11.335,0.0000,0.0152,15.8,677.62,2.9196,descent
24.4950,247.694,-5.147,0.001,1.15570,0.00,-11.335,0.0000,0.0152,15.8,677.62,2.9196,descent
24.5150,247.591,-5.147,0.001,1.15570,0.00,-11.335,0.0000,0.0152,15.8,677.62,2.9196,descent
24.5350,247.488,-5.147,0.001,1.15570,0.00,-11.335,0.0000,0.0152,15.8,677.62,2.9196,descent
24.5550,247.385,-5.147,0.001,1.15570,0.00,-11.335,0.0000,0.0152,15.8,677.62,2.9196,descent
24.5750,247.282,-5.147,0.001,1.15570,0.00,-11.335,0.0000,0.0152,15.8,677.62,2.9196,descent
24.5950,247.179,-5.147,0.001,1.15570,0.00,-11.335,0.0000,0.0152,15.8,677.62,2.9196,descent
24.6150,247.076,-5.147,0.001,1.15570,0.00,-11.335,0.0000,0.0152,15.8,677.62,2.9196,descent
24.6350,246.973,-5.147,0.001,1.15570,0.00,-11.335,0.0000,0.0152,15.8,677.62,2.9196,descent
24.6550,246.870,-5.147,0.001,1.15570,0.00,-11.335,0.0000,0.0152,15.8,677.62,2.9196,descent
24.6750,246.767,-5.147,0.001,1.15570,0.00,-11.335,0.0000,0.0152,15.8,677.62,2.9196,descent
24.6950,246.665,-5.147,0.001,1.15570,0.00,-11.335,0.0000,0.0152,15.8,677.62,2.9196,descent
24.7150,246.562,-5.147,0.001,1.15570,0.00,-11.335,0.0000,0.0152,15.8,677.62,2.9196,descent
24.7350,246.459,-5.147,0.001,1.15570,0.00,-11.335,0.0000,0.0152,15.8,677.62,2.9196,descent
24.7550,246.356,-5.147,0.001,1.15570,0.00,-11.335,0.0000,0.0152,15.8,677.62,2.9196,descent
24.7750,246.253,-5.147,0.001,1.15570,0.00,-11.335,0.0000,0.0152,15.8,677.62,2.9196,descent
24.7950,246.150,-5.147,0.001,1.15570,0.00,-11.335,0.0000,0.0152,15.8,677.62,2.9196,descent
24.8150,246.047,-5.147,0.001,1.15570,0.00,-11.335,0.0000,0.0152,15.8,677.62,2.9196,descent
24.8350,245.944,-5.147,0.001,1.15570,0.00,-11.335,0.0000,0.0152,15.8,677.62,2.9196,descent
24.8550,245.841,-5.147,0.001,1.15570,0.00,-11.335,0.0000,0.0152,15.8,677.62,2.9196,descent
24.8750,245.738,-5.147,0.001,1.15570,0.00,-11.335,0.0000,0.0152,15.8,677.62,2.9196,descent
24.8950,245.635,-5.147,0.001,1.15570,0.00,-11.335,0.0000,0.0152,15.8,677.62,2.9196,descent
24.9150,245.532,-5.147,0.001,1.15570,0.00,-11.335,0.0000,0.0152,15.8,677.62,2.9196,descent
24.9350,245.429,-5.147,0.001,1.15570,0.00,-11.335,0.0000,0.0152,15.8,677.62,2.9196,descent
24.9550,245.326,-5.147,0.001,1.15570,0.00,-11.335,0.0000,0.0152,15.8,677.62,2.9196,descent
24.9750,245.223,-5.147,0.001,1.15570,0.00,-11.335,0.0000,0.0152,15.8,677.62,2.9196,descent
24.9950,245.120,-5.147,0.001,1.15570,0.00,-11.335,0.0000,0.0152,15.8,677.62,2.9196,descent
25.0150,245.018,-5.147,0.001,1.15570,0.00,-11.335,0.0000,0.0152,15.8,677.62,2.9196,descent
25.0350,244.915,-5.147,0.001,1.15570,0.00,-11.335,0.0000,0.0152,15.8,677.62,2.9196,descent
25.0550,244.812,-5.147,0.001,1.15570,0.00,-11.335,0.0000,0.0152,15.8,677.62,2.9196,descent
25.0750,244.709,-5.147,0.001,1.15570,0.00,-11.335,0.0000,0.0152,15.8,677.62,2.9196,descent
25.0950,244.606,-5.147,0.001,1.15570,0.00,-11.335,0.0000,0.0152,15.8,677.62,2.9196,descent
25.1150,244.503,-5.147,0.001,1.15570,0.00,-11.335,0.0000,0.0152,15.8,677.62,2.9196,descent
25.1350,244.400,-5.147,0.001,1.15570,0.00,-11.335,0.0000,0.0152,15.8,677.62,2.9196,descent
25.1550,244.297,-5.146,0.001,1.15570,0.00,-11.335,0.0000,0.0152,15.8,677.62,2.9196,descent
25.1750,244.194,-5.146,0.001,1.15570,0.00,-11.335,0.0000,0.0152,15.8,677.62,2.9196,descent
25.1950,244.091,-5.146,0.001,1.15570,0.00,-11.335,0.0000,0.0152,15.8,677.62,2.9196,descent
25.2150,243.988,-5.146,0.001,1.15570,0.00,-11.335,0.0000,0.0152,15.8,677.62,2.9196,descent
25.2350,243.885,-5.146,0.001,1.15570,0.00,-11.335,0.0000,0.0152,15.8,677.62,2.9196,descent
25.2550,243.782,-5.146,0.001,1.15570,0.00,-11.335,0.0000,0.0152,15.8,677.62,2.9196,descent
25.2750,243.679,-5.146,0.001,1.15570,0.00,-11.335,0.0000,0.0152,15.8,677.62,2.9196,descent
25.2950,243.577,-5.146,0.001,1.15570,0.00,-11.335,0.0000,0.0152,15.8,677.62,2.9196,descent
25.3150,243.474,-5.146,0.001,1.15570,0.00,-11.335,0.0000,0.0152,15.8,677.62,2.9196,descent
25.3350,243.371,-5.146,0.001,1.15570,0.00,-11.335,0.0000,0.0152,15.8,677.62,2.9196,descent
25.3550,243.268,-5.146,0.001,1.15570,0.00,-11.335,0.0000,0.0152,15.8,677.62,2.9196,descent
25.3750,243.165,-5.146,0.001,1.15570,0.00,-11.335,0.0000,0.0152,15.8,677.62,2.9196,descent
25.3950,243.062,-5.146,0.001,1.15570,0.00,-11.335,0.0000,0.0152,15.8,677.62,2.9196,descent
25.4150,242.959,-5.146,0.001,1.15570,0.00,-11.335,0.0000,0.0152,15.8,677.62,2.9196,descent
25.4350,242.856,-5.146,0.001,1.15570,0.00,-11.335,0.0000,0.0152,15.8,677.62,2.9196,descent
25.4550,242.753,-5.146,0.001,1.15570,0.00,-11.335,0.0000,0.0152,15.8,677.62,2.9196,descent
25.4750,242.650,-5.146,0.001,1.15570,0.00,-11.335,0.0000,0.0152,15.8,677.62,2.9196,descent
25.4950,242.547,-5.146,0.001,1.15570,0.00,-11.335,0.0000,0.0152,15.8,677.62,2.9196,descent
25.5150,242.444,-5.146,0.001,1.15570,0.00,-11.335,0.0000,0.0152,15.8,677.62,2.9196,descent
25.5350,242.341,-5.146,0.001,1.15570,0.00,-11.335,0.0000,0.0152,15.8,677.62,2.9196,descent
25.5550,242.239,-5.146,0.001,1.15570,0.00,-11.335,0.0000,0.0152,15.8,677.62,2.9196,descent
25.5750,242.136,-5.146,0.001,1.15570,0.00,-11.335,0.0000,0.0152,15.8,677.62,2.9196,descent
25.5950,242.033,-5.146,0.001,1.15570,0.00,-11.335,0.0000,0.0152,15.8,677.62,2.9196,descent
25.6150,241.930,-5.146,0.001,1.15570,0.00,-11.335,0.0000,0.0152,15.8,677.62,2.9196,descent
25.6350,241.827,-5.146,0.001,1.15570,0.00,-11.335,0.0000,0.0152,15.8,677.62,2.9196,descent
25.6550,241.724,-5.146,0.001,1.15570,0.00,-11.335,0.0000,0.0152,15.8,677.62,2.9196,descent
25.6750,241.621,-5.146,0.001,1.15570,0.00,-11.335,0.0000,0.0152,15.8,677.62,2.9196,descent
25.6950,241.518,-5.146,0.001,1.15570,0.00,-11.335,0.0000,0.0152,15.8,677.62,2.9196,descent
25.7150,241.415,-5.146,0.001,1.15570,0.00,-11.335,0.0000,0.0152,15.8,677.62,2.9196,descent
25.7350,241.312,-5.146,0.001,1.15570,0.00,-11.335,0.0000,0.0152,15.8,677.62,2.9196,descent
25.7550,241.209,-5.146,0.001,1.15570,0.00,-11.335,0.0000,0.0152,15.8,677.62,2.9196,descent
25.7750,241.106,-5.146,0.001,1.15570,0.00,-11.335,0.0000,0.0152,15.8,677.62,2.9196,descent
25.7950,241.004,-5.146,0.001,1.15570,0.00,-11.335,0.0000,0.0152,15.8,677.62,2.9196,descent
25.8150,240.901,-5.146,0.001,1.15570,0.00,-11.335,0.0000,0.0152,15.8,677.62,2.9196,descent
25.8350,240.798,-5.146,0.001,1.15570,0.00,-11.335,0.0000,0.0152,15.8,677.62,2.9196,descent
25.8550,240.695,-5.146,0.001,1.15570,0.00,-11.335,0.0000,0.0152,15.8,677.62,2.9196,descent
25.8750,240.592,-5.146,0.001,1.15570,0.00,-11.335,0.0000,0.0152,15.8,677.62,2.9196,descent
25.8950,240.489,-5.146,0.001,1.15570,0.00,-11.335,0.0000,0.0152,15.8,677.62,2.9196,descent
25.9150,240.386,-5.146,0.001,1.15570,0.00,-11.335,0.0000,0.0152,15.8,677.62,2.9196,descent
25.9350,240.283,-5.145,0.001,1.15570,0.00,-11.335,0.0000,0.0152,15.8,677.62,2.9196,descent
25.9550,240.180,-5.145,0.001,1.15570,0.00,-11.335,0.0000,0.0152,15.8,677.62,2.9196,descent
25.9750,240.077,-5.145,0.001,1.15570,0.00,-11.335,0.0000,0.0152,15.8,677.62,2.9196,descent
25.9950,239.974,-5.145,0.001,1.15570,0.00,-11.335,0.0000,0.0152,15.8,677.62,2.9196,descent
26.0150,239.872,-5.145,0.001,1.15570,0.00,-11.335,0.0000,0.0152,15.8,677.62,2.9196,descent
26.0350,239.769,-5.145,0.001,1.15570,0.00,-11.335,0.0000,0.0152,15.8,677.62,2.9196,descent
26.0550,239.666,-5.145,0.001,1.15570,0.00,-11.335,0.0000,0.0152,15.8,677.62,2.9196,descent
26.0750,239.563,-5.145,0.001,1.15570,0.00,-11.335,0.0000,0.0152,15.8,677.62,2.9196,descent
26.0950,239.460,-5.145,0.001,1.15570,0.00,-11.335,0.0000,0.0152,15.8,677.62,2.9196,descent
26.1150,239.357,-5.145,0.001,1.15570,0.00,-11.335,0.0000,0.0152,15.8,677.62,2.9196,descent
26.1350,239.254,-5.145,0.001,1.15570,0.00,-11.335,0.0000,0.0152,15.8,677.62,2.9196,descent
26.1550,239.151,-5.145,0.001,1.15570,0.00,-11.335,0.0000,0.0152,15.8,677.62,2.9196,descent
26.1750,239.048,-5.145,0.001,1.15570,0.00,-11.335,0.0000,0.0152,15.8,677.62,2.9196,descent
26.1950,238.945,-5.145,0.001,1.15570,0.00,-11.335,0.0000,0.0152,15.8,677.62,2.9196,descent
26.2150,238.842,-5.145,0.001,1.15570,0.00,-11.335,0.0000,0.0152,15.8,677.62,2.9196,descent
26.2350,238.740,-5.145,0.001,1.15570,0.00,-11.335,0.0000,0.0152,15.8,677.62,2.9196,descent
26.2550,238.637,-5.145,0.001,1.15570,0.00,-11.335,0.0000,0.0152,15.8,677.62,2.9196,descent
26.2750,238.534,-5.145,0.001,1.15570,0.00,-11.335,0.0000,0.0152,15.8,677.62,2.9196,descent
26.2950,238.431,-5.145,0.001,1.15570,0.00,-11.335,0.0000,0.0152,15.8,677.62,2.9196,descent
26.3150,238.328,-5.145,0.001,1.15570,0.00,-11.335,0.0000,0.0152,15.8,677.62,2.9196,descent
26.3350,238.225,-5.145,0.001,1.15570,0.00,-11.335,0.0000,0.0152,15.8,677.62,2.9196,descent
26.3550,238.122,-5.145,0.001,1.15570,0.00,-11.335,0.0000,0.0152,15.8,677.62,2.9196,descent
26.3750,238.019,-5.145,0.001,1.15570,0.00,-11.335,0.0000,0.0152,15.8,677.62,2.9196,descent
26.3950,237.916,-5.145,0.001,1.15570,0.00,-11.335,0.0000,0.0152,15.8,677.62,2.9196,descent
26.4150,237.813,-5.145,0.001,1.15570,0.00,-11.335,0.0000,0.0152,15.8,677.62,2.9196,descent
26.4350,237.711,-5.145,0.001,1.15570,0.00,-11.335,0.0000,0.0152,15.8,677.62,2.9196,descent
26.4550,237.608,-5.145,0.001,1.15570,0.00,-11.335,0.0000,0.0152,15.8,677.62,2.9196,descent
26.4750,237.505,-5.145,0.001,1.15570,0.00,-11.335,0.0000,0.0152,15.8,677.62,2.9196,descent
26.4950,237.402,-5.145,0.001,1.15570,0.00,-11.335,0.0000,0.0152,15.8,677.62,2.9196,descent
26.5150,237.299,-5.145,0.001,1.15570,0.00,-11.335,0.0000,0.0152,15.8,677.62,2.9196,descent
26.5350,237.196,-5.145,0.001,1.15570,0.00,-11.335,0.0000,0.0152,15.8,677.62,2.9196,descent
26.5550,237.093,-5.145,0.001,1.15570,0.00,-11.335,0.0000,0.0152,15.8,677.62,2.9196,descent
26.5750,236.990,-5.145,0.001,1.15570,0.00,-11.335,0.0000,0.0152,15.8,677.62,2.9196,descent
26.5950,236.887,-5.145,0.001,1.15570,0.00,-11.335,0.0000,0.0152,15.8,677.62,2.9196,descent
26.6150,236.785,-5.145,0.001,1.15570,0.00,-11.335,0.0000,0.0152,15.8,677.62,2.9196,descent
26.6350,236.682,-5.145,0.001,1.15570,0.00,-11.335,0.0000,0.0152,15.8,677.62,2.9196,descent
26.6550,236.579,-5.145,0.001,1.15570,0.00,-11.335,0.0000,0.0152,15.8,677.62,2.9196,descent
26.6750,236.476,-5.145,0.001,1.15570,0.00,-11.335,0.0000,0.0152,15.8,677.62,2.9196,descent
26.6950,236.373,-5.145,0.001,1.15570,0.00,-11.335,0.0000,0.0152,15.8,677.62,2.9196,descent
26.7150,236.270,-5.144,0.001,1.15570,0.00,-11.335,0.0000,0.0152,15.8,677.62,2.9196,descent
26.7350,236.167,-5.144,0.001,1.15570,0.00,-11.335,0.0000,0.0152,15.8,677.62,2.9196,descent
26.7550,236.064,-5.144,0.001,1.15570,0.00,-11.335,0.0000,0.0152,15.8,677.62,2.9196,descent
26.7750,235.961,-5.144,0.001,1.15570,0.00,-11.335,0.0000,0.0152,15.8,677.62,2.9196,descent
26.7950,235.859,-5.144,0.001,1.15570,0.00,-11.335,0.0000,0.0152,15.8,677.62,2.9196,descent
26.8150,235.756,-5.144,0.001,1.15570,0.00,-11.335,0.0000,0.0152,15.8,677.62,2.9196,descent
26.8350,235.653,-5.144,0.001,1.15570,0.00,-11.335,0.0000,0.0152,15.8,677.62,2.9196,descent
26.8550,235.550,-5.144,0.001,1.15570,0.00,-11.335,0.0000,0.0152,15.8,677.62,2.9196,descent
26.8750,235.447,-5.144,0.001,1.15570,0.00,-11.335,0.0000,0.0152,15.8,677.62,2.9196,descent
26.8950,235.344,-5.144,0.001,1.15570,0.00,-11.335,0.0000,0.0152,15.8,677.62,2.9196,descent
26.9150,235.241,-5.144,0.001,1.15570,0.00,-11.335,0.0000,0.0152,15.8,677.62,2.9196,descent
26.9350,235.138,-5.144,0.001,1.15570,0.00,-11.335,0.0000,0.0152,15.8,677.62,2.9196,descent
26.9550,235.035,-5.144,0.001,1.15570,0.00,-11.335,0.0000,0.0152,15.8,677.62,2.9196,descent
26.9750,234.933,-5.144,0.001,1.15570,0.00,-11.335,0.0000,0.0152,15.8,677.62,2.9196,descent
26.9950,234.830,-5.144,0.001,1.15570,0.00,-11.335,0.0000,0.0152,15.8,677.62,2.9196,descent
27.0150,234.727,-5.144,0.001,1.15570,0.00,-11.335,0.0000,0.0152,15.8,677.62,2.9196,descent
27.0350,234.624,-5.144,0.001,1.15570,0.00,-11.335,0.0000,0.0152,15.8,677.62,2.9196,descent
27.0550,234.521,-5.144,0.001,1.15570,0.00,-11.335,0.0000,0.0152,15.8,677.62,2.9196,descent
27.0750,234.418,-5.144,0.001,1.15570,0.00,-11.335,0.0000,0.0152,15.8,677.62,2.9196,descent
27.0950,234.315,-5.144,0.001,1.15570,0.00,-11.335,0.0000,0.0152,15.8,677.62,2.9196,descent
27.1150,234.212,-5.144,0.001,1.15570,0.00,-11.335,0.0000,0.0152,15.8,677.62,2.9196,descent
27.1350,234.109,-5.144,0.001,1.15570,0.00,-11.335,0.0000,0.0152,15.8,677.62,2.9196,descent
27.1550,234.007,-5.144,0.001,1.15570,0.00,-11.335,0.0000,0.0152,15.8,677.62,2.9196,descent
27.1750,233.904,-5.144,0.001,1.15570,0.00,-11.335,0.0000,0.0152,15.8,677.62,2.9196,descent
27.1950,233.801,-5.144,0.001,1.15570,0.00,-11.335,0.0000,0.0152,15.8,677.62,2.9196,descent
27.2150,233.698,-5.144,0.001,1.15570,0.00,-11.335,0.0000,0.0152,15.8,677.62,2.9196,descent
27.2350,233.595,-5.144,0.001,1.15570,0.00,-11.335,0.0000,0.0152,15.8,677.62,2.9196,descent
27.2550,233.492,-5.144,0.001,1.15570,0.00,-11.335,0.0000,0.0152,15.8,677.62,2.9196,descent
27.2750,233.389,-5.144,0.001,1.15570,0.00,-11.335,0.0000,0.0152,15.8,677.62,2.9196,descent
27.2950,233.286,-5.144,0.001,1.15570,0.00,-11.335,0.0000,0.0152,15.8,677.62,2.9196,descent
27.3150,233.184,-5.144,0.001,1.15570,0.00,-11.335,0.0000,0.0152,15.8,677.62,2.9196,descent
27.3350,233.081,-5.144,0.001,1.15570,0.00,-11.335,0.0000,0.0152,15.8,677.62,2.9196,descent
27.3550,232.978,-5.144,0.001,1.15570,0.00,-11.335,0.0000,0.0152,15.8,677.62,2.9196,descent
27.3750,232.875,-5.144,0.001,1.15570,0.00,-11.335,0.0000,0.0152,15.8,677.62,2.9196,descent
27.3950,232.772,-5.144,0.001,1.15570,0.00,-11.335,0.0000,0.0152,15.8,677.62,2.9196,descent
27.4150,232.669,-5.144,0.001,1.15570,0.00,-11.335,0.0000,0.0152,15.8,677.62,2.9196,descent
27.4350,232.566,-5.144,0.001,1.15570,0.00,-11.335,0.0000,0.0152,15.8,677.62,2.9196,descent
27.4550,232.463,-5.144,0.001,1.15570,0.00,-11.335,0.0000,0.0152,15.8,677.62,2.9196,descent
27.4750,232.361,-5.144,0.001,1.15570,0.00,-11.335,0.0000,0.0152,15.8,677.62,2.9196,descent
27.4950,232.258,-5.143,0.001,1.15570,0.00,-11.335,0.0000,0.0152,15.8,677.62,2.9196,descent
27.5150,232.155,-5.143,0.001,1.15570,0.00,-11.335,0.0000,0.0152,15.8,677.62,2.9196,descent
27.5350,232.052,-5.143,0.001,1.15570,0.00,-11.335,0.0000,0.0152,15.8,677.62,2.9196,descent
27.5550,231.949,-5.143,0.001,1.15570,0.00,-11.335,0.0000,0.0152,15.8,677.62,2.9196,descent
27.5750,231.846,-5.143,0.001,1.15570,0.00,-11.335,0.0000,0.0152,15.8,677.62,2.9196,descent
27.5950,231.743,-5.143,0.001,1.15570,0.00,-11.335,0.0000,0.0152,15.8,677.62,2.9196,descent
27.6150,231.641,-5.143,0.001,1.15570,0.00,-11.335,0.0000,0.0152,15.8,677.62,2.9196,descent
27.6350,231.538,-5.143,0.001,1.15570,0.00,-11.335,0.0000,0.0152,15.8,677.62,2.9196,descent
27.6550,231.435,-5.143,0.001,1.15570,0.00,-11.335,0.0000,0.0152,15.8,677.62,2.9196,descent
27.6750,231.332,-5.143,0.001,1.15570,0.00,-11.335,0.0000,0.0152,15.8,677.62,2.9196,descent
27.6950,231.229,-5.143,0.001,1.15570,0.00,-11.335,0.0000,0.0152,15.8,677.62,2.9196,descent
27.7150,231.126,-5.143,0.001,1.15570,0.00,-11.335,0.0000,0.0152,15.8,677.62,2.9196,descent
27.7350,231.023,-5.143,0.001,1.15570,0.00,-11.335,0.0000,0.0152,15.8,677.62,2.9196,descent
27.7550,230.920,-5.143,0.001,1.15570,0.00,-11.335,0.0000,0.0152,15.8,677.62,2.9196,descent
27.7750,230.818,-5.143,0.001,1.15570,0.00,-11.335,0.0000,0.0152,15.8,677.62,2.9196,descent
27.7950,230.715,-5.143,0.001,1.15570,0.00,-11.335,0.0000,0.0152,15.8,677.62,2.9196,descent
27.8150,230.612,-5.143,0.001,1.15570,0.00,-11.335,0.0000,0.0152,15.8,677.62,2.9196,descent
27.8350,230.509,-5.143,0.001,1.15570,0.00,-11.335,0.0000,0.0152,15.8,677.62,2.9196,descent
27.8550,230.406,-5.143,0.001,1.15570,0.00,-11.335,0.0000,0.0152,15.8,677.62,2.9196,descent
27.8750,230.303,-5.143,0.001,1.15570,0.00,-11.335,0.0000,0.0152,15.8,677.62,2.9196,descent
27.8950,230.200,-5.143,0.001,1.15570,0.00,-11.335,0.0000,0.0152,15.8,677.62,2.9196,descent
27.9150,230.098,-5.143,0.001,1.15570,0.00,-11.335,0.0000,0.0152,15.8,677.62,2.9196,descent
27.9350,229.995,-5.143,0.001,1.15570,0.00,-11.335,0.0000,0.0152,15.8,677.62,2.9196,descent
27.9550,229.892,-5.143,0.001,1.15570,0.00,-11.335,0.0000,0.0152,15.8,677.62,2.9196,descent
27.9750,229.789,-5.143,0.001,1.15570,0.00,-11.335,0.0000,0.0152,15.8,677.62,2.9196,descent
27.9950,229.686,-5.143,0.001,1.15570,0.00,-11.335,0.0000,0.0152,15.8,677.62,2.9196,descent
28.0150,229.583,-5.143,0.001,1.15570,0.00,-11.335,0.0000,0.0152,15.8,677.62,2.9196,descent
28.0350,229.480,-5.143,0.001,1.15570,0.00,-11.335,0.0000,0.0152,15.8,677.62,2.9196,descent
28.0550,229.378,-5.143,0.001,1.15570,0.00,-11.335,0.0000,0.0152,15.8,677.62,2.9196,descent
28.0750,229.275,-5.143,0.001,1.15570,0.00,-11.335,0.0000,0.0152,15.8,677.62,2.9196,descent
28.0950,229.172,-5.143,0.001,1.15570,0.00,-11.335,0.0000,0.0152,15.8,677.62,2.9196,descent
28.1150,229.069,-5.143,0.001,1.15570,0.00,-11.335,0.0000,0.0152,15.8,677.62,2.9196,descent
28.1350,228.966,-5.143,0.001,1.15570,0.00,-11.335,0.0000,0.0152,15.8,677.62,2.9196,descent
28.1550,228.863,-5.143,0.001,1.15570,0.00,-11.335,0.0000,0.0152,15.8,677.62,2.9196,descent
28.1750,228.760,-5.143,0.001,1.15570,0.00,-11.335,0.0000,0.0152,15.8,677.62,2.9196,descent
28.1950,228.658,-5.143,0.001,1.15570,0.00,-11.335,0.0000,0.0152,15.8,677.62,2.9196,descent
28.2150,228.555,-5.143,0.001,1.15570,0.00,-11.335,0.0000,0.0152,15.8,677.62,2.9196,descent
28.2350,228.452,-5.143,0.001,1.15570,0.00,-11.335,0.0000,0.0152,15.8,677.62,2.9196,descent
28.2550,228.349,-5.143,0.001,1.15570,0.00,-11.335,0.0000,0.0152,15.8,677.62,2.9196,descent
28.2750,228.246,-5.142,0.001,1.15570,0.00,-11.335,0.0000,0.0152,15.8,677.62,2.9196,descent
28.2950,228.143,-5.142,0.001,1.15570,0.00,-11.335,0.0000,0.0152,15.8,677.62,2.9196,descent
28.3150,228.041,-5.142,0.001,1.15570,0.00,-11.335,0.0000,0.0152,15.8,677.62,2.9196,descent
28.3350,227.938,-5.142,0.001,1.15570,0.00,-11.335,0.0000,0.0152,15.8,677.62,2.9196,descent
28.3550,227.835,-5.142,0.001,1.15570,0.00,-11.335,0.0000,0.0152,15.8,677.62,2.9196,descent
28.3750,227.732,-5.142,0.001,1.15570,0.00,-11.335,0.0000,0.0152,15.8,677.62,2.9196,descent
28.3950,227.629,-5.142,0.001,1.15570,0.00,-11.335,0.0000,0.0152,15.8,677.62,2.9196,descent
28.4150,227.526,-5.142,0.001,1.15570,0.00,-11.335,0.0000,0.0152,15.8,677.62,2.9196,descent
28.4350,227.423,-5.142,0.001,1.15570,0.00,-11.335,0.0000,0.0152,15.8,677.62,2.9196,descent
28.4550,227.321,-5.142,0.001,1.15570,0.00,-11.335,0.0000,0.0152,15.8,677.62,2.9196,descent
28.4750,227.218,-5.142,0.001,1.15570,0.00,-11.335,0.0000,0.0152,15.8,677.62,2.9196,descent
28.4950,227.115,-5.142,0.001,1.15570,0.00,-11.335,0.0000,0.0151,15.8,677.62,2.9196,descent
28.5150,227.012,-5.142,0.001,1.15570,0.00,-11.335,0.0000,0.0151,15.8,677.62,2.9196,descent
28.5350,226.909,-5.142,0.001,1.15570,0.00,-11.335,0.0000,0.0151,15.8,677.62,2.9196,descent
28.5550,226.806,-5.142,0.001,1.15570,0.00,-11.335,0.0000,0.0151,15.8,677.62,2.9196,descent
28.5750,226.704,-5.142,0.001,1.15570,0.00,-11.335,0.0000,0.0151,15.8,677.62,2.9196,descent
28.5950,226.601,-5.142,0.001,1.15570,0.00,-11.335,0.0000,0.0151,15.8,677.62,2.9196,descent
28.6150,226.498,-5.142,0.001,1.15570,0.00,-11.335,0.0000,0.0151,15.8,677.62,2.9196,descent
28.6350,226.395,-5.142,0.001,1.15570,0.00,-11.335,0.0000,0.0151,15.8,677.62,2.9196,descent
28.6550,226.292,-5.142,0.001,1.15570,0.00,-11.335,0.0000,0.0151,15.8,677.62,2.9196,descent
28.6750,226.189,-5.142,0.001,1.15570,0.00,-11.335,0.0000,0.0151,15.8,677.62,2.9196,descent
28.6950,226.086,-5.142,0.001,1.15570,0.00,-11.335,0.0000,0.0151,15.8,677.62,2.9196,descent
28.7150,225.984,-5.142,0.001,1.15570,0.00,-11.335,0.0000,0.0151,15.8,677.62,2.9196,descent
28.7350,225.881,-5.142,0.001,1.15570,0.00,-11.335,0.0000,0.0151,15.8,677.62,2.9196,descent
28.7550,225.778,-5.142,0.001,1.15570,0.00,-11.335,0.0000,0.0151,15.8,677.62,2.9196,descent
28.7750,225.675,-5.142,0.001,1.15570,0.00,-11.335,0.0000,0.0151,15.8,677.62,2.9196,descent
28.7950,225.572,-5.142,0.001,1.15570,0.00,-11.335,0.0000,0.0151,15.8,677.62,2.9196,descent
28.8150,225.469,-5.142,0.001,1.15570,0.00,-11.335,0.0000,0.0151,15.8,677.62,2.9196,descent
28.8350,225.367,-5.142,0.001,1.15570,0.00,-11.335,0.0000,0.0151,15.8,677.62,2.9196,descent
28.8550,225.264,-5.142,0.001,1.15570,0.00,-11.335,0.0000,0.0151,15.8,677.62,2.9196,descent
28.8750,225.161,-5.142,0.001,1.15570,0.00,-11.335,0.0000,0.0151,15.8,677.62,2.9196,descent
28.8950,225.058,-5.142,0.001,1.15570,0.00,-11.335,0.0000,0.0151,15.8,677.62,2.9196,descent
28.9150,224.955,-5.142,0.001,1.15570,0.00,-11.335,0.0000,0.0151,15.8,677.62,2.9196,descent
28.9350,224.852,-5.142,0.001,1.15570,0.00,-11.335,0.0000,0.0151,15.8,677.62,2.9196,descent
28.9550,224.750,-5.142,0.001,1.15570,0.00,-11.335,0.0000,0.0151,15.8,677.62,2.9196,descent
28.9750,224.647,-5.142,0.001,1.15570,0.00,-11.335,0.0000,0.0151,15.8,677.62,2.9196,descent
28.9950,224.544,-5.142,0.001,1.15570,0.00,-11.335,0.0000,0.0151,15.8,677.62,2.9196,descent
29.0150,224.441,-5.142,0.001,1.15570,0.00,-11.335,0.0000,0.0151,15.8,677.62,2.9196,descent
29.0350,224.338,-5.142,0.001,1.15570,0.00,-11.335,0.0000,0.0151,15.8,677.62,2.9196,descent
29.0550,224.235,-5.142,0.001,1.15570,0.00,-11.335,0.0000,0.0151,15.8,677.62,2.9196,descent
29.0750,224.133,-5.141,0.001,1.15570,0.00,-11.335,0.0000,0.0151,15.8,677.62,2.9196,descent
29.0950,224.030,-5.141,0.001,1.15570,0.00,-11.335,0.0000,0.0151,15.8,677.62,2.9196,descent
29.1150,223.927,-5.141,0.001,1.15570,0.00,-11.335,0.0000,0.0151,15.8,677.62,2.9196,descent
29.1350,223.824,-5.141,0.001,1.15570,0.00,-11.335,0.0000,0.0151,15.8,677.62,2.9196,descent
29.1550,223.721,-5.141,0.001,1.15570,0.00,-11.335,0.0000,0.0151,15.8,677.62,2.9196,descent
29.1750,223.618,-5.141,0.001,1.15570,0.00,-11.335,0.0000,0.0151,15.8,677.62,2.9196,descent
29.1950,223.516,-5.141,0.001,1.15570,0.00,-11.335,0.0000,0.0151,15.8,677.62,2.9196,descent
29.2150,223.413,-5.141,0.001,1.15570,0.00,-11.335,0.0000,0.0151,15.8,677.62,2.9196,descent
29.2350,223.310,-5.141,0.001,1.15570,0.00,-11.335,0.0000,0.0151,15.8,677.62,2.9196,descent
29.2550,223.207,-5.141,0.001,1.15570,0.00,-11.335,0.0000,0.0151,15.8,677.62,2.9196,descent
29.2750,223.104,-5.141,0.001,1.15570,0.00,-11.335,0.0000,0.0151,15.8,677.62,2.9196,descent
29.2950,223.002,-5.141,0.001,1.15570,0.00,-11.335,0.0000,0.0151,15.8,677.62,2.9196,descent
29.3150,222.899,-5.141,0.001,1.15570,0.00,-11.335,0.0000,0.0151,15.8,677.62,2.9196,descent
29.3350,222.796,-5.141,0.001,1.15570,0.00,-11.335,0.0000,0.0151,15.8,677.62,2.9196,descent
29.3550,222.693,-5.141,0.001,1.15570,0.00,-11.335,0.0000,0.0151,15.8,677.62,2.9196,descent
29.3750,222.590,-5.141,0.001,1.15570,0.00,-11.335,0.0000,0.0151,15.8,677.62,2.9196,descent
29.3950,222.487,-5.141,0.001,1.15570,0.00,-11.335,0.0000,0.0151,15.8,677.62,2.9196,descent
29.4150,222.385,-5.141,0.001,1.15570,0.00,-11.335,0.0000,0.0151,15.8,677.62,2.9196,descent
29.4350,222.282,-5.141,0.001,1.15570,0.00,-11.335,0.0000,0.0151,15.8,677.62,2.9196,descent
29.4550,222.179,-5.141,0.001,1.15570,0.00,-11.335,0.0000,0.0151,15.8,677.62,2.9196,descent
29.4750,222.076,-5.141,0.001,1.15570,0.00,-11.335,0.0000,0.0151,15.8,677.62,2.9196,descent
29.4950,221.973,-5.141,0.001,1.15570,0.00,-11.335,0.0000,0.0151,15.8,677.62,2.9196,descent
29.5150,221.870,-5.141,0.001,1.15570,0.00,-11.335,0.0000,0.0151,15.8,677.62,2.9196,descent
29.5350,221.768,-5.141,0.001,1.15570,0.00,-11.335,0.0000,0.0151,15.8,677.62,2.9196,descent
29.5550,221.665,-5.141,0.001,1.15570,0.00,-11.335,0.0000,0.0151,15.8,677.62,2.9196,descent
29.5750,221.562,-5.141,0.001,1.15570,0.00,-11.335,0.0000,0.0151,15.8,677.62,2.9196,descent
29.5950,221.459,-5.141,0.001,1.15570,0.00,-11.335,0.0000,0.0151,15.8,677.62,2.9196,descent
29.6150,221.356,-5.141,0.001,1.15570,0.00,-11.335,0.0000,0.0151,15.8,677.62,2.9196,descent
29.6350,221.254,-5.141,0.001,1.15570,0.00,-11.335,0.0000,0.0151,15.8,677.62,2.9196,descent
29.6550,221.151,-5.141,0.001,1.15570,0.00,-11.335,0.0000,0.0151,15.8,677.62,2.9196,descent
29.6750,221.048,-5.141,0.001,1.15570,0.00,-11.335,0.0000,0.0151,15.8,677.62,2.9196,descent
29.6950,220.945,-5.141,0.001,1.15570,0.00,-11.335,0.0000,0.0151,15.8,677.62,2.9196,descent
29.7150,220.842,-5.141,0.001,1.15570,0.00,-11.335,0.0000,0.0151,15.8,677.62,2.9196,descent
29.7350,220.740,-5.141,0.001,1.15570,0.00,-11.335,0.0000,0.0151,15.8,677.62,2.9196,descent
29.7550,220.637,-5.141,0.001,1.15570,0.00,-11.335,0.0000,0.0151,15.8,677.62,2.9196,descent
29.7750,220.534,-5.141,0.001,1.15570,0.00,-11.335,0.0000,0.0151,15.8,677.62,2.9196,descent
29.7950,220.431,-5.141,0.001,1.15570,0.00,-11.335,0.0000,0.0151,15.8,677.62,2.9196,descent
29.8150,220.328,-5.141,0.001,1.15570,0.00,-11.335,0.0000,0.0151,15.8,677.62,2.9196,descent
29.8350,220.225,-5.141,0.001,1.15570,0.00,-11.335,0.0000,0.0151,15.8,677.62,2.9196,descent
29.8550,220.123,-5.140,0.001,1.15570,0.00,-11.335,0.0000,0.0151,15.8,677.62,2.9196,descent
29.8750,220.020,-5.140,0.001,1.15570,0.00,-11.335,0.0000,0.0151,15.8,677.62,2.9196,descent
29.8950,219.917,-5.140,0.001,1.15570,0.00,-11.335,0.0000,0.0151,15.8,677.62,2.9196,descent
29.9150,219.814,-5.140,0.001,1.15570,0.00,-11.335,0.0000,0.0151,15.8,677.62,2.9196,descent
29.9350,219.711,-5.140,0.001,1.15570,0.00,-11.335,0.0000,0.0151,15.8,677.62,2.9196,descent
29.9550,219.609,-5.140,0.001,1.15570,0.00,-11.335,0.0000,0.0151,15.8,677.62,2.9196,descent
29.9750,219.506,-5.140,0.001,1.15570,0.00,-11.335,0.0000,0.0151,15.8,677.62,2.9196,descent
29.9950,219.403,-5.140,0.001,1.15570,0.00,-11.335,0.0000,0.0151,15.8,677.62,2.9196,descent
30.0150,219.300,-5.140,0.001,1.15570,0.00,-11.335,0.0000,0.0151,15.8,677.62,2.9196,descent
30.0350,219.197,-5.140,0.001,1.15570,0.00,-11.335,0.0000,0.0151,15.8,677.62,2.9196,descent
30.0550,219.095,-5.140,0.001,1.15570,0.00,-11.335,0.0000,0.0151,15.8,677.62,2.9196,descent
30.0750,218.992,-5.140,0.001,1.15570,0.00,-11.335,0.0000,0.0151,15.8,677.62,2.9196,descent
30.0950,218.889,-5.140,0.001,1.15570,0.00,-11.335,0.0000,0.0151,15.8,677.62,2.9196,descent
30.1150,218.786,-5.140,0.001,1.15570,0.00,-11.335,0.0000,0.0151,15.8,677.62,2.9196,descent
30.1350,218.683,-5.140,0.001,1.15570,0.00,-11.335,0.0000,0.0151,15.8,677.62,2.9196,descent
30.1550,218.581,-5.140,0.001,1.15570,0.00,-11.335,0.0000,0.0151,15.8,677.62,2.9196,descent
30.1750,218.478,-5.140,0.001,1.15570,0.00,-11.335,0.0000,0.0151,15.8,677.62,2.9196,descent
30.1950,218.375,-5.140,0.001,1.15570,0.00,-11.335,0.0000,0.0151,15.8,677.62,2.9196,descent
30.2150,218.272,-5.140,0.001,1.15570,0.00,-11.335,0.0000,0.0151,15.8,677.62,2.9196,descent
30.2350,218.169,-5.140,0.001,1.15570,0.00,-11.335,0.0000,0.0151,15.8,677.62,2.9196,descent
30.2550,218.067,-5.140,0.001,1.15570,0.00,-11.335,0.0000,0.0151,15.8,677.62,2.9196,descent
30.2750,217.964,-5.140,0.001,1.15570,0.00,-11.335,0.0000,0.0151,15.8,677.62,2.9196,descent
30.2950,217.861,-5.140,0.001,1.15570,0.00,-11.335,0.0000,0.0151,15.8,677.62,2.9196,descent
30.3150,217.758,-5.140,0.001,1.15570,0.00,-11.335,0.0000,0.0151,15.8,677.62,2.9196,descent
30.3350,217.655,-5.140,0.001,1.15570,0.00,-11.335,0.0000,0.0151,15.8,677.62,2.9196,descent
30.3550,217.553,-5.140,0.001,1.15570,0.00,-11.335,0.0000,0.0151,15.8,677.62,2.9196,descent
30.3750,217.450,-5.140,0.001,1.15570,0.00,-11.335,0.0000,0.0151,15.8,677.62,2.9196,descent
30.3950,217.347,-5.140,0.001,1.15570,0.00,-11.335,0.0000,0.0151,15.8,677.62,2.9196,descent
30.4150,217.244,-5.140,0.001,1.15570,0.00,-11.335,0.0000,0.0151,15.8,677.62,2.9196,descent
30.4350,217.141,-5.140,0.001,1.15570,0.00,-11.335,0.0000,0.0151,15.8,677.62,2.9196,descent
30.4550,217.039,-5.140,0.001,1.15570,0.00,-11.335,0.0000,0.0151,15.8,677.62,2.9196,descent
30.4750,216.936,-5.140,0.001,1.15570,0.00,-11.335,0.0000,0.0151,15.8,677.62,2.9196,descent
30.4950,216.833,-5.140,0.001,1.15570,0.00,-11.335,0.0000,0.0151,15.8,677.62,2.9196,descent
30.5150,216.730,-5.140,0.001,1.15570,0.00,-11.335,0.0000,0.0151,15.8,677.62,2.9196,descent
30.5350,216.627,-5.140,0.001,1.15570,0.00,-11.335,0.0000,0.0151,15.8,677.62,2.9196,descent
30.5550,216.525,-5.140,0.001,1.15570,0.00,-11.335,0.0000,0.0151,15.8,677.62,2.9196,descent
30.5750,216.422,-5.140,0.001,1.15570,0.00,-11.335,0.0000,0.0151,15.8,677.62,2.9196,descent
30.5950,216.319,-5.140,0.001,1.15570,0.00,-11.335,0.0000,0.0151,15.8,677.62,2.9196,descent
30.6150,216.216,-5.140,0.001,1.15570,0.00,-11.335,0.0000,0.0151,15.8,677.62,2.9196,descent
30.6350,216.113,-5.139,0.001,1.15570,0.00,-11.335,0.0000,0.0151,15.8,677.62,2.9196,descent
30.6550,216.011,-5.139,0.001,1.15570,0.00,-11.335,0.0000,0.0151,15.8,677.62,2.9196,descent
30.6750,215.908,-5.139,0.001,1.15570,0.00,-11.335,0.0000,0.0151,15.8,677.62,2.9196,descent
30.6950,215.805,-5.139,0.001,1.15570,0.00,-11.335,0.0000,0.0151,15.8,677.62,2.9196,descent
30.7150,215.702,-5.139,0.001,1.15570,0.00,-11.335,0.0000,0.0151,15.8,677.62,2.9196,descent
30.7350,215.600,-5.139,0.001,1.15570,0.00,-11.335,0.0000,0.0151,15.8,677.62,2.9196,descent
30.7550,215.497,-5.139,0.001,1.15570,0.00,-11.335,0.0000,0.0151,15.8,677.62,2.9196,descent
30.7750,215.394,-5.139,0.001,1.15570,0.00,-11.335,0.0000,0.0151,15.8,677.62,2.9196,descent
30.7950,215.291,-5.139,0.001,1.15570,0.00,-11.335,0.0000,0.0151,15.8,677.62,2.9196,descent
30.8150,215.188,-5.139,0.001,1.15570,0.00,-11.335,0.0000,0.0151,15.8,677.62,2.9196,descent
30.8350,215.086,-5.139,0.001,1.15570,0.00,-11.335,0.0000,0.0151,15.8,677.62,2.9196,descent
30.8550,214.983,-5.139,0.001,1.15570,0.00,-11.335,0.0000,0.0151,15.8,677.62,2.9196,descent
30.8750,214.880,-5.139,0.001,1.15570,0.00,-11.335,0.0000,0.0151,15.8,677.62,2.9196,descent
30.8950,214.777,-5.139,0.001,1.15570,0.00,-11.335,0.0000,0.0151,15.8,677.62,2.9196,descent
30.9150,214.674,-5.139,0.001,1.15570,0.00,-11.335,0.0000,0.0151,15.8,677.62,2.9196,descent
30.9350,214.572,-5.139,0.001,1.15570,0.00,-11.335,0.0000,0.0151,15.8,677.62,2.9196,descent
30.9550,214.469,-5.139,0.001,1.15570,0.00,-11.335,0.0000,0.0151,15.8,677.62,2.9196,descent
30.9750,214.366,-5.139,0.001,1.15570,0.00,-11.335,0.0000,0.0151,15.8,677.62,2.9196,descent
30.9950,214.263,-5.139,0.001,1.15570,0.00,-11.335,0.0000,0.0151,15.8,677.62,2.9196,descent
31.0150,214.161,-5.139,0.001,1.15570,0.00,-11.335,0.0000,0.0151,15.8,677.62,2.9196,descent
31.0350,214.058,-5.139,0.001,1.15570,0.00,-11.335,0.0000,0.0151,15.8,677.62,2.9196,descent
31.0550,213.955,-5.139,0.001,1.15570,0.00,-11.335,0.0000,0.0151,15.8,677.62,2.9196,descent
31.0750,213.852,-5.139,0.001,1.15570,0.00,-11.335,0.0000,0.0151,15.8,677.62,2.9196,descent
31.0950,213.749,-5.139,0.001,1.15570,0.00,-11.335,0.0000,0.0151,15.8,677.62,2.9196,descent
31.1150,213.647,-5.139,0.001,1.15570,0.00,-11.335,0.0000,0.0151,15.8,677.62,2.9196,descent
31.1350,213.544,-5.139,0.001,1.15570,0.00,-11.335,0.0000,0.0151,15.8,677.62,2.9196,descent
31.1550,213.441,-5.139,0.001,1.15570,0.00,-11.335,0.0000,0.0151,15.8,677.62,2.9196,descent
31.1750,213.338,-5.139,0.001,1.15570,0.00,-11.335,0.0000,0.0151,15.8,677.62,2.9196,descent
31.1950,213.236,-5.139,0.001,1.15570,0.00,-11.335,0.0000,0.0151,15.8,677.62,2.9196,descent
31.2150,213.133,-5.139,0.001,1.15570,0.00,-11.335,0.0000,0.0151,15.8,677.62,2.9196,descent
31.2350,213.030,-5.139,0.001,1.15570,0.00,-11.335,0.0000,0.0151,15.8,677.62,2.9196,descent
31.2550,212.927,-5.139,0.001,1.15570,0.00,-11.335,0.0000,0.0151,15.8,677.62,2.9196,descent
31.2750,212.824,-5.139,0.001,1.15570,0.00,-11.335,0.0000,0.0151,15.8,677.62,2.9196,descent
31.2950,212.722,-5.139,0.001,1.15570,0.00,-11.335,0.0000,0.0151,15.8,677.62,2.9196,descent
31.3150,212.619,-5.139,0.001,1.15570,0.00,-11.335,0.0000,0.0151,15.8,677.62,2.9196,descent
31.3350,212.516,-5.139,0.001,1.15570,0.00,-11.335,0.0000,0.0151,15.8,677.62,2.9196,descent
31.3550,212.413,-5.139,0.001,1.15570,0.00,-11.335,0.0000,0.0151,15.8,677.62,2.9196,descent
31.3750,212.311,-5.139,0.001,1.15570,0.00,-11.335,0.0000,0.0151,15.8,677.62,2.9196,descent
31.3950,212.208,-5.139,0.001,1.15570,0.00,-11.335,0.0000,0.0151,15.8,677.62,2.9196,descent
31.4150,212.105,-5.138,0.001,1.15570,0.00,-11.335,0.0000,0.0151,15.8,677.62,2.9196,descent
31.4350,212.002,-5.138,0.001,1.15570,0.00,-11.335,0.0000,0.0151,15.8,677.62,2.9196,descent
31.4550,211.900,-5.138,0.001,1.15570,0.00,-11.335,0.0000,0.0151,15.8,677.62,2.9196,descent
31.4750,211.797,-5.138,0.001,1.15570,0.00,-11.335,0.0000,0.0151,15.8,677.62,2.9196,descent
31.4950,211.694,-5.138,0.001,1.15570,0.00,-11.335,0.0000,0.0151,15.8,677.62,2.9196,descent
31.5150,211.591,-5.138,0.001,1.15570,0.00,-11.335,0.0000,0.0151,15.8,677.62,2.9196,descent
31.5350,211.488,-5.138,0.001,1.15570,0.00,-11.335,0.0000,0.0151,15.8,677.62,2.9196,descent
31.5550,211.386,-5.138,0.001,1.15570,0.00,-11.335,0.0000,0.0151,15.8,677.62,2.9196,descent
31.5750,211.283,-5.138,0.001,1.15570,0.00,-11.335,0.0000,0.0151,15.8,677.62,2.9196,descent
31.5950,211.180,-5.138,0.001,1.15570,0.00,-11.335,0.0000,0.0151,15.8,677.62,2.9196,descent
31.6150,211.077,-5.138,0.001,1.15570,0.00,-11.335,0.0000,0.0151,15.8,677.62,2.9196,descent
31.6350,210.975,-5.138,0.001,1.15570,0.00,-11.335,0.0000,0.0151,15.8,677.62,2.9196,descent
31.6550,210.872,-5.138,0.001,1.15570,0.00,-11.335,0.0000,0.0151,15.8,677.62,2.9196,descent
31.6750,210.769,-5.138,0.001,1.15570,0.00,-11.335,0.0000,0.0151,15.8,677.62,2.9196,descent
31.6950,210.666,-5.138,0.001,1.15570,0.00,-11.335,0.0000,0.0151,15.8,677.62,2.9196,descent
31.7150,210.564,-5.138,0.001,1.15570,0.00,-11.335,0.0000,0.0151,15.8,677.62,2.9196,descent
31.7350,210.461,-5.138,0.001,1.15570,0.00,-11.335,0.0000,0.0151,15.8,677.62,2.9196,descent
31.7550,210.358,-5.138,0.001,1.15570,0.00,-11.335,0.0000,0.0151,15.8,677.62,2.9196,descent
31.7750,210.255,-5.138,0.001,1.15570,0.00,-11.335,0.0000,0.0151,15.8,677.62,2.9196,descent
31.7950,210.153,-5.138,0.001,1.15570,0.00,-11.335,0.0000,0.0151,15.8,677.62,2.9196,descent
31.8150,210.050,-5.138,0.001,1.15570,0.00,-11.335,0.0000,0.0151,15.8,677.62,2.9196,descent
31.8350,209.947,-5.138,0.001,1.15570,0.00,-11.335,0.0000,0.0151,15.8,677.62,2.9196,descent
31.8550,209.844,-5.138,0.001,1.15570,0.00,-11.335,0.0000,0.0151,15.8,677.62,2.9196,descent
31.8750,209.741,-5.138,0.001,1.15570,0.00,-11.335,0.0000,0.0151,15.8,677.62,2.9196,descent
31.8950,209.639,-5.138,0.001,1.15570,0.00,-11.335,0.0000,0.0151,15.8,677.62,2.9196,descent
31.9150,209.536,-5.138,0.001,1.15570,0.00,-11.335,0.0000,0.0151,15.8,677.62,2.9196,descent
31.9350,209.433,-5.138,0.001,1.15570,0.00,-11.335,0.0000,0.0151,15.8,677.62,2.9196,descent
31.9550,209.330,-5.138,0.001,1.15570,0.00,-11.335,0.0000,0.0151,15.8,677.62,2.9196,descent
31.9750,209.228,-5.138,0.001,1.15570,0.00,-11.335,0.0000,0.0151,15.8,677.62,2.9196,descent
31.9950,209.125,-5.138,0.001,1.15570,0.00,-11.335,0.0000,0.0151,15.8,677.62,2.9196,descent
32.0150,209.022,-5.138,0.001,1.15570,0.00,-11.335,0.0000,0.0151,15.8,677.62,2.9196,descent
32.0350,208.919,-5.138,0.001,1.15570,0.00,-11.335,0.0000,0.0151,15.8,677.62,2.9196,descent
32.0550,208.817,-5.138,0.001,1.15570,0.00,-11.335,0.0000,0.0151,15.8,677.62,2.9196,descent
32.0750,208.714,-5.138,0.001,1.15570,0.00,-11.335,0.0000,0.0151,15.8,677.62,2.9196,descent
32.0950,208.611,-5.138,0.001,1.15570,0.00,-11.335,0.0000,0.0151,15.8,677.62,2.9196,descent
32.1150,208.508,-5.138,0.001,1.15570,0.00,-11.335,0.0000,0.0151,15.8,677.62,2.9196,descent
32.1350,208.406,-5.138,0.001,1.15570,0.00,-11.335,0.0000,0.0151,15.8,677.62,2.9196,descent
32.1550,208.303,-5.138,0.001,1.15570,0.00,-11.335,0.0000,0.0151,15.8,677.62,2.9196,descent
32.1750,208.200,-5.138,0.001,1.15570,0.00,-11.335,0.0000,0.0151,15.8,677.62,2.9196,descent
32.1950,208.097,-5.138,0.001,1.15570,0.00,-11.335,0.0000,0.0151,15.8,677.62,2.9196,descent
32.2150,207.995,-5.137,0.001,1.15570,0.00,-11.335,0.0000,0.0151,15.8,677.62,2.9196,descent
32.2350,207.892,-5.137,0.001,1.15570,0.00,-11.335,0.0000,0.0151,15.8,677.62,2.9196,descent
32.2550,207.789,-5.137,0.001,1.15570,0.00,-11.335,0.0000,0.0151,15.8,677.62,2.9196,descent
32.2750,207.686,-5.137,0.001,1.15570,0.00,-11.335,0.0000,0.0151,15.8,677.62,2.9196,descent
32.2950,207.584,-5.137,0.001,1.15570,0.00,-11.335,0.0000,0.0151,15.8,677.62,2.9196,descent
32.3150,207.481,-5.137,0.001,1.15570,0.00,-11.335,0.0000,0.0151,15.8,677.62,2.9196,descent
32.3350,207.378,-5.137,0.001,1.15570,0.00,-11.335,0.0000,0.0151,15.8,677.62,2.9196,descent
32.3550,207.275,-5.137,0.001,1.15570,0.00,-11.335,0.0000,0.0151,15.8,677.62,2.9196,descent
32.3750,207.173,-5.137,0.001,1.15570,0.00,-11.335,0.0000,0.0151,15.8,677.62,2.9196,descent
32.3950,207.070,-5.137,0.001,1.15570,0.00,-11.335,0.0000,0.0151,15.8,677.62,2.9196,descent
32.4150,206.967,-5.137,0.001,1.15570,0.00,-11.335,0.0000,0.0151,15.8,677.62,2.9196,descent
32.4350,206.864,-5.137,0.001,1.15570,0.00,-11.335,0.0000,0.0151,15.8,677.62,2.9196,descent
32.4550,206.762,-5.137,0.001,1.15570,0.00,-11.335,0.0000,0.0151,15.8,677.62,2.9196,descent
32.4750,206.659,-5.137,0.001,1.15570,0.00,-11.335,0.0000,0.0151,15.8,677.62,2.9196,descent
32.4950,206.556,-5.137,0.001,1.15570,0.00,-11.335,0.0000,0.0151,15.8,677.62,2.9196,descent
32.5150,206.453,-5.137,0.001,1.15570,0.00,-11.335,0.0000,0.0151,15.8,677.62,2.9196,descent
32.5350,206.351,-5.137,0.001,1.15570,0.00,-11.335,0.0000,0.0151,15.8,677.62,2.9196,descent
32.5550,206.248,-5.137,0.001,1.15570,0.00,-11.335,0.0000,0.0151,15.8,677.62,2.9196,descent
32.5750,206.145,-5.137,0.001,1.15570,0.00,-11.335,0.0000,0.0151,15.8,677.62,2.9196,descent
32.5950,206.043,-5.137,0.001,1.15570,0.00,-11.335,0.0000,0.0151,15.8,677.62,2.9196,descent
32.6150,205.940,-5.137,0.001,1.15570,0.00,-11.335,0.0000,0.0151,15.8,677.62,2.9196,descent
32.6350,205.837,-5.137,0.001,1.15570,0.00,-11.335,0.0000,0.0151,15.8,677.62,2.9196,descent
32.6550,205.734,-5.137,0.001,1.15570,0.00,-11.335,0.0000,0.0151,15.8,677.62,2.9196,descent
32.6750,205.632,-5.137,0.001,1.15570,0.00,-11.335,0.0000,0.0151,15.8,677.62,2.9196,descent
32.6950,205.529,-5.137,0.001,1.15570,0.00,-11.335,0.0000,0.0151,15.8,677.62,2.9196,descent
32.7150,205.426,-5.137,0.001,1.15570,0.00,-11.335,0.0000,0.0151,15.8,677.62,2.9196,descent
32.7350,205.323,-5.137,0.001,1.15570,0.00,-11.335,0.0000,0.0151,15.8,677.62,2.9196,descent
32.7550,205.221,-5.137,0.001,1.15570,0.00,-11.335,0.0000,0.0151,15.8,677.62,2.9196,descent
32.7750,205.118,-5.137,0.001,1.15570,0.00,-11.335,0.0000,0.0151,15.8,677.62,2.9196,descent
32.7950,205.015,-5.137,0.001,1.15570,0.00,-11.335,0.0000,0.0151,15.8,677.62,2.9196,descent
32.8150,204.912,-5.137,0.001,1.15570,0.00,-11.335,0.0000,0.0151,15.8,677.62,2.9196,descent
32.8350,204.810,-5.137,0.001,1.15570,0.00,-11.335,0.0000,0.0151,15.8,677.62,2.9196,descent
32.8550,204.707,-5.137,0.001,1.15570,0.00,-11.335,0.0000,0.0151,15.8,677.62,2.9196,descent
32.8750,204.604,-5.137,0.001,1.15570,0.00,-11.335,0.0000,0.0151,15.8,677.62,2.9196,descent
32.8950,204.501,-5.137,0.001,1.15570,0.00,-11.335,0.0000,0.0151,15.8,677.62,2.9196,descent
32.9150,204.399,-5.137,0.001,1.15570,0.00,-11.335,0.0000,0.0151,15.8,677.62,2.9196,descent
32.9350,204.296,-5.137,0.001,1.15570,0.00,-11.335,0.0000,0.0151,15.8,677.62,2.9196,descent
32.9550,204.193,-5.137,0.001,1.15570,0.00,-11.335,0.0000,0.0151,15.8,677.62,2.9196,descent
32.9750,204.091,-5.137,0.001,1.15570,0.00,-11.335,0.0000,0.0151,15.8,677.62,2.9196,descent
32.9950,203.988,-5.136,0.001,1.15570,0.00,-11.335,0.0000,0.0151,15.8,677.62,2.9196,descent
33.0150,203.885,-5.136,0.001,1.15570,0.00,-11.335,0.0000,0.0151,15.8,677.62,2.9196,descent
33.0350,203.782,-5.136,0.001,1.15570,0.00,-11.335,0.0000,0.0151,15.8,677.62,2.9196,descent
33.0550,203.680,-5.136,0.001,1.15570,0.00,-11.335,0.0000,0.0151,15.8,677.62,2.9196,descent
33.0750,203.577,-5.136,0.001,1.15570,0.00,-11.335,0.0000,0.0151,15.8,677.62,2.9196,descent
33.0950,203.474,-5.136,0.001,1.15570,0.00,-11.335,0.0000,0.0151,15.8,677.62,2.9196,descent
33.1150,203.371,-5.136,0.001,1.15570,0.00,-11.335,0.0000,0.0151,15.8,677.62,2.9196,descent
33.1350,203.269,-5.136,0.001,1.15570,0.00,-11.335,0.0000,0.0151,15.8,677.62,2.9196,descent
33.1550,203.166,-5.136,0.001,1.15570,0.00,-11.335,0.0000,0.0151,15.8,677.62,2.9196,descent
33.1750,203.063,-5.136,0.001,1.15570,0.00,-11.335,0.0000,0.0151,15.8,677.62,2.9196,descent
33.1950,202.961,-5.136,0.001,1.15570,0.00,-11.335,0.0000,0.0151,15.8,677.62,2.9196,descent
33.2150,202.858,-5.136,0.001,1.15570,0.00,-11.335,0.0000,0.0151,15.8,677.62,2.9196,descent
33.2350,202.755,-5.136,0.001,1.15570,0.00,-11.335,0.0000,0.0151,15.8,677.62,2.9196,descent
33.2550,202.652,-5.136,0.001,1.15570,0.00,-11.335,0.0000,0.0151,15.8,677.62,2.9196,descent
33.2750,202.550,-5.136,0.001,1.15570,0.00,-11.335,0.0000,0.0151,15.8,677.62,2.9196,descent
33.2950,202.447,-5.136,0.001,1.15570,0.00,-11.335,0.0000,0.0151,15.8,677.62,2.9196,descent
33.3150,202.344,-5.136,0.001,1.15570,0.00,-11.335,0.0000,0.0151,15.8,677.62,2.9196,descent
33.3350,202.241,-5.136,0.001,1.15570,0.00,-11.335,0.0000,0.0151,15.8,677.62,2.9196,descent
33.3550,202.139,-5.136,0.001,1.15570,0.00,-11.335,0.0000,0.0151,15.8,677.62,2.9196,descent
33.3750,202.036,-5.136,0.001,1.15570,0.00,-11.335,0.0000,0.0151,15.8,677.62,2.9196,descent
33.3950,201.933,-5.136,0.001,1.15570,0.00,-11.335,0.0000,0.0151,15.8,677.62,2.9196,descent
33.4150,201.831,-5.136,0.001,1.15570,0.00,-11.335,0.0000,0.0151,15.8,677.62,2.9196,descent
33.4350,201.728,-5.136,0.001,1.15570,0.00,-11.335,0.0000,0.0151,15.8,677.62,2.9196,descent
33.4550,201.625,-5.136,0.001,1.15570,0.00,-11.335,0.0000,0.0151,15.8,677.62,2.9196,descent
33.4750,201.522,-5.136,0.001,1.15570,0.00,-11.335,0.0000,0.0151,15.8,677.62,2.9196,descent
33.4950,201.420,-5.136,0.001,1.15570,0.00,-11.335,0.0000,0.0151,15.8,677.62,2.9196,descent
33.5150,201.317,-5.136,0.001,1.15570,0.00,-11.335,0.0000,0.0151,15.8,677.62,2.9196,descent
33.5350,201.214,-5.136,0.001,1.15570,0.00,-11.335,0.0000,0.0151,15.8,677.62,2.9196,descent
33.5550,201.112,-5.136,0.001,1.15570,0.00,-11.335,0.0000,0.0151,15.8,677.62,2.9196,descent
33.5750,201.009,-5.136,0.001,1.15570,0.00,-11.335,0.0000,0.0151,15.8,677.62,2.9196,descent
33.5950,200.906,-5.136,0.001,1.15570,0.00,-11.335,0.0000,0.0151,15.8,677.62,2.9196,descent
33.6150,200.803,-5.136,0.001,1.15570,0.00,-11.335,0.0000,0.0151,15.8,677.62,2.9196,descent
33.6350,200.701,-5.136,0.001,1.15570,0.00,-11.335,0.0000,0.0151,15.8,677.62,2.9196,descent
33.6550,200.598,-5.136,0.001,1.15570,0.00,-11.335,0.0000,0.0151,15.8,677.62,2.9196,descent
33.6750,200.495,-5.136,0.001,1.15570,0.00,-11.335,0.0000,0.0151,15.8,677.62,2.9196,descent
33.6950,200.393,-5.136,0.001,1.15570,0.00,-11.335,0.0000,0.0151,15.8,677.62,2.9196,descent
33.7150,200.290,-5.136,0.001,1.15570,0.00,-11.335,0.0000,0.0151,15.8,677.62,2.9196,descent
33.7350,200.187,-5.136,0.001,1.15570,0.00,-11.335,0.0000,0.0151,15.8,677.62,2.9196,descent
33.7550,200.084,-5.136,0.001,1.15570,0.00,-11.335,0.0000,0.0151,15.8,677.62,2.9196,descent
33.7750,199.982,-5.135,0.001,1.15570,0.00,-11.335,0.0000,0.0151,15.8,677.62,2.9196,descent
33.7950,199.879,-5.135,0.001,1.15570,0.00,-11.335,0.0000,0.0151,15.8,677.62,2.9196,descent
33.8150,199.776,-5.135,0.001,1.15570,0.00,-11.335,0.0000,0.0151,15.8,677.62,2.9196,descent
33.8350,199.674,-5.135,0.001,1.15570,0.00,-11.335,0.0000,0.0151,15.8,677.62,2.9196,descent
33.8550,199.571,-5.135,0.001,1.15570,0.00,-11.335,0.0000,0.0151,15.8,677.62,2.9196,descent
33.8750,199.468,-5.135,0.001,1.15570,0.00,-11.335,0.0000,0.0151,15.8,677.62,2.9196,descent
33.8950,199.366,-5.135,0.001,1.15570,0.00,-11.335,0.0000,0.0151,15.8,677.62,2.9196,descent
33.9150,199.263,-5.135,0.001,1.15570,0.00,-11.335,0.0000,0.0151,15.8,677.62,2.9196,descent
33.9350,199.160,-5.135,0.001,1.15570,0.00,-11.335,0.0000,0.0151,15.8,677.62,2.9196,descent
33.9550,199.057,-5.135,0.001,1.15570,0.00,-11.335,0.0000,0.0151,15.8,677.62,2.9196,descent
33.9750,198.955,-5.135,0.001,1.15570,0.00,-11.335,0.0000,0.0151,15.8,677.62,2.9196,descent
33.9950,198.852,-5.135,0.001,1.15570,0.00,-11.335,0.0000,0.0151,15.8,677.62,2.9196,descent
34.0150,198.749,-5.135,0.001,1.15570,0.00,-11.335,0.0000,0.0151,15.8,677.62,2.9196,descent
34.0350,198.647,-5.135,0.001,1.15570,0.00,-11.335,0.0000,0.0151,15.8,677.62,2.9196,descent
34.0550,198.544,-5.135,0.001,1.15570,0.00,-11.335,0.0000,0.0151,15.8,677.62,2.9196,descent
34.0750,198.441,-5.135,0.001,1.15570,0.00,-11.335,0.0000,0.0151,15.8,677.62,2.9196,descent
34.0950,198.338,-5.135,0.001,1.15570,0.00,-11.335,0.0000,0.0151,15.8,677.62,2.9196,descent
34.1150,198.236,-5.135,0.001,1.15570,0.00,-11.335,0.0000,0.0151,15.8,677.62,2.9196,descent
34.1350,198.133,-5.135,0.001,1.15570,0.00,-11.335,0.0000,0.0151,15.8,677.62,2.9196,descent
34.1550,198.030,-5.135,0.001,1.15570,0.00,-11.335,0.0000,0.0151,15.8,677.62,2.9196,descent
34.1750,197.928,-5.135,0.001,1.15570,0.00,-11.335,0.0000,0.0151,15.8,677.62,2.9196,descent
34.1950,197.825,-5.135,0.001,1.15570,0.00,-11.335,0.0000,0.0151,15.8,677.62,2.9196,descent
34.2150,197.722,-5.135,0.001,1.15570,0.00,-11.335,0.0000,0.0151,15.8,677.62,2.9196,descent
34.2350,197.620,-5.135,0.001,1.15570,0.00,-11.335,0.0000,0.0151,15.8,677.62,2.9196,descent
34.2550,197.517,-5.135,0.001,1.15570,0.00,-11.335,0.0000,0.0151,15.8,677.62,2.9196,descent
34.2750,197.414,-5.135,0.001,1.15570,0.00,-11.335,0.0000,0.0151,15.8,677.62,2.9196,descent
34.2950,197.311,-5.135,0.001,1.15570,0.00,-11.335,0.0000,0.0151,15.8,677.62,2.9196,descent
34.3150,197.209,-5.135,0.001,1.15570,0.00,-11.335,0.0000,0.0151,15.8,677.62,2.9196,descent
34.3350,197.106,-5.135,0.001,1.15570,0.00,-11.335,0.0000,0.0151,15.8,677.62,2.9196,descent
34.3550,197.003,-5.135,0.001,1.15570,0.00,-11.335,0.0000,0.0151,15.8,677.62,2.9196,descent
34.3750,196.901,-5.135,0.001,1.15570,0.00,-11.335,0.0000,0.0151,15.8,677.62,2.9196,descent
34.3950,196.798,-5.135,0.001,1.15570,0.00,-11.335,0.0000,0.0151,15.8,677.62,2.9196,descent
34.4150,196.695,-5.135,0.001,1.15570,0.00,-11.335,0.0000,0.0151,15.8,677.62,2.9196,descent
34.4350,196.593,-5.135,0.001,1.15570,0.00,-11.335,0.0000,0.0151,15.8,677.62,2.9196,descent
34.4550,196.490,-5.135,0.001,1.15570,0.00,-11.335,0.0000,0.0151,15.8,677.62,2.9196,descent
34.4750,196.387,-5.135,0.001,1.15570,0.00,-11.335,0.0000,0.0151,15.8,677.62,2.9196,descent
34.4950,196.285,-5.135,0.001,1.15570,0.00,-11.335,0.0000,0.0151,15.8,677.62,2.9196,descent
34.5150,196.182,-5.135,0.001,1.15570,0.00,-11.335,0.0000,0.0151,15.8,677.62,2.9196,descent
34.5350,196.079,-5.135,0.001,1.15570,0.00,-11.335,0.0000,0.0151,15.8,677.62,2.9196,descent
34.5550,195.976,-5.134,0.001,1.15570,0.00,-11.335,0.0000,0.0151,15.8,677.62,2.9196,descent
34.5750,195.874,-5.134,0.001,1.15570,0.00,-11.335,0.0000,0.0151,15.8,677.62,2.9196,descent
34.5950,195.771,-5.134,0.001,1.15570,0.00,-11.335,0.0000,0.0151,15.8,677.62,2.9196,descent
34.6150,195.668,-5.134,0.001,1.15570,0.00,-11.335,0.0000,0.0151,15.8,677.62,2.9196,descent
34.6350,195.566,-5.134,0.001,1.15570,0.00,-11.335,0.0000,0.0151,15.8,677.62,2.9196,descent
34.6550,195.463,-5.134,0.001,1.15570,0.00,-11.335,0.0000,0.0151,15.8,677.62,2.9196,descent
34.6750,195.360,-5.134,0.001,1.15570,0.00,-11.335,0.0000,0.0151,15.8,677.62,2.9196,descent
34.6950,195.258,-5.134,0.001,1.15570,0.00,-11.335,0.0000,0.0151,15.8,677.62,2.9196,descent
34.7150,195.155,-5.134,0.001,1.15570,0.00,-11.335,0.0000,0.0151,15.8,677.62,2.9196,descent
34.7350,195.052,-5.134,0.001,1.15570,0.00,-11.335,0.0000,0.0151,15.8,677.62,2.9196,descent
34.7550,194.950,-5.134,0.001,1.15570,0.00,-11.335,0.0000,0.0151,15.8,677.62,2.9196,descent
34.7750,194.847,-5.134,0.001,1.15570,0.00,-11.335,0.0000,0.0151,15.8,677.62,2.9196,descent
34.7950,194.744,-5.134,0.001,1.15570,0.00,-11.335,0.0000,0.0151,15.8,677.62,2.9196,descent
34.8150,194.642,-5.134,0.001,1.15570,0.00,-11.335,0.0000,0.0151,15.8,677.62,2.9196,descent
34.8350,194.539,-5.134,0.001,1.15570,0.00,-11.335,0.0000,0.0151,15.8,677.62,2.9196,descent
34.8550,194.436,-5.134,0.001,1.15570,0.00,-11.335,0.0000,0.0151,15.8,677.62,2.9196,descent
34.8750,194.333,-5.134,0.001,1.15570,0.00,-11.335,0.0000,0.0151,15.8,677.62,2.9196,descent
34.8950,194.231,-5.134,0.001,1.15570,0.00,-11.335,0.0000,0.0151,15.8,677.62,2.9196,descent
34.9150,194.128,-5.134,0.001,1.15570,0.00,-11.335,0.0000,0.0151,15.8,677.62,2.9196,descent
34.9350,194.025,-5.134,0.001,1.15570,0.00,-11.335,0.0000,0.0151,15.8,677.62,2.9196,descent
34.9550,193.923,-5.134,0.001,1.15570,0.00,-11.335,0.0000,0.0151,15.8,677.62,2.9196,descent
34.9750,193.820,-5.134,0.001,1.15570,0.00,-11.335,0.0000,0.0151,15.8,677.62,2.9196,descent
34.9950,193.717,-5.134,0.001,1.15570,0.00,-11.335,0.0000,0.0151,15.8,677.62,2.9196,descent
35.0150,193.615,-5.134,0.001,1.15570,0.00,-11.335,0.0000,0.0151,15.8,677.62,2.9196,descent
35.0350,193.512,-5.134,0.001,1.15570,0.00,-11.335,0.0000,0.0151,15.8,677.62,2.9196,descent
35.0550,193.409,-5.134,0.001,1.15570,0.00,-11.335,0.0000,0.0151,15.8,677.62,2.9196,descent
35.0750,193.307,-5.134,0.001,1.15570,0.00,-11.335,0.0000,0.0151,15.8,677.62,2.9196,descent
35.0950,193.204,-5.134,0.001,1.15570,0.00,-11.335,0.0000,0.0151,15.8,677.62,2.9196,descent
35.1150,193.101,-5.134,0.001,1.15570,0.00,-11.335,0.0000,0.0151,15.8,677.62,2.9196,descent
35.1350,192.999,-5.134,0.001,1.15570,0.00,-11.335,0.0000,0.0151,15.8,677.62,2.9196,descent
35.1550,192.896,-5.134,0.001,1.15570,0.00,-11.335,0.0000,0.0151,15.8,677.62,2.9196,descent
35.1750,192.793,-5.134,0.001,1.15570,0.00,-11.335,0.0000,0.0151,15.8,677.62,2.9196,descent
35.1950,192.691,-5.134,0.001,1.15570,0.00,-11.335,0.0000,0.0151,15.8,677.62,2.9196,descent
35.2150,192.588,-5.134,0.001,1.15570,0.00,-11.335,0.0000,0.0151,15.8,677.62,2.9196,descent
35.2350,192.485,-5.134,0.001,1.15570,0.00,-11.335,0.0000,0.0151,15.8,677.62,2.9196,descent
35.2550,192.383,-5.134,0.001,1.15570,0.00,-11.335,0.0000,0.0151,15.8,677.62,2.9196,descent
35.2750,192.280,-5.134,0.001,1.15570,0.00,-11.335,0.0000,0.0151,15.8,677.62,2.9196,descent
35.2950,192.177,-5.134,0.001,1.15570,0.00,-11.335,0.0000,0.0151,15.8,677.62,2.9196,descent
35.3150,192.075,-5.134,0.001,1.15570,0.00,-11.335,0.0000,0.0151,15.8,677.62,2.9196,descent
35.3350,191.972,-5.134,0.001,1.15570,0.00,-11.335,0.0000,0.0151,15.8,677.62,2.9196,descent
35.3550,191.869,-5.133,0.001,1.15570,0.00,-11.335,0.0000,0.0151,15.8,677.62,2.9196,descent
35.3750,191.767,-5.133,0.001,1.15570,0.00,-11.335,0.0000,0.0151,15.8,677.62,2.9196,descent
35.3950,191.664,-5.133,0.001,1.15570,0.00,-11.335,0.0000,0.0151,15.8,677.62,2.9196,descent
35.4150,191.561,-5.133,0.001,1.15570,0.00,-11.335,0.0000,0.0151,15.8,677.62,2.9196,descent
35.4350,191.459,-5.133,0.001,1.15570,0.00,-11.335,0.0000,0.0151,15.8,677.62,2.9196,descent
35.4550,191.356,-5.133,0.001,1.15570,0.00,-11.335,0.0000,0.0151,15.8,677.62,2.9196,descent
35.4750,191.253,-5.133,0.001,1.15570,0.00,-11.335,0.0000,0.0151,15.8,677.62,2.9196,descent
35.4950,191.151,-5.133,0.001,1.15570,0.00,-11.335,0.0000,0.0151,15.8,677.62,2.9196,descent
35.5150,191.048,-5.133,0.001,1.15570,0.00,-11.335,0.0000,0.0151,15.8,677.62,2.9196,descent
35.5350,190.945,-5.133,0.001,1.15570,0.00,-11.335,0.0000,0.0151,15.8,677.62,2.9196,descent
35.5550,190.843,-5.133,0.001,1.15570,0.00,-11.335,0.0000,0.0151,15.8,677.62,2.9196,descent
35.5750,190.740,-5.133,0.001,1.15570,0.00,-11.335,0.0000,0.0151,15.8,677.62,2.9196,descent
35.5950,190.637,-5.133,0.001,1.15570,0.00,-11.335,0.0000,0.0151,15.8,677.62,2.9196,descent
35.6150,190.535,-5.133,0.001,1.15570,0.00,-11.335,0.0000,0.0151,15.8,677.62,2.9196,descent
35.6350,190.432,-5.133,0.001,1.15570,0.00,-11.335,0.0000,0.0151,15.8,677.62,2.9196,descent
35.6550,190.329,-5.133,0.001,1.15570,0.00,-11.335,0.0000,0.0151,15.8,677.62,2.9196,descent
35.6750,190.227,-5.133,0.001,1.15570,0.00,-11.335,0.0000,0.0151,15.8,677.62,2.9196,descent
35.6950,190.124,-5.133,0.001,1.15570,0.00,-11.335,0.0000,0.0151,15.8,677.62,2.9196,descent
35.7150,190.021,-5.133,0.001,1.15570,0.00,-11.335,0.0000,0.0151,15.8,677.62,2.9196,descent
35.7350,189.919,-5.133,0.001,1.15570,0.00,-11.335,0.0000,0.0151,15.8,677.62,2.9196,descent
35.7550,189.816,-5.133,0.001,1.15570,0.00,-11.335,0.0000,0.0151,15.8,677.62,2.9196,descent
35.7750,189.713,-5.133,0.001,1.15570,0.00,-11.335,0.0000,0.0151,15.8,677.62,2.9196,descent
35.7950,189.611,-5.133,0.001,1.15570,0.00,-11.335,0.0000,0.0151,15.8,677.62,2.9196,descent
35.8150,189.508,-5.133,0.001,1.15570,0.00,-11.335,0.0000,0.0151,15.8,677.62,2.9196,descent
35.8350,189.405,-5.133,0.001,1.15570,0.00,-11.335,0.0000,0.0151,15.8,677.62,2.9196,descent
35.8550,189.303,-5.133,0.001,1.15570,0.00,-11.335,0.0000,0.0151,15.8,677.62,2.9196,descent
35.8750,189.200,-5.133,0.001,1.15570,0.00,-11.335,0.0000,0.0151,15.8,677.62,2.9196,descent
35.8950,189.097,-5.133,0.001,1.15570,0.00,-11.335,0.0000,0.0151,15.8,677.62,2.9196,descent
35.9150,188.995,-5.133,0.001,1.15570,0.00,-11.335,0.0000,0.0151,15.8,677.62,2.9196,descent
35.9350,188.892,-5.133,0.001,1.15570,0.00,-11.335,0.0000,0.0151,15.8,677.62,2.9196,descent
35.9550,188.789,-5.133,0.001,1.15570,0.00,-11.335,0.0000,0.0151,15.8,677.62,2.9196,descent
35.9750,188.687,-5.133,0.001,1.15570,0.00,-11.335,0.0000,0.0151,15.8,677.62,2.9196,descent
35.9950,188.584,-5.133,0.001,1.15570,0.00,-11.335,0.0000,0.0151,15.8,677.62,2.9196,descent
36.0150,188.481,-5.133,0.001,1.15570,0.00,-11.335,0.0000,0.0151,15.8,677.62,2.9196,descent
36.0350,188.379,-5.133,0.001,1.15570,0.00,-11.335,0.0000,0.0151,15.8,677.62,2.9196,descent
36.0550,188.276,-5.133,0.001,1.15570,0.00,-11.335,0.0000,0.0151,15.8,677.62,2.9196,descent
36.0750,188.173,-5.133,0.001,1.15570,0.00,-11.335,0.0000,0.0151,15.8,677.62,2.9196,descent
36.0950,188.071,-5.133,0.001,1.15570,0.00,-11.335,0.0000,0.0151,15.8,677.62,2.9196,descent
36.1150,187.968,-5.133,0.001,1.15570,0.00,-11.335,0.0000,0.0151,15.8,677.62,2.9196,descent
36.1350,187.866,-5.132,0.001,1.15570,0.00,-11.335,0.0000,0.0151,15.8,677.62,2.9196,descent
36.1550,187.763,-5.132,0.001,1.15570,0.00,-11.335,0.0000,0.0151,15.8,677.62,2.9196,descent
36.1750,187.660,-5.132,0.001,1.15570,0.00,-11.335,0.0000,0.0151,15.8,677.62,2.9196,descent
36.1950,187.558,-5.132,0.001,1.15570,0.00,-11.335,0.0000,0.0151,15.8,677.62,2.9196,descent
36.2150,187.455,-5.132,0.001,1.15570,0.00,-11.335,0.0000,0.0151,15.8,677.62,2.9196,descent
36.2350,187.352,-5.132,0.001,1.15570,0.00,-11.335,0.0000,0.0151,15.8,677.62,2.9196,descent
36.2550,187.250,-5.132,0.001,1.15570,0.00,-11.335,0.0000,0.0151,15.8,677.62,2.9196,descent
36.2750,187.147,-5.132,0.001,1.15570,0.00,-11.335,0.0000,0.0151,15.8,677.62,2.9196,descent
36.2950,187.044,-5.132,0.001,1.15570,0.00,-11.335,0.0000,0.0151,15.8,677.62,2.9196,descent
36.3150,186.942,-5.132,0.001,1.15570,0.00,-11.335,0.0000,0.0151,15.8,677.62,2.9196,descent
36.3350,186.839,-5.132,0.001,1.15570,0.00,-11.335,0.0000,0.0151,15.8,677.62,2.9196,descent
36.3550,186.736,-5.132,0.001,1.15570,0.00,-11.335,0.0000,0.0151,15.8,677.62,2.9196,descent
36.3750,186.634,-5.132,0.001,1.15570,0.00,-11.335,0.0000,0.0151,15.8,677.62,2.9196,descent
36.3950,186.531,-5.132,0.001,1.15570,0.00,-11.335,0.0000,0.0151,15.8,677.62,2.9196,descent
36.4150,186.428,-5.132,0.001,1.15570,0.00,-11.335,0.0000,0.0151,15.8,677.62,2.9196,descent
36.4350,186.326,-5.132,0.001,1.15570,0.00,-11.335,0.0000,0.0151,15.8,677.62,2.9196,descent
36.4550,186.223,-5.132,0.001,1.15570,0.00,-11.335,0.0000,0.0151,15.8,677.62,2.9196,descent
36.4750,186.121,-5.132,0.001,1.15570,0.00,-11.335,0.0000,0.0151,15.8,677.62,2.9196,descent
36.4950,186.018,-5.132,0.001,1.15570,0.00,-11.335,0.0000,0.0151,15.8,677.62,2.9196,descent
36.5150,185.915,-5.132,0.001,1.15570,0.00,-11.335,0.0000,0.0151,15.8,677.62,2.9196,descent
36.5350,185.813,-5.132,0.001,1.15570,0.00,-11.335,0.0000,0.0151,15.8,677.62,2.9196,descent
36.5550,185.710,-5.132,0.001,1.15570,0.00,-11.335,0.0000,0.0151,15.8,677.62,2.9196,descent
36.5750,185.607,-5.132,0.001,1.15570,0.00,-11.335,0.0000,0.0151,15.8,677.62,2.9196,descent
36.5950,185.505,-5.132,0.001,1.15570,0.00,-11.335,0.0000,0.0151,15.8,677.62,2.9196,descent
36.6150,185.402,-5.132,0.001,1.15570,0.00,-11.335,0.0000,0.0151,15.8,677.62,2.9196,descent
36.6350,185.299,-5.132,0.001,1.15570,0.00,-11.335,0.0000,0.0151,15.8,677.62,2.9196,descent
36.6550,185.197,-5.132,0.001,1.15570,0.00,-11.335,0.0000,0.0151,15.8,677.62,2.9196,descent
36.6750,185.094,-5.132,0.001,1.15570,0.00,-11.335,0.0000,0.0151,15.8,677.62,2.9196,descent
36.6950,184.992,-5.132,0.001,1.15570,0.00,-11.335,0.0000,0.0151,15.8,677.62,2.9196,descent
36.7150,184.889,-5.132,0.001,1.15570,0.00,-11.335,0.0000,0.0151,15.8,677.62,2.9196,descent
36.7350,184.786,-5.132,0.001,1.15570,0.00,-11.335,0.0000,0.0151,15.8,677.62,2.9196,descent
36.7550,184.684,-5.132,0.001,1.15570,0.00,-11.335,0.0000,0.0151,15.8,677.62,2.9196,descent
36.7750,184.581,-5.132,0.001,1.15570,0.00,-11.335,0.0000,0.0151,15.8,677.62,2.9196,descent
36.7950,184.478,-5.132,0.001,1.15570,0.00,-11.335,0.0000,0.0151,15.8,677.62,2.9196,descent
36.8150,184.376,-5.132,0.001,1.15570,0.00,-11.335,0.0000,0.0151,15.8,677.62,2.9196,descent
36.8350,184.273,-5.132,0.001,1.15570,0.00,-11.335,0.0000,0.0151,15.8,677.62,2.9196,descent
36.8550,184.170,-5.132,0.001,1.15570,0.00,-11.335,0.0000,0.0151,15.8,677.62,2.9196,descent
36.8750,184.068,-5.132,0.001,1.15570,0.00,-11.335,0.0000,0.0151,15.8,677.62,2.9196,descent
36.8950,183.965,-5.132,0.001,1.15570,0.00,-11.335,0.0000,0.0151,15.8,677.62,2.9196,descent
36.9150,183.863,-5.132,0.001,1.15570,0.00,-11.335,0.0000,0.0151,15.8,677.62,2.9196,descent
36.9350,183.760,-5.131,0.001,1.15570,0.00,-11.335,0.0000,0.0151,15.8,677.62,2.9196,descent
36.9550,183.657,-5.131,0.001,1.15570,0.00,-11.335,0.0000,0.0151,15.8,677.62,2.9196,descent
36.9750,183.555,-5.131,0.001,1.15570,0.00,-11.335,0.0000,0.0151,15.8,677.62,2.9196,descent
36.9950,183.452,-5.131,0.001,1.15570,0.00,-11.335,0.0000,0.0151,15.8,677.62,2.9196,descent
37.0150,183.349,-5.131,0.001,1.15570,0.00,-11.335,0.0000,0.0151,15.8,677.62,2.9196,descent
37.0350,183.247,-5.131,0.001,1.15570,0.00,-11.335,0.0000,0.0151,15.8,677.62,2.9196,descent
37.0550,183.144,-5.131,0.001,1.15570,0.00,-11.335,0.0000,0.0151,15.8,677.62,2.9196,descent
37.0750,183.042,-5.131,0.001,1.15570,0.00,-11.335,0.0000,0.0151,15.8,677.62,2.9196,descent
37.0950,182.939,-5.131,0.001,1.15570,0.00,-11.335,0.0000,0.0151,15.8,677.62,2.9196,descent
37.1150,182.836,-5.131,0.001,1.15570,0.00,-11.335,0.0000,0.0151,15.8,677.62,2.9196,descent
37.1350,182.734,-5.131,0.001,1.15570,0.00,-11.335,0.0000,0.0151,15.8,677.62,2.9196,descent
37.1550,182.631,-5.131,0.001,1.15570,0.00,-11.335,0.0000,0.0151,15.8,677.62,2.9196,descent
37.1750,182.528,-5.131,0.001,1.15570,0.00,-11.335,0.0000,0.0151,15.8,677.62,2.9196,descent
37.1950,182.426,-5.131,0.001,1.15570,0.00,-11.335,0.0000,0.0151,15.8,677.62,2.9196,descent
37.2150,182.323,-5.131,0.001,1.15570,0.00,-11.335,0.0000,0.0151,15.8,677.62,2.9196,descent
37.2350,182.221,-5.131,0.001,1.15570,0.00,-11.335,0.0000,0.0151,15.8,677.62,2.9196,descent
37.2550,182.118,-5.131,0.001,1.15570,0.00,-11.335,0.0000,0.0151,15.8,677.62,2.9196,descent
37.2750,182.015,-5.131,0.001,1.15570,0.00,-11.335,0.0000,0.0151,15.8,677.62,2.9196,descent
37.2950,181.913,-5.131,0.001,1.15570,0.00,-11.335,0.0000,0.0151,15.8,677.62,2.9196,descent
37.3150,181.810,-5.131,0.001,1.15570,0.00,-11.335,0.0000,0.0151,15.8,677.62,2.9196,descent
37.3350,181.707,-5.131,0.001,1.15570,0.00,-11.335,0.0000,0.0151,15.8,677.62,2.9196,descent
37.3550,181.605,-5.131,0.001,1.15570,0.00,-11.335,0.0000,0.0151,15.8,677.62,2.9196,descent
37.3750,181.502,-5.131,0.001,1.15570,0.00,-11.335,0.0000,0.0151,15.8,677.62,2.9196,descent
37.3950,181.400,-5.131,0.001,1.15570,0.00,-11.335,0.0000,0.0151,15.8,677.62,2.9196,descent
37.4150,181.297,-5.131,0.001,1.15570,0.00,-11.335,0.0000,0.0151,15.8,677.62,2.9196,descent
37.4350,181.194,-5.131,0.001,1.15570,0.00,-11.335,0.0000,0.0151,15.8,677.62,2.9196,descent
37.4550,181.092,-5.131,0.001,1.15570,0.00,-11.335,0.0000,0.0151,15.8,677.62,2.9196,descent
37.4750,180.989,-5.131,0.001,1.15570,0.00,-11.335,0.0000,0.0151,15.8,677.62,2.9196,descent
37.4950,180.887,-5.131,0.001,1.15570,0.00,-11.335,0.0000,0.0151,15.8,677.62,2.9196,descent
37.5150,180.784,-5.131,0.001,1.15570,0.00,-11.335,0.0000,0.0151,15.8,677.62,2.9196,descent
37.5350,180.681,-5.131,0.001,1.15570,0.00,-11.335,0.0000,0.0151,15.8,677.62,2.9196,descent
37.5550,180.579,-5.131,0.001,1.15570,0.00,-11.335,0.0000,0.0151,15.8,677.62,2.9196,descent
37.5750,180.476,-5.131,0.001,1.15570,0.00,-11.335,0.0000,0.0151,15.8,677.62,2.9196,descent
37.5950,180.373,-5.131,0.001,1.15570,0.00,-11.335,0.0000,0.0151,15.8,677.62,2.9196,descent
37.6150,180.271,-5.131,0.001,1.15570,0.00,-11.335,0.0000,0.0151,15.8,677.62,2.9196,descent
37.6350,180.168,-5.131,0.001,1.15570,0.00,-11.335,0.0000,0.0151,15.8,677.62,2.9196,descent
37.6550,180.066,-5.131,0.001,1.15570,0.00,-11.335,0.0000,0.0151,15.8,677.62,2.9196,descent
37.6750,179.963,-5.131,0.001,1.15570,0.00,-11.335,0.0000,0.0151,15.8,677.62,2.9196,descent
37.6950,179.860,-5.131,0.001,1.15570,0.00,-11.335,0.0000,0.0151,15.8,677.62,2.9196,descent
37.7150,179.758,-5.130,0.001,1.15570,0.00,-11.335,0.0000,0.0151,15.8,677.62,2.9196,descent
37.7350,179.655,-5.130,0.001,1.15570,0.00,-11.335,0.0000,0.0151,15.8,677.62,2.9196,descent
37.7550,179.553,-5.130,0.001,1.15570,0.00,-11.335,0.0000,0.0151,15.8,677.62,2.9196,descent
37.7750,179.450,-5.130,0.001,1.15570,0.00,-11.335,0.0000,0.0151,15.8,677.62,2.9196,descent
37.7950,179.347,-5.130,0.001,1.15570,0.00,-11.335,0.0000,0.0151,15.8,677.62,2.9196,descent
37.8150,179.245,-5.130,0.001,1.15570,0.00,-11.335,0.0000,0.0151,15.8,677.62,2.9196,descent
37.8350,179.142,-5.130,0.001,1.15570,0.00,-11.335,0.0000,0.0151,15.8,677.62,2.9196,descent
37.8550,179.040,-5.130,0.001,1.15570,0.00,-11.335,0.0000,0.0151,15.8,677.62,2.9196,descent
37.8750,178.937,-5.130,0.001,1.15570,0.00,-11.335,0.0000,0.0151,15.8,677.62,2.9196,descent
37.8950,178.834,-5.130,0.001,1.15570,0.00,-11.335,0.0000,0.0151,15.8,677.62,2.9196,descent
37.9150,178.732,-5.130,0.001,1.15570,0.00,-11.335,0.0000,0.0151,15.8,677.62,2.9196,descent
37.9350,178.629,-5.130,0.001,1.15570,0.00,-11.335,0.0000,0.0151,15.8,677.62,2.9196,descent
37.9550,178.527,-5.130,0.001,1.15570,0.00,-11.335,0.0000,0.0151,15.8,677.62,2.9196,descent
37.9750,178.424,-5.130,0.001,1.15570,0.00,-11.335,0.0000,0.0151,15.8,677.62,2.9196,descent
37.9950,178.321,-5.130,0.001,1.15570,0.00,-11.335,0.0000,0.0151,15.8,677.62,2.9196,descent
38.0150,178.219,-5.130,0.001,1.15570,0.00,-11.335,0.0000,0.0151,15.8,677.62,2.9196,descent
38.0350,178.116,-5.130,0.001,1.15570,0.00,-11.335,0.0000,0.0151,15.8,677.62,2.9196,descent
38.0550,178.013,-5.130,0.001,1.15570,0.00,-11.335,0.0000,0.0151,15.8,677.62,2.9196,descent
38.0750,177.911,-5.130,0.001,1.15570,0.00,-11.335,0.0000,0.0151,15.8,677.62,2.9196,descent
38.0950,177.808,-5.130,0.001,1.15570,0.00,-11.335,0.0000,0.0151,15.8,677.62,2.9196,descent
38.1150,177.706,-5.130,0.001,1.15570,0.00,-11.335,0.0000,0.0151,15.8,677.62,2.9196,descent
38.1350,177.603,-5.130,0.001,1.15570,0.00,-11.335,0.0000,0.0151,15.8,677.62,2.9196,descent
38.1550,177.500,-5.130,0.001,1.15570,0.00,-11.335,0.0000,0.0151,15.8,677.62,2.9196,descent
38.1750,177.398,-5.130,0.001,1.15570,0.00,-11.335,0.0000,0.0151,15.8,677.62,2.9196,descent
38.1950,177.295,-5.130,0.001,1.15570,0.00,-11.335,0.0000,0.0151,15.8,677.62,2.9196,descent
38.2150,177.193,-5.130,0.001,1.15570,0.00,-11.335,0.0000,0.0151,15.8,677.62,2.9196,descent
38.2350,177.090,-5.130,0.001,1.15570,0.00,-11.335,0.0000,0.0151,15.8,677.62,2.9196,descent
38.2550,176.988,-5.130,0.001,1.15570,0.00,-11.335,0.0000,0.0151,15.8,677.62,2.9196,descent
38.2750,176.885,-5.130,0.001,1.15570,0.00,-11.335,0.0000,0.0151,15.8,677.62,2.9196,descent
38.2950,176.782,-5.130,0.001,1.15570,0.00,-11.335,0.0000,0.0151,15.8,677.62,2.9196,descent
38.3150,176.680,-5.130,0.001,1.15570,0.00,-11.335,0.0000,0.0151,15.8,677.62,2.9196,descent
38.3350,176.577,-5.130,0.001,1.15570,0.00,-11.335,0.0000,0.0151,15.8,677.62,2.9196,descent
38.3550,176.475,-5.130,0.001,1.15570,0.00,-11.335,0.0000,0.0151,15.8,677.62,2.9196,descent
38.3750,176.372,-5.130,0.001,1.15570,0.00,-11.335,0.0000,0.0151,15.8,677.62,2.9196,descent
38.3950,176.269,-5.130,0.001,1.15570,0.00,-11.335,0.0000,0.0151,15.8,677.62,2.9196,descent
38.4150,176.167,-5.130,0.001,1.15570,0.00,-11.335,0.0000,0.0151,15.8,677.62,2.9196,descent
38.4350,176.064,-5.130,0.001,1.15570,0.00,-11.335,0.0000,0.0151,15.8,677.62,2.9196,descent
38.4550,175.962,-5.130,0.001,1.15570,0.00,-11.335,0.0000,0.0151,15.8,677.62,2.9196,descent
38.4750,175.859,-5.130,0.001,1.15570,0.00,-11.335,0.0000,0.0151,15.8,677.62,2.9196,descent
38.4950,175.756,-5.129,0.001,1.15570,0.00,-11.335,0.0000,0.0151,15.8,677.62,2.9196,descent
38.5150,175.654,-5.129,0.001,1.15570,0.00,-11.335,0.0000,0.0151,15.8,677.62,2.9196,descent
38.5350,175.551,-5.129,0.001,1.15570,0.00,-11.335,0.0000,0.0151,15.8,677.62,2.9196,descent
38.5550,175.449,-5.129,0.001,1.15570,0.00,-11.335,0.0000,0.0151,15.8,677.62,2.9196,descent
38.5750,175.346,-5.129,0.001,1.15570,0.00,-11.335,0.0000,0.0151,15.8,677.62,2.9196,descent
38.5950,175.243,-5.129,0.001,1.15570,0.00,-11.335,0.0000,0.0151,15.8,677.62,2.9196,descent
38.6150,175.141,-5.129,0.001,1.15570,0.00,-11.335,0.0000,0.0151,15.8,677.62,2.9196,descent
38.6350,175.038,-5.129,0.001,1.15570,0.00,-11.335,0.0000,0.0151,15.8,677.62,2.9196,descent
38.6550,174.936,-5.129,0.001,1.15570,0.00,-11.335,0.0000,0.0151,15.8,677.62,2.9196,descent
38.6750,174.833,-5.129,0.001,1.15570,0.00,-11.335,0.0000,0.0151,15.8,677.62,2.9196,descent
38.6950,174.731,-5.129,0.001,1.15570,0.00,-11.335,0.0000,0.0151,15.8,677.62,2.9196,descent
38.7150,174.628,-5.129,0.001,1.15570,0.00,-11.335,0.0000,0.0151,15.8,677.62,2.9196,descent
38.7350,174.525,-5.129,0.001,1.15570,0.00,-11.335,0.0000,0.0151,15.8,677.62,2.9196,descent
38.7550,174.423,-5.129,0.001,1.15570,0.00,-11.335,0.0000,0.0151,15.8,677.62,2.9196,descent
38.7750,174.320,-5.129,0.001,1.15570,0.00,-11.335,0.0000,0.0151,15.8,677.62,2.9196,descent
38.7950,174.218,-5.129,0.001,1.15570,0.00,-11.335,0.0000,0.0151,15.8,677.62,2.9196,descent
38.8150,174.115,-5.129,0.001,1.15570,0.00,-11.335,0.0000,0.0151,15.8,677.62,2.9196,descent
38.8350,174.012,-5.129,0.001,1.15570,0.00,-11.335,0.0000,0.0151,15.8,677.62,2.9196,descent
38.8550,173.910,-5.129,0.001,1.15570,0.00,-11.335,0.0000,0.0151,15.8,677.62,2.9196,descent
38.8750,173.807,-5.129,0.001,1.15570,0.00,-11.335,0.0000,0.0151,15.8,677.62,2.9196,descent
38.8950,173.705,-5.129,0.001,1.15570,0.00,-11.335,0.0000,0.0151,15.8,677.62,2.9196,descent
38.9150,173.602,-5.129,0.001,1.15570,0.00,-11.335,0.0000,0.0151,15.8,677.62,2.9196,descent
38.9350,173.500,-5.129,0.001,1.15570,0.00,-11.335,0.0000,0.0151,15.8,677.62,2.9196,descent
38.9550,173.397,-5.129,0.001,1.15570,0.00,-11.335,0.0000,0.0151,15.8,677.62,2.9196,descent
38.9750,173.294,-5.129,0.001,1.15570,0.00,-11.335,0.0000,0.0151,15.8,677.62,2.9196,descent
38.9950,173.192,-5.129,0.001,1.15570,0.00,-11.335,0.0000,0.0151,15.8,677.62,2.9196,descent
39.0150,173.089,-5.129,0.001,1.15570,0.00,-11.335,0.0000,0.0151,15.8,677.62,2.9196,descent
39.0350,172.987,-5.129,0.001,1.15570,0.00,-11.335,0.0000,0.0151,15.8,677.62,2.9196,descent
39.0550,172.884,-5.129,0.001,1.15570,0.00,-11.335,0.0000,0.0151,15.8,677.62,2.9196,descent
39.0750,172.782,-5.129,0.001,1.15570,0.00,-11.335,0.0000,0.0151,15.8,677.62,2.9196,descent
39.0950,172.679,-5.129,0.001,1.15570,0.00,-11.335,0.0000,0.0151,15.8,677.62,2.9196,descent
39.1150,172.576,-5.129,0.001,1.15570,0.00,-11.335,0.0000,0.0151,15.8,677.62,2.9196,descent
39.1350,172.474,-5.129,0.001,1.15570,0.00,-11.335,0.0000,0.0151,15.8,677.62,2.9196,descent
39.1550,172.371,-5.129,0.001,1.15570,0.00,-11.335,0.0000,0.0151,15.8,677.62,2.9196,descent
39.1750,172.269,-5.129,0.001,1.15570,0.00,-11.335,0.0000,0.0151,15.8,677.62,2.9196,descent
39.1950,172.166,-5.129,0.001,1.15570,0.00,-11.335,0.0000,0.0151,15.8,677.62,2.9196,descent
39.2150,172.063,-5.129,0.001,1.15570,0.00,-11.335,0.0000,0.0151,15.8,677.62,2.9196,descent
39.2350,171.961,-5.129,0.001,1.15570,0.00,-11.335,0.0000,0.0151,15.8,677.62,2.9196,descent
39.2550,171.858,-5.129,0.001,1.15570,0.00,-11.335,0.0000,0.0151,15.8,677.62,2.9196,descent
39.2750,171.756,-5.129,0.001,1.15570,0.00,-11.335,0.0000,0.0151,15.8,677.62,2.9196,descent
39.2950,171.653,-5.128,0.001,1.15570,0.00,-11.335,0.0000,0.0151,15.8,677.62,2.9196,descent
39.3150,171.551,-5.128,0.001,1.15570,0.00,-11.335,0.0000,0.0151,15.8,677.62,2.9196,descent
39.3350,171.448,-5.128,0.001,1.15570,0.00,-11.335,0.0000,0.0151,15.8,677.62,2.9196,descent
39.3550,171.345,-5.128,0.001,1.15570,0.00,-11.335,0.0000,0.0151,15.8,677.62,2.9196,descent
39.3750,171.243,-5.128,0.001,1.15570,0.00,-11.335,0.0000,0.0151,15.8,677.62,2.9196,descent
39.3950,171.140,-5.128,0.001,1.15570,0.00,-11.335,0.0000,0.0151,15.8,677.62,2.9196,descent
39.4150,171.038,-5.128,0.001,1.15570,0.00,-11.335,0.0000,0.0151,15.8,677.62,2.9196,descent
39.4350,170.935,-5.128,0.001,1.15570,0.00,-11.335,0.0000,0.0151,15.8,677.62,2.9196,descent
39.4550,170.833,-5.128,0.001,1.15570,0.00,-11.335,0.0000,0.0151,15.8,677.62,2.9196,descent
39.4750,170.730,-5.128,0.001,1.15570,0.00,-11.335,0.0000,0.0151,15.8,677.62,2.9196,descent
39.4950,170.628,-5.128,0.001,1.15570,0.00,-11.335,0.0000,0.0151,15.8,677.62,2.9196,descent
39.5150,170.525,-5.128,0.001,1.15570,0.00,-11.335,0.0000,0.0151,15.8,677.62,2.9196,descent
39.5350,170.422,-5.128,0.001,1.15570,0.00,-11.335,0.0000,0.0151,15.8,677.62,2.9196,descent
39.5550,170.320,-5.128,0.001,1.15570,0.00,-11.335,0.0000,0.0151,15.8,677.62,2.9196,descent
39.5750,170.217,-5.128,0.001,1.15570,0.00,-11.335,0.0000,0.0151,15.8,677.62,2.9196,descent
39.5950,170.115,-5.128,0.001,1.15570,0.00,-11.335,0.0000,0.0151,15.8,677.62,2.9196,descent
39.6150,170.012,-5.128,0.001,1.15570,0.00,-11.335,0.0000,0.0151,15.8,677.62,2.9196,descent
39.6350,169.910,-5.128,0.001,1.15570,0.00,-11.335,0.0000,0.0151,15.8,677.62,2.9196,descent
39.6550,169.807,-5.128,0.001,1.15570,0.00,-11.335,0.0000,0.0151,15.8,677.62,2.9196,descent
39.6750,169.704,-5.128,0.001,1.15570,0.00,-11.335,0.0000,0.0151,15.8,677.62,2.9196,descent
39.6950,169.602,-5.128,0.001,1.15570,0.00,-11.335,0.0000,0.0151,15.8,677.62,2.9196,descent
39.7150,169.499,-5.128,0.001,1.15570,0.00,-11.335,0.0000,0.0151,15.8,677.62,2.9196,descent
39.7350,169.397,-5.128,0.001,1.15570,0.00,-11.335,0.0000,0.0151,15.8,677.62,2.9196,descent
39.7550,169.294,-5.128,0.001,1.15570,0.00,-11.335,0.0000,0.0151,15.8,677.62,2.9196,descent
39.7750,169.192,-5.128,0.001,1.15570,0.00,-11.335,0.0000,0.0151,15.8,677.62,2.9196,descent
39.7950,169.089,-5.128,0.001,1.15570,0.00,-11.335,0.0000,0.0151,15.8,677.62,2.9196,descent
39.8150,168.987,-5.128,0.001,1.15570,0.00,-11.335,0.0000,0.0151,15.8,677.62,2.9196,descent
39.8350,168.884,-5.128,0.001,1.15570,0.00,-11.335,0.0000,0.0151,15.8,677.62,2.9196,descent
39.8550,168.781,-5.128,0.001,1.15570,0.00,-11.335,0.0000,0.0151,15.8,677.62,2.9196,descent
39.8750,168.679,-5.128,0.001,1.15570,0.00,-11.335,0.0000,0.0151,15.8,677.62,2.9196,descent
39.8950,168.576,-5.128,0.001,1.15570,0.00,-11.335,0.0000,0.0151,15.8,677.62,2.9196,descent
39.9150,168.474,-5.128,0.001,1.15570,0.00,-11.335,0.0000,0.0151,15.8,677.62,2.9196,descent
39.9350,168.371,-5.128,0.001,1.15570,0.00,-11.335,0.0000,0.0151,15.8,677.62,2.9196,descent
39.9550,168.269,-5.128,0.001,1.15570,0.00,-11.335,0.0000,0.0151,15.8,677.62,2.9196,descent
39.9750,168.166,-5.128,0.001,1.15570,0.00,-11.335,0.0000,0.0151,15.8,677.62,2.9196,descent
39.9950,168.064,-5.128,0.001,1.15570,0.00,-11.335,0.0000,0.0151,15.8,677.62,2.9196,descent
40.0150,167.961,-5.128,0.001,1.15570,0.00,-11.335,0.0000,0.0151,15.8,677.62,2.9196,descent
40.0350,167.858,-5.128,0.001,1.15570,0.00,-11.335,0.0000,0.0151,15.8,677.62,2.9196,descent
40.0550,167.756,-5.128,0.001,1.15570,0.00,-11.335,0.0000,0.0151,15.8,677.62,2.9196,descent
40.0750,167.653,-5.127,0.001,1.15570,0.00,-11.335,0.0000,0.0151,15.8,677.62,2.9196,descent
40.0950,167.551,-5.127,0.001,1.15570,0.00,-11.335,0.0000,0.0151,15.8,677.62,2.9196,descent
40.1150,167.448,-5.127,0.001,1.15570,0.00,-11.335,0.0000,0.0151,15.8,677.62,2.9196,descent
40.1350,167.346,-5.127,0.001,1.15570,0.00,-11.335,0.0000,0.0151,15.8,677.62,2.9196,descent
40.1550,167.243,-5.127,0.001,1.15570,0.00,-11.335,0.0000,0.0151,15.8,677.62,2.9196,descent
40.1750,167.141,-5.127,0.001,1.15570,0.00,-11.335,0.0000,0.0151,15.8,677.62,2.9196,descent
40.1950,167.038,-5.127,0.001,1.15570,0.00,-11.335,0.0000,0.0151,15.8,677.62,2.9196,descent
40.2150,166.936,-5.127,0.001,1.15570,0.00,-11.335,0.0000,0.0151,15.8,677.62,2.9196,descent
40.2350,166.833,-5.127,0.001,1.15570,0.00,-11.335,0.0000,0.0151,15.8,677.62,2.9196,descent
40.2550,166.730,-5.127,0.001,1.15570,0.00,-11.335,0.0000,0.0151,15.8,677.62,2.9196,descent
40.2750,166.628,-5.127,0.001,1.15570,0.00,-11.335,0.0000,0.0151,15.8,677.62,2.9196,descent
40.2950,166.525,-5.127,0.001,1.15570,0.00,-11.335,0.0000,0.0151,15.8,677.62,2.9196,descent
40.3150,166.423,-5.127,0.001,1.15570,0.00,-11.335,0.0000,0.0151,15.8,677.62,2.9196,descent
40.3350,166.320,-5.127,0.001,1.15570,0.00,-11.335,0.0000,0.0151,15.8,677.62,2.9196,descent
40.3550,166.218,-5.127,0.001,1.15570,0.00,-11.335,0.0000,0.0151,15.8,677.62,2.9196,descent
40.3750,166.115,-5.127,0.001,1.15570,0.00,-11.335,0.0000,0.0151,15.8,677.62,2.9196,descent
40.3950,166.013,-5.127,0.001,1.15570,0.00,-11.335,0.0000,0.0151,15.8,677.62,2.9196,descent
40.4150,165.910,-5.127,0.001,1.15570,0.00,-11.335,0.0000,0.0151,15.8,677.62,2.9196,descent
40.4350,165.808,-5.127,0.001,1.15570,0.00,-11.335,0.0000,0.0151,15.8,677.62,2.9196,descent
40.4550,165.705,-5.127,0.001,1.15570,0.00,-11.335,0.0000,0.0151,15.8,677.62,2.9196,descent
40.4750,165.602,-5.127,0.001,1.15570,0.00,-11.335,0.0000,0.0151,15.8,677.62,2.9196,descent
40.4950,165.500,-5.127,0.001,1.15570,0.00,-11.335,0.0000,0.0151,15.8,677.62,2.9196,descent
40.5150,165.397,-5.127,0.001,1.15570,0.00,-11.335,0.0000,0.0151,15.8,677.62,2.9196,descent
40.5350,165.295,-5.127,0.001,1.15570,0.00,-11.335,0.0000,0.0151,15.8,677.62,2.9196,descent
40.5550,165.192,-5.127,0.001,1.15570,0.00,-11.335,0.0000,0.0151,15.8,677.62,2.9196,descent
40.5750,165.090,-5.127,0.001,1.15570,0.00,-11.335,0.0000,0.0151,15.8,677.62,2.9196,descent
40.5950,164.987,-5.127,0.001,1.15570,0.00,-11.335,0.0000,0.0151,15.8,677.62,2.9196,descent
40.6150,164.885,-5.127,0.001,1.15570,0.00,-11.335,0.0000,0.0151,15.8,677.62,2.9196,descent
40.6350,164.782,-5.127,0.001,1.15570,0.00,-11.335,0.0000,0.0151,15.8,677.62,2.9196,descent
40.6550,164.680,-5.127,0.001,1.15570,0.00,-11.335,0.0000,0.0151,15.8,677.62,2.9196,descent
40.6750,164.577,-5.127,0.001,1.15570,0.00,-11.335,0.0000,0.0151,15.8,677.62,2.9196,descent
40.6950,164.475,-5.127,0.001,1.15570,0.00,-11.335,0.0000,0.0151,15.8,677.62,2.9196,descent
40.7150,164.372,-5.127,0.001,1.15570,0.00,-11.335,0.0000,0.0151,15.8,677.62,2.9196,descent
40.7350,164.270,-5.127,0.001,1.15570,0.00,-11.335,0.0000,0.0151,15.8,677.62,2.9196,descent
40.7550,164.167,-5.127,0.001,1.15570,0.00,-11.335,0.0000,0.0151,15.8,677.62,2.9196,descent
40.7750,164.064,-5.127,0.001,1.15570,0.00,-11.335,0.0000,0.0151,15.8,677.62,2.9196,descent
40.7950,163.962,-5.127,0.001,1.15570,0.00,-11.335,0.0000,0.0151,15.8,677.62,2.9196,descent
40.8150,163.859,-5.127,0.001,1.15570,0.00,-11.335,0.0000,0.0151,15.8,677.62,2.9196,descent
40.8350,163.757,-5.127,0.001,1.15570,0.00,-11.335,0.0000,0.0151,15.8,677.62,2.9196,descent
40.8550,163.654,-5.127,0.001,1.15570,0.00,-11.335,0.0000,0.0151,15.8,677.62,2.9196,descent
40.8750,163.552,-5.126,0.001,1.15570,0.00,-11.335,0.0000,0.0151,15.8,677.62,2.9196,descent
40.8950,163.449,-5.126,0.001,1.15570,0.00,-11.335,0.0000,0.0151,15.8,677.62,2.9196,descent
40.9150,163.347,-5.126,0.001,1.15570,0.00,-11.335,0.0000,0.0151,15.8,677.62,2.9196,descent
40.9350,163.244,-5.126,0.001,1.15570,0.00,-11.335,0.0000,0.0151,15.8,677.62,2.9196,descent
40.9550,163.142,-5.126,0.001,1.15570,0.00,-11.335,0.0000,0.0151,15.8,677.62,2.9196,descent
40.9750,163.039,-5.126,0.001,1.15570,0.00,-11.335,0.0000,0.0151,15.8,677.62,2.9196,descent
40.9950,162.937,-5.126,0.001,1.15570,0.00,-11.335,0.0000,0.0151,15.8,677.62,2.9196,descent
41.0150,162.834,-5.126,0.001,1.15570,0.00,-11.335,0.0000,0.0151,15.8,677.62,2.9196,descent
41.0350,162.732,-5.126,0.001,1.15570,0.00,-11.335,0.0000,0.0151,15.8,677.62,2.9196,descent
41.0550,162.629,-5.126,0.001,1.15570,0.00,-11.335,0.0000,0.0151,15.8,677.62,2.9196,descent
41.0750,162.527,-5.126,0.001,1.15570,0.00,-11.335,0.0000,0.0151,15.8,677.62,2.9196,descent
41.0950,162.424,-5.126,0.001,1.15570,0.00,-11.335,0.0000,0.0151,15.8,677.62,2.9196,descent
41.1150,162.321,-5.126,0.001,1.15570,0.00,-11.335,0.0000,0.0151,15.8,677.62,2.9196,descent
41.1350,162.219,-5.126,0.001,1.15570,0.00,-11.335,0.0000,0.0151,15.8,677.62,2.9196,descent
41.1550,162.116,-5.126,0.001,1.15570,0.00,-11.335,0.0000,0.0151,15.8,677.62,2.9196,descent
41.1750,162.014,-5.126,0.001,1.15570,0.00,-11.335,0.0000,0.0151,15.8,677.62,2.9196,descent
41.1950,161.911,-5.126,0.001,1.15570,0.00,-11.335,0.0000,0.0151,15.8,677.62,2.9196,descent
41.2150,161.809,-5.126,0.001,1.15570,0.00,-11.335,0.0000,0.0151,15.8,677.62,2.9196,descent
41.2350,161.706,-5.126,0.001,1.15570,0.00,-11.335,0.0000,0.0151,15.8,677.62,2.9196,descent
41.2550,161.604,-5.126,0.001,1.15570,0.00,-11.335,0.0000,0.0151,15.8,677.62,2.9196,descent
41.2750,161.501,-5.126,0.001,1.15570,0.00,-11.335,0.0000,0.0151,15.8,677.62,2.9196,descent
41.2950,161.399,-5.126,0.001,1.15570,0.00,-11.335,0.0000,0.0151,15.8,677.62,2.9196,descent
41.3150,161.296,-5.126,0.001,1.15570,0.00,-11.335,0.0000,0.0151,15.8,677.62,2.9196,descent
41.3350,161.194,-5.126,0.001,1.15570,0.00,-11.335,0.0000,0.0151,15.8,677.62,2.9196,descent
41.3550,161.091,-5.126,0.001,1.15570,0.00,-11.335,0.0000,0.0151,15.8,677.62,2.9196,descent
41.3750,160.989,-5.126,0.001,1.15570,0.00,-11.335,0.0000,0.0151,15.8,677.62,2.9196,descent
41.3950,160.886,-5.126,0.001,1.15570,0.00,-11.335,0.0000,0.0151,15.8,677.62,2.9196,descent
41.4150,160.784,-5.126,0.001,1.15570,0.00,-11.335,0.0000,0.0151,15.8,677.62,2.9196,descent
41.4350,160.681,-5.126,0.001,1.15570,0.00,-11.335,0.0000,0.0151,15.8,677.62,2.9196,descent
41.4550,160.579,-5.126,0.001,1.15570,0.00,-11.335,0.0000,0.0151,15.8,677.62,2.9196,descent
41.4750,160.476,-5.126,0.001,1.15570,0.00,-11.335,0.0000,0.0151,15.8,677.62,2.9196,descent
41.4950,160.374,-5.126,0.001,1.15570,0.00,-11.335,0.0000,0.0151,15.8,677.62,2.9196,descent
41.5150,160.271,-5.126,0.001,1.15570,0.00,-11.335,0.0000,0.0151,15.8,677.62,2.9196,descent
41.5350,160.169,-5.126,0.001,1.15570,0.00,-11.335,0.0000,0.0151,15.8,677.62,2.9196,descent
41.5550,160.066,-5.126,0.001,1.15570,0.00,-11.335,0.0000,0.0151,15.8,677.62,2.9196,descent
41.5750,159.964,-5.126,0.001,1.15570,0.00,-11.335,0.0000,0.0151,15.8,677.62,2.9196,descent
41.5950,159.861,-5.126,0.001,1.15570,0.00,-11.335,0.0000,0.0151,15.8,677.62,2.9196,descent
41.6150,159.759,-5.126,0.001,1.15570,0.00,-11.335,0.0000,0.0151,15.8,677.62,2.9196,descent
41.6350,159.656,-5.126,0.001,1.15570,0.00,-11.335,0.0000,0.0151,15.8,677.62,2.9196,descent
41.6550,159.554,-5.125,0.001,1.15570,0.00,-11.335,0.0000,0.0151,15.8,677.62,2.9196,descent
41.6750,159.451,-5.125,0.001,1.15570,0.00,-11.335,0.0000,0.0151,15.8,677.62,2.9196,descent
41.6950,159.348,-5.125,0.001,1.15570,0.00,-11.335,0.0000,0.0151,15.8,677.62,2.9196,descent
41.7150,159.246,-5.125,0.001,1.15570,0.00,-11.335,0.0000,0.0151,15.8,677.62,2.9196,descent
41.7350,159.143,-5.125,0.001,1.15570,0.00,-11.335,0.0000,0.0151,15.8,677.62,2.9196,descent
41.7550,159.041,-5.125,0.001,1.15570,0.00,-11.335,0.0000,0.0151,15.8,677.62,2.9196,descent
41.7750,158.938,-5.125,0.001,1.15570,0.00,-11.335,0.0000,0.0151,15.8,677.62,2.9196,descent
41.7950,158.836,-5.125,0.001,1.15570,0.00,-11.335,0.0000,0.0151,15.8,677.62,2.9196,descent
41.8150,158.733,-5.125,0.001,1.15570,0.00,-11.335,0.0000,0.0151,15.8,677.62,2.9196,descent
41.8350,158.631,-5.125,0.001,1.15570,0.00,-11.335,0.0000,0.0151,15.8,677.62,2.9196,descent
41.8550,158.528,-5.125,0.001,1.15570,0.00,-11.335,0.0000,0.0151,15.8,677.62,2.9196,descent
41.8750,158.426,-5.125,0.001,1.15570,0.00,-11.335,0.0000,0.0151,15.8,677.62,2.9196,descent
41.8950,158.323,-5.125,0.001,1.15570,0.00,-11.335,0.0000,0.0151,15.8,677.62,2.9196,descent
41.9150,158.221,-5.125,0.001,1.15570,0.00,-11.335,0.0000,0.0151,15.8,677.62,2.9196,descent
41.9350,158.118,-5.125,0.001,1.15570,0.00,-11.335,0.0000,0.0151,15.8,677.62,2.9196,descent
41.9550,158.016,-5.125,0.001,1.15570,0.00,-11.335,0.0000,0.0151,15.8,677.62,2.9196,descent
41.9750,157.913,-5.125,0.001,1.15570,0.00,-11.335,0.0000,0.0151,15.8,677.62,2.9196,descent
41.9950,157.811,-5.125,0.001,1.15570,0.00,-11.335,0.0000,0.0151,15.8,677.62,2.9196,descent
42.0150,157.708,-5.125,0.001,1.15570,0.00,-11.335,0.0000,0.0151,15.8,677.62,2.9196,descent
42.0350,157.606,-5.125,0.001,1.15570,0.00,-11.335,0.0000,0.0151,15.8,677.62,2.9196,descent
42.0550,157.503,-5.125,0.001,1.15570,0.00,-11.335,0.0000,0.0151,15.8,677.62,2.9196,descent
42.0750,157.401,-5.125,0.001,1.15570,0.00,-11.335,0.0000,0.0151,15.8,677.62,2.9196,descent
42.0950,157.298,-5.125,0.001,1.15570,0.00,-11.335,0.0000,0.0151,15.8,677.62,2.9196,descent
42.1150,157.196,-5.125,0.001,1.15570,0.00,-11.335,0.0000,0.0151,15.8,677.62,2.9196,descent
42.1350,157.093,-5.125,0.001,1.15570,0.00,-11.335,0.0000,0.0151,15.8,677.62,2.9196,descent
42.1550,156.991,-5.125,0.001,1.15570,0.00,-11.335,0.0000,0.0151,15.8,677.62,2.9196,descent
42.1750,156.888,-5.125,0.001,1.15570,0.00,-11.335,0.0000,0.0151,15.8,677.62,2.9196,descent
42.1950,156.786,-5.125,0.001,1.15570,0.00,-11.335,0.0000,0.0151,15.8,677.62,2.9196,descent
42.2150,156.683,-5.125,0.001,1.15570,0.00,-11.335,0.0000,0.0151,15.8,677.62,2.9196,descent
42.2350,156.581,-5.125,0.001,1.15570,0.00,-11.335,0.0000,0.0151,15.8,677.62,2.9196,descent
42.2550,156.478,-5.125,0.001,1.15570,0.00,-11.335,0.0000,0.0151,15.8,677.62,2.9196,descent
42.2750,156.376,-5.125,0.001,1.15570,0.00,-11.335,0.0000,0.0151,15.8,677.62,2.9196,descent
42.2950,156.273,-5.125,0.001,1.15570,0.00,-11.335,0.0000,0.0151,15.8,677.62,2.9196,descent
42.3150,156.171,-5.125,0.001,1.15570,0.00,-11.335,0.0000,0.0151,15.8,677.62,2.9196,descent
42.3350,156.068,-5.125,0.001,1.15570,0.00,-11.335,0.0000,0.0151,15.8,677.62,2.9196,descent
42.3550,155.966,-5.125,0.001,1.15570,0.00,-11.335,0.0000,0.0151,15.8,677.62,2.9196,descent
42.3750,155.863,-5.125,0.001,1.15570,0.00,-11.335,0.0000,0.0151,15.8,677.62,2.9196,descent
42.3950,155.761,-5.125,0.001,1.15570,0.00,-11.335,0.0000,0.0151,15.8,677.62,2.9196,descent
42.4150,155.659,-5.125,0.001,1.15570,0.00,-11.335,0.0000,0.0151,15.8,677.62,2.9196,descent
42.4350,155.556,-5.125,0.001,1.15570,0.00,-11.335,0.0000,0.0151,15.8,677.62,2.9196,descent
42.4550,155.454,-5.124,0.001,1.15570,0.00,-11.335,0.0000,0.0151,15.8,677.62,2.9196,descent
42.4750,155.351,-5.124,0.001,1.15570,0.00,-11.335,0.0000,0.0151,15.8,677.62,2.9196,descent
42.4950,155.249,-5.124,0.001,1.15570,0.00,-11.335,0.0000,0.0151,15.8,677.62,2.9196,descent
42.5150,155.146,-5.124,0.001,1.15570,0.00,-11.335,0.0000,0.0151,15.8,677.62,2.9196,descent
42.5350,155.044,-5.124,0.001,1.15570,0.00,-11.335,0.0000,0.0151,15.8,677.62,2.9196,descent
42.5550,154.941,-5.124,0.001,1.15570,0.00,-11.335,0.0000,0.0151,15.8,677.62,2.9196,descent
42.5750,154.839,-5.124,0.001,1.15570,0.00,-11.335,0.0000,0.0151,15.8,677.62,2.9196,descent
42.5950,154.736,-5.124,0.001,1.15570,0.00,-11.335,0.0000,0.0151,15.8,677.62,2.9196,descent
42.6150,154.634,-5.124,0.001,1.15570,0.00,-11.335,0.0000,0.0151,15.8,677.62,2.9196,descent
42.6350,154.531,-5.124,0.001,1.15570,0.00,-11.335,0.0000,0.0151,15.8,677.62,2.9196,descent
42.6550,154.429,-5.124,0.001,1.15570,0.00,-11.335,0.0000,0.0151,15.8,677.62,2.9196,descent
42.6750,154.326,-5.124,0.001,1.15570,0.00,-11.335,0.0000,0.0151,15.8,677.62,2.9196,descent
42.6950,154.224,-5.124,0.001,1.15570,0.00,-11.335,0.0000,0.0151,15.8,677.62,2.9196,descent
42.7150,154.121,-5.124,0.001,1.15570,0.00,-11.335,0.0000,0.0151,15.8,677.62,2.9196,descent
42.7350,154.019,-5.124,0.001,1.15570,0.00,-11.335,0.0000,0.0151,15.8,677.62,2.9196,descent
42.7550,153.916,-5.124,0.001,1.15570,0.00,-11.335,0.0000,0.0151,15.8,677.62,2.9196,descent
42.7750,153.814,-5.124,0.001,1.15570,0.00,-11.335,0.0000,0.0151,15.8,677.62,2.9196,descent
42.7950,153.711,-5.124,0.001,1.15570,0.00,-11.335,0.0000,0.0151,15.8,677.62,2.9196,descent
42.8150,153.609,-5.124,0.001,1.15570,0.00,-11.335,0.0000,0.0151,15.8,677.62,2.9196,descent
42.8350,153.506,-5.124,0.001,1.15570,0.00,-11.335,0.0000,0.0151,15.8,677.62,2.9196,descent
42.8550,153.404,-5.124,0.001,1.15570,0.00,-11.335,0.0000,0.0151,15.8,677.62,2.9196,descent
42.8750,153.301,-5.124,0.001,1.15570,0.00,-11.335,0.0000,0.0151,15.8,677.62,2.9196,descent
42.8950,153.199,-5.124,0.001,1.15570,0.00,-11.335,0.0000,0.0151,15.8,677.62,2.9196,descent
42.9150,153.096,-5.124,0.001,1.15570,0.00,-11.335,0.0000,0.0151,15.8,677.62,2.9196,descent
42.9350,152.994,-5.124,0.001,1.15570,0.00,-11.335,0.0000,0.0151,15.8,677.62,2.9196,descent
42.9550,152.891,-5.124,0.001,1.15570,0.00,-11.335,0.0000,0.0151,15.8,677.62,2.9196,descent
42.9750,152.789,-5.124,0.001,1.15570,0.00,-11.335,0.0000,0.0151,15.8,677.62,2.9196,descent
42.9950,152.686,-5.124,0.001,1.15570,0.00,-11.335,0.0000,0.0151,15.8,677.62,2.9196,descent
43.0150,152.584,-5.124,0.001,1.15570,0.00,-11.335,0.0000,0.0151,15.8,677.62,2.9196,descent
43.0350,152.482,-5.124,0.001,1.15570,0.00,-11.335,0.0000,0.0151,15.8,677.62,2.9196,descent
43.0550,152.379,-5.124,0.001,1.15570,0.00,-11.335,0.0000,0.0151,15.8,677.62,2.9196,descent
43.0750,152.277,-5.124,0.001,1.15570,0.00,-11.335,0.0000,0.0151,15.8,677.62,2.9196,descent
43.0950,152.174,-5.124,0.001,1.15570,0.00,-11.335,0.0000,0.0151,15.8,677.62,2.9196,descent
43.1150,152.072,-5.124,0.001,1.15570,0.00,-11.335,0.0000,0.0151,15.8,677.62,2.9196,descent
43.1350,151.969,-5.124,0.001,1.15570,0.00,-11.335,0.0000,0.0151,15.8,677.62,2.9196,descent
43.1550,151.867,-5.124,0.001,1.15570,0.00,-11.335,0.0000,0.0151,15.8,677.62,2.9196,descent
43.1750,151.764,-5.124,0.001,1.15570,0.00,-11.335,0.0000,0.0151,15.8,677.62,2.9196,descent
43.1950,151.662,-5.124,0.001,1.15570,0.00,-11.335,0.0000,0.0151,15.8,677.62,2.9196,descent
43.2150,151.559,-5.124,0.001,1.15570,0.00,-11.335,0.0000,0.0151,15.8,677.62,2.9196,descent
43.2350,151.457,-5.123,0.001,1.15570,0.00,-11.335,0.0000,0.0151,15.8,677.62,2.9196,descent
43.2550,151.354,-5.123,0.001,1.15570,0.00,-11.335,0.0000,0.0151,15.8,677.62,2.9196,descent
43.2750,151.252,-5.123,0.001,1.15570,0.00,-11.335,0.0000,0.0151,15.8,677.62,2.9196,descent
43.2950,151.149,-5.123,0.001,1.15570,0.00,-11.335,0.0000,0.0151,15.8,677.62,2.9196,descent
43.3150,151.047,-5.123,0.001,1.15570,0.00,-11.335,0.0000,0.0151,15.8,677.62,2.9196,descent
43.3350,150.944,-5.123,0.001,1.15570,0.00,-11.335,0.0000,0.0151,15.8,677.62,2.9196,descent
43.3550,150.842,-5.123,0.001,1.15570,0.00,-11.335,0.0000,0.0151,15.8,677.62,2.9196,descent
43.3750,150.740,-5.123,0.001,1.15570,0.00,-11.335,0.0000,0.0151,15.8,677.62,2.9196,descent
43.3950,150.637,-5.123,0.001,1.15570,0.00,-11.335,0.0000,0.0151,15.8,677.62,2.9196,descent
43.4150,150.535,-5.123,0.001,1.15570,0.00,-11.335,0.0000,0.0151,15.8,677.62,2.9196,descent
43.4350,150.432,-5.123,0.001,1.15570,0.00,-11.335,0.0000,0.0151,15.8,677.62,2.9196,descent
43.4550,150.330,-5.123,0.001,1.15570,0.00,-11.335,0.0000,0.0151,15.8,677.62,2.9196,descent
43.4750,150.227,-5.123,0.001,1.15570,0.00,-11.335,0.0000,0.0151,15.8,677.62,2.9196,descent
43.4950,150.125,-5.123,0.001,1.15570,0.00,-11.335,0.0000,0.0151,15.8,677.62,2.9196,descent
43.5150,150.022,-5.123,0.001,1.15570,0.00,-11.335,0.0000,0.0151,15.8,677.62,2.9196,descent
43.5350,149.920,-5.123,0.001,1.15570,0.00,-11.335,0.0000,0.0151,15.8,677.62,2.9196,descent
43.5550,149.817,-5.123,0.001,1.15570,0.00,-11.335,0.0000,0.0151,15.8,677.62,2.9196,descent
43.5750,149.715,-5.123,0.001,1.15570,0.00,-11.335,0.0000,0.0151,15.8,677.62,2.9196,descent
43.5950,149.612,-5.123,0.001,1.15570,0.00,-11.335,0.0000,0.0151,15.8,677.62,2.9196,descent
43.6150,149.510,-5.123,0.001,1.15570,0.00,-11.335,0.0000,0.0151,15.8,677.62,2.9196,descent
43.6350,149.408,-5.123,0.001,1.15570,0.00,-11.335,0.0000,0.0151,15.8,677.62,2.9196,descent
43.6550,149.305,-5.123,0.001,1.15570,0.00,-11.335,0.0000,0.0151,15.8,677.62,2.9196,descent
43.6750,149.203,-5.123,0.001,1.15570,0.00,-11.335,0.0000,0.0151,15.8,677.62,2.9196,descent
43.6950,149.100,-5.123,0.001,1.15570,0.00,-11.335,0.0000,0.0151,15.8,677.62,2.9196,descent
43.7150,148.998,-5.123,0.001,1.15570,0.00,-11.335,0.0000,0.0151,15.8,677.62,2.9196,descent
43.7350,148.895,-5.123,0.001,1.15570,0.00,-11.335,0.0000,0.0151,15.8,677.62,2.9196,descent
43.7550,148.793,-5.123,0.001,1.15570,0.00,-11.335,0.0000,0.0151,15.8,677.62,2.9196,descent
43.7750,148.690,-5.123,0.001,1.15570,0.00,-11.335,0.0000,0.0151,15.8,677.62,2.9196,descent
43.7950,148.588,-5.123,0.001,1.15570,0.00,-11.335,0.0000,0.0151,15.8,677.62,2.9196,descent
43.8150,148.485,-5.123,0.001,1.15570,0.00,-11.335,0.0000,0.0151,15.8,677.62,2.9196,descent
43.8350,148.383,-5.123,0.001,1.15570,0.00,-11.335,0.0000,0.0151,15.8,677.62,2.9196,descent
43.8550,148.280,-5.123,0.001,1.15570,0.00,-11.335,0.0000,0.0151,15.8,677.62,2.9196,descent
43.8750,148.178,-5.123,0.001,1.15570,0.00,-11.335,0.0000,0.0151,15.8,677.62,2.9196,descent
43.8950,148.076,-5.123,0.001,1.15570,0.00,-11.335,0.0000,0.0151,15.8,677.62,2.9196,descent
43.9150,147.973,-5.123,0.001,1.15570,0.00,-11.335,0.0000,0.0151,15.8,677.62,2.9196,descent
43.9350,147.871,-5.123,0.001,1.15570,0.00,-11.335,0.0000,0.0151,15.8,677.62,2.9196,descent
43.9550,147.768,-5.123,0.001,1.15570,0.00,-11.335,0.0000,0.0151,15.8,677.62,2.9196,descent
43.9750,147.666,-5.123,0.001,1.15570,0.00,-11.335,0.0000,0.0151,15.8,677.62,2.9196,descent
43.9950,147.563,-5.123,0.001,1.15570,0.00,-11.335,0.0000,0.0151,15.8,677.62,2.9196,descent
44.0150,147.461,-5.123,0.001,1.15570,0.00,-11.335,0.0000,0.0151,15.8,677.62,2.9196,descent
44.0350,147.358,-5.122,0.001,1.15570,0.00,-11.335,0.0000,0.0151,15.8,677.62,2.9196,descent
44.0550,147.256,-5.122,0.001,1.15570,0.00,-11.335,0.0000,0.0151,15.8,677.62,2.9196,descent
44.0750,147.154,-5.122,0.001,1.15570,0.00,-11.335,0.0000,0.0151,15.8,677.62,2.9196,descent
44.0950,147.051,-5.122,0.001,1.15570,0.00,-11.335,0.0000,0.0151,15.8,677.62,2.9196,descent
44.1150,146.949,-5.122,0.001,1.15570,0.00,-11.335,0.0000,0.0151,15.8,677.62,2.9196,descent
44.1350,146.846,-5.122,0.001,1.15570,0.00,-11.335,0.0000,0.0151,15.8,677.62,2.9196,descent
44.1550,146.744,-5.122,0.001,1.15570,0.00,-11.335,0.0000,0.0151,15.8,677.62,2.9196,descent
44.1750,146.641,-5.122,0.001,1.15570,0.00,-11.335,0.0000,0.0151,15.8,677.62,2.9196,descent
44.1950,146.539,-5.122,0.001,1.15570,0.00,-11.335,0.0000,0.0151,15.8,677.62,2.9196,descent
44.2150,146.436,-5.122,0.001,1.15570,0.00,-11.335,0.0000,0.0151,15.8,677.62,2.9196,descent
44.2350,146.334,-5.122,0.001,1.15570,0.00,-11.335,0.0000,0.0151,15.8,677.62,2.9196,descent
44.2550,146.232,-5.122,0.001,1.15570,0.00,-11.335,0.0000,0.0151,15.8,677.62,2.9196,descent
44.2750,146.129,-5.122,0.001,1.15570,0.00,-11.335,0.0000,0.0151,15.8,677.62,2.9196,descent
44.2950,146.027,-5.122,0.001,1.15570,0.00,-11.335,0.0000,0.0151,15.8,677.62,2.9196,descent
44.3150,145.924,-5.122,0.001,1.15570,0.00,-11.335,0.0000,0.0151,15.8,677.62,2.9196,descent
44.3350,145.822,-5.122,0.001,1.15570,0.00,-11.335,0.0000,0.0151,15.8,677.62,2.9196,descent
44.3550,145.719,-5.122,0.001,1.15570,0.00,-11.335,0.0000,0.0151,15.8,677.62,2.9196,descent
44.3750,145.617,-5.122,0.001,1.15570,0.00,-11.335,0.0000,0.0151,15.8,677.62,2.9196,descent
44.3950,145.514,-5.122,0.001,1.15570,0.00,-11.335,0.0000,0.0151,15.8,677.62,2.9196,descent
44.4150,145.412,-5.122,0.001,1.15570,0.00,-11.335,0.0000,0.0151,15.8,677.62,2.9196,descent
44.4350,145.310,-5.122,0.001,1.15570,0.00,-11.335,0.0000,0.0151,15.8,677.62,2.9196,descent
44.4550,145.207,-5.122,0.001,1.15570,0.00,-11.335,0.0000,0.0151,15.8,677.62,2.9196,descent
44.4750,145.105,-5.122,0.001,1.15570,0.00,-11.335,0.0000,0.0151,15.8,677.62,2.9196,descent
44.4950,145.002,-5.122,0.001,1.15570,0.00,-11.335,0.0000,0.0151,15.8,677.62,2.9196,descent
44.5150,144.900,-5.122,0.001,1.15570,0.00,-11.335,0.0000,0.0151,15.8,677.62,2.9196,descent
44.5350,144.797,-5.122,0.001,1.15570,0.00,-11.335,0.0000,0.0151,15.8,677.62,2.9196,descent
44.5550,144.695,-5.122,0.001,1.15570,0.00,-11.335,0.0000,0.0151,15.8,677.62,2.9196,descent
44.5750,144.592,-5.122,0.001,1.15570,0.00,-11.335,0.0000,0.0151,15.8,677.62,2.9196,descent
44.5950,144.490,-5.122,0.001,1.15570,0.00,-11.335,0.0000,0.0151,15.8,677.62,2.9196,descent
44.6150,144.388,-5.122,0.001,1.15570,0.00,-11.335,0.0000,0.0151,15.8,677.62,2.9196,descent
44.6350,144.285,-5.122,0.001,1.15570,0.00,-11.335,0.0000,0.0151,15.8,677.62,2.9196,descent
44.6550,144.183,-5.122,0.001,1.15570,0.00,-11.335,0.0000,0.0151,15.8,677.62,2.9196,descent
44.6750,144.080,-5.122,0.001,1.15570,0.00,-11.335,0.0000,0.0151,15.8,677.62,2.9196,descent
44.6950,143.978,-5.122,0.001,1.15570,0.00,-11.335,0.0000,0.0151,15.8,677.62,2.9196,descent
44.7150,143.875,-5.122,0.001,1.15570,0.00,-11.335,0.0000,0.0151,15.8,677.62,2.9196,descent
44.7350,143.773,-5.122,0.001,1.15570,0.00,-11.335,0.0000,0.0151,15.8,677.62,2.9196,descent
44.7550,143.671,-5.122,0.001,1.15570,0.00,-11.335,0.0000,0.0151,15.8,677.62,2.9196,descent
44.7750,143.568,-5.122,0.001,1.15570,0.00,-11.335,0.0000,0.0151,15.8,677.62,2.9196,descent
44.7950,143.466,-5.122,0.001,1.15570,0.00,-11.335,0.0000,0.0151,15.8,677.62,2.9196,descent
44.8150,143.363,-5.121,0.001,1.15570,0.00,-11.335,0.0000,0.0151,15.8,677.62,2.9196,descent
44.8350,143.261,-5.121,0.001,1.15570,0.00,-11.335,0.0000,0.0151,15.8,677.62,2.9196,descent
44.8550,143.158,-5.121,0.001,1.15570,0.00,-11.335,0.0000,0.0151,15.8,677.62,2.9196,descent
44.8750,143.056,-5.121,0.001,1.15570,0.00,-11.335,0.0000,0.0151,15.8,677.62,2.9196,descent
44.8950,142.954,-5.121,0.001,1.15570,0.00,-11.335,0.0000,0.0151,15.8,677.62,2.9196,descent
44.9150,142.851,-5.121,0.001,1.15570,0.00,-11.335,0.0000,0.0151,15.8,677.62,2.9196,descent
44.9350,142.749,-5.121,0.001,1.15570,0.00,-11.335,0.0000,0.0151,15.8,677.62,2.9196,descent
44.9550,142.646,-5.121,0.001,1.15570,0.00,-11.335,0.0000,0.0151,15.8,677.62,2.9196,descent
44.9750,142.544,-5.121,0.001,1.15570,0.00,-11.335,0.0000,0.0151,15.8,677.62,2.9196,descent
44.9950,142.441,-5.121,0.001,1.15570,0.00,-11.335,0.0000,0.0151,15.8,677.62,2.9196,descent
45.0150,142.339,-5.121,0.001,1.15570,0.00,-11.335,0.0000,0.0151,15.8,677.62,2.9196,descent
45.0350,142.237,-5.121,0.001,1.15570,0.00,-11.335,0.0000,0.0151,15.8,677.62,2.9196,descent
45.0550,142.134,-5.121,0.001,1.15570,0.00,-11.335,0.0000,0.0151,15.8,677.62,2.9196,descent
45.0750,142.032,-5.121,0.001,1.15570,0.00,-11.335,0.0000,0.0151,15.8,677.62,2.9196,descent
45.0950,141.929,-5.121,0.001,1.15570,0.00,-11.335,0.0000,0.0151,15.8,677.62,2.9196,descent
45.1150,141.827,-5.121,0.001,1.15570,0.00,-11.335,0.0000,0.0151,15.8,677.62,2.9196,descent
45.1350,141.724,-5.121,0.001,1.15570,0.00,-11.335,0.0000,0.0151,15.8,677.62,2.9196,descent
45.1550,141.622,-5.121,0.001,1.15570,0.00,-11.335,0.0000,0.0151,15.8,677.62,2.9196,descent
45.1750,141.520,-5.121,0.001,1.15570,0.00,-11.335,0.0000,0.0151,15.8,677.62,2.9196,descent
45.1950,141.417,-5.121,0.001,1.15570,0.00,-11.335,0.0000,0.0151,15.8,677.62,2.9196,descent
45.2150,141.315,-5.121,0.001,1.15570,0.00,-11.335,0.0000,0.0151,15.8,677.62,2.9196,descent
45.2350,141.212,-5.121,0.001,1.15570,0.00,-11.335,0.0000,0.0151,15.8,677.62,2.9196,descent
45.2550,141.110,-5.121,0.001,1.15570,0.00,-11.335,0.0000,0.0151,15.8,677.62,2.9196,descent
45.2750,141.008,-5.121,0.001,1.15570,0.00,-11.335,0.0000,0.0151,15.8,677.62,2.9196,descent
45.2950,140.905,-5.121,0.001,1.15570,0.00,-11.335,0.0000,0.0151,15.8,677.62,2.9196,descent
45.3150,140.803,-5.121,0.001,1.15570,0.00,-11.335,0.0000,0.0151,15.8,677.62,2.9196,descent
45.3350,140.700,-5.121,0.001,1.15570,0.00,-11.335,0.0000,0.0151,15.8,677.62,2.9196,descent
45.3550,140.598,-5.121,0.001,1.15570,0.00,-11.335,0.0000,0.0151,15.8,677.62,2.9196,descent
45.3750,140.495,-5.121,0.001,1.15570,0.00,-11.335,0.0000,0.0151,15.8,677.62,2.9196,descent
45.3950,140.393,-5.121,0.001,1.15570,0.00,-11.335,0.0000,0.0151,15.8,677.62,2.9196,descent
45.4150,140.291,-5.121,0.001,1.15570,0.00,-11.335,0.0000,0.0151,15.8,677.62,2.9196,descent
45.4350,140.188,-5.121,0.001,1.15570,0.00,-11.335,0.0000,0.0151,15.8,677.62,2.9196,descent
45.4550,140.086,-5.121,0.001,1.15570,0.00,-11.335,0.0000,0.0151,15.8,677.62,2.9196,descent
45.4750,139.983,-5.121,0.001,1.15570,0.00,-11.335,0.0000,0.0151,15.8,677.62,2.9196,descent
45.4950,139.881,-5.121,0.001,1.15570,0.00,-11.335,0.0000,0.0151,15.8,677.62,2.9196,descent
45.5150,139.779,-5.121,0.001,1.15570,0.00,-11.335,0.0000,0.0151,15.8,677.62,2.9196,descent
45.5350,139.676,-5.121,0.001,1.15570,0.00,-11.335,0.0000,0.0151,15.8,677.62,2.9196,descent
45.5550,139.574,-5.121,0.001,1.15570,0.00,-11.335,0.0000,0.0151,15.8,677.62,2.9196,descent
45.5750,139.471,-5.121,0.001,1.15570,0.00,-11.335,0.0000,0.0151,15.8,677.62,2.9196,descent
45.5950,139.369,-5.121,0.001,1.15570,0.00,-11.335,0.0000,0.0151,15.8,677.62,2.9196,descent
45.6150,139.266,-5.120,0.001,1.15570,0.00,-11.335,0.0000,0.0151,15.8,677.62,2.9196,descent
45.6350,139.164,-5.120,0.001,1.15570,0.00,-11.335,0.0000,0.0151,15.8,677.62,2.9196,descent
45.6550,139.062,-5.120,0.001,1.15570,0.00,-11.335,0.0000,0.0151,15.8,677.62,2.9196,descent
45.6750,138.959,-5.120,0.001,1.15570,0.00,-11.335,0.0000,0.0151,15.8,677.62,2.9196,descent
45.6950,138.857,-5.120,0.001,1.15570,0.00,-11.335,0.0000,0.0151,15.8,677.62,2.9196,descent
45.7150,138.754,-5.120,0.001,1.15570,0.00,-11.335,0.0000,0.0151,15.8,677.62,2.9196,descent
45.7350,138.652,-5.120,0.001,1.15570,0.00,-11.335,0.0000,0.0151,15.8,677.62,2.9196,descent
45.7550,138.550,-5.120,0.001,1.15570,0.00,-11.335,0.0000,0.0151,15.8,677.62,2.9196,descent
45.7750,138.447,-5.120,0.001,1.15570,0.00,-11.335,0.0000,0.0151,15.8,677.62,2.9196,descent
45.7950,138.345,-5.120,0.001,1.15570,0.00,-11.335,0.0000,0.0151,15.8,677.62,2.9196,descent
45.8150,138.242,-5.120,0.001,1.15570,0.00,-11.335,0.0000,0.0151,15.8,677.62,2.9196,descent
45.8350,138.140,-5.120,0.001,1.15570,0.00,-11.335,0.0000,0.0151,15.8,677.62,2.9196,descent
45.8550,138.038,-5.120,0.001,1.15570,0.00,-11.335,0.0000,0.0151,15.8,677.62,2.9196,descent
45.8750,137.935,-5.120,0.001,1.15570,0.00,-11.335,0.0000,0.0151,15.8,677.62,2.9196,descent
45.8950,137.833,-5.120,0.001,1.15570,0.00,-11.335,0.0000,0.0151,15.8,677.62,2.9196,descent
45.9150,137.730,-5.120,0.001,1.15570,0.00,-11.335,0.0000,0.0151,15.8,677.62,2.9196,descent
45.9350,137.628,-5.120,0.001,1.15570,0.00,-11.335,0.0000,0.0151,15.8,677.62,2.9196,descent
45.9550,137.526,-5.120,0.001,1.15570,0.00,-11.335,0.0000,0.0151,15.8,677.62,2.9196,descent
45.9750,137.423,-5.120,0.001,1.15570,0.00,-11.335,0.0000,0.0151,15.8,677.62,2.9196,descent
45.9950,137.321,-5.120,0.001,1.15570,0.00,-11.335,0.0000,0.0151,15.8,677.62,2.9196,descent
46.0150,137.218,-5.120,0.001,1.15570,0.00,-11.335,0.0000,0.0151,15.8,677.62,2.9196,descent
46.0350,137.116,-5.120,0.001,1.15570,0.00,-11.335,0.0000,0.0151,15.8,677.62,2.9196,descent
46.0550,137.014,-5.120,0.001,1.15570,0.00,-11.335,0.0000,0.0151,15.8,677.62,2.9196,descent
46.0750,136.911,-5.120,0.001,1.15570,0.00,-11.335,0.0000,0.0151,15.8,677.62,2.9196,descent
46.0950,136.809,-5.120,0.001,1.15570,0.00,-11.335,0.0000,0.0151,15.8,677.62,2.9196,descent
46.1150,136.706,-5.120,0.001,1.15570,0.00,-11.335,0.0000,0.0151,15.8,677.62,2.9196,descent
46.1350,136.604,-5.120,0.001,1.15570,0.00,-11.335,0.0000,0.0151,15.8,677.62,2.9196,descent
46.1550,136.502,-5.120,0.001,1.15570,0.00,-11.335,0.0000,0.0151,15.8,677.62,2.9196,descent
46.1750,136.399,-5.120,0.001,1.15570,0.00,-11.335,0.0000,0.0151,15.8,677.62,2.9196,descent
46.1950,136.297,-5.120,0.001,1.15570,0.00,-11.335,0.0000,0.0151,15.8,677.62,2.9196,descent
46.2150,136.194,-5.120,0.001,1.15570,0.00,-11.335,0.0000,0.0151,15.8,677.62,2.9196,descent
46.2350,136.092,-5.120,0.001,1.15570,0.00,-11.335,0.0000,0.0151,15.8,677.62,2.9196,descent
46.2550,135.990,-5.120,0.001,1.15570,0.00,-11.335,0.0000,0.0151,15.8,677.62,2.9196,descent
46.2750,135.887,-5.120,0.001,1.15570,0.00,-11.335,0.0000,0.0151,15.8,677.62,2.9196,descent
46.2950,135.785,-5.120,0.001,1.15570,0.00,-11.335,0.0000,0.0151,15.8,677.62,2.9196,descent
46.3150,135.682,-5.120,0.001,1.15570,0.00,-11.335,0.0000,0.0151,15.8,677.62,2.9196,descent
46.3350,135.580,-5.120,0.001,1.15570,0.00,-11.335,0.0000,0.0151,15.8,677.62,2.9196,descent
46.3550,135.478,-5.120,0.001,1.15570,0.00,-11.335,0.0000,0.0151,15.8,677.62,2.9196,descent
46.3750,135.375,-5.120,0.001,1.15570,0.00,-11.335,0.0000,0.0151,15.8,677.62,2.9196,descent
46.3950,135.273,-5.120,0.001,1.15570,0.00,-11.335,0.0000,0.0151,15.8,677.62,2.9196,descent
46.4150,135.170,-5.119,0.001,1.15570,0.00,-11.335,0.0000,0.0151,15.8,677.62,2.9196,descent
46.4350,135.068,-5.119,0.001,1.15570,0.00,-11.335,0.0000,0.0151,15.8,677.62,2.9196,descent
46.4550,134.966,-5.119,0.001,1.15570,0.00,-11.335,0.0000,0.0151,15.8,677.62,2.9196,descent
46.4750,134.863,-5.119,0.001,1.15570,0.00,-11.335,0.0000,0.0151,15.8,677.62,2.9196,descent
46.4950,134.761,-5.119,0.001,1.15570,0.00,-11.335,0.0000,0.0151,15.8,677.62,2.9196,descent
46.5150,134.659,-5.119,0.001,1.15570,0.00,-11.335,0.0000,0.0151,15.8,677.62,2.9196,descent
46.5350,134.556,-5.119,0.001,1.15570,0.00,-11.335,0.0000,0.0151,15.8,677.62,2.9196,descent
46.5550,134.454,-5.119,0.001,1.15570,0.00,-11.335,0.0000,0.0151,15.8,677.62,2.9196,descent
46.5750,134.351,-5.119,0.001,1.15570,0.00,-11.335,0.0000,0.0151,15.8,677.62,2.9196,descent
46.5950,134.249,-5.119,0.001,1.15570,0.00,-11.335,0.0000,0.0151,15.8,677.62,2.9196,descent
46.6150,134.147,-5.119,0.001,1.15570,0.00,-11.335,0.0000,0.0151,15.8,677.62,2.9196,descent
46.6350,134.044,-5.119,0.001,1.15570,0.00,-11.335,0.0000,0.0151,15.8,677.62,2.9196,descent
46.6550,133.942,-5.119,0.001,1.15570,0.00,-11.335,0.0000,0.0151,15.8,677.62,2.9196,descent
46.6750,133.839,-5.119,0.001,1.15570,0.00,-11.335,0.0000,0.0151,15.8,677.62,2.9196,descent
46.6950,133.737,-5.119,0.001,1.15570,0.00,-11.335,0.0000,0.0151,15.8,677.62,2.9196,descent
46.7150,133.635,-5.119,0.001,1.15570,0.00,-11.335,0.0000,0.0151,15.8,677.62,2.9196,descent
46.7350,133.532,-5.119,0.001,1.15570,0.00,-11.335,0.0000,0.0151,15.8,677.62,2.9196,descent
46.7550,133.430,-5.119,0.001,1.15570,0.00,-11.335,0.0000,0.0151,15.8,677.62,2.9196,descent
46.7750,133.328,-5.119,0.001,1.15570,0.00,-11.335,0.0000,0.0151,15.8,677.62,2.9196,descent
46.7950,133.225,-5.119,0.001,1.15570,0.00,-11.335,0.0000,0.0151,15.8,677.62,2.9196,descent
46.8150,133.123,-5.119,0.001,1.15570,0.00,-11.335,0.0000,0.0151,15.8,677.62,2.9196,descent
46.8350,133.020,-5.119,0.001,1.15570,0.00,-11.335,0.0000,0.0151,15.8,677.62,2.9196,descent
46.8550,132.918,-5.119,0.001,1.15570,0.00,-11.335,0.0000,0.0151,15.8,677.62,2.9196,descent
46.8750,132.816,-5.119,0.001,1.15570,0.00,-11.335,0.0000,0.0151,15.8,677.62,2.9196,descent
46.8950,132.713,-5.119,0.001,1.15570,0.00,-11.335,0.0000,0.0151,15.8,677.62,2.9196,descent
46.9150,132.611,-5.119,0.001,1.15570,0.00,-11.335,0.0000,0.0151,15.8,677.62,2.9196,descent
46.9350,132.509,-5.119,0.001,1.15570,0.00,-11.335,0.0000,0.0151,15.8,677.62,2.9196,descent
46.9550,132.406,-5.119,0.001,1.15570,0.00,-11.335,0.0000,0.0151,15.8,677.62,2.9196,descent
46.9750,132.304,-5.119,0.001,1.15570,0.00,-11.335,0.0000,0.0151,15.8,677.62,2.9196,descent
46.9950,132.201,-5.119,0.001,1.15570,0.00,-11.335,0.0000,0.0151,15.8,677.62,2.9196,descent
47.0150,132.099,-5.119,0.001,1.15570,0.00,-11.335,0.0000,0.0151,15.8,677.62,2.9196,descent
47.0350,131.997,-5.119,0.001,1.15570,0.00,-11.335,0.0000,0.0151,15.8,677.62,2.9196,descent
47.0550,131.894,-5.119,0.001,1.15570,0.00,-11.335,0.0000,0.0151,15.8,677.62,2.9196,descent
47.0750,131.792,-5.119,0.001,1.15570,0.00,-11.335,0.0000,0.0151,15.8,677.62,2.9196,descent
47.0950,131.690,-5.119,0.001,1.15570,0.00,-11.335,0.0000,0.0151,15.8,677.62,2.9196,descent
47.1150,131.587,-5.119,0.001,1.15570,0.00,-11.335,0.0000,0.0151,15.8,677.62,2.9196,descent
47.1350,131.485,-5.119,0.001,1.15570,0.00,-11.335,0.0000,0.0151,15.8,677.62,2.9196,descent
47.1550,131.382,-5.119,0.001,1.15570,0.00,-11.335,0.0000,0.0151,15.8,677.62,2.9196,descent
47.1750,131.280,-5.119,0.001,1.15570,0.00,-11.335,0.0000,0.0151,15.8,677.62,2.9196,descent
47.1950,131.178,-5.118,0.001,1.15570,0.00,-11.335,0.0000,0.0151,15.8,677.62,2.9196,descent
47.2150,131.075,-5.118,0.001,1.15570,0.00,-11.335,0.0000,0.0151,15.8,677.62,2.9196,descent
47.2350,130.973,-5.118,0.001,1.15570,0.00,-11.335,0.0000,0.0151,15.8,677.62,2.9196,descent
47.2550,130.871,-5.118,0.001,1.15570,0.00,-11.335,0.0000,0.0151,15.8,677.62,2.9196,descent
47.2750,130.768,-5.118,0.001,1.15570,0.00,-11.335,0.0000,0.0151,15.8,677.62,2.9196,descent
47.2950,130.666,-5.118,0.001,1.15570,0.00,-11.335,0.0000,0.0151,15.8,677.62,2.9196,descent
47.3150,130.563,-5.118,0.001,1.15570,0.00,-11.335,0.0000,0.0151,15.8,677.62,2.9196,descent
47.3350,130.461,-5.118,0.001,1.15570,0.00,-11.335,0.0000,0.0151,15.8,677.62,2.9196,descent
47.3550,130.359,-5.118,0.001,1.15570,0.00,-11.335,0.0000,0.0151,15.8,677.62,2.9196,descent
47.3750,130.256,-5.118,0.001,1.15570,0.00,-11.335,0.0000,0.0151,15.8,677.62,2.9196,descent
47.3950,130.154,-5.118,0.001,1.15570,0.00,-11.335,0.0000,0.0151,15.8,677.62,2.9196,descent
47.4150,130.052,-5.118,0.001,1.15570,0.00,-11.335,0.0000,0.0151,15.8,677.62,2.9196,descent
47.4350,129.949,-5.118,0.001,1.15570,0.00,-11.335,0.0000,0.0151,15.8,677.62,2.9196,descent
47.4550,129.847,-5.118,0.001,1.15570,0.00,-11.335,0.0000,0.0151,15.8,677.62,2.9196,descent
47.4750,129.745,-5.118,0.001,1.15570,0.00,-11.335,0.0000,0.0151,15.8,677.62,2.9196,descent
47.4950,129.642,-5.118,0.001,1.15570,0.00,-11.335,0.0000,0.0151,15.8,677.62,2.9196,descent
47.5150,129.540,-5.118,0.001,1.15570,0.00,-11.335,0.0000,0.0151,15.8,677.62,2.9196,descent
47.5350,129.437,-5.118,0.001,1.15570,0.00,-11.335,0.0000,0.0151,15.8,677.62,2.9196,descent
47.5550,129.335,-5.118,0.001,1.15570,0.00,-11.335,0.0000,0.0151,15.8,677.62,2.9196,descent
47.5750,129.233,-5.118,0.001,1.15570,0.00,-11.335,0.0000,0.0151,15.8,677.62,2.9196,descent
47.5950,129.130,-5.118,0.001,1.15570,0.00,-11.335,0.0000,0.0151,15.8,677.62,2.9196,descent
47.6150,129.028,-5.118,0.001,1.15570,0.00,-11.335,0.0000,0.0151,15.8,677.62,2.9196,descent
47.6350,128.926,-5.118,0.001,1.15570,0.00,-11.335,0.0000,0.0151,15.8,677.62,2.9196,descent
47.6550,128.823,-5.118,0.001,1.15570,0.00,-11.335,0.0000,0.0151,15.8,677.62,2.9196,descent
47.6750,128.721,-5.118,0.001,1.15570,0.00,-11.335,0.0000,0.0151,15.8,677.62,2.9196,descent
47.6950,128.619,-5.118,0.001,1.15570,0.00,-11.335,0.0000,0.0151,15.8,677.62,2.9196,descent
47.7150,128.516,-5.118,0.001,1.15570,0.00,-11.335,0.0000,0.0151,15.8,677.62,2.9196,descent
47.7350,128.414,-5.118,0.001,1.15570,0.00,-11.335,0.0000,0.0151,15.8,677.62,2.9196,descent
47.7550,128.312,-5.118,0.001,1.15570,0.00,-11.335,0.0000,0.0151,15.8,677.62,2.9196,descent
47.7750,128.209,-5.118,0.001,1.15570,0.00,-11.335,0.0000,0.0151,15.8,677.62,2.9196,descent
47.7950,128.107,-5.118,0.001,1.15570,0.00,-11.335,0.0000,0.0151,15.8,677.62,2.9196,descent
47.8150,128.004,-5.118,0.001,1.15570,0.00,-11.335,0.0000,0.0151,15.8,677.62,2.9196,descent
47.8350,127.902,-5.118,0.001,1.15570,0.00,-11.335,0.0000,0.0151,15.8,677.62,2.9196,descent
47.8550,127.800,-5.118,0.001,1.15570,0.00,-11.335,0.0000,0.0151,15.8,677.62,2.9196,descent
47.8750,127.697,-5.118,0.001,1.15570,0.00,-11.335,0.0000,0.0151,15.8,677.62,2.9196,descent
47.8950,127.595,-5.118,0.001,1.15570,0.00,-11.335,0.0000,0.0151,15.8,677.62,2.9196,descent
47.9150,127.493,-5.118,0.001,1.15570,0.00,-11.335,0.0000,0.0151,15.8,677.62,2.9196,descent
47.9350,127.390,-5.118,0.001,1.15570,0.00,-11.335,0.0000,0.0151,15.8,677.62,2.9196,descent
47.9550,127.288,-5.118,0.001,1.15570,0.00,-11.335,0.0000,0.0151,15.8,677.62,2.9196,descent
47.9750,127.186,-5.118,0.001,1.15570,0.00,-11.335,0.0000,0.0151,15.8,677.62,2.9196,descent
47.9950,127.083,-5.117,0.001,1.15570,0.00,-11.335,0.0000,0.0151,15.8,677.62,2.9196,descent
48.0150,126.981,-5.117,0.001,1.15570,0.00,-11.335,0.0000,0.0151,15.8,677.62,2.9196,descent
48.0350,126.879,-5.117,0.001,1.15570,0.00,-11.335,0.0000,0.0151,15.8,677.62,2.9196,descent
48.0550,126.776,-5.117,0.001,1.15570,0.00,-11.335,0.0000,0.0151,15.8,677.62,2.9196,descent
48.0750,126.674,-5.117,0.001,1.15570,0.00,-11.335,0.0000,0.0151,15.8,677.62,2.9196,descent
48.0950,126.572,-5.117,0.001,1.15570,0.00,-11.335,0.0000,0.0151,15.8,677.62,2.9196,descent
48.1150,126.469,-5.117,0.001,1.15570,0.00,-11.335,0.0000,0.0151,15.8,677.62,2.9196,descent
48.1350,126.367,-5.117,0.001,1.15570,0.00,-11.335,0.0000,0.0151,15.8,677.62,2.9196,descent
48.1550,126.265,-5.117,0.001,1.15570,0.00,-11.335,0.0000,0.0151,15.8,677.62,2.9196,descent
48.1750,126.162,-5.117,0.001,1.15570,0.00,-11.335,0.0000,0.0151,15.8,677.62,2.9196,descent
48.1950,126.060,-5.117,0.001,1.15570,0.00,-11.335,0.0000,0.0151,15.8,677.62,2.9196,descent
48.2150,125.957,-5.117,0.001,1.15570,0.00,-11.335,0.0000,0.0151,15.8,677.62,2.9196,descent
48.2350,125.855,-5.117,0.001,1.15570,0.00,-11.335,0.0000,0.0151,15.8,677.62,2.9196,descent
48.2550,125.753,-5.117,0.001,1.15570,0.00,-11.335,0.0000,0.0151,15.8,677.62,2.9196,descent
48.2750,125.650,-5.117,0.001,1.15570,0.00,-11.335,0.0000,0.0151,15.8,677.62,2.9196,descent
48.2950,125.548,-5.117,0.001,1.15570,0.00,-11.335,0.0000,0.0151,15.8,677.62,2.9196,descent
48.3150,125.446,-5.117,0.001,1.15570,0.00,-11.335,0.0000,0.0151,15.8,677.62,2.9196,descent
48.3350,125.343,-5.117,0.001,1.15570,0.00,-11.335,0.0000,0.0151,15.8,677.62,2.9196,descent
48.3550,125.241,-5.117,0.001,1.15570,0.00,-11.335,0.0000,0.0151,15.8,677.62,2.9196,descent
48.3750,125.139,-5.117,0.001,1.15570,0.00,-11.335,0.0000,0.0151,15.8,677.62,2.9196,descent
48.3950,125.036,-5.117,0.001,1.15570,0.00,-11.335,0.0000,0.0151,15.8,677.62,2.9196,descent
48.4150,124.934,-5.117,0.001,1.15570,0.00,-11.335,0.0000,0.0151,15.8,677.62,2.9196,descent
48.4350,124.832,-5.117,0.001,1.15570,0.00,-11.335,0.0000,0.0151,15.8,677.62,2.9196,descent
48.4550,124.729,-5.117,0.001,1.15570,0.00,-11.335,0.0000,0.0151,15.8,677.62,2.9196,descent
48.4750,124.627,-5.117,0.001,1.15570,0.00,-11.335,0.0000,0.0151,15.8,677.62,2.9196,descent
48.4950,124.525,-5.117,0.001,1.15570,0.00,-11.335,0.0000,0.0151,15.8,677.62,2.9196,descent
48.5150,124.422,-5.117,0.001,1.15570,0.00,-11.335,0.0000,0.0151,15.8,677.62,2.9196,descent
48.5350,124.320,-5.117,0.001,1.15570,0.00,-11.335,0.0000,0.0151,15.8,677.62,2.9196,descent
48.5550,124.218,-5.117,0.001,1.15570,0.00,-11.335,0.0000,0.0151,15.8,677.62,2.9196,descent
48.5750,124.115,-5.117,0.001,1.15570,0.00,-11.335,0.0000,0.0151,15.8,677.62,2.9196,descent
48.5950,124.013,-5.117,0.001,1.15570,0.00,-11.335,0.0000,0.0151,15.8,677.62,2.9196,descent
48.6150,123.911,-5.117,0.001,1.15570,0.00,-11.335,0.0000,0.0151,15.8,677.62,2.9196,descent
48.6350,123.808,-5.117,0.001,1.15570,0.00,-11.335,0.0000,0.0151,15.8,677.62,2.9196,descent
48.6550,123.706,-5.117,0.001,1.15570,0.00,-11.335,0.0000,0.0151,15.8,677.62,2.9196,descent
48.6750,123.604,-5.117,0.001,1.15570,0.00,-11.335,0.0000,0.0151,15.8,677.62,2.9196,descent
48.6950,123.501,-5.117,0.001,1.15570,0.00,-11.335,0.0000,0.0151,15.8,677.62,2.9196,descent
48.7150,123.399,-5.117,0.001,1.15570,0.00,-11.335,0.0000,0.0151,15.8,677.62,2.9196,descent
48.7350,123.297,-5.117,0.001,1.15570,0.00,-11.335,0.0000,0.0151,15.8,677.62,2.9196,descent
48.7550,123.194,-5.117,0.001,1.15570,0.00,-11.335,0.0000,0.0151,15.8,677.62,2.9196,descent
48.7750,123.092,-5.116,0.001,1.15570,0.00,-11.335,0.0000,0.0151,15.8,677.62,2.9196,descent
48.7950,122.990,-5.116,0.001,1.15570,0.00,-11.335,0.0000,0.0151,15.8,677.62,2.9196,descent
48.8150,122.887,-5.116,0.001,1.15570,0.00,-11.335,0.0000,0.0151,15.8,677.62,2.9196,descent
48.8350,122.785,-5.116,0.001,1.15570,0.00,-11.335,0.0000,0.0151,15.8,677.62,2.9196,descent
48.8550,122.683,-5.116,0.001,1.15570,0.00,-11.335,0.0000,0.0151,15.8,677.62,2.9196,descent
48.8750,122.580,-5.116,0.001,1.15570,0.00,-11.335,0.0000,0.0151,15.8,677.62,2.9196,descent
48.8950,122.478,-5.116,0.001,1.15570,0.00,-11.335,0.0000,0.0151,15.8,677.62,2.9196,descent
48.9150,122.376,-5.116,0.001,1.15570,0.00,-11.335,0.0000,0.0151,15.8,677.62,2.9196,descent
48.9350,122.273,-5.116,0.001,1.15570,0.00,-11.335,0.0000,0.0151,15.8,677.62,2.9196,descent
48.9550,122.171,-5.116,0.001,1.15570,0.00,-11.335,0.0000,0.0151,15.8,677.62,2.9196,descent
48.9750,122.069,-5.116,0.001,1.15570,0.00,-11.335,0.0000,0.0151,15.8,677.62,2.9196,descent
48.9950,121.966,-5.116,0.001,1.15570,0.00,-11.335,0.0000,0.0151,15.8,677.62,2.9196,descent
49.0150,121.864,-5.116,0.001,1.15570,0.00,-11.335,0.0000,0.0151,15.8,677.62,2.9196,descent
49.0350,121.762,-5.116,0.001,1.15570,0.00,-11.335,0.0000,0.0151,15.8,677.62,2.9196,descent
49.0550,121.659,-5.116,0.001,1.15570,0.00,-11.335,0.0000,0.0151,15.8,677.62,2.9196,descent
49.0750,121.557,-5.116,0.001,1.15570,0.00,-11.335,0.0000,0.0151,15.8,677.62,2.9196,descent
49.0950,121.455,-5.116,0.001,1.15570,0.00,-11.335,0.0000,0.0151,15.8,677.62,2.9196,descent
49.1150,121.353,-5.116,0.001,1.15570,0.00,-11.335,0.0000,0.0151,15.8,677.62,2.9196,descent
49.1350,121.250,-5.116,0.001,1.15570,0.00,-11.335,0.0000,0.0151,15.8,677.62,2.9196,descent
49.1550,121.148,-5.116,0.001,1.15570,0.00,-11.335,0.0000,0.0151,15.8,677.62,2.9196,descent
49.1750,121.046,-5.116,0.001,1.15570,0.00,-11.335,0.0000,0.0151,15.8,677.62,2.9196,descent
49.1950,120.943,-5.116,0.001,1.15570,0.00,-11.335,0.0000,0.0151,15.8,677.62,2.9196,descent
49.2150,120.841,-5.116,0.001,1.15570,0.00,-11.335,0.0000,0.0151,15.8,677.62,2.9196,descent
49.2350,120.739,-5.116,0.001,1.15570,0.00,-11.335,0.0000,0.0151,15.8,677.62,2.9196,descent
49.2550,120.636,-5.116,0.001,1.15570,0.00,-11.335,0.0000,0.0151,15.8,677.62,2.9196,descent
49.2750,120.534,-5.116,0.001,1.15570,0.00,-11.335,0.0000,0.0151,15.8,677.62,2.9196,descent
49.2950,120.432,-5.116,0.001,1.15570,0.00,-11.335,0.0000,0.0151,15.8,677.62,2.9196,descent
49.3150,120.329,-5.116,0.001,1.15570,0.00,-11.335,0.0000,0.0151,15.8,677.62,2.9196,descent
49.3350,120.227,-5.116,0.001,1.15570,0.00,-11.335,0.0000,0.0151,15.8,677.62,2.9196,descent
49.3550,120.125,-5.116,0.001,1.15570,0.00,-11.335,0.0000,0.0151,15.8,677.62,2.9196,descent
49.3750,120.022,-5.116,0.001,1.15570,0.00,-11.335,0.0000,0.0151,15.8,677.62,2.9196,descent
49.3950,119.920,-5.116,0.001,1.15570,0.00,-11.335,0.0000,0.0151,15.8,677.62,2.9196,descent
49.4150,119.818,-5.116,0.001,1.15570,0.00,-11.335,0.0000,0.0151,15.8,677.62,2.9196,descent
49.4350,119.715,-5.116,0.001,1.15570,0.00,-11.335,0.0000,0.0151,15.8,677.62,2.9196,descent
49.4550,119.613,-5.116,0.001,1.15570,0.00,-11.335,0.0000,0.0151,15.8,677.62,2.9196,descent
49.4750,119.511,-5.116,0.001,1.15570,0.00,-11.335,0.0000,0.0151,15.8,677.62,2.9196,descent
49.4950,119.408,-5.116,0.001,1.15570,0.00,-11.335,0.0000,0.0151,15.8,677.62,2.9196,descent
49.5150,119.306,-5.116,0.001,1.15570,0.00,-11.335,0.0000,0.0151,15.8,677.62,2.9196,descent
49.5350,119.204,-5.116,0.001,1.15570,0.00,-11.335,0.0000,0.0151,15.8,677.62,2.9196,descent
49.5550,119.102,-5.116,0.001,1.15570,0.00,-11.335,0.0000,0.0151,15.8,677.62,2.9196,descent
49.5750,118.999,-5.115,0.001,1.15570,0.00,-11.335,0.0000,0.0151,15.8,677.62,2.9196,descent
49.5950,118.897,-5.115,0.001,1.15570,0.00,-11.335,0.0000,0.0151,15.8,677.62,2.9196,descent
49.6150,118.795,-5.115,0.001,1.15570,0.00,-11.335,0.0000,0.0151,15.8,677.62,2.9196,descent
49.6350,118.692,-5.115,0.001,1.15570,0.00,-11.335,0.0000,0.0151,15.8,677.62,2.9196,descent
49.6550,118.590,-5.115,0.001,1.15570,0.00,-11.335,0.0000,0.0151,15.8,677.62,2.9196,descent
49.6750,118.488,-5.115,0.001,1.15570,0.00,-11.335,0.0000,0.0151,15.8,677.62,2.9196,descent
49.6950,118.385,-5.115,0.001,1.15570,0.00,-11.335,0.0000,0.0151,15.8,677.62,2.9196,descent
49.7150,118.283,-5.115,0.001,1.15570,0.00,-11.335,0.0000,0.0151,15.8,677.62,2.9196,descent
49.7350,118.181,-5.115,0.001,1.15570,0.00,-11.335,0.0000,0.0151,15.8,677.62,2.9196,descent
49.7550,118.078,-5.115,0.001,1.15570,0.00,-11.335,0.0000,0.0151,15.8,677.62,2.9196,descent
49.7750,117.976,-5.115,0.001,1.15570,0.00,-11.335,0.0000,0.0151,15.8,677.62,2.9196,descent
49.7950,117.874,-5.115,0.001,1.15570,0.00,-11.335,0.0000,0.0151,15.8,677.62,2.9196,descent
49.8150,117.772,-5.115,0.001,1.15570,0.00,-11.335,0.0000,0.0151,15.8,677.62,2.9196,descent
49.8350,117.669,-5.115,0.001,1.15570,0.00,-11.335,0.0000,0.0151,15.8,677.62,2.9196,descent
49.8550,117.567,-5.115,0.001,1.15570,0.00,-11.335,0.0000,0.0151,15.8,677.62,2.9196,descent
49.8750,117.465,-5.115,0.001,1.15570,0.00,-11.335,0.0000,0.0151,15.8,677.62,2.9196,descent
49.8950,117.362,-5.115,0.001,1.15570,0.00,-11.335,0.0000,0.0151,15.8,677.62,2.9196,descent
49.9150,117.260,-5.115,0.001,1.15570,0.00,-11.335,0.0000,0.0151,15.8,677.62,2.9196,descent
49.9350,117.158,-5.115,0.001,1.15570,0.00,-11.335,0.0000,0.0151,15.8,677.62,2.9196,descent
49.9550,117.055,-5.115,0.001,1.15570,0.00,-11.335,0.0000,0.0151,15.8,677.62,2.9196,descent
49.9750,116.953,-5.115,0.001,1.15570,0.00,-11.335,0.0000,0.0151,15.8,677.62,2.9196,descent
49.9950,116.851,-5.115,0.001,1.15570,0.00,-11.335,0.0000,0.0151,15.8,677.62,2.9196,descent
50.0150,116.749,-5.115,0.001,1.15570,0.00,-11.335,0.0000,0.0151,15.8,677.62,2.9196,descent
50.0350,116.646,-5.115,0.001,1.15570,0.00,-11.335,0.0000,0.0151,15.8,677.62,2.9196,descent
50.0550,116.544,-5.115,0.001,1.15570,0.00,-11.335,0.0000,0.0151,15.8,677.62,2.9196,descent
50.0750,116.442,-5.115,0.001,1.15570,0.00,-11.335,0.0000,0.0151,15.8,677.62,2.9196,descent
50.0950,116.339,-5.115,0.001,1.15570,0.00,-11.335,0.0000,0.0151,15.8,677.62,2.9196,descent
50.1150,116.237,-5.115,0.001,1.15570,0.00,-11.335,0.0000,0.0151,15.8,677.62,2.9196,descent
50.1350,116.135,-5.115,0.001,1.15570,0.00,-11.335,0.0000,0.0151,15.8,677.62,2.9196,descent
50.1550,116.032,-5.115,0.001,1.15570,0.00,-11.335,0.0000,0.0151,15.8,677.62,2.9196,descent
50.1750,115.930,-5.115,0.001,1.15570,0.00,-11.335,0.0000,0.0151,15.8,677.62,2.9196,descent
50.1950,115.828,-5.115,0.001,1.15570,0.00,-11.335,0.0000,0.0150,15.8,677.62,2.9196,descent
50.2150,115.726,-5.115,0.001,1.15570,0.00,-11.335,0.0000,0.0150,15.8,677.62,2.9196,descent
50.2350,115.623,-5.115,0.001,1.15570,0.00,-11.335,0.0000,0.0150,15.8,677.62,2.9196,descent
50.2550,115.521,-5.115,0.001,1.15570,0.00,-11.335,0.0000,0.0150,15.8,677.62,2.9196,descent
50.2750,115.419,-5.115,0.001,1.15570,0.00,-11.335,0.0000,0.0150,15.8,677.62,2.9196,descent
50.2950,115.316,-5.115,0.001,1.15570,0.00,-11.335,0.0000,0.0150,15.8,677.62,2.9196,descent
50.3150,115.214,-5.115,0.001,1.15570,0.00,-11.335,0.0000,0.0150,15.8,677.62,2.9196,descent
50.3350,115.112,-5.115,0.001,1.15570,0.00,-11.335,0.0000,0.0150,15.8,677.62,2.9196,descent
50.3550,115.010,-5.115,0.001,1.15570,0.00,-11.335,0.0000,0.0150,15.8,677.62,2.9196,descent
50.3750,114.907,-5.114,0.001,1.15570,0.00,-11.335,0.0000,0.0150,15.8,677.62,2.9196,descent
50.3950,114.805,-5.114,0.001,1.15570,0.00,-11.335,0.0000,0.0150,15.8,677.62,2.9196,descent
50.4150,114.703,-5.114,0.001,1.15570,0.00,-11.335,0.0000,0.0150,15.8,677.62,2.9196,descent
50.4350,114.600,-5.114,0.001,1.15570,0.00,-11.335,0.0000,0.0150,15.8,677.62,2.9196,descent
50.4550,114.498,-5.114,0.001,1.15570,0.00,-11.335,0.0000,0.0150,15.8,677.62,2.9196,descent
50.4750,114.396,-5.114,0.001,1.15570,0.00,-11.335,0.0000,0.0150,15.8,677.62,2.9196,descent
50.4950,114.294,-5.114,0.001,1.15570,0.00,-11.335,0.0000,0.0150,15.8,677.62,2.9196,descent
50.5150,114.191,-5.114,0.001,1.15570,0.00,-11.335,0.0000,0.0150,15.8,677.62,2.9196,descent
50.5350,114.089,-5.114,0.001,1.15570,0.00,-11.335,0.0000,0.0150,15.8,677.62,2.9196,descent
50.5550,113.987,-5.114,0.001,1.15570,0.00,-11.335,0.0000,0.0150,15.8,677.62,2.9196,descent
50.5750,113.884,-5.114,0.001,1.15570,0.00,-11.335,0.0000,0.0150,15.8,677.62,2.9196,descent
50.5950,113.782,-5.114,0.001,1.15570,0.00,-11.335,0.0000,0.0150,15.8,677.62,2.9196,descent
50.6150,113.680,-5.114,0.001,1.15570,0.00,-11.335,0.0000,0.0150,15.8,677.62,2.9196,descent
50.6350,113.578,-5.114,0.001,1.15570,0.00,-11.335,0.0000,0.0150,15.8,677.62,2.9196,descent
50.6550,113.475,-5.114,0.001,1.15570,0.00,-11.335,0.0000,0.0150,15.8,677.62,2.9196,descent
50.6750,113.373,-5.114,0.001,1.15570,0.00,-11.335,0.0000,0.0150,15.8,677.62,2.9196,descent
50.6950,113.271,-5.114,0.001,1.15570,0.00,-11.335,0.0000,0.0150,15.8,677.62,2.9196,descent
50.7150,113.168,-5.114,0.001,1.15570,0.00,-11.335,0.0000,0.0150,15.8,677.62,2.9196,descent
50.7350,113.066,-5.114,0.001,1.15570,0.00,-11.335,0.0000,0.0150,15.8,677.62,2.9196,descent
50.7550,112.964,-5.114,0.001,1.15570,0.00,-11.335,0.0000,0.0150,15.8,677.62,2.9196,descent
50.7750,112.862,-5.114,0.001,1.15570,0.00,-11.335,0.0000,0.0150,15.8,677.62,2.9196,descent
50.7950,112.759,-5.114,0.001,1.15570,0.00,-11.335,0.0000,0.0150,15.8,677.62,2.9196,descent
50.8150,112.657,-5.114,0.001,1.15570,0.00,-11.335,0.0000,0.0150,15.8,677.62,2.9196,descent
50.8350,112.555,-5.114,0.001,1.15570,0.00,-11.335,0.0000,0.0150,15.8,677.62,2.9196,descent
50.8550,112.452,-5.114,0.001,1.15570,0.00,-11.335,0.0000,0.0150,15.8,677.62,2.9196,descent
50.8750,112.350,-5.114,0.001,1.15570,0.00,-11.335,0.0000,0.0150,15.8,677.62,2.9196,descent
50.8950,112.248,-5.114,0.001,1.15570,0.00,-11.335,0.0000,0.0150,15.8,677.62,2.9196,descent
50.9150,112.146,-5.114,0.001,1.15570,0.00,-11.335,0.0000,0.0150,15.8,677.62,2.9196,descent
50.9350,112.043,-5.114,0.001,1.15570,0.00,-11.335,0.0000,0.0150,15.8,677.62,2.9196,descent
50.9550,111.941,-5.114,0.001,1.15570,0.00,-11.335,0.0000,0.0150,15.8,677.62,2.9196,descent
50.9750,111.839,-5.114,0.001,1.15570,0.00,-11.335,0.0000,0.0150,15.8,677.62,2.9196,descent
50.9950,111.737,-5.114,0.001,1.15570,0.00,-11.335,0.0000,0.0150,15.8,677.62,2.9196,descent
51.0150,111.634,-5.114,0.001,1.15570,0.00,-11.335,0.0000,0.0150,15.8,677.62,2.9196,descent
51.0350,111.532,-5.114,0.001,1.15570,0.00,-11.335,0.0000,0.0150,15.8,677.62,2.9196,descent
51.0550,111.430,-5.114,0.001,1.15570,0.00,-11.335,0.0000,0.0150,15.8,677.62,2.9196,descent
51.0750,111.327,-5.114,0.001,1.15570,0.00,-11.335,0.0000,0.0150,15.8,677.62,2.9196,descent
51.0950,111.225,-5.114,0.001,1.15570,0.00,-11.335,0.0000,0.0150,15.8,677.62,2.9196,descent
51.1150,111.123,-5.114,0.001,1.15570,0.00,-11.335,0.0000,0.0150,15.8,677.62,2.9196,descent
51.1350,111.021,-5.114,0.001,1.15570,0.00,-11.335,0.0000,0.0150,15.8,677.62,2.9196,descent
51.1550,110.918,-5.114,0.001,1.15570,0.00,-11.335,0.0000,0.0150,15.8,677.62,2.9196,descent
51.1750,110.816,-5.113,0.001,1.15570,0.00,-11.335,0.0000,0.0150,15.8,677.62,2.9196,descent
51.1950,110.714,-5.113,0.001,1.15570,0.00,-11.335,0.0000,0.0150,15.8,677.62,2.9196,descent
51.2150,110.612,-5.113,0.001,1.15570,0.00,-11.335,0.0000,0.0150,15.8,677.62,2.9196,descent
51.2350,110.509,-5.113,0.001,1.15570,0.00,-11.335,0.0000,0.0150,15.8,677.62,2.9196,descent
51.2550,110.407,-5.113,0.001,1.15570,0.00,-11.335,0.0000,0.0150,15.8,677.62,2.9196,descent
51.2750,110.305,-5.113,0.001,1.15570,0.00,-11.335,0.0000,0.0150,15.8,677.62,2.9196,descent
51.2950,110.202,-5.113,0.001,1.15570,0.00,-11.335,0.0000,0.0150,15.8,677.62,2.9196,descent
51.3150,110.100,-5.113,0.001,1.15570,0.00,-11.335,0.0000,0.0150,15.8,677.62,2.9196,descent
51.3350,109.998,-5.113,0.001,1.15570,0.00,-11.335,0.0000,0.0150,15.8,677.62,2.9196,descent
51.3550,109.896,-5.113,0.001,1.15570,0.00,-11.335,0.0000,0.0150,15.8,677.62,2.9196,descent
51.3750,109.793,-5.113,0.001,1.15570,0.00,-11.335,0.0000,0.0150,15.8,677.62,2.9196,descent
51.3950,109.691,-5.113,0.001,1.15570,0.00,-11.335,0.0000,0.0150,15.8,677.62,2.9196,descent
51.4150,109.589,-5.113,0.001,1.15570,0.00,-11.335,0.0000,0.0150,15.8,677.62,2.9196,descent
51.4350,109.487,-5.113,0.001,1.15570,0.00,-11.335,0.0000,0.0150,15.8,677.62,2.9196,descent
51.4550,109.384,-5.113,0.001,1.15570,0.00,-11.335,0.0000,0.0150,15.8,677.62,2.9196,descent
51.4750,109.282,-5.113,0.001,1.15570,0.00,-11.335,0.0000,0.0150,15.8,677.62,2.9196,descent
51.4950,109.180,-5.113,0.001,1.15570,0.00,-11.335,0.0000,0.0150,15.8,677.62,2.9196,descent
51.5150,109.078,-5.113,0.001,1.15570,0.00,-11.335,0.0000,0.0150,15.8,677.62,2.9196,descent
51.5350,108.975,-5.113,0.001,1.15570,0.00,-11.335,0.0000,0.0150,15.8,677.62,2.9196,descent
51.5550,108.873,-5.113,0.001,1.15570,0.00,-11.335,0.0000,0.0150,15.8,677.62,2.9196,descent
51.5750,108.771,-5.113,0.001,1.15570,0.00,-11.335,0.0000,0.0150,15.8,677.62,2.9196,descent
51.5950,108.669,-5.113,0.001,1.15570,0.00,-11.335,0.0000,0.0150,15.8,677.62,2.9196,descent
51.6150,108.566,-5.113,0.001,1.15570,0.00,-11.335,0.0000,0.0150,15.8,677.62,2.9196,descent
51.6350,108.464,-5.113,0.001,1.15570,0.00,-11.335,0.0000,0.0150,15.8,677.62,2.9196,descent
51.6550,108.362,-5.113,0.001,1.15570,0.00,-11.335,0.0000,0.0150,15.8,677.62,2.9196,descent
51.6750,108.259,-5.113,0.001,1.15570,0.00,-11.335,0.0000,0.0150,15.8,677.62,2.9196,descent
51.6950,108.157,-5.113,0.001,1.15570,0.00,-11.335,0.0000,0.0150,15.8,677.62,2.9196,descent
51.7150,108.055,-5.113,0.001,1.15570,0.00,-11.335,0.0000,0.0150,15.8,677.62,2.9196,descent
51.7350,107.953,-5.113,0.001,1.15570,0.00,-11.335,0.0000,0.0150,15.8,677.62,2.9196,descent
51.7550,107.850,-5.113,0.001,1.15570,0.00,-11.335,0.0000,0.0150,15.8,677.62,2.9196,descent
51.7750,107.748,-5.113,0.001,1.15570,0.00,-11.335,0.0000,0.0150,15.8,677.62,2.9196,descent
51.7950,107.646,-5.113,0.001,1.15570,0.00,-11.335,0.0000,0.0150,15.8,677.62,2.9196,descent
51.8150,107.544,-5.113,0.001,1.15570,0.00,-11.335,0.0000,0.0150,15.8,677.62,2.9196,descent
51.8350,107.441,-5.113,0.001,1.15570,0.00,-11.335,0.0000,0.0150,15.8,677.62,2.9196,descent
51.8550,107.339,-5.113,0.001,1.15570,0.00,-11.335,0.0000,0.0150,15.8,677.62,2.9196,descent
51.8750,107.237,-5.113,0.001,1.15570,0.00,-11.335,0.0000,0.0150,15.8,677.62,2.9196,descent
51.8950,107.135,-5.113,0.001,1.15570,0.00,-11.335,0.0000,0.0150,15.8,677.62,2.9196,descent
51.9150,107.032,-5.113,0.001,1.15570,0.00,-11.335,0.0000,0.0150,15.8,677.62,2.9196,descent
51.9350,106.930,-5.113,0.001,1.15570,0.00,-11.335,0.0000,0.0150,15.8,677.62,2.9196,descent
51.9550,106.828,-5.112,0.001,1.15570,0.00,-11.335,0.0000,0.0150,15.8,677.62,2.9196,descent
51.9750,106.726,-5.112,0.001,1.15570,0.00,-11.335,0.0000,0.0150,15.8,677.62,2.9196,descent
51.9950,106.623,-5.112,0.001,1.15570,0.00,-11.335,0.0000,0.0150,15.8,677.62,2.9196,descent
52.0150,106.521,-5.112,0.001,1.15570,0.00,-11.335,0.0000,0.0150,15.8,677.62,2.9196,descent
52.0350,106.419,-5.112,0.001,1.15570,0.00,-11.335,0.0000,0.0150,15.8,677.62,2.9196,descent
52.0550,106.317,-5.112,0.001,1.15570,0.00,-11.335,0.0000,0.0150,15.8,677.62,2.9196,descent
52.0750,106.214,-5.112,0.001,1.15570,0.00,-11.335,0.0000,0.0150,15.8,677.62,2.9196,descent
52.0950,106.112,-5.112,0.001,1.15570,0.00,-11.335,0.0000,0.0150,15.8,677.62,2.9196,descent
52.1150,106.010,-5.112,0.001,1.15570,0.00,-11.335,0.0000,0.0150,15.8,677.62,2.9196,descent
52.1350,105.908,-5.112,0.001,1.15570,0.00,-11.335,0.0000,0.0150,15.8,677.62,2.9196,descent
52.1550,105.805,-5.112,0.001,1.15570,0.00,-11.335,0.0000,0.0150,15.8,677.62,2.9196,descent
52.1750,105.703,-5.112,0.001,1.15570,0.00,-11.335,0.0000,0.0150,15.8,677.62,2.9196,descent
52.1950,105.601,-5.112,0.001,1.15570,0.00,-11.335,0.0000,0.0150,15.8,677.62,2.9196,descent
52.2150,105.499,-5.112,0.001,1.15570,0.00,-11.335,0.0000,0.0150,15.8,677.62,2.9196,descent
52.2350,105.396,-5.112,0.001,1.15570,0.00,-11.335,0.0000,0.0150,15.8,677.62,2.9196,descent
52.2550,105.294,-5.112,0.001,1.15570,0.00,-11.335,0.0000,0.0150,15.8,677.62,2.9196,descent
52.2750,105.192,-5.112,0.001,1.15570,0.00,-11.335,0.0000,0.0150,15.8,677.62,2.9196,descent
52.2950,105.090,-5.112,0.001,1.15570,0.00,-11.335,0.0000,0.0150,15.8,677.62,2.9196,descent
52.3150,104.988,-5.112,0.001,1.15570,0.00,-11.335,0.0000,0.0150,15.8,677.62,2.9196,descent
52.3350,104.885,-5.112,0.001,1.15570,0.00,-11.335,0.0000,0.0150,15.8,677.62,2.9196,descent
52.3550,104.783,-5.112,0.001,1.15570,0.00,-11.335,0.0000,0.0150,15.8,677.62,2.9196,descent
52.3750,104.681,-5.112,0.001,1.15570,0.00,-11.335,0.0000,0.0150,15.8,677.62,2.9196,descent
52.3950,104.579,-5.112,0.001,1.15570,0.00,-11.335,0.0000,0.0150,15.8,677.62,2.9196,descent
52.4150,104.476,-5.112,0.001,1.15570,0.00,-11.335,0.0000,0.0150,15.8,677.62,2.9196,descent
52.4350,104.374,-5.112,0.001,1.15570,0.00,-11.335,0.0000,0.0150,15.8,677.62,2.9196,descent
52.4550,104.272,-5.112,0.001,1.15570,0.00,-11.335,0.0000,0.0150,15.8,677.62,2.9196,descent
52.4750,104.170,-5.112,0.001,1.15570,0.00,-11.335,0.0000,0.0150,15.8,677.62,2.9196,descent
52.4950,104.067,-5.112,0.001,1.15570,0.00,-11.335,0.0000,0.0150,15.8,677.62,2.9196,descent
52.5150,103.965,-5.112,0.001,1.15570,0.00,-11.335,0.0000,0.0150,15.8,677.62,2.9196,descent
52.5350,103.863,-5.112,0.001,1.15570,0.00,-11.335,0.0000,0.0150,15.8,677.62,2.9196,descent
52.5550,103.761,-5.112,0.001,1.15570,0.00,-11.335,0.0000,0.0150,15.8,677.62,2.9196,descent
52.5750,103.658,-5.112,0.001,1.15570,0.00,-11.335,0.0000,0.0150,15.8,677.62,2.9196,descent
52.5950,103.556,-5.112,0.001,1.15570,0.00,-11.335,0.0000,0.0150,15.8,677.62,2.9196,descent
52.6150,103.454,-5.112,0.001,1.15570,0.00,-11.335,0.0000,0.0150,15.8,677.62,2.9196,descent
52.6350,103.352,-5.112,0.001,1.15570,0.00,-11.335,0.0000,0.0150,15.8,677.62,2.9196,descent
52.6550,103.250,-5.112,0.001,1.15570,0.00,-11.335,0.0000,0.0150,15.8,677.62,2.9196,descent
52.6750,103.147,-5.112,0.001,1.15570,0.00,-11.335,0.0000,0.0150,15.8,677.62,2.9196,descent
52.6950,103.045,-5.112,0.001,1.15570,0.00,-11.335,0.0000,0.0150,15.8,677.62,2.9196,descent
52.7150,102.943,-5.112,0.001,1.15570,0.00,-11.335,0.0000,0.0150,15.8,677.62,2.9196,descent
52.7350,102.841,-5.112,0.001,1.15570,0.00,-11.335,0.0000,0.0150,15.8,677.62,2.9196,descent
52.7550,102.738,-5.111,0.001,1.15570,0.00,-11.335,0.0000,0.0150,15.8,677.62,2.9196,descent
52.7750,102.636,-5.111,0.001,1.15570,0.00,-11.335,0.0000,0.0150,15.8,677.62,2.9196,descent
52.7950,102.534,-5.111,0.001,1.15570,0.00,-11.335,0.0000,0.0150,15.8,677.62,2.9196,descent
52.8150,102.432,-5.111,0.001,1.15570,0.00,-11.335,0.0000,0.0150,15.8,677.62,2.9196,descent
52.8350,102.329,-5.111,0.001,1.15570,0.00,-11.335,0.0000,0.0150,15.8,677.62,2.9196,descent
52.8550,102.227,-5.111,0.001,1.15570,0.00,-11.335,0.0000,0.0150,15.8,677.62,2.9196,descent
52.8750,102.125,-5.111,0.001,1.15570,0.00,-11.335,0.0000,0.0150,15.8,677.62,2.9196,descent
52.8950,102.023,-5.111,0.001,1.15570,0.00,-11.335,0.0000,0.0150,15.8,677.62,2.9196,descent
52.9150,101.921,-5.111,0.001,1.15570,0.00,-11.335,0.0000,0.0150,15.8,677.62,2.9196,descent
52.9350,101.818,-5.111,0.001,1.15570,0.00,-11.335,0.0000,0.0150,15.8,677.62,2.9196,descent
52.9550,101.716,-5.111,0.001,1.15570,0.00,-11.335,0.0000,0.0150,15.8,677.62,2.9196,descent
52.9750,101.614,-5.111,0.001,1.15570,0.00,-11.335,0.0000,0.0150,15.8,677.62,2.9196,descent
52.9950,101.512,-5.111,0.001,1.15570,0.00,-11.335,0.0000,0.0150,15.8,677.62,2.9196,descent
53.0150,101.409,-5.111,0.001,1.15570,0.00,-11.335,0.0000,0.0150,15.8,677.62,2.9196,descent
53.0350,101.307,-5.111,0.001,1.15570,0.00,-11.335,0.0000,0.0150,15.8,677.62,2.9196,descent
53.0550,101.205,-5.111,0.001,1.15570,0.00,-11.335,0.0000,0.0150,15.8,677.62,2.9196,descent
53.0750,101.103,-5.111,0.001,1.15570,0.00,-11.335,0.0000,0.0150,15.8,677.62,2.9196,descent
53.0950,101.001,-5.111,0.001,1.15570,0.00,-11.335,0.0000,0.0150,15.8,677.62,2.9196,descent
53.1150,100.898,-5.111,0.001,1.15570,0.00,-11.335,0.0000,0.0150,15.8,677.62,2.9196,descent
53.1350,100.796,-5.111,0.001,1.15570,0.00,-11.335,0.0000,0.0150,15.8,677.62,2.9196,descent
53.1550,100.694,-5.111,0.001,1.15570,0.00,-11.335,0.0000,0.0150,15.8,677.62,2.9196,descent
53.1750,100.592,-5.111,0.001,1.15570,0.00,-11.335,0.0000,0.0150,15.8,677.62,2.9196,descent
53.1950,100.489,-5.111,0.001,1.15570,0.00,-11.335,0.0000,0.0150,15.8,677.62,2.9196,descent
53.2150,100.387,-5.111,0.001,1.15570,0.00,-11.335,0.0000,0.0150,15.8,677.62,2.9196,descent
53.2350,100.285,-5.111,0.001,1.15570,0.00,-11.335,0.0000,0.0150,15.8,677.62,2.9196,descent
53.2550,100.183,-5.111,0.001,1.15570,0.00,-11.335,0.0000,0.0150,15.8,677.62,2.9196,descent
53.2750,100.081,-5.111,0.001,1.15570,0.00,-11.335,0.0000,0.0150,15.8,677.62,2.9196,descent
53.2950,99.978,-5.111,0.001,1.15570,0.00,-11.335,0.0000,0.0150,15.8,677.62,2.9196,descent
53.3150,99.876,-5.111,0.001,1.15570,0.00,-11.335,0.0000,0.0150,15.8,677.62,2.9196,descent
53.3350,99.774,-5.111,0.001,1.15570,0.00,-11.335,0.0000,0.0150,15.8,677.62,2.9196,descent
53.3550,99.672,-5.111,0.001,1.15570,0.00,-11.335,0.0000,0.0150,15.8,677.62,2.9196,descent
53.3750,99.569,-5.111,0.001,1.15570,0.00,-11.335,0.0000,0.0150,15.8,677.62,2.9196,descent
53.3950,99.467,-5.111,0.001,1.15570,0.00,-11.335,0.0000,0.0150,15.8,677.62,2.9196,descent
53.4150,99.365,-5.111,0.001,1.15570,0.00,-11.335,0.0000,0.0150,15.8,677.62,2.9196,descent
53.4350,99.263,-5.111,0.001,1.15570,0.00,-11.335,0.0000,0.0150,15.8,677.62,2.9196,descent
53.4550,99.161,-5.111,0.001,1.15570,0.00,-11.335,0.0000,0.0150,15.8,677.62,2.9196,descent
53.4750,99.058,-5.111,0.001,1.15570,0.00,-11.335,0.0000,0.0150,15.8,677.62,2.9196,descent
53.4950,98.956,-5.111,0.001,1.15570,0.00,-11.335,0.0000,0.0150,15.8,677.62,2.9196,descent
53.5150,98.854,-5.111,0.001,1.15570,0.00,-11.335,0.0000,0.0150,15.8,677.62,2.9196,descent
53.5350,98.752,-5.111,0.001,1.15570,0.00,-11.335,0.0000,0.0150,15.8,677.62,2.9196,descent
53.5550,98.650,-5.110,0.001,1.15570,0.00,-11.335,0.0000,0.0150,15.8,677.62,2.9196,descent
53.5750,98.547,-5.110,0.001,1.15570,0.00,-11.335,0.0000,0.0150,15.8,677.62,2.9196,descent
53.5950,98.445,-5.110,0.001,1.15570,0.00,-11.335,0.0000,0.0150,15.8,677.62,2.9196,descent
53.6150,98.343,-5.110,0.001,1.15570,0.00,-11.335,0.0000,0.0150,15.8,677.62,2.9196,descent
53.6350,98.241,-5.110,0.001,1.15570,0.00,-11.335,0.0000,0.0150,15.8,677.62,2.9196,descent
53.6550,98.139,-5.110,0.001,1.15570,0.00,-11.335,0.0000,0.0150,15.8,677.62,2.9196,descent
53.6750,98.036,-5.110,0.001,1.15570,0.00,-11.335,0.0000,0.0150,15.8,677.62,2.9196,descent
53.6950,97.934,-5.110,0.001,1.15570,0.00,-11.335,0.0000,0.0150,15.8,677.62,2.9196,descent
53.7150,97.832,-5.110,0.001,1.15570,0.00,-11.335,0.0000,0.0150,15.8,677.62,2.9196,descent
53.7350,97.730,-5.110,0.001,1.15570,0.00,-11.335,0.0000,0.0150,15.8,677.62,2.9196,descent
53.7550,97.627,-5.110,0.001,1.15570,0.00,-11.335,0.0000,0.0150,15.8,677.62,2.9196,descent
53.7750,97.525,-5.110,0.001,1.15570,0.00,-11.335,0.0000,0.0150,15.8,677.62,2.9196,descent
53.7950,97.423,-5.110,0.001,1.15570,0.00,-11.335,0.0000,0.0150,15.8,677.62,2.9196,descent
53.8150,97.321,-5.110,0.001,1.15570,0.00,-11.335,0.0000,0.0150,15.8,677.62,2.9196,descent
53.8350,97.219,-5.110,0.001,1.15570,0.00,-11.335,0.0000,0.0150,15.8,677.62,2.9196,descent
53.8550,97.116,-5.110,0.001,1.15570,0.00,-11.335,0.0000,0.0150,15.8,677.62,2.9196,descent
53.8750,97.014,-5.110,0.001,1.15570,0.00,-11.335,0.0000,0.0150,15.8,677.62,2.9196,descent
53.8950,96.912,-5.110,0.001,1.15570,0.00,-11.335,0.0000,0.0150,15.8,677.62,2.9196,descent
53.9150,96.810,-5.110,0.001,1.15570,0.00,-11.335,0.0000,0.0150,15.8,677.62,2.9196,descent
53.9350,96.708,-5.110,0.001,1.15570,0.00,-11.335,0.0000,0.0150,15.8,677.62,2.9196,descent
53.9550,96.605,-5.110,0.001,1.15570,0.00,-11.335,0.0000,0.0150,15.8,677.62,2.9196,descent
53.9750,96.503,-5.110,0.001,1.15570,0.00,-11.335,0.0000,0.0150,15.8,677.62,2.9196,descent
53.9950,96.401,-5.110,0.001,1.15570,0.00,-11.335,0.0000,0.0150,15.8,677.62,2.9196,descent
54.0150,96.299,-5.110,0.001,1.15570,0.00,-11.335,0.0000,0.0150,15.8,677.62,2.9196,descent
54.0350,96.197,-5.110,0.001,1.15570,0.00,-11.335,0.0000,0.0150,15.8,677.62,2.9196,descent
54.0550,96.094,-5.110,0.001,1.15570,0.00,-11.335,0.0000,0.0150,15.8,677.62,2.9196,descent
54.0750,95.992,-5.110,0.001,1.15570,0.00,-11.335,0.0000,0.0150,15.8,677.62,2.9196,descent
54.0950,95.890,-5.110,0.001,1.15570,0.00,-11.335,0.0000,0.0150,15.8,677.62,2.9196,descent
54.1150,95.788,-5.110,0.001,1.15570,0.00,-11.335,0.0000,0.0150,15.8,677.62,2.9196,descent
54.1350,95.686,-5.110,0.001,1.15570,0.00,-11.335,0.0000,0.0150,15.8,677.62,2.9196,descent
54.1550,95.583,-5.110,0.001,1.15570,0.00,-11.335,0.0000,0.0150,15.8,677.62,2.9196,descent
54.1750,95.481,-5.110,0.001,1.15570,0.00,-11.335,0.0000,0.0150,15.8,677.62,2.9196,descent
54.1950,95.379,-5.110,0.001,1.15570,0.00,-11.335,0.0000,0.0150,15.8,677.62,2.9196,descent
54.2150,95.277,-5.110,0.001,1.15570,0.00,-11.335,0.0000,0.0150,15.8,677.62,2.9196,descent
54.2350,95.175,-5.110,0.001,1.15570,0.00,-11.335,0.0000,0.0150,15.8,677.62,2.9196,descent
54.2550,95.073,-5.110,0.001,1.15570,0.00,-11.335,0.0000,0.0150,15.8,677.62,2.9196,descent
54.2750,94.970,-5.110,0.001,1.15570,0.00,-11.335,0.0000,0.0150,15.8,677.62,2.9196,descent
54.2950,94.868,-5.110,0.001,1.15570,0.00,-11.335,0.0000,0.0150,15.8,677.62,2.9196,descent
54.3150,94.766,-5.110,0.001,1.15570,0.00,-11.335,0.0000,0.0150,15.8,677.62,2.9196,descent
54.3350,94.664,-5.110,0.001,1.15570,0.00,-11.335,0.0000,0.0150,15.8,677.62,2.9196,descent
54.3550,94.562,-5.109,0.001,1.15570,0.00,-11.335,0.0000,0.0150,15.8,677.62,2.9196,descent
54.3750,94.459,-5.109,0.001,1.15570,0.00,-11.335,0.0000,0.0150,15.8,677.62,2.9196,descent
54.3950,94.357,-5.109,0.001,1.15570,0.00,-11.335,0.0000,0.0150,15.8,677.62,2.9196,descent
54.4150,94.255,-5.109,0.001,1.15570,0.00,-11.335,0.0000,0.0150,15.8,677.62,2.9196,descent
54.4350,94.153,-5.109,0.001,1.15570,0.00,-11.335,0.0000,0.0150,15.8,677.62,2.9196,descent
54.4550,94.051,-5.109,0.001,1.15570,0.00,-11.335,0.0000,0.0150,15.8,677.62,2.9196,descent
54.4750,93.948,-5.109,0.001,1.15570,0.00,-11.335,0.0000,0.0150,15.8,677.62,2.9196,descent
54.4950,93.846,-5.109,0.001,1.15570,0.00,-11.335,0.0000,0.0150,15.8,677.62,2.9196,descent
54.5150,93.744,-5.109,0.001,1.15570,0.00,-11.335,0.0000,0.0150,15.8,677.62,2.9196,descent
54.5350,93.642,-5.109,0.001,1.15570,0.00,-11.335,0.0000,0.0150,15.8,677.62,2.9196,descent
54.5550,93.540,-5.109,0.001,1.15570,0.00,-11.335,0.0000,0.0150,15.8,677.62,2.9196,descent
54.5750,93.438,-5.109,0.001,1.15570,0.00,-11.335,0.0000,0.0150,15.8,677.62,2.9196,descent
54.5950,93.335,-5.109,0.001,1.15570,0.00,-11.335,0.0000,0.0150,15.8,677.62,2.9196,descent
54.6150,93.233,-5.109,0.001,1.15570,0.00,-11.335,0.0000,0.0150,15.8,677.62,2.9196,descent
54.6350,93.131,-5.109,0.001,1.15570,0.00,-11.335,0.0000,0.0150,15.8,677.62,2.9196,descent
54.6550,93.029,-5.109,0.001,1.15570,0.00,-11.335,0.0000,0.0150,15.8,677.62,2.9196,descent
54.6750,92.927,-5.109,0.001,1.15570,0.00,-11.335,0.0000,0.0150,15.8,677.62,2.9196,descent
54.6950,92.824,-5.109,0.001,1.15570,0.00,-11.335,0.0000,0.0150,15.8,677.62,2.9196,descent
54.7150,92.722,-5.109,0.001,1.15570,0.00,-11.335,0.0000,0.0150,15.8,677.62,2.9196,descent
54.7350,92.620,-5.109,0.001,1.15570,0.00,-11.335,0.0000,0.0150,15.8,677.62,2.9196,descent
54.7550,92.518,-5.109,0.001,1.15570,0.00,-11.335,0.0000,0.0150,15.8,677.62,2.9196,descent
54.7750,92.416,-5.109,0.001,1.15570,0.00,-11.335,0.0000,0.0150,15.8,677.62,2.9196,descent
54.7950,92.314,-5.109,0.001,1.15570,0.00,-11.335,0.0000,0.0150,15.8,677.62,2.9196,descent
54.8150,92.211,-5.109,0.001,1.15570,0.00,-11.335,0.0000,0.0150,15.8,677.62,2.9196,descent
54.8350,92.109,-5.109,0.001,1.15570,0.00,-11.335,0.0000,0.0150,15.8,677.62,2.9196,descent
54.8550,92.007,-5.109,0.001,1.15570,0.00,-11.335,0.0000,0.0150,15.8,677.62,2.9196,descent
54.8750,91.905,-5.109,0.001,1.15570,0.00,-11.335,0.0000,0.0150,15.8,677.62,2.9196,descent
54.8950,91.803,-5.109,0.001,1.15570,0.00,-11.335,0.0000,0.0150,15.8,677.62,2.9196,descent
54.9150,91.700,-5.109,0.001,1.15570,0.00,-11.335,0.0000,0.0150,15.8,677.62,2.9196,descent
54.9350,91.598,-5.109,0.001,1.15570,0.00,-11.335,0.0000,0.0150,15.8,677.62,2.9196,descent
54.9550,91.496,-5.109,0.001,1.15570,0.00,-11.335,0.0000,0.0150,15.8,677.62,2.9196,descent
54.9750,91.394,-5.109,0.001,1.15570,0.00,-11.335,0.0000,0.0150,15.8,677.62,2.9196,descent
54.9950,91.292,-5.109,0.001,1.15570,0.00,-11.335,0.0000,0.0150,15.8,677.62,2.9196,descent
55.0150,91.190,-5.109,0.001,1.15570,0.00,-11.335,0.0000,0.0150,15.8,677.62,2.9196,descent
55.0350,91.087,-5.109,0.001,1.15570,0.00,-11.335,0.0000,0.0150,15.8,677.62,2.9196,descent
55.0550,90.985,-5.109,0.001,1.15570,0.00,-11.335,0.0000,0.0150,15.8,677.62,2.9196,descent
55.0750,90.883,-5.109,0.001,1.15570,0.00,-11.335,0.0000,0.0150,15.8,677.62,2.9196,descent
55.0950,90.781,-5.109,0.001,1.15570,0.00,-11.335,0.0000,0.0150,15.8,677.62,2.9196,descent
55.1150,90.679,-5.109,0.001,1.15570,0.00,-11.335,0.0000,0.0150,15.8,677.62,2.9196,descent
55.1350,90.577,-5.108,0.001,1.15570,0.00,-11.335,0.0000,0.0150,15.8,677.62,2.9196,descent
55.1550,90.474,-5.108,0.001,1.15570,0.00,-11.335,0.0000,0.0150,15.8,677.62,2.9196,descent
55.1750,90.372,-5.108,0.001,1.15570,0.00,-11.335,0.0000,0.0150,15.8,677.62,2.9196,descent
55.1950,90.270,-5.108,0.001,1.15570,0.00,-11.335,0.0000,0.0150,15.8,677.62,2.9196,descent
55.2150,90.168,-5.108,0.001,1.15570,0.00,-11.335,0.0000,0.0150,15.8,677.62,2.9196,descent
55.2350,90.066,-5.108,0.001,1.15570,0.00,-11.335,0.0000,0.0150,15.8,677.62,2.9196,descent
55.2550,89.964,-5.108,0.001,1.15570,0.00,-11.335,0.0000,0.0150,15.8,677.62,2.9196,descent
55.2750,89.861,-5.108,0.001,1.15570,0.00,-11.335,0.0000,0.0150,15.8,677.62,2.9196,descent
55.2950,89.759,-5.108,0.001,1.15570,0.00,-11.335,0.0000,0.0150,15.8,677.62,2.9196,descent
55.3150,89.657,-5.108,0.001,1.15570,0.00,-11.335,0.0000,0.0150,15.8,677.62,2.9196,descent
55.3350,89.555,-5.108,0.001,1.15570,0.00,-11.335,0.0000,0.0150,15.8,677.62,2.9196,descent
55.3550,89.453,-5.108,0.001,1.15570,0.00,-11.335,0.0000,0.0150,15.8,677.62,2.9196,descent
55.3750,89.351,-5.108,0.001,1.15570,0.00,-11.335,0.0000,0.0150,15.8,677.62,2.9196,descent
55.3950,89.248,-5.108,0.001,1.15570,0.00,-11.335,0.0000,0.0150,15.8,677.62,2.9196,descent
55.4150,89.146,-5.108,0.001,1.15570,0.00,-11.335,0.0000,0.0150,15.8,677.62,2.9196,descent
55.4350,89.044,-5.108,0.001,1.15570,0.00,-11.335,0.0000,0.0150,15.8,677.62,2.9196,descent
55.4550,88.942,-5.108,0.001,1.15570,0.00,-11.335,0.0000,0.0150,15.8,677.62,2.9196,descent
55.4750,88.840,-5.108,0.001,1.15570,0.00,-11.335,0.0000,0.0150,15.8,677.62,2.9196,descent
55.4950,88.738,-5.108,0.001,1.15570,0.00,-11.335,0.0000,0.0150,15.8,677.62,2.9196,descent
55.5150,88.635,-5.108,0.001,1.15570,0.00,-11.335,0.0000,0.0150,15.8,677.62,2.9196,descent
55.5350,88.533,-5.108,0.001,1.15570,0.00,-11.335,0.0000,0.0150,15.8,677.62,2.9196,descent
55.5550,88.431,-5.108,0.001,1.15570,0.00,-11.335,0.0000,0.0150,15.8,677.62,2.9196,descent
55.5750,88.329,-5.108,0.001,1.15570,0.00,-11.335,0.0000,0.0150,15.8,677.62,2.9196,descent
55.5950,88.227,-5.108,0.001,1.15570,0.00,-11.335,0.0000,0.0150,15.8,677.62,2.9196,descent
55.6150,88.125,-5.108,0.001,1.15570,0.00,-11.335,0.0000,0.0150,15.8,677.62,2.9196,descent
55.6350,88.022,-5.108,0.001,1.15570,0.00,-11.335,0.0000,0.0150,15.8,677.62,2.9196,descent
55.6550,87.920,-5.108,0.001,1.15570,0.00,-11.335,0.0000,0.0150,15.8,677.62,2.9196,descent
55.6750,87.818,-5.108,0.001,1.15570,0.00,-11.335,0.0000,0.0150,15.8,677.62,2.9196,descent
55.6950,87.716,-5.108,0.001,1.15570,0.00,-11.335,0.0000,0.0150,15.8,677.62,2.9196,descent
55.7150,87.614,-5.108,0.001,1.15570,0.00,-11.335,0.0000,0.0150,15.8,677.62,2.9196,descent
55.7350,87.512,-5.108,0.001,1.15570,0.00,-11.335,0.0000,0.0150,15.8,677.62,2.9196,descent
55.7550,87.410,-5.108,0.001,1.15570,0.00,-11.335,0.0000,0.0150,15.8,677.62,2.9196,descent
55.7750,87.307,-5.108,0.001,1.15570,0.00,-11.335,0.0000,0.0150,15.8,677.62,2.9196,descent
55.7950,87.205,-5.108,0.001,1.15570,0.00,-11.335,0.0000,0.0150,15.8,677.62,2.9196,descent
55.8150,87.103,-5.108,0.001,1.15570,0.00,-11.335,0.0000,0.0150,15.8,677.62,2.9196,descent
55.8350,87.001,-5.108,0.001,1.15570,0.00,-11.335,0.0000,0.0150,15.8,677.62,2.9196,descent
55.8550,86.899,-5.108,0.001,1.15570,0.00,-11.335,0.0000,0.0150,15.8,677.62,2.9196,descent
55.8750,86.797,-5.108,0.001,1.15570,0.00,-11.335,0.0000,0.0150,15.8,677.62,2.9196,descent
55.8950,86.694,-5.108,0.001,1.15570,0.00,-11.335,0.0000,0.0150,15.8,677.62,2.9196,descent
55.9150,86.592,-5.108,0.001,1.15570,0.00,-11.335,0.0000,0.0150,15.8,677.62,2.9196,descent
55.9350,86.490,-5.107,0.001,1.15570,0.00,-11.335,0.0000,0.0150,15.8,677.62,2.9196,descent
55.9550,86.388,-5.107,0.001,1.15570,0.00,-11.335,0.0000,0.0150,15.8,677.62,2.9196,descent
55.9750,86.286,-5.107,0.001,1.15570,0.00,-11.335,0.0000,0.0150,15.8,677.62,2.9196,descent
55.9950,86.184,-5.107,0.001,1.15570,0.00,-11.335,0.0000,0.0150,15.8,677.62,2.9196,descent
56.0150,86.082,-5.107,0.001,1.15570,0.00,-11.335,0.0000,0.0150,15.8,677.62,2.9196,descent
56.0350,85.979,-5.107,0.001,1.15570,0.00,-11.335,0.0000,0.0150,15.8,677.62,2.9196,descent
56.0550,85.877,-5.107,0.001,1.15570,0.00,-11.335,0.0000,0.0150,15.8,677.62,2.9196,descent
56.0750,85.775,-5.107,0.001,1.15570,0.00,-11.335,0.0000,0.0150,15.8,677.62,2.9196,descent
56.0950,85.673,-5.107,0.001,1.15570,0.00,-11.335,0.0000,0.0150,15.8,677.62,2.9196,descent
56.1150,85.571,-5.107,0.001,1.15570,0.00,-11.335,0.0000,0.0150,15.8,677.62,2.9196,descent
56.1350,85.469,-5.107,0.001,1.15570,0.00,-11.335,0.0000,0.0150,15.8,677.62,2.9196,descent
56.1550,85.367,-5.107,0.001,1.15570,0.00,-11.335,0.0000,0.0150,15.8,677.62,2.9196,descent
56.1750,85.264,-5.107,0.001,1.15570,0.00,-11.335,0.0000,0.0150,15.8,677.62,2.9196,descent
56.1950,85.162,-5.107,0.001,1.15570,0.00,-11.335,0.0000,0.0150,15.8,677.62,2.9196,descent
56.2150,85.060,-5.107,0.001,1.15570,0.00,-11.335,0.0000,0.0150,15.8,677.62,2.9196,descent
56.2350,84.958,-5.107,0.001,1.15570,0.00,-11.335,0.0000,0.0150,15.8,677.62,2.9196,descent
56.2550,84.856,-5.107,0.001,1.15570,0.00,-11.335,0.0000,0.0150,15.8,677.62,2.9196,descent
56.2750,84.754,-5.107,0.001,1.15570,0.00,-11.335,0.0000,0.0150,15.8,677.62,2.9196,descent
56.2950,84.652,-5.107,0.001,1.15570,0.00,-11.335,0.0000,0.0150,15.8,677.62,2.9196,descent
56.3150,84.549,-5.107,0.001,1.15570,0.00,-11.335,0.0000,0.0150,15.8,677.62,2.9196,descent
56.3350,84.447,-5.107,0.001,1.15570,0.00,-11.335,0.0000,0.0150,15.8,677.62,2.9196,descent
56.3550,84.345,-5.107,0.001,1.15570,0.00,-11.335,0.0000,0.0150,15.8,677.62,2.9196,descent
56.3750,84.243,-5.107,0.001,1.15570,0.00,-11.335,0.0000,0.0150,15.8,677.62,2.9196,descent
56.3950,84.141,-5.107,0.001,1.15570,0.00,-11.335,0.0000,0.0150,15.8,677.62,2.9196,descent
56.4150,84.039,-5.107,0.001,1.15570,0.00,-11.335,0.0000,0.0150,15.8,677.62,2.9196,descent
56.4350,83.937,-5.107,0.001,1.15570,0.00,-11.335,0.0000,0.0150,15.8,677.62,2.9196,descent
56.4550,83.834,-5.107,0.001,1.15570,0.00,-11.335,0.0000,0.0150,15.8,677.62,2.9196,descent
56.4750,83.732,-5.107,0.001,1.15570,0.00,-11.335,0.0000,0.0150,15.8,677.62,2.9196,descent
56.4950,83.630,-5.107,0.001,1.15570,0.00,-11.335,0.0000,0.0150,15.8,677.62,2.9196,descent
56.5150,83.528,-5.107,0.001,1.15570,0.00,-11.335,0.0000,0.0150,15.8,677.62,2.9196,descent
56.5350,83.426,-5.107,0.001,1.15570,0.00,-11.335,0.0000,0.0150,15.8,677.62,2.9196,descent
56.5550,83.324,-5.107,0.001,1.15570,0.00,-11.335,0.0000,0.0150,15.8,677.62,2.9196,descent
56.5750,83.222,-5.107,0.001,1.15570,0.00,-11.335,0.0000,0.0150,15.8,677.62,2.9196,descent
56.5950,83.119,-5.107,0.001,1.15570,0.00,-11.335,0.0000,0.0150,15.8,677.62,2.9196,descent
56.6150,83.017,-5.107,0.001,1.15570,0.00,-11.335,0.0000,0.0150,15.8,677.62,2.9196,descent
56.6350,82.915,-5.107,0.001,1.15570,0.00,-11.335,0.0000,0.0150,15.8,677.62,2.9196,descent
56.6550,82.813,-5.107,0.001,1.15570,0.00,-11.335,0.0000,0.0150,15.8,677.62,2.9196,descent
56.6750,82.711,-5.107,0.001,1.15570,0.00,-11.335,0.0000,0.0150,15.8,677.62,2.9196,descent
56.6950,82.609,-5.107,0.001,1.15570,0.00,-11.335,0.0000,0.0150,15.8,677.62,2.9196,descent
56.7150,82.507,-5.107,0.001,1.15570,0.00,-11.335,0.0000,0.0150,15.8,677.62,2.9196,descent
56.7350,82.405,-5.106,0.001,1.15570,0.00,-11.335,0.0000,0.0150,15.8,677.62,2.9196,descent
56.7550,82.302,-5.106,0.001,1.15570,0.00,-11.335,0.0000,0.0150,15.8,677.62,2.9196,descent
56.7750,82.200,-5.106,0.001,1.15570,0.00,-11.335,0.0000,0.0150,15.8,677.62,2.9196,descent
56.7950,82.098,-5.106,0.001,1.15570,0.00,-11.335,0.0000,0.0150,15.8,677.62,2.9196,descent
56.8150,81.996,-5.106,0.001,1.15570,0.00,-11.335,0.0000,0.0150,15.8,677.62,2.9196,descent
56.8350,81.894,-5.106,0.001,1.15570,0.00,-11.335,0.0000,0.0150,15.8,677.62,2.9196,descent
56.8550,81.792,-5.106,0.001,1.15570,0.00,-11.335,0.0000,0.0150,15.8,677.62,2.9196,descent
56.8750,81.690,-5.106,0.001,1.15570,0.00,-11.335,0.0000,0.0150,15.8,677.62,2.9196,descent
56.8950,81.588,-5.106,0.001,1.15570,0.00,-11.335,0.0000,0.0150,15.8,677.62,2.9196,descent
56.9150,81.485,-5.106,0.001,1.15570,0.00,-11.335,0.0000,0.0150,15.8,677.62,2.9196,descent
56.9350,81.383,-5.106,0.001,1.15570,0.00,-11.335,0.0000,0.0150,15.8,677.62,2.9196,descent
56.9550,81.281,-5.106,0.001,1.15570,0.00,-11.335,0.0000,0.0150,15.8,677.62,2.9196,descent
56.9750,81.179,-5.106,0.001,1.15570,0.00,-11.335,0.0000,0.0150,15.8,677.62,2.9196,descent
56.9950,81.077,-5.106,0.001,1.15570,0.00,-11.335,0.0000,0.0150,15.8,677.62,2.9196,descent
57.0150,80.975,-5.106,0.001,1.15570,0.00,-11.335,0.0000,0.0150,15.8,677.62,2.9196,descent
57.0350,80.873,-5.106,0.001,1.15570,0.00,-11.335,0.0000,0.0150,15.8,677.62,2.9196,descent
57.0550,80.771,-5.106,0.001,1.15570,0.00,-11.335,0.0000,0.0150,15.8,677.62,2.9196,descent
57.0750,80.668,-5.106,0.001,1.15570,0.00,-11.335,0.0000,0.0150,15.8,677.62,2.9196,descent
57.0950,80.566,-5.106,0.001,1.15570,0.00,-11.335,0.0000,0.0150,15.8,677.62,2.9196,descent
57.1150,80.464,-5.106,0.001,1.15570,0.00,-11.335,0.0000,0.0150,15.8,677.62,2.9196,descent
57.1350,80.362,-5.106,0.001,1.15570,0.00,-11.335,0.0000,0.0150,15.8,677.62,2.9196,descent
57.1550,80.260,-5.106,0.001,1.15570,0.00,-11.335,0.0000,0.0150,15.8,677.62,2.9196,descent
57.1750,80.158,-5.106,0.001,1.15570,0.00,-11.335,0.0000,0.0150,15.8,677.62,2.9196,descent
57.1950,80.056,-5.106,0.001,1.15570,0.00,-11.335,0.0000,0.0150,15.8,677.62,2.9196,descent
57.2150,79.954,-5.106,0.001,1.15570,0.00,-11.335,0.0000,0.0150,15.8,677.62,2.9196,descent
57.2350,79.851,-5.106,0.001,1.15570,0.00,-11.335,0.0000,0.0150,15.8,677.62,2.9196,descent
57.2550,79.749,-5.106,0.001,1.15570,0.00,-11.335,0.0000,0.0150,15.8,677.62,2.9196,descent
57.2750,79.647,-5.106,0.001,1.15570,0.00,-11.335,0.0000,0.0150,15.8,677.62,2.9196,descent
57.2950,79.545,-5.106,0.001,1.15570,0.00,-11.335,0.0000,0.0150,15.8,677.62,2.9196,descent
57.3150,79.443,-5.106,0.001,1.15570,0.00,-11.335,0.0000,0.0150,15.8,677.62,2.9196,descent
57.3350,79.341,-5.106,0.001,1.15570,0.00,-11.335,0.0000,0.0150,15.8,677.62,2.9196,descent
57.3550,79.239,-5.106,0.001,1.15570,0.00,-11.335,0.0000,0.0150,15.8,677.62,2.9196,descent
57.3750,79.137,-5.106,0.001,1.15570,0.00,-11.335,0.0000,0.0150,15.8,677.62,2.9196,descent
57.3950,79.035,-5.106,0.001,1.15570,0.00,-11.335,0.0000,0.0150,15.8,677.62,2.9196,descent
57.4150,78.932,-5.106,0.001,1.15570,0.00,-11.335,0.0000,0.0150,15.8,677.62,2.9196,descent
57.4350,78.830,-5.106,0.001,1.15570,0.00,-11.335,0.0000,0.0150,15.8,677.62,2.9196,descent
57.4550,78.728,-5.106,0.001,1.15570,0.00,-11.335,0.0000,0.0150,15.8,677.62,2.9196,descent
57.4750,78.626,-5.106,0.001,1.15570,0.00,-11.335,0.0000,0.0150,15.8,677.62,2.9196,descent
57.4950,78.524,-5.106,0.001,1.15570,0.00,-11.335,0.0000,0.0150,15.8,677.62,2.9196,descent
57.5150,78.422,-5.106,0.001,1.15570,0.00,-11.335,0.0000,0.0150,15.8,677.62,2.9196,descent
57.5350,78.320,-5.105,0.001,1.15570,0.00,-11.335,0.0000,0.0150,15.8,677.62,2.9196,descent
57.5550,78.218,-5.105,0.001,1.15570,0.00,-11.335,0.0000,0.0150,15.8,677.62,2.9196,descent
57.5750,78.116,-5.105,0.001,1.15570,0.00,-11.335,0.0000,0.0150,15.8,677.62,2.9196,descent
57.5950,78.013,-5.105,0.001,1.15570,0.00,-11.335,0.0000,0.0150,15.8,677.62,2.9196,descent
57.6150,77.911,-5.105,0.001,1.15570,0.00,-11.335,0.0000,0.0150,15.8,677.62,2.9196,descent
57.6350,77.809,-5.105,0.001,1.15570,0.00,-11.335,0.0000,0.0150,15.8,677.62,2.9196,descent
57.6550,77.707,-5.105,0.001,1.15570,0.00,-11.335,0.0000,0.0150,15.8,677.62,2.9196,descent
57.6750,77.605,-5.105,0.001,1.15570,0.00,-11.335,0.0000,0.0150,15.8,677.62,2.9196,descent
57.6950,77.503,-5.105,0.001,1.15570,0.00,-11.335,0.0000,0.0150,15.8,677.62,2.9196,descent
57.7150,77.401,-5.105,0.001,1.15570,0.00,-11.335,0.0000,0.0150,15.8,677.62,2.9196,descent
57.7350,77.299,-5.105,0.001,1.15570,0.00,-11.335,0.0000,0.0150,15.8,677.62,2.9196,descent
57.7550,77.197,-5.105,0.001,1.15570,0.00,-11.335,0.0000,0.0150,15.8,677.62,2.9196,descent
57.7750,77.094,-5.105,0.001,1.15570,0.00,-11.335,0.0000,0.0150,15.8,677.62,2.9196,descent
57.7950,76.992,-5.105,0.001,1.15570,0.00,-11.335,0.0000,0.0150,15.8,677.62,2.9196,descent
57.8150,76.890,-5.105,0.001,1.15570,0.00,-11.335,0.0000,0.0150,15.8,677.62,2.9196,descent
57.8350,76.788,-5.105,0.001,1.15570,0.00,-11.335,0.0000,0.0150,15.8,677.62,2.9196,descent
57.8550,76.686,-5.105,0.001,1.15570,0.00,-11.335,0.0000,0.0150,15.8,677.62,2.9196,descent
57.8750,76.584,-5.105,0.001,1.15570,0.00,-11.335,0.0000,0.0150,15.8,677.62,2.9196,descent
57.8950,76.482,-5.105,0.001,1.15570,0.00,-11.335,0.0000,0.0150,15.8,677.62,2.9196,descent
57.9150,76.380,-5.105,0.001,1.15570,0.00,-11.335,0.0000,0.0150,15.8,677.62,2.9196,descent
57.9350,76.278,-5.105,0.001,1.15570,0.00,-11.335,0.0000,0.0150,15.8,677.62,2.9196,descent
57.9550,76.176,-5.105,0.001,1.15570,0.00,-11.335,0.0000,0.0150,15.8,677.62,2.9196,descent
57.9750,76.073,-5.105,0.001,1.15570,0.00,-11.335,0.0000,0.0150,15.8,677.62,2.9196,descent
57.9950,75.971,-5.105,0.001,1.15570,0.00,-11.335,0.0000,0.0150,15.8,677.62,2.9196,descent
58.0150,75.869,-5.105,0.001,1.15570,0.00,-11.335,0.0000,0.0150,15.8,677.62,2.9196,descent
58.0350,75.767,-5.105,0.001,1.15570,0.00,-11.335,0.0000,0.0150,15.8,677.62,2.9196,descent
58.0550,75.665,-5.105,0.001,1.15570,0.00,-11.335,0.0000,0.0150,15.8,677.62,2.9196,descent
58.0750,75.563,-5.105,0.001,1.15570,0.00,-11.335,0.0000,0.0150,15.8,677.62,2.9196,descent
58.0950,75.461,-5.105,0.001,1.15570,0.00,-11.335,0.0000,0.0150,15.8,677.62,2.9196,descent
58.1150,75.359,-5.105,0.001,1.15570,0.00,-11.335,0.0000,0.0150,15.8,677.62,2.9196,descent
58.1350,75.257,-5.105,0.001,1.15570,0.00,-11.335,0.0000,0.0150,15.8,677.62,2.9196,descent
58.1550,75.155,-5.105,0.001,1.15570,0.00,-11.335,0.0000,0.0150,15.8,677.62,2.9196,descent
58.1750,75.053,-5.105,0.001,1.15570,0.00,-11.335,0.0000,0.0150,15.8,677.62,2.9196,descent
58.1950,74.950,-5.105,0.001,1.15570,0.00,-11.335,0.0000,0.0150,15.8,677.62,2.9196,descent
58.2150,74.848,-5.105,0.001,1.15570,0.00,-11.335,0.0000,0.0150,15.8,677.62,2.9196,descent
58.2350,74.746,-5.105,0.001,1.15570,0.00,-11.335,0.0000,0.0150,15.8,677.62,2.9196,descent
58.2550,74.644,-5.105,0.001,1.15570,0.00,-11.335,0.0000,0.0150,15.8,677.62,2.9196,descent
58.2750,74.542,-5.105,0.001,1.15570,0.00,-11.335,0.0000,0.0150,15.8,677.62,2.9196,descent
58.2950,74.440,-5.105,0.001,1.15570,0.00,-11.335,0.0000,0.0150,15.8,677.62,2.9196,descent
58.3150,74.338,-5.105,0.001,1.15570,0.00,-11.335,0.0000,0.0150,15.8,677.62,2.9196,descent
58.3350,74.236,-5.104,0.001,1.15570,0.00,-11.335,0.0000,0.0150,15.8,677.62,2.9196,descent
58.3550,74.134,-5.104,0.001,1.15570,0.00,-11.335,0.0000,0.0150,15.8,677.62,2.9196,descent
58.3750,74.032,-5.104,0.001,1.15570,0.00,-11.335,0.0000,0.0150,15.8,677.62,2.9196,descent
58.3950,73.930,-5.104,0.001,1.15570,0.00,-11.335,0.0000,0.0150,15.8,677.62,2.9196,descent
58.4150,73.827,-5.104,0.001,1.15570,0.00,-11.335,0.0000,0.0150,15.8,677.62,2.9196,descent
58.4350,73.725,-5.104,0.001,1.15570,0.00,-11.335,0.0000,0.0150,15.8,677.62,2.9196,descent
58.4550,73.623,-5.104,0.001,1.15570,0.00,-11.335,0.0000,0.0150,15.8,677.62,2.9196,descent
58.4750,73.521,-5.104,0.001,1.15570,0.00,-11.335,0.0000,0.0150,15.8,677.62,2.9196,descent
58.4950,73.419,-5.104,0.001,1.15570,0.00,-11.335,0.0000,0.0150,15.8,677.62,2.9196,descent
58.5150,73.317,-5.104,0.001,1.15570,0.00,-11.335,0.0000,0.0150,15.8,677.62,2.9196,descent
58.5350,73.215,-5.104,0.001,1.15570,0.00,-11.335,0.0000,0.0150,15.8,677.62,2.9196,descent
58.5550,73.113,-5.104,0.001,1.15570,0.00,-11.335,0.0000,0.0150,15.8,677.62,2.9196,descent
58.5750,73.011,-5.104,0.001,1.15570,0.00,-11.335,0.0000,0.0150,15.8,677.62,2.9196,descent
58.5950,72.909,-5.104,0.001,1.15570,0.00,-11.335,0.0000,0.0150,15.8,677.62,2.9196,descent
58.6150,72.807,-5.104,0.001,1.15570,0.00,-11.335,0.0000,0.0150,15.8,677.62,2.9196,descent
58.6350,72.705,-5.104,0.001,1.15570,0.00,-11.335,0.0000,0.0150,15.8,677.62,2.9196,descent
58.6550,72.602,-5.104,0.001,1.15570,0.00,-11.335,0.0000,0.0150,15.8,677.62,2.9196,descent
58.6750,72.500,-5.104,0.001,1.15570,0.00,-11.335,0.0000,0.0150,15.8,677.62,2.9196,descent
58.6950,72.398,-5.104,0.001,1.15570,0.00,-11.335,0.0000,0.0150,15.8,677.62,2.9196,descent
58.7150,72.296,-5.104,0.001,1.15570,0.00,-11.335,0.0000,0.0150,15.8,677.62,2.9196,descent
58.7350,72.194,-5.104,0.001,1.15570,0.00,-11.335,0.0000,0.0150,15.8,677.62,2.9196,descent
58.7550,72.092,-5.104,0.001,1.15570,0.00,-11.335,0.0000,0.0150,15.8,677.62,2.9196,descent
58.7750,71.990,-5.104,0.001,1.15570,0.00,-11.335,0.0000,0.0150,15.8,677.62,2.9196,descent
58.7950,71.888,-5.104,0.001,1.15570,0.00,-11.335,0.0000,0.0150,15.8,677.62,2.9196,descent
58.8150,71.786,-5.104,0.001,1.15570,0.00,-11.335,0.0000,0.0150,15.8,677.62,2.9196,descent
58.8350,71.684,-5.104,0.001,1.15570,0.00,-11.335,0.0000,0.0150,15.8,677.62,2.9196,descent
58.8550,71.582,-5.104,0.001,1.15570,0.00,-11.335,0.0000,0.0150,15.8,677.62,2.9196,descent
58.8750,71.480,-5.104,0.001,1.15570,0.00,-11.335,0.0000,0.0150,15.8,677.62,2.9196,descent
58.8950,71.377,-5.104,0.001,1.15570,0.00,-11.335,0.0000,0.0150,15.8,677.62,2.9196,descent
58.9150,71.275,-5.104,0.001,1.15570,0.00,-11.335,0.0000,0.0150,15.8,677.62,2.9196,descent
58.9350,71.173,-5.104,0.001,1.15570,0.00,-11.335,0.0000,0.0150,15.8,677.62,2.9196,descent
58.9550,71.071,-5.104,0.001,1.15570,0.00,-11.335,0.0000,0.0150,15.8,677.62,2.9196,descent
58.9750,70.969,-5.104,0.001,1.15570,0.00,-11.335,0.0000,0.0150,15.8,677.62,2.9196,descent
58.9950,70.867,-5.104,0.001,1.15570,0.00,-11.335,0.0000,0.0150,15.8,677.62,2.9196,descent
59.0150,70.765,-5.104,0.001,1.15570,0.00,-11.335,0.0000,0.0150,15.8,677.62,2.9196,descent
59.0350,70.663,-5.104,0.001,1.15570,0.00,-11.335,0.0000,0.0150,15.8,677.62,2.9196,descent
59.0550,70.561,-5.104,0.001,1.15570,0.00,-11.335,0.0000,0.0150,15.8,677.62,2.9196,descent
59.0750,70.459,-5.104,0.001,1.15570,0.00,-11.335,0.0000,0.0150,15.8,677.62,2.9196,descent
59.0950,70.357,-5.104,0.001,1.15570,0.00,-11.335,0.0000,0.0150,15.8,677.62,2.9196,descent
59.1150,70.255,-5.104,0.001,1.15570,0.00,-11.335,0.0000,0.0150,15.8,677.62,2.9196,descent
59.1350,70.153,-5.103,0.001,1.15570,0.00,-11.335,0.0000,0.0150,15.8,677.62,2.9196,descent
59.1550,70.051,-5.103,0.001,1.15570,0.00,-11.335,0.0000,0.0150,15.8,677.62,2.9196,descent
59.1750,69.948,-5.103,0.001,1.15570,0.00,-11.335,0.0000,0.0150,15.8,677.62,2.9196,descent
59.1950,69.846,-5.103,0.001,1.15570,0.00,-11.335,0.0000,0.0150,15.8,677.62,2.9196,descent
59.2150,69.744,-5.103,0.001,1.15570,0.00,-11.335,0.0000,0.0150,15.8,677.62,2.9196,descent
59.2350,69.642,-5.103,0.001,1.15570,0.00,-11.335,0.0000,0.0150,15.8,677.62,2.9196,descent
59.2550,69.540,-5.103,0.001,1.15570,0.00,-11.335,0.0000,0.0150,15.8,677.62,2.9196,descent
59.2750,69.438,-5.103,0.001,1.15570,0.00,-11.335,0.0000,0.0150,15.8,677.62,2.9196,descent
59.2950,69.336,-5.103,0.001,1.15570,0.00,-11.335,0.0000,0.0150,15.8,677.62,2.9196,descent
59.3150,69.234,-5.103,0.001,1.15570,0.00,-11.335,0.0000,0.0150,15.8,677.62,2.9196,descent
59.3350,69.132,-5.103,0.001,1.15570,0.00,-11.335,0.0000,0.0150,15.8,677.62,2.9196,descent
59.3550,69.030,-5.103,0.001,1.15570,0.00,-11.335,0.0000,0.0150,15.8,677.62,2.9196,descent
59.3750,68.928,-5.103,0.001,1.15570,0.00,-11.335,0.0000,0.0150,15.8,677.62,2.9196,descent
59.3950,68.826,-5.103,0.001,1.15570,0.00,-11.335,0.0000,0.0150,15.8,677.62,2.9196,descent
59.4150,68.724,-5.103,0.001,1.15570,0.00,-11.335,0.0000,0.0150,15.8,677.62,2.9196,descent
59.4350,68.622,-5.103,0.001,1.15570,0.00,-11.335,0.0000,0.0150,15.8,677.62,2.9196,descent
59.4550,68.520,-5.103,0.001,1.15570,0.00,-11.335,0.0000,0.0150,15.8,677.62,2.9196,descent
59.4750,68.417,-5.103,0.001,1.15570,0.00,-11.335,0.0000,0.0150,15.8,677.62,2.9196,descent
59.4950,68.315,-5.103,0.001,1.15570,0.00,-11.335,0.0000,0.0150,15.8,677.62,2.9196,descent
59.5150,68.213,-5.103,0.001,1.15570,0.00,-11.335,0.0000,0.0150,15.8,677.62,2.9196,descent
59.5350,68.111,-5.103,0.001,1.15570,0.00,-11.335,0.0000,0.0150,15.8,677.62,2.9196,descent
59.5550,68.009,-5.103,0.001,1.15570,0.00,-11.335,0.0000,0.0150,15.8,677.62,2.9196,descent
59.5750,67.907,-5.103,0.001,1.15570,0.00,-11.335,0.0000,0.0150,15.8,677.62,2.9196,descent
59.5950,67.805,-5.103,0.001,1.15570,0.00,-11.335,0.0000,0.0150,15.8,677.62,2.9196,descent
59.6150,67.703,-5.103,0.001,1.15570,0.00,-11.335,0.0000,0.0150,15.8,677.62,2.9196,descent
59.6350,67.601,-5.103,0.001,1.15570,0.00,-11.335,0.0000,0.0150,15.8,677.62,2.9196,descent
59.6550,67.499,-5.103,0.001,1.15570,0.00,-11.335,0.0000,0.0150,15.8,677.62,2.9196,descent
59.6750,67.397,-5.103,0.001,1.15570,0.00,-11.335,0.0000,0.0150,15.8,677.62,2.9196,descent
59.6950,67.295,-5.103,0.001,1.15570,0.00,-11.335,0.0000,0.0150,15.8,677.62,2.9196,descent
59.7150,67.193,-5.103,0.001,1.15570,0.00,-11.335,0.0000,0.0150,15.8,677.62,2.9196,descent
59.7350,67.091,-5.103,0.001,1.15570,0.00,-11.335,0.0000,0.0150,15.8,677.62,2.9196,descent
59.7550,66.989,-5.103,0.001,1.15570,0.00,-11.335,0.0000,0.0150,15.8,677.62,2.9196,descent
59.7750,66.887,-5.103,0.001,1.15570,0.00,-11.335,0.0000,0.0150,15.8,677.62,2.9196,descent
59.7950,66.785,-5.103,0.001,1.15570,0.00,-11.335,0.0000,0.0150,15.8,677.62,2.9196,descent
59.8150,66.683,-5.103,0.001,1.15570,0.00,-11.335,0.0000,0.0150,15.8,677.62,2.9196,descent
59.8350,66.580,-5.103,0.001,1.15570,0.00,-11.335,0.0000,0.0150,15.8,677.62,2.9196,descent
59.8550,66.478,-5.103,0.001,1.15570,0.00,-11.335,0.0000,0.0150,15.8,677.62,2.9196,descent
59.8750,66.376,-5.103,0.001,1.15570,0.00,-11.335,0.0000,0.0150,15.8,677.62,2.9196,descent
59.8950,66.274,-5.103,0.001,1.15570,0.00,-11.335,0.0000,0.0150,15.8,677.62,2.9196,descent
59.9150,66.172,-5.103,0.001,1.15570,0.00,-11.335,0.0000,0.0150,15.8,677.62,2.9196,descent
59.9350,66.070,-5.102,0.001,1.15570,0.00,-11.335,0.0000,0.0150,15.8,677.62,2.9196,descent
59.9550,65.968,-5.102,0.001,1.15570,0.00,-11.335,0.0000,0.0150,15.8,677.62,2.9196,descent
59.9750,65.866,-5.102,0.001,1.15570,0.00,-11.335,0.0000,0.0150,15.8,677.62,2.9196,descent
59.9950,65.764,-5.102,0.001,1.15570,0.00,-11.335,0.0000,0.0150,15.8,677.62,2.9196,descent
60.0150,65.662,-5.102,0.001,1.15570,0.00,-11.335,0.0000,0.0150,15.8,677.62,2.9196,descent
60.0350,65.560,-5.102,0.001,1.15570,0.00,-11.335,0.0000,0.0150,15.8,677.62,2.9196,descent
60.0550,65.458,-5.102,0.001,1.15570,0.00,-11.335,0.0000,0.0150,15.8,677.62,2.9196,descent
60.0750,65.356,-5.102,0.001,1.15570,0.00,-11.335,0.0000,0.0150,15.8,677.62,2.9196,descent
60.0950,65.254,-5.102,0.001,1.15570,0.00,-11.335,0.0000,0.0150,15.8,677.62,2.9196,descent
60.1150,65.152,-5.102,0.001,1.15570,0.00,-11.335,0.0000,0.0150,15.8,677.62,2.9196,descent
60.1350,65.050,-5.102,0.001,1.15570,0.00,-11.335,0.0000,0.0150,15.8,677.62,2.9196,descent
60.1550,64.948,-5.102,0.001,1.15570,0.00,-11.335,0.0000,0.0150,15.8,677.62,2.9196,descent
60.1750,64.846,-5.102,0.001,1.15570,0.00,-11.335,0.0000,0.0150,15.8,677.62,2.9196,descent
60.1950,64.744,-5.102,0.001,1.15570,0.00,-11.335,0.0000,0.0150,15.8,677.62,2.9196,descent
60.2150,64.642,-5.102,0.001,1.15570,0.00,-11.335,0.0000,0.0150,15.8,677.62,2.9196,descent
60.2350,64.540,-5.102,0.001,1.15570,0.00,-11.335,0.0000,0.0150,15.8,677.62,2.9196,descent
60.2550,64.437,-5.102,0.001,1.15570,0.00,-11.335,0.0000,0.0150,15.8,677.62,2.9196,descent
60.2750,64.335,-5.102,0.001,1.15570,0.00,-11.335,0.0000,0.0150,15.8,677.62,2.9196,descent
60.2950,64.233,-5.102,0.001,1.15570,0.00,-11.335,0.0000,0.0150,15.8,677.62,2.9196,descent
60.3150,64.131,-5.102,0.001,1.15570,0.00,-11.335,0.0000,0.0150,15.8,677.62,2.9196,descent
60.3350,64.029,-5.102,0.001,1.15570,0.00,-11.335,0.0000,0.0150,15.8,677.62,2.9196,descent
60.3550,63.927,-5.102,0.001,1.15570,0.00,-11.335,0.0000,0.0150,15.8,677.62,2.9196,descent
60.3750,63.825,-5.102,0.001,1.15570,0.00,-11.335,0.0000,0.0150,15.8,677.62,2.9196,descent
60.3950,63.723,-5.102,0.001,1.15570,0.00,-11.335,0.0000,0.0150,15.8,677.62,2.9196,descent
60.4150,63.621,-5.102,0.001,1.15570,0.00,-11.335,0.0000,0.0150,15.8,677.62,2.9196,descent
60.4350,63.519,-5.102,0.001,1.15570,0.00,-11.335,0.0000,0.0150,15.8,677.62,2.9196,descent
60.4550,63.417,-5.102,0.001,1.15570,0.00,-11.335,0.0000,0.0150,15.8,677.62,2.9196,descent
60.4750,63.315,-5.102,0.001,1.15570,0.00,-11.335,0.0000,0.0150,15.8,677.62,2.9196,descent
60.4950,63.213,-5.102,0.001,1.15570,0.00,-11.335,0.0000,0.0150,15.8,677.62,2.9196,descent
60.5150,63.111,-5.102,0.001,1.15570,0.00,-11.335,0.0000,0.0150,15.8,677.62,2.9196,descent
60.5350,63.009,-5.102,0.001,1.15570,0.00,-11.335,0.0000,0.0150,15.8,677.62,2.9196,descent
60.5550,62.907,-5.102,0.001,1.15570,0.00,-11.335,0.0000,0.0150,15.8,677.62,2.9196,descent
60.5750,62.805,-5.102,0.001,1.15570,0.00,-11.335,0.0000,0.0150,15.8,677.62,2.9196,descent
60.5950,62.703,-5.102,0.001,1.15570,0.00,-11.335,0.0000,0.0150,15.8,677.62,2.9196,descent
60.6150,62.601,-5.102,0.001,1.15570,0.00,-11.335,0.0000,0.0150,15.8,677.62,2.9196,descent
60.6350,62.499,-5.102,0.001,1.15570,0.00,-11.335,0.0000,0.0150,15.8,677.62,2.9196,descent
60.6550,62.397,-5.102,0.001,1.15570,0.00,-11.335,0.0000,0.0150,15.8,677.62,2.9196,descent
60.6750,62.295,-5.102,0.001,1.15570,0.00,-11.335,0.0000,0.0150,15.8,677.62,2.9196,descent
60.6950,62.193,-5.102,0.001,1.15570,0.00,-11.335,0.0000,0.0150,15.8,677.62,2.9196,descent
60.7150,62.091,-5.102,0.001,1.15570,0.00,-11.335,0.0000,0.0150,15.8,677.62,2.9196,descent
60.7350,61.989,-5.101,0.001,1.15570,0.00,-11.335,0.0000,0.0150,15.8,677.62,2.9196,descent
60.7550,61.887,-5.101,0.001,1.15570,0.00,-11.335,0.0000,0.0150,15.8,677.62,2.9196,descent
60.7750,61.785,-5.101,0.001,1.15570,0.00,-11.335,0.0000,0.0150,15.8,677.62,2.9196,descent
60.7950,61.683,-5.101,0.001,1.15570,0.00,-11.335,0.0000,0.0150,15.8,677.62,2.9196,descent
60.8150,61.581,-5.101,0.001,1.15570,0.00,-11.335,0.0000,0.0150,15.8,677.62,2.9196,descent
60.8350,61.478,-5.101,0.001,1.15570,0.00,-11.335,0.0000,0.0150,15.8,677.62,2.9196,descent
60.8550,61.376,-5.101,0.001,1.15570,0.00,-11.335,0.0000,0.0150,15.8,677.62,2.9196,descent
60.8750,61.274,-5.101,0.001,1.15570,0.00,-11.335,0.0000,0.0150,15.8,677.62,2.9196,descent
60.8950,61.172,-5.101,0.001,1.15570,0.00,-11.335,0.0000,0.0150,15.8,677.62,2.9196,descent
60.9150,61.070,-5.101,0.001,1.15570,0.00,-11.335,0.0000,0.0150,15.8,677.62,2.9196,descent
60.9350,60.968,-5.101,0.001,1.15570,0.00,-11.335,0.0000,0.0150,15.8,677.62,2.9196,descent
60.9550,60.866,-5.101,0.001,1.15570,0.00,-11.335,0.0000,0.0150,15.8,677.62,2.9196,descent
60.9750,60.764,-5.101,0.001,1.15570,0.00,-11.335,0.0000,0.0150,15.8,677.62,2.9196,descent
60.9950,60.662,-5.101,0.001,1.15570,0.00,-11.335,0.0000,0.0150,15.8,677.62,2.9196,descent
61.0150,60.560,-5.101,0.001,1.15570,0.00,-11.335,0.0000,0.0150,15.8,677.62,2.9196,descent
61.0350,60.458,-5.101,0.001,1.15570,0.00,-11.335,0.0000,0.0150,15.8,677.62,2.9196,descent
61.0550,60.356,-5.101,0.001,1.15570,0.00,-11.335,0.0000,0.0150,15.8,677.62,2.9196,descent
61.0750,60.254,-5.101,0.001,1.15570,0.00,-11.335,0.0000,0.0150,15.8,677.62,2.9196,descent
61.0950,60.152,-5.101,0.001,1.15570,0.00,-11.335,0.0000,0.0150,15.8,677.62,2.9196,descent
61.1150,60.050,-5.101,0.001,1.15570,0.00,-11.335,0.0000,0.0150,15.8,677.62,2.9196,descent
61.1350,59.948,-5.101,0.001,1.15570,0.00,-11.335,0.0000,0.0150,15.8,677.62,2.9196,descent
61.1550,59.846,-5.101,0.001,1.15570,0.00,-11.335,0.0000,0.0150,15.8,677.62,2.9196,descent
61.1750,59.744,-5.101,0.001,1.15570,0.00,-11.335,0.0000,0.0150,15.8,677.62,2.9196,descent
61.1950,59.642,-5.101,0.001,1.15570,0.00,-11.335,0.0000,0.0150,15.8,677.62,2.9196,descent
61.2150,59.540,-5.101,0.001,1.15570,0.00,-11.335,0.0000,0.0150,15.8,677.62,2.9196,descent
61.2350,59.438,-5.101,0.001,1.15570,0.00,-11.335,0.0000,0.0150,15.8,677.62,2.9196,descent
61.2550,59.336,-5.101,0.001,1.15570,0.00,-11.335,0.0000,0.0150,15.8,677.62,2.9196,descent
61.2750,59.234,-5.101,0.001,1.15570,0.00,-11.335,0.0000,0.0150,15.8,677.62,2.9196,descent
61.2950,59.132,-5.101,0.001,1.15570,0.00,-11.335,0.0000,0.0150,15.8,677.62,2.9196,descent
61.3150,59.030,-5.101,0.001,1.15570,0.00,-11.335,0.0000,0.0150,15.8,677.62,2.9196,descent
61.3350,58.928,-5.101,0.001,1.15570,0.00,-11.335,0.0000,0.0150,15.8,677.62,2.9196,descent
61.3550,58.826,-5.101,0.001,1.15570,0.00,-11.335,0.0000,0.0150,15.8,677.62,2.9196,descent
61.3750,58.724,-5.101,0.001,1.15570,0.00,-11.335,0.0000,0.0150,15.8,677.62,2.9196,descent
61.3950,58.622,-5.101,0.001,1.15570,0.00,-11.335,0.0000,0.0150,15.8,677.62,2.9196,descent
61.4150,58.520,-5.101,0.001,1.15570,0.00,-11.335,0.0000,0.0150,15.8,677.62,2.9196,descent
61.4350,58.418,-5.101,0.001,1.15570,0.00,-11.335,0.0000,0.0150,15.8,677.62,2.9196,descent
61.4550,58.316,-5.101,0.001,1.15570,0.00,-11.335,0.0000,0.0150,15.8,677.62,2.9196,descent
61.4750,58.214,-5.101,0.001,1.15570,0.00,-11.335,0.0000,0.0150,15.8,677.62,2.9196,descent
61.4950,58.112,-5.101,0.001,1.15570,0.00,-11.335,0.0000,0.0150,15.8,677.62,2.9196,descent
61.5150,58.010,-5.101,0.001,1.15570,0.00,-11.335,0.0000,0.0150,15.8,677.62,2.9196,descent
61.5350,57.908,-5.100,0.001,1.15570,0.00,-11.335,0.0000,0.0150,15.8,677.62,2.9196,descent
61.5550,57.806,-5.100,0.001,1.15570,0.00,-11.335,0.0000,0.0150,15.8,677.62,2.9196,descent
61.5750,57.704,-5.100,0.001,1.15570,0.00,-11.335,0.0000,0.0150,15.8,677.62,2.9196,descent
61.5950,57.602,-5.100,0.001,1.15570,0.00,-11.335,0.0000,0.0150,15.8,677.62,2.9196,descent
61.6150,57.500,-5.100,0.001,1.15570,0.00,-11.335,0.0000,0.0150,15.8,677.62,2.9196,descent
61.6350,57.398,-5.100,0.001,1.15570,0.00,-11.335,0.0000,0.0150,15.8,677.62,2.9196,descent
61.6550,57.296,-5.100,0.001,1.15570,0.00,-11.335,0.0000,0.0150,15.8,677.62,2.9196,descent
61.6750,57.194,-5.100,0.001,1.15570,0.00,-11.335,0.0000,0.0150,15.8,677.62,2.9196,descent
61.6950,57.092,-5.100,0.001,1.15570,0.00,-11.335,0.0000,0.0150,15.8,677.62,2.9196,descent
61.7150,56.990,-5.100,0.001,1.15570,0.00,-11.335,0.0000,0.0150,15.8,677.62,2.9196,descent
61.7350,56.888,-5.100,0.001,1.15570,0.00,-11.335,0.0000,0.0150,15.8,677.62,2.9196,descent
61.7550,56.786,-5.100,0.001,1.15570,0.00,-11.335,0.0000,0.0150,15.8,677.62,2.9196,descent
61.7750,56.684,-5.100,0.001,1.15570,0.00,-11.335,0.0000,0.0150,15.8,677.62,2.9196,descent
61.7950,56.582,-5.100,0.001,1.15570,0.00,-11.335,0.0000,0.0150,15.8,677.62,2.9196,descent
61.8150,56.480,-5.100,0.001,1.15570,0.00,-11.335,0.0000,0.0150,15.8,677.62,2.9196,descent
61.8350,56.378,-5.100,0.001,1.15570,0.00,-11.335,0.0000,0.0150,15.8,677.62,2.9196,descent
61.8550,56.276,-5.100,0.001,1.15570,0.00,-11.335,0.0000,0.0150,15.8,677.62,2.9196,descent
61.8750,56.174,-5.100,0.001,1.15570,0.00,-11.335,0.0000,0.0150,15.8,677.62,2.9196,descent
61.8950,56.072,-5.100,0.001,1.15570,0.00,-11.335,0.0000,0.0150,15.8,677.62,2.9196,descent
61.9150,55.970,-5.100,0.001,1.15570,0.00,-11.335,0.0000,0.0150,15.8,677.62,2.9196,descent
61.9350,55.868,-5.100,0.001,1.15570,0.00,-11.335,0.0000,0.0150,15.8,677.62,2.9196,descent
61.9550,55.766,-5.100,0.001,1.15570,0.00,-11.335,0.0000,0.0150,15.8,677.62,2.9196,descent
61.9750,55.664,-5.100,0.001,1.15570,0.00,-11.335,0.0000,0.0150,15.8,677.62,2.9196,descent
61.9950,55.562,-5.100,0.001,1.15570,0.00,-11.335,0.0000,0.0150,15.8,677.62,2.9196,descent
62.0150,55.460,-5.100,0.001,1.15570,0.00,-11.335,0.0000,0.0150,15.8,677.62,2.9196,descent
62.0350,55.358,-5.100,0.001,1.15570,0.00,-11.335,0.0000,0.0150,15.8,677.62,2.9196,descent
62.0550,55.256,-5.100,0.001,1.15570,0.00,-11.335,0.0000,0.0150,15.8,677.62,2.9196,descent
62.0750,55.154,-5.100,0.001,1.15570,0.00,-11.335,0.0000,0.0150,15.8,677.62,2.9196,descent
62.0950,55.052,-5.100,0.001,1.15570,0.00,-11.335,0.0000,0.0150,15.8,677.62,2.9196,descent
62.1150,54.950,-5.100,0.001,1.15570,0.00,-11.335,0.0000,0.0150,15.8,677.62,2.9196,descent
62.1350,54.848,-5.100,0.001,1.15570,0.00,-11.335,0.0000,0.0150,15.8,677.62,2.9196,descent
62.1550,54.746,-5.100,0.001,1.15570,0.00,-11.335,0.0000,0.0150,15.8,677.62,2.9196,descent
62.1750,54.644,-5.100,0.001,1.15570,0.00,-11.335,0.0000,0.0150,15.8,677.62,2.9196,descent
62.1950,54.542,-5.100,0.001,1.15570,0.00,-11.335,0.0000,0.0150,15.8,677.62,2.9196,descent
62.2150,54.440,-5.100,0.001,1.15570,0.00,-11.335,0.0000,0.0150,15.8,677.62,2.9196,descent
62.2350,54.338,-5.100,0.001,1.15570,0.00,-11.335,0.0000,0.0150,15.8,677.62,2.9196,descent
62.2550,54.236,-5.100,0.001,1.15570,0.00,-11.335,0.0000,0.0150,15.8,677.62,2.9196,descent
62.2750,54.134,-5.100,0.001,1.15570,0.00,-11.335,0.0000,0.0150,15.8,677.62,2.9196,descent
62.2950,54.032,-5.100,0.001,1.15570,0.00,-11.335,0.0000,0.0150,15.8,677.62,2.9196,descent
62.3150,53.930,-5.100,0.001,1.15570,0.00,-11.335,0.0000,0.0150,15.8,677.62,2.9196,descent
62.3350,53.828,-5.099,0.001,1.15570,0.00,-11.335,0.0000,0.0150,15.8,677.62,2.9196,descent
62.3550,53.726,-5.099,0.001,1.15570,0.00,-11.335,0.0000,0.0150,15.8,677.62,2.9196,descent
62.3750,53.624,-5.099,0.001,1.15570,0.00,-11.335,0.0000,0.0150,15.8,677.62,2.9196,descent
62.3950,53.522,-5.099,0.001,1.15570,0.00,-11.335,0.0000,0.0150,15.8,677.62,2.9196,descent
62.4150,53.420,-5.099,0.001,1.15570,0.00,-11.335,0.0000,0.0150,15.8,677.62,2.9196,descent
62.4350,53.318,-5.099,0.001,1.15570,0.00,-11.335,0.0000,0.0150,15.8,677.62,2.9196,descent
62.4550,53.216,-5.099,0.001,1.15570,0.00,-11.335,0.0000,0.0150,15.8,677.62,2.9196,descent
62.4750,53.114,-5.099,0.001,1.15570,0.00,-11.335,0.0000,0.0150,15.8,677.62,2.9196,descent
62.4950,53.012,-5.099,0.001,1.15570,0.00,-11.335,0.0000,0.0150,15.8,677.62,2.9196,descent
62.5150,52.910,-5.099,0.001,1.15570,0.00,-11.335,0.0000,0.0150,15.8,677.62,2.9196,descent
62.5350,52.808,-5.099,0.001,1.15570,0.00,-11.335,0.0000,0.0150,15.8,677.62,2.9196,descent
62.5550,52.706,-5.099,0.001,1.15570,0.00,-11.335,0.0000,0.0150,15.8,677.62,2.9196,descent
62.5750,52.604,-5.099,0.001,1.15570,0.00,-11.335,0.0000,0.0150,15.8,677.62,2.9196,descent
62.5950,52.502,-5.099,0.001,1.15570,0.00,-11.335,0.0000,0.0150,15.8,677.62,2.9196,descent
62.6150,52.400,-5.099,0.001,1.15570,0.00,-11.335,0.0000,0.0150,15.8,677.62,2.9196,descent
62.6350,52.298,-5.099,0.001,1.15570,0.00,-11.335,0.0000,0.0150,15.8,677.62,2.9196,descent
62.6550,52.196,-5.099,0.001,1.15570,0.00,-11.335,0.0000,0.0150,15.8,677.62,2.9196,descent
62.6750,52.094,-5.099,0.001,1.15570,0.00,-11.335,0.0000,0.0150,15.8,677.62,2.9196,descent
62.6950,51.992,-5.099,0.001,1.15570,0.00,-11.335,0.0000,0.0150,15.8,677.62,2.9196,descent
62.7150,51.890,-5.099,0.001,1.15570,0.00,-11.335,0.0000,0.0150,15.8,677.62,2.9196,descent
62.7350,51.788,-5.099,0.001,1.15570,0.00,-11.335,0.0000,0.0150,15.8,677.62,2.9196,descent
62.7550,51.686,-5.099,0.001,1.15570,0.00,-11.335,0.0000,0.0150,15.8,677.62,2.9196,descent
62.7750,51.584,-5.099,0.001,1.15570,0.00,-11.335,0.0000,0.0150,15.8,677.62,2.9196,descent
62.7950,51.482,-5.099,0.001,1.15570,0.00,-11.335,0.0000,0.0150,15.8,677.62,2.9196,descent
62.8150,51.380,-5.099,0.001,1.15570,0.00,-11.335,0.0000,0.0150,15.8,677.62,2.9196,descent
62.8350,51.278,-5.099,0.001,1.15570,0.00,-11.335,0.0000,0.0150,15.8,677.62,2.9196,descent
62.8550,51.176,-5.099,0.001,1.15570,0.00,-11.335,0.0000,0.0150,15.8,677.62,2.9196,descent
62.8750,51.074,-5.099,0.001,1.15570,0.00,-11.335,0.0000,0.0150,15.8,677.62,2.9196,descent
62.8950,50.972,-5.099,0.001,1.15570,0.00,-11.335,0.0000,0.0150,15.8,677.62,2.9196,descent
62.9150,50.870,-5.099,0.001,1.15570,0.00,-11.335,0.0000,0.0150,15.8,677.62,2.9196,descent
62.9350,50.768,-5.099,0.001,1.15570,0.00,-11.335,0.0000,0.0150,15.8,677.62,2.9196,descent
62.9550,50.666,-5.099,0.001,1.15570,0.00,-11.335,0.0000,0.0150,15.8,677.62,2.9196,descent
62.9750,50.564,-5.099,0.001,1.15570,0.00,-11.335,0.0000,0.0150,15.8,677.62,2.9196,descent
62.9950,50.462,-5.099,0.001,1.15570,0.00,-11.335,0.0000,0.0150,15.8,677.62,2.9196,descent
63.0150,50.361,-5.099,0.001,1.15570,0.00,-11.335,0.0000,0.0150,15.8,677.62,2.9196,descent
63.0350,50.259,-5.099,0.001,1.15570,0.00,-11.335,0.0000,0.0150,15.8,677.62,2.9196,descent
63.0550,50.157,-5.099,0.001,1.15570,0.00,-11.335,0.0000,0.0150,15.8,677.62,2.9196,descent
63.0750,50.055,-5.099,0.001,1.15570,0.00,-11.335,0.0000,0.0150,15.8,677.62,2.9196,descent
63.0950,49.953,-5.099,0.001,1.15570,0.00,-11.335,0.0000,0.0150,15.8,677.62,2.9196,descent
63.1150,49.851,-5.099,0.001,1.15570,0.00,-11.335,0.0000,0.0150,15.8,677.62,2.9196,descent
63.1350,49.749,-5.098,0.001,1.15570,0.00,-11.335,0.0000,0.0150,15.8,677.62,2.9196,descent
63.1550,49.647,-5.098,0.001,1.15570,0.00,-11.335,0.0000,0.0150,15.8,677.62,2.9196,descent
63.1750,49.545,-5.098,0.001,1.15570,0.00,-11.335,0.0000,0.0150,15.8,677.62,2.9196,descent
63.1950,49.443,-5.098,0.001,1.15570,0.00,-11.335,0.0000,0.0150,15.8,677.62,2.9196,descent
63.2150,49.341,-5.098,0.001,1.15570,0.00,-11.335,0.0000,0.0150,15.8,677.62,2.9196,descent
63.2350,49.239,-5.098,0.001,1.15570,0.00,-11.335,0.0000,0.0150,15.8,677.62,2.9196,descent
63.2550,49.137,-5.098,0.001,1.15570,0.00,-11.335,0.0000,0.0150,15.8,677.62,2.9196,descent
63.2750,49.035,-5.098,0.001,1.15570,0.00,-11.335,0.0000,0.0150,15.8,677.62,2.9196,descent
63.2950,48.933,-5.098,0.001,1.15570,0.00,-11.335,0.0000,0.0150,15.8,677.62,2.9196,descent
63.3150,48.831,-5.098,0.001,1.15570,0.00,-11.335,0.0000,0.0150,15.8,677.62,2.9196,descent
63.3350,48.729,-5.098,0.001,1.15570,0.00,-11.335,0.0000,0.0150,15.8,677.62,2.9196,descent
63.3550,48.627,-5.098,0.001,1.15570,0.00,-11.335,0.0000,0.0150,15.8,677.62,2.9196,descent
63.3750,48.525,-5.098,0.001,1.15570,0.00,-11.335,0.0000,0.0150,15.8,677.62,2.9196,descent
63.3950,48.423,-5.098,0.001,1.15570,0.00,-11.335,0.0000,0.0150,15.8,677.62,2.9196,descent
63.4150,48.321,-5.098,0.001,1.15570,0.00,-11.335,0.0000,0.0150,15.8,677.62,2.9196,descent
63.4350,48.219,-5.098,0.001,1.15570,0.00,-11.335,0.0000,0.0150,15.8,677.62,2.9196,descent
63.4550,48.117,-5.098,0.001,1.15570,0.00,-11.335,0.0000,0.0150,15.8,677.62,2.9196,descent
63.4750,48.015,-5.098,0.001,1.15570,0.00,-11.335,0.0000,0.0150,15.8,677.62,2.9196,descent
63.4950,47.913,-5.098,0.001,1.15570,0.00,-11.335,0.0000,0.0150,15.8,677.62,2.9196,descent
63.5150,47.811,-5.098,0.001,1.15570,0.00,-11.335,0.0000,0.0150,15.8,677.62,2.9196,descent
63.5350,47.709,-5.098,0.001,1.15570,0.00,-11.335,0.0000,0.0150,15.8,677.62,2.9196,descent
63.5550,47.607,-5.098,0.001,1.15570,0.00,-11.335,0.0000,0.0150,15.8,677.62,2.9196,descent
63.5750,47.505,-5.098,0.001,1.15570,0.00,-11.335,0.0000,0.0150,15.8,677.62,2.9196,descent
63.5950,47.404,-5.098,0.001,1.15570,0.00,-11.335,0.0000,0.0150,15.8,677.62,2.9196,descent
63.6150,47.302,-5.098,0.001,1.15570,0.00,-11.335,0.0000,0.0150,15.8,677.62,2.9196,descent
63.6350,47.200,-5.098,0.001,1.15570,0.00,-11.335,0.0000,0.0150,15.8,677.62,2.9196,descent
63.6550,47.098,-5.098,0.001,1.15570,0.00,-11.335,0.0000,0.0150,15.8,677.62,2.9196,descent
63.6750,46.996,-5.098,0.001,1.15570,0.00,-11.335,0.0000,0.0150,15.8,677.62,2.9196,descent
63.6950,46.894,-5.098,0.001,1.15570,0.00,-11.335,0.0000,0.0150,15.8,677.62,2.9196,descent
63.7150,46.792,-5.098,0.001,1.15570,0.00,-11.335,0.0000,0.0150,15.8,677.62,2.9196,descent
63.7350,46.690,-5.098,0.001,1.15570,0.00,-11.335,0.0000,0.0150,15.8,677.62,2.9196,descent
63.7550,46.588,-5.098,0.001,1.15570,0.00,-11.335,0.0000,0.0150,15.8,677.62,2.9196,descent
63.7750,46.486,-5.098,0.001,1.15570,0.00,-11.335,0.0000,0.0150,15.8,677.62,2.9196,descent
63.7950,46.384,-5.098,0.001,1.15570,0.00,-11.335,0.0000,0.0150,15.8,677.62,2.9196,descent
63.8150,46.282,-5.098,0.001,1.15570,0.00,-11.335,0.0000,0.0150,15.8,677.62,2.9196,descent
63.8350,46.180,-5.098,0.001,1.15570,0.00,-11.335,0.0000,0.0150,15.8,677.62,2.9196,descent
63.8550,46.078,-5.098,0.001,1.15570,0.00,-11.335,0.0000,0.0150,15.8,677.62,2.9196,descent
63.8750,45.976,-5.098,0.001,1.15570,0.00,-11.335,0.0000,0.0150,15.8,677.62,2.9196,descent
63.8950,45.874,-5.098,0.001,1.15570,0.00,-11.335,0.0000,0.0150,15.8,677.62,2.9196,descent
63.9150,45.772,-5.098,0.001,1.15570,0.00,-11.335,0.0000,0.0150,15.8,677.62,2.9196,descent
63.9350,45.670,-5.097,0.001,1.15570,0.00,-11.335,0.0000,0.0150,15.8,677.62,2.9196,descent
63.9550,45.568,-5.097,0.001,1.15570,0.00,-11.335,0.0000,0.0150,15.8,677.62,2.9196,descent
63.9750,45.466,-5.097,0.001,1.15570,0.00,-11.335,0.0000,0.0150,15.8,677.62,2.9196,descent
63.9950,45.364,-5.097,0.001,1.15570,0.00,-11.335,0.0000,0.0150,15.8,677.62,2.9196,descent
64.0150,45.263,-5.097,0.001,1.15570,0.00,-11.335,0.0000,0.0150,15.8,677.62,2.9196,descent
64.0350,45.161,-5.097,0.001,1.15570,0.00,-11.335,0.0000,0.0150,15.8,677.62,2.9196,descent
64.0550,45.059,-5.097,0.001,1.15570,0.00,-11.335,0.0000,0.0150,15.8,677.62,2.9196,descent
64.0750,44.957,-5.097,0.001,1.15570,0.00,-11.335,0.0000,0.0150,15.8,677.62,2.9196,descent
64.0950,44.855,-5.097,0.001,1.15570,0.00,-11.335,0.0000,0.0150,15.8,677.62,2.9196,descent
64.1150,44.753,-5.097,0.001,1.15570,0.00,-11.335,0.0000,0.0150,15.8,677.62,2.9196,descent
64.1350,44.651,-5.097,0.001,1.15570,0.00,-11.335,0.0000,0.0150,15.8,677.62,2.9196,descent
64.1550,44.549,-5.097,0.001,1.15570,0.00,-11.335,0.0000,0.0150,15.8,677.62,2.9196,descent
64.1750,44.447,-5.097,0.001,1.15570,0.00,-11.335,0.0000,0.0150,15.8,677.62,2.9196,descent
64.1950,44.345,-5.097,0.001,1.15570,0.00,-11.335,0.0000,0.0150,15.8,677.62,2.9196,descent
64.2150,44.243,-5.097,0.001,1.15570,0.00,-11.335,0.0000,0.0150,15.8,677.62,2.9196,descent
64.2350,44.141,-5.097,0.001,1.15570,0.00,-11.335,0.0000,0.0150,15.8,677.62,2.9196,descent
64.2550,44.039,-5.097,0.001,1.15570,0.00,-11.335,0.0000,0.0150,15.8,677.62,2.9196,descent
64.2750,43.937,-5.097,0.001,1.15570,0.00,-11.335,0.0000,0.0150,15.8,677.62,2.9196,descent
64.2950,43.835,-5.097,0.001,1.15570,0.00,-11.335,0.0000,0.0150,15.8,677.62,2.9196,descent
64.3150,43.733,-5.097,0.001,1.15570,0.00,-11.335,0.0000,0.0150,15.8,677.62,2.9196,descent
64.3350,43.631,-5.097,0.001,1.15570,0.00,-11.335,0.0000,0.0150,15.8,677.62,2.9196,descent
64.3550,43.529,-5.097,0.001,1.15570,0.00,-11.335,0.0000,0.0150,15.8,677.62,2.9196,descent
64.3750,43.428,-5.097,0.001,1.15570,0.00,-11.335,0.0000,0.0150,15.8,677.62,2.9196,descent
64.3950,43.326,-5.097,0.001,1.15570,0.00,-11.335,0.0000,0.0150,15.8,677.62,2.9196,descent
64.4150,43.224,-5.097,0.001,1.15570,0.00,-11.335,0.0000,0.0150,15.8,677.62,2.9196,descent
64.4350,43.122,-5.097,0.001,1.15570,0.00,-11.335,0.0000,0.0150,15.8,677.62,2.9196,descent
64.4550,43.020,-5.097,0.001,1.15570,0.00,-11.335,0.0000,0.0150,15.8,677.62,2.9196,descent
64.4750,42.918,-5.097,0.001,1.15570,0.00,-11.335,0.0000,0.0150,15.8,677.62,2.9196,descent
64.4950,42.816,-5.097,0.001,1.15570,0.00,-11.335,0.0000,0.0150,15.8,677.62,2.9196,descent
64.5150,42.714,-5.097,0.001,1.15570,0.00,-11.335,0.0000,0.0150,15.8,677.62,2.9196,descent
64.5350,42.612,-5.097,0.001,1.15570,0.00,-11.335,0.0000,0.0150,15.8,677.62,2.9196,descent
64.5550,42.510,-5.097,0.001,1.15570,0.00,-11.335,0.0000,0.0150,15.8,677.62,2.9196,descent
64.5750,42.408,-5.097,0.001,1.15570,0.00,-11.335,0.0000,0.0150,15.8,677.62,2.9196,descent
64.5950,42.306,-5.097,0.001,1.15570,0.00,-11.335,0.0000,0.0150,15.8,677.62,2.9196,descent
64.6150,42.204,-5.097,0.001,1.15570,0.00,-11.335,0.0000,0.0150,15.8,677.62,2.9196,descent
64.6350,42.102,-5.097,0.001,1.15570,0.00,-11.335,0.0000,0.0150,15.8,677.62,2.9196,descent
64.6550,42.000,-5.097,0.001,1.15570,0.00,-11.335,0.0000,0.0150,15.8,677.62,2.9196,descent
64.6750,41.899,-5.097,0.001,1.15570,0.00,-11.335,0.0000,0.0150,15.8,677.62,2.9196,descent
64.6950,41.797,-5.097,0.001,1.15570,0.00,-11.335,0.0000,0.0150,15.8,677.62,2.9196,descent
64.7150,41.695,-5.097,0.001,1.15570,0.00,-11.335,0.0000,0.0150,15.8,677.62,2.9196,descent
64.7350,41.593,-5.096,0.001,1.15570,0.00,-11.335,0.0000,0.0150,15.8,677.62,2.9196,descent
64.7550,41.491,-5.096,0.001,1.15570,0.00,-11.335,0.0000,0.0150,15.8,677.62,2.9196,descent
64.7750,41.389,-5.096,0.001,1.15570,0.00,-11.335,0.0000,0.0150,15.8,677.62,2.9196,descent
64.7950,41.287,-5.096,0.001,1.15570,0.00,-11.335,0.0000,0.0150,15.8,677.62,2.9196,descent
64.8150,41.185,-5.096,0.001,1.15570,0.00,-11.335,0.0000,0.0150,15.8,677.62,2.9196,descent
64.8350,41.083,-5.096,0.001,1.15570,0.00,-11.335,0.0000,0.0150,15.8,677.62,2.9196,descent
64.8550,40.981,-5.096,0.001,1.15570,0.00,-11.335,0.0000,0.0150,15.8,677.62,2.9196,descent
64.8750,40.879,-5.096,0.001,1.15570,0.00,-11.335,0.0000,0.0150,15.8,677.62,2.9196,descent
64.8950,40.777,-5.096,0.001,1.15570,0.00,-11.335,0.0000,0.0150,15.8,677.62,2.9196,descent
64.9150,40.675,-5.096,0.001,1.15570,0.00,-11.335,0.0000,0.0150,15.8,677.62,2.9196,descent
64.9350,40.573,-5.096,0.001,1.15570,0.00,-11.335,0.0000,0.0150,15.8,677.62,2.9196,descent
64.9550,40.472,-5.096,0.001,1.15570,0.00,-11.335,0.0000,0.0150,15.8,677.62,2.9196,descent
64.9750,40.370,-5.096,0.001,1.15570,0.00,-11.335,0.0000,0.0150,15.8,677.62,2.9196,descent
64.9950,40.268,-5.096,0.001,1.15570,0.00,-11.335,0.0000,0.0150,15.8,677.62,2.9196,descent
65.0150,40.166,-5.096,0.001,1.15570,0.00,-11.335,0.0000,0.0150,15.8,677.62,2.9196,descent
65.0350,40.064,-5.096,0.001,1.15570,0.00,-11.335,0.0000,0.0150,15.8,677.62,2.9196,descent
65.0550,39.962,-5.096,0.001,1.15570,0.00,-11.335,0.0000,0.0150,15.8,677.62,2.9196,descent
65.0750,39.860,-5.096,0.001,1.15570,0.00,-11.335,0.0000,0.0150,15.8,677.62,2.9196,descent
65.0950,39.758,-5.096,0.001,1.15570,0.00,-11.335,0.0000,0.0150,15.8,677.62,2.9196,descent
65.1150,39.656,-5.096,0.001,1.15570,0.00,-11.335,0.0000,0.0150,15.8,677.62,2.9196,descent
65.1350,39.554,-5.096,0.001,1.15570,0.00,-11.335,0.0000,0.0150,15.8,677.62,2.9196,descent
65.1550,39.452,-5.096,0.001,1.15570,0.00,-11.335,0.0000,0.0150,15.8,677.62,2.9196,descent
65.1750,39.350,-5.096,0.001,1.15570,0.00,-11.335,0.0000,0.0150,15.8,677.62,2.9196,descent
65.1950,39.248,-5.096,0.001,1.15570,0.00,-11.335,0.0000,0.0150,15.8,677.62,2.9196,descent
65.2150,39.147,-5.096,0.001,1.15570,0.00,-11.335,0.0000,0.0150,15.8,677.62,2.9196,descent
65.2350,39.045,-5.096,0.001,1.15570,0.00,-11.335,0.0000,0.0150,15.8,677.62,2.9196,descent
65.2550,38.943,-5.096,0.001,1.15570,0.00,-11.335,0.0000,0.0150,15.8,677.62,2.9196,descent
65.2750,38.841,-5.096,0.001,1.15570,0.00,-11.335,0.0000,0.0150,15.8,677.62,2.9196,descent
65.2950,38.739,-5.096,0.001,1.15570,0.00,-11.335,0.0000,0.0150,15.8,677.62,2.9196,descent
65.3150,38.637,-5.096,0.001,1.15570,0.00,-11.335,0.0000,0.0150,15.8,677.62,2.9196,descent
65.3350,38.535,-5.096,0.001,1.15570,0.00,-11.335,0.0000,0.0150,15.8,677.62,2.9196,descent
65.3550,38.433,-5.096,0.001,1.15570,0.00,-11.335,0.0000,0.0150,15.8,677.62,2.9196,descent
65.3750,38.331,-5.096,0.001,1.15570,0.00,-11.335,0.0000,0.0150,15.8,677.62,2.9196,descent
65.3950,38.229,-5.096,0.001,1.15570,0.00,-11.335,0.0000,0.0150,15.8,677.62,2.9196,descent
65.4150,38.127,-5.096,0.001,1.15570,0.00,-11.335,0.0000,0.0150,15.8,677.62,2.9196,descent
65.4350,38.025,-5.096,0.001,1.15570,0.00,-11.335,0.0000,0.0150,15.8,677.62,2.9196,descent
65.4550,37.924,-5.096,0.001,1.15570,0.00,-11.335,0.0000,0.0150,15.8,677.62,2.9196,descent
65.4750,37.822,-5.096,0.001,1.15570,0.00,-11.335,0.0000,0.0150,15.8,677.62,2.9196,descent
65.4950,37.720,-5.096,0.001,1.15570,0.00,-11.335,0.0000,0.0150,15.8,677.62,2.9196,descent
65.5150,37.618,-5.096,0.001,1.15570,0.00,-11.335,0.0000,0.0150,15.8,677.62,2.9196,descent
65.5350,37.516,-5.095,0.001,1.15570,0.00,-11.335,0.0000,0.0150,15.8,677.62,2.9196,descent
65.5550,37.414,-5.095,0.001,1.15570,0.00,-11.335,0.0000,0.0150,15.8,677.62,2.9196,descent
65.5750,37.312,-5.095,0.001,1.15570,0.00,-11.335,0.0000,0.0150,15.8,677.62,2.9196,descent
65.5950,37.210,-5.095,0.001,1.15570,0.00,-11.335,0.0000,0.0150,15.8,677.62,2.9196,descent
65.6150,37.108,-5.095,0.001,1.15570,0.00,-11.335,0.0000,0.0150,15.8,677.62,2.9196,descent
65.6350,37.006,-5.095,0.001,1.15570,0.00,-11.335,0.0000,0.0150,15.8,677.62,2.9196,descent
65.6550,36.904,-5.095,0.001,1.15570,0.00,-11.335,0.0000,0.0150,15.8,677.62,2.9196,descent
65.6750,36.803,-5.095,0.001,1.15570,0.00,-11.335,0.0000,0.0150,15.8,677.62,2.9196,descent
65.6950,36.701,-5.095,0.001,1.15570,0.00,-11.335,0.0000,0.0150,15.8,677.62,2.9196,descent
65.7150,36.599,-5.095,0.001,1.15570,0.00,-11.335,0.0000,0.0150,15.8,677.62,2.9196,descent
65.7350,36.497,-5.095,0.001,1.15570,0.00,-11.335,0.0000,0.0150,15.8,677.62,2.9196,descent
65.7550,36.395,-5.095,0.001,1.15570,0.00,-11.335,0.0000,0.0150,15.8,677.62,2.9196,descent
65.7750,36.293,-5.095,0.001,1.15570,0.00,-11.335,0.0000,0.0150,15.8,677.62,2.9196,descent
65.7950,36.191,-5.095,0.001,1.15570,0.00,-11.335,0.0000,0.0150,15.8,677.62,2.9196,descent
65.8150,36.089,-5.095,0.001,1.15570,0.00,-11.335,0.0000,0.0150,15.8,677.62,2.9196,descent
65.8350,35.987,-5.095,0.001,1.15570,0.00,-11.335,0.0000,0.0150,15.8,677.62,2.9196,descent
65.8550,35.885,-5.095,0.001,1.15570,0.00,-11.335,0.0000,0.0150,15.8,677.62,2.9196,descent
65.8750,35.784,-5.095,0.001,1.15570,0.00,-11.335,0.0000,0.0150,15.8,677.62,2.9196,descent
65.8950,35.682,-5.095,0.001,1.15570,0.00,-11.335,0.0000,0.0150,15.8,677.62,2.9196,descent
65.9150,35.580,-5.095,0.001,1.15570,0.00,-11.335,0.0000,0.0150,15.8,677.62,2.9196,descent
65.9350,35.478,-5.095,0.001,1.15570,0.00,-11.335,0.0000,0.0150,15.8,677.62,2.9196,descent
65.9550,35.376,-5.095,0.001,1.15570,0.00,-11.335,0.0000,0.0150,15.8,677.62,2.9196,descent
65.9750,35.274,-5.095,0.001,1.15570,0.00,-11.335,0.0000,0.0150,15.8,677.62,2.9196,descent
65.9950,35.172,-5.095,0.001,1.15570,0.00,-11.335,0.0000,0.0150,15.8,677.62,2.9196,descent
66.0150,35.070,-5.095,0.001,1.15570,0.00,-11.335,0.0000,0.0150,15.8,677.62,2.9196,descent
66.0350,34.968,-5.095,0.001,1.15570,0.00,-11.335,0.0000,0.0150,15.8,677.62,2.9196,descent
66.0550,34.866,-5.095,0.001,1.15570,0.00,-11.335,0.0000,0.0150,15.8,677.62,2.9196,descent
66.0750,34.765,-5.095,0.001,1.15570,0.00,-11.335,0.0000,0.0150,15.8,677.62,2.9196,descent
66.0950,34.663,-5.095,0.001,1.15570,0.00,-11.335,0.0000,0.0150,15.8,677.62,2.9196,descent
66.1150,34.561,-5.095,0.001,1.15570,0.00,-11.335,0.0000,0.0150,15.8,677.62,2.9196,descent
66.1350,34.459,-5.095,0.001,1.15570,0.00,-11.335,0.0000,0.0150,15.8,677.62,2.9196,descent
66.1550,34.357,-5.095,0.001,1.15570,0.00,-11.335,0.0000,0.0150,15.8,677.62,2.9196,descent
66.1750,34.255,-5.095,0.001,1.15570,0.00,-11.335,0.0000,0.0150,15.8,677.62,2.9196,descent
66.1950,34.153,-5.095,0.001,1.15570,0.00,-11.335,0.0000,0.0150,15.8,677.62,2.9196,descent
66.2150,34.051,-5.095,0.001,1.15570,0.00,-11.335,0.0000,0.0150,15.8,677.62,2.9196,descent
66.2350,33.949,-5.095,0.001,1.15570,0.00,-11.335,0.0000,0.0150,15.8,677.62,2.9196,descent
66.2550,33.847,-5.095,0.001,1.15570,0.00,-11.335,0.0000,0.0150,15.8,677.62,2.9196,descent
66.2750,33.746,-5.095,0.001,1.15570,0.00,-11.335,0.0000,0.0150,15.8,677.62,2.9196,descent
66.2950,33.644,-5.095,0.001,1.15570,0.00,-11.335,0.0000,0.0150,15.8,677.62,2.9196,descent
66.3150,33.542,-5.095,0.001,1.15570,0.00,-11.335,0.0000,0.0150,15.8,677.62,2.9196,descent
66.3350,33.440,-5.094,0.001,1.15570,0.00,-11.335,0.0000,0.0150,15.8,677.62,2.9196,descent
66.3550,33.338,-5.094,0.001,1.15570,0.00,-11.335,0.0000,0.0150,15.8,677.62,2.9196,descent
66.3750,33.236,-5.094,0.001,1.15570,0.00,-11.335,0.0000,0.0150,15.8,677.62,2.9196,descent
66.3950,33.134,-5.094,0.001,1.15570,0.00,-11.335,0.0000,0.0150,15.8,677.62,2.9196,descent
66.4150,33.032,-5.094,0.001,1.15570,0.00,-11.335,0.0000,0.0150,15.8,677.62,2.9196,descent
66.4350,32.930,-5.094,0.001,1.15570,0.00,-11.335,0.0000,0.0150,15.8,677.62,2.9196,descent
66.4550,32.829,-5.094,0.001,1.15570,0.00,-11.335,0.0000,0.0150,15.8,677.62,2.9196,descent
66.4750,32.727,-5.094,0.001,1.15570,0.00,-11.335,0.0000,0.0150,15.8,677.62,2.9196,descent
66.4950,32.625,-5.094,0.001,1.15570,0.00,-11.335,0.0000,0.0150,15.8,677.62,2.9196,descent
66.5150,32.523,-5.094,0.001,1.15570,0.00,-11.335,0.0000,0.0150,15.8,677.62,2.9196,descent
66.5350,32.421,-5.094,0.001,1.15570,0.00,-11.335,0.0000,0.0150,15.8,677.62,2.9196,descent
66.5550,32.319,-5.094,0.001,1.15570,0.00,-11.335,0.0000,0.0150,15.8,677.62,2.9196,descent
66.5750,32.217,-5.094,0.001,1.15570,0.00,-11.335,0.0000,0.0150,15.8,677.62,2.9196,descent
66.5950,32.115,-5.094,0.001,1.15570,0.00,-11.335,0.0000,0.0150,15.8,677.62,2.9196,descent
66.6150,32.014,-5.094,0.001,1.15570,0.00,-11.335,0.0000,0.0150,15.8,677.62,2.9196,descent
66.6350,31.912,-5.094,0.001,1.15570,0.00,-11.335,0.0000,0.0150,15.8,677.62,2.9196,descent
66.6550,31.810,-5.094,0.001,1.15570,0.00,-11.335,0.0000,0.0150,15.8,677.62,2.9196,descent
66.6750,31.708,-5.094,0.001,1.15570,0.00,-11.335,0.0000,0.0150,15.8,677.62,2.9196,descent
66.6950,31.606,-5.094,0.001,1.15570,0.00,-11.335,0.0000,0.0150,15.8,677.62,2.9196,descent
66.7150,31.504,-5.094,0.001,1.15570,0.00,-11.335,0.0000,0.0150,15.8,677.62,2.9196,descent
66.7350,31.402,-5.094,0.001,1.15570,0.00,-11.335,0.0000,0.0150,15.8,677.62,2.9196,descent
66.7550,31.300,-5.094,0.001,1.15570,0.00,-11.335,0.0000,0.0150,15.8,677.62,2.9196,descent
66.7750,31.198,-5.094,0.001,1.15570,0.00,-11.335,0.0000,0.0150,15.8,677.62,2.9196,descent
66.7950,31.097,-5.094,0.001,1.15570,0.00,-11.335,0.0000,0.0150,15.8,677.62,2.9196,descent
66.8150,30.995,-5.094,0.001,1.15570,0.00,-11.335,0.0000,0.0150,15.8,677.62,2.9196,descent
66.8350,30.893,-5.094,0.001,1.15570,0.00,-11.335,0.0000,0.0150,15.8,677.62,2.9196,descent
66.8550,30.791,-5.094,0.001,1.15570,0.00,-11.335,0.0000,0.0150,15.8,677.62,2.9196,descent
66.8750,30.689,-5.094,0.001,1.15570,0.00,-11.335,0.0000,0.0150,15.8,677.62,2.9196,descent
66.8950,30.587,-5.094,0.001,1.15570,0.00,-11.335,0.0000,0.0150,15.8,677.62,2.9196,descent
66.9150,30.485,-5.094,0.001,1.15570,0.00,-11.335,0.0000,0.0150,15.8,677.62,2.9196,descent
66.9350,30.383,-5.094,0.001,1.15570,0.00,-11.335,0.0000,0.0150,15.8,677.62,2.9196,descent
66.9550,30.282,-5.094,0.001,1.15570,0.00,-11.335,0.0000,0.0150,15.8,677.62,2.9196,descent
66.9750,30.180,-5.094,0.001,1.15570,0.00,-11.335,0.0000,0.0150,15.8,677.62,2.9196,descent
66.9950,30.078,-5.094,0.001,1.15570,0.00,-11.335,0.0000,0.0150,15.8,677.62,2.9196,descent
67.0150,29.976,-5.094,0.001,1.15570,0.00,-11.335,0.0000,0.0150,15.8,677.62,2.9196,descent
67.0350,29.874,-5.094,0.001,1.15570,0.00,-11.335,0.0000,0.0150,15.8,677.62,2.9196,descent
67.0550,29.772,-5.094,0.001,1.15570,0.00,-11.335,0.0000,0.0150,15.8,677.62,2.9196,descent
67.0750,29.670,-5.094,0.001,1.15570,0.00,-11.335,0.0000,0.0150,15.8,677.62,2.9196,descent
67.0950,29.568,-5.094,0.001,1.15570,0.00,-11.335,0.0000,0.0150,15.8,677.62,2.9196,descent
67.1150,29.467,-5.094,0.001,1.15570,0.00,-11.335,0.0000,0.0150,15.8,677.62,2.9196,descent
67.1350,29.365,-5.093,0.001,1.15570,0.00,-11.335,0.0000,0.0150,15.8,677.62,2.9196,descent
67.1550,29.263,-5.093,0.001,1.15570,0.00,-11.335,0.0000,0.0150,15.8,677.62,2.9196,descent
67.1750,29.161,-5.093,0.001,1.15570,0.00,-11.335,0.0000,0.0150,15.8,677.62,2.9196,descent
67.1950,29.059,-5.093,0.001,1.15570,0.00,-11.335,0.0000,0.0150,15.8,677.62,2.9196,descent
67.2150,28.957,-5.093,0.001,1.15570,0.00,-11.335,0.0000,0.0150,15.8,677.62,2.9196,descent
67.2350,28.855,-5.093,0.001,1.15570,0.00,-11.335,0.0000,0.0150,15.8,677.62,2.9196,descent
67.2550,28.754,-5.093,0.001,1.15570,0.00,-11.335,0.0000,0.0150,15.8,677.62,2.9196,descent
67.2750,28.652,-5.093,0.001,1.15570,0.00,-11.335,0.0000,0.0150,15.8,677.62,2.9196,descent
67.2950,28.550,-5.093,0.001,1.15570,0.00,-11.335,0.0000,0.0150,15.8,677.62,2.9196,descent
67.3150,28.448,-5.093,0.001,1.15570,0.00,-11.335,0.0000,0.0150,15.8,677.62,2.9196,descent
67.3350,28.346,-5.093,0.001,1.15570,0.00,-11.335,0.0000,0.0150,15.8,677.62,2.9196,descent
67.3550,28.244,-5.093,0.001,1.15570,0.00,-11.335,0.0000,0.0150,15.8,677.62,2.9196,descent
67.3750,28.142,-5.093,0.001,1.15570,0.00,-11.335,0.0000,0.0150,15.8,677.62,2.9196,descent
67.3950,28.040,-5.093,0.001,1.15570,0.00,-11.335,0.0000,0.0150,15.8,677.62,2.9196,descent
67.4150,27.939,-5.093,0.001,1.15570,0.00,-11.335,0.0000,0.0150,15.8,677.62,2.9196,descent
67.4350,27.837,-5.093,0.001,1.15570,0.00,-11.335,0.0000,0.0150,15.8,677.62,2.9196,descent
67.4550,27.735,-5.093,0.001,1.15570,0.00,-11.335,0.0000,0.0150,15.8,677.62,2.9196,descent
67.4750,27.633,-5.093,0.001,1.15570,0.00,-11.335,0.0000,0.0150,15.8,677.62,2.9196,descent
67.4950,27.531,-5.093,0.001,1.15570,0.00,-11.335,0.0000,0.0150,15.8,677.62,2.9196,descent
67.5150,27.429,-5.093,0.001,1.15570,0.00,-11.335,0.0000,0.0150,15.8,677.62,2.9196,descent
67.5350,27.327,-5.093,0.001,1.15570,0.00,-11.335,0.0000,0.0150,15.8,677.62,2.9196,descent
67.5550,27.226,-5.093,0.001,1.15570,0.00,-11.335,0.0000,0.0150,15.8,677.62,2.9196,descent
67.5750,27.124,-5.093,0.001,1.15570,0.00,-11.335,0.0000,0.0150,15.8,677.62,2.9196,descent
67.5950,27.022,-5.093,0.001,1.15570,0.00,-11.335,0.0000,0.0150,15.8,677.62,2.9196,descent
67.6150,26.920,-5.093,0.001,1.15570,0.00,-11.335,0.0000,0.0150,15.8,677.62,2.9196,descent
67.6350,26.818,-5.093,0.001,1.15570,0.00,-11.335,0.0000,0.0150,15.8,677.62,2.9196,descent
67.6550,26.716,-5.093,0.001,1.15570,0.00,-11.335,0.0000,0.0150,15.8,677.62,2.9196,descent
67.6750,26.614,-5.093,0.001,1.15570,0.00,-11.335,0.0000,0.0150,15.8,677.62,2.9196,descent
67.6950,26.513,-5.093,0.001,1.15570,0.00,-11.335,0.0000,0.0150,15.8,677.62,2.9196,descent
67.7150,26.411,-5.093,0.001,1.15570,0.00,-11.335,0.0000,0.0150,15.8,677.62,2.9196,descent
67.7350,26.309,-5.093,0.001,1.15570,0.00,-11.335,0.0000,0.0150,15.8,677.62,2.9196,descent
67.7550,26.207,-5.093,0.001,1.15570,0.00,-11.335,0.0000,0.0150,15.8,677.62,2.9196,descent
67.7750,26.105,-5.093,0.001,1.15570,0.00,-11.335,0.0000,0.0150,15.8,677.62,2.9196,descent
67.7950,26.003,-5.093,0.001,1.15570,0.00,-11.335,0.0000,0.0150,15.8,677.62,2.9196,descent
67.8150,25.901,-5.093,0.001,1.15570,0.00,-11.335,0.0000,0.0150,15.8,677.62,2.9196,descent
67.8350,25.800,-5.093,0.001,1.15570,0.00,-11.335,0.0000,0.0150,15.8,677.62,2.9196,descent
67.8550,25.698,-5.093,0.001,1.15570,0.00,-11.335,0.0000,0.0150,15.8,677.62,2.9196,descent
67.8750,25.596,-5.093,0.001,1.15570,0.00,-11.335,0.0000,0.0150,15.8,677.62,2.9196,descent
67.8950,25.494,-5.093,0.001,1.15570,0.00,-11.335,0.0000,0.0150,15.8,677.62,2.9196,descent
67.9150,25.392,-5.093,0.001,1.15570,0.00,-11.335,0.0000,0.0150,15.8,677.62,2.9196,descent
67.9350,25.290,-5.092,0.001,1.15570,0.00,-11.335,0.0000,0.0150,15.8,677.62,2.9196,descent
67.9550,25.189,-5.092,0.001,1.15570,0.00,-11.335,0.0000,0.0150,15.8,677.62,2.9196,descent
67.9750,25.087,-5.092,0.001,1.15570,0.00,-11.335,0.0000,0.0150,15.8,677.62,2.9196,descent
67.9950,24.985,-5.092,0.001,1.15570,0.00,-11.335,0.0000,0.0150,15.8,677.62,2.9196,descent
68.0150,24.883,-5.092,0.001,1.15570,0.00,-11.335,0.0000,0.0150,15.8,677.62,2.9196,descent
68.0350,24.781,-5.092,0.001,1.15570,0.00,-11.335,0.0000,0.0150,15.8,677.62,2.9196,descent
68.0550,24.679,-5.092,0.001,1.15570,0.00,-11.335,0.0000,0.0150,15.8,677.62,2.9196,descent
68.0750,24.577,-5.092,0.001,1.15570,0.00,-11.335,0.0000,0.0150,15.8,677.62,2.9196,descent
68.0950,24.476,-5.092,0.001,1.15570,0.00,-11.335,0.0000,0.0150,15.8,677.62,2.9196,descent
68.1150,24.374,-5.092,0.001,1.15570,0.00,-11.335,0.0000,0.0150,15.8,677.62,2.9196,descent
68.1350,24.272,-5.092,0.001,1.15570,0.00,-11.335,0.0000,0.0150,15.8,677.62,2.9196,descent
68.1550,24.170,-5.092,0.001,1.15570,0.00,-11.335,0.0000,0.0150,15.8,677.62,2.9196,descent
68.1750,24.068,-5.092,0.001,1.15570,0.00,-11.335,0.0000,0.0150,15.8,677.62,2.9196,descent
68.1950,23.966,-5.092,0.001,1.15570,0.00,-11.335,0.0000,0.0150,15.8,677.62,2.9196,descent
68.2150,23.865,-5.092,0.001,1.15570,0.00,-11.335,0.0000,0.0150,15.8,677.62,2.9196,descent
68.2350,23.763,-5.092,0.001,1.15570,0.00,-11.335,0.0000,0.0150,15.8,677.62,2.9196,descent
68.2550,23.661,-5.092,0.001,1.15570,0.00,-11.335,0.0000,0.0150,15.8,677.62,2.9196,descent
68.2750,23.559,-5.092,0.001,1.15570,0.00,-11.335,0.0000,0.0150,15.8,677.62,2.9196,descent
68.2950,23.457,-5.092,0.001,1.15570,0.00,-11.335,0.0000,0.0150,15.8,677.62,2.9196,descent
68.3150,23.355,-5.092,0.001,1.15570,0.00,-11.335,0.0000,0.0150,15.8,677.62,2.9196,descent
68.3350,23.253,-5.092,0.001,1.15570,0.00,-11.335,0.0000,0.0150,15.8,677.62,2.9196,descent
68.3550,23.152,-5.092,0.001,1.15570,0.00,-11.335,0.0000,0.0150,15.8,677.62,2.9196,descent
68.3750,23.050,-5.092,0.001,1.15570,0.00,-11.335,0.0000,0.0150,15.8,677.62,2.9196,descent
68.3950,22.948,-5.092,0.001,1.15570,0.00,-11.335,0.0000,0.0150,15.8,677.62,2.9196,descent
68.4150,22.846,-5.092,0.001,1.15570,0.00,-11.335,0.0000,0.0150,15.8,677.62,2.9196,descent
68.4350,22.744,-5.092,0.001,1.15570,0.00,-11.335,0.0000,0.0150,15.8,677.62,2.9196,descent
68.4550,22.642,-5.092,0.001,1.15570,0.00,-11.335,0.0000,0.0150,15.8,677.62,2.9196,descent
68.4750,22.541,-5.092,0.001,1.15570,0.00,-11.335,0.0000,0.0150,15.8,677.62,2.9196,descent
68.4950,22.439,-5.092,0.001,1.15570,0.00,-11.335,0.0000,0.0150,15.8,677.62,2.9196,descent
68.5150,22.337,-5.092,0.001,1.15570,0.00,-11.335,0.0000,0.0150,15.8,677.62,2.9196,descent
68.5350,22.235,-5.092,0.001,1.15570,0.00,-11.335,0.0000,0.0150,15.8,677.62,2.9196,descent
68.5550,22.133,-5.092,0.001,1.15570,0.00,-11.335,0.0000,0.0150,15.8,677.62,2.9196,descent
68.5750,22.031,-5.092,0.001,1.15570,0.00,-11.335,0.0000,0.0150,15.8,677.62,2.9196,descent
68.5950,21.930,-5.092,0.001,1.15570,0.00,-11.335,0.0000,0.0150,15.8,677.62,2.9196,descent
68.6150,21.828,-5.092,0.001,1.15570,0.00,-11.335,0.0000,0.0150,15.8,677.62,2.9196,descent
68.6350,21.726,-5.092,0.001,1.15570,0.00,-11.335,0.0000,0.0150,15.8,677.62,2.9196,descent
68.6550,21.624,-5.092,0.001,1.15570,0.00,-11.335,0.0000,0.0150,15.8,677.62,2.9196,descent
68.6750,21.522,-5.092,0.001,1.15570,0.00,-11.335,0.0000,0.0150,15.8,677.62,2.9196,descent
68.6950,21.420,-5.092,0.001,1.15570,0.00,-11.335,0.0000,0.0150,15.8,677.62,2.9196,descent
68.7150,21.319,-5.092,0.001,1.15570,0.00,-11.335,0.0000,0.0150,15.8,677.62,2.9196,descent
68.7350,21.217,-5.091,0.001,1.15570,0.00,-11.335,0.0000,0.0150,15.8,677.62,2.9196,descent
68.7550,21.115,-5.091,0.001,1.15570,0.00,-11.335,0.0000,0.0150,15.8,677.62,2.9196,descent
68.7750,21.013,-5.091,0.001,1.15570,0.00,-11.335,0.0000,0.0150,15.8,677.62,2.9196,descent
68.7950,20.911,-5.091,0.001,1.15570,0.00,-11.335,0.0000,0.0150,15.8,677.62,2.9196,descent
68.8150,20.809,-5.091,0.001,1.15570,0.00,-11.335,0.0000,0.0150,15.8,677.62,2.9196,descent
68.8350,20.708,-5.091,0.001,1.15570,0.00,-11.335,0.0000,0.0150,15.8,677.62,2.9196,descent
68.8550,20.606,-5.091,0.001,1.15570,0.00,-11.335,0.0000,0.0150,15.8,677.62,2.9196,descent
68.8750,20.504,-5.091,0.001,1.15570,0.00,-11.335,0.0000,0.0150,15.8,677.62,2.9196,descent
68.8950,20.402,-5.091,0.001,1.15570,0.00,-11.335,0.0000,0.0150,15.8,677.62,2.9196,descent
68.9150,20.300,-5.091,0.001,1.15570,0.00,-11.335,0.0000,0.0150,15.8,677.62,2.9196,descent
68.9350,20.198,-5.091,0.001,1.15570,0.00,-11.335,0.0000,0.0150,15.8,677.62,2.9196,descent
68.9550,20.097,-5.091,0.001,1.15570,0.00,-11.335,0.0000,0.0150,15.8,677.62,2.9196,descent
68.9750,19.995,-5.091,0.001,1.15570,0.00,-11.335,0.0000,0.0150,15.8,677.62,2.9196,descent
68.9950,19.893,-5.091,0.001,1.15570,0.00,-11.335,0.0000,0.0150,15.8,677.62,2.9196,descent
69.0150,19.791,-5.091,0.001,1.15570,0.00,-11.335,0.0000,0.0150,15.8,677.62,2.9196,descent
69.0350,19.689,-5.091,0.001,1.15570,0.00,-11.335,0.0000,0.0150,15.8,677.62,2.9196,descent
69.0550,19.588,-5.091,0.001,1.15570,0.00,-11.335,0.0000,0.0150,15.8,677.62,2.9196,descent
69.0750,19.486,-5.091,0.001,1.15570,0.00,-11.335,0.0000,0.0150,15.8,677.62,2.9196,descent
69.0950,19.384,-5.091,0.001,1.15570,0.00,-11.335,0.0000,0.0150,15.8,677.62,2.9196,descent
69.1150,19.282,-5.091,0.001,1.15570,0.00,-11.335,0.0000,0.0150,15.8,677.62,2.9196,descent
69.1350,19.180,-5.091,0.001,1.15570,0.00,-11.335,0.0000,0.0150,15.8,677.62,2.9196,descent
69.1550,19.078,-5.091,0.001,1.15570,0.00,-11.335,0.0000,0.0150,15.8,677.62,2.9196,descent
69.1750,18.977,-5.091,0.001,1.15570,0.00,-11.335,0.0000,0.0150,15.8,677.62,2.9196,descent
69.1950,18.875,-5.091,0.001,1.15570,0.00,-11.335,0.0000,0.0150,15.8,677.62,2.9196,descent
69.2150,18.773,-5.091,0.001,1.15570,0.00,-11.335,0.0000,0.0150,15.8,677.62,2.9196,descent
69.2350,18.671,-5.091,0.001,1.15570,0.00,-11.335,0.0000,0.0150,15.8,677.62,2.9196,descent
69.2550,18.569,-5.091,0.001,1.15570,0.00,-11.335,0.0000,0.0150,15.8,677.62,2.9196,descent
69.2750,18.468,-5.091,0.001,1.15570,0.00,-11.335,0.0000,0.0150,15.8,677.62,2.9196,descent
69.2950,18.366,-5.091,0.001,1.15570,0.00,-11.335,0.0000,0.0150,15.8,677.62,2.9196,descent
69.3150,18.264,-5.091,0.001,1.15570,0.00,-11.335,0.0000,0.0150,15.8,677.62,2.9196,descent
69.3350,18.162,-5.091,0.001,1.15570,0.00,-11.335,0.0000,0.0150,15.8,677.62,2.9196,descent
69.3550,18.060,-5.091,0.001,1.15570,0.00,-11.335,0.0000,0.0150,15.8,677.62,2.9196,descent
69.3750,17.958,-5.091,0.001,1.15570,0.00,-11.335,0.0000,0.0150,15.8,677.62,2.9196,descent
69.3950,17.857,-5.091,0.001,1.15570,0.00,-11.335,0.0000,0.0150,15.8,677.62,2.9196,descent
69.4150,17.755,-5.091,0.001,1.15570,0.00,-11.335,0.0000,0.0150,15.8,677.62,2.9196,descent
69.4350,17.653,-5.091,0.001,1.15570,0.00,-11.335,0.0000,0.0150,15.8,677.62,2.9196,descent
69.4550,17.551,-5.091,0.001,1.15570,0.00,-11.335,0.0000,0.0150,15.8,677.62,2.9196,descent
69.4750,17.449,-5.091,0.001,1.15570,0.00,-11.335,0.0000,0.0150,15.8,677.62,2.9196,descent
69.4950,17.348,-5.091,0.001,1.15570,0.00,-11.335,0.0000,0.0150,15.8,677.62,2.9196,descent
69.5150,17.246,-5.091,0.001,1.15570,0.00,-11.335,0.0000,0.0150,15.8,677.62,2.9196,descent
69.5350,17.144,-5.090,0.001,1.15570,0.00,-11.335,0.0000,0.0150,15.8,677.62,2.9196,descent
69.5550,17.042,-5.090,0.001,1.15570,0.00,-11.335,0.0000,0.0150,15.8,677.62,2.9196,descent
69.5750,16.940,-5.090,0.001,1.15570,0.00,-11.335,0.0000,0.0150,15.8,677.62,2.9196,descent
69.5950,16.839,-5.090,0.001,1.15570,0.00,-11.335,0.0000,0.0150,15.8,677.62,2.9196,descent
69.6150,16.737,-5.090,0.001,1.15570,0.00,-11.335,0.0000,0.0150,15.8,677.62,2.9196,descent
69.6350,16.635,-5.090,0.001,1.15570,0.00,-11.335,0.0000,0.0150,15.8,677.62,2.9196,descent
69.6550,16.533,-5.090,0.001,1.15570,0.00,-11.335,0.0000,0.0150,15.8,677.62,2.9196,descent
69.6750,16.431,-5.090,0.001,1.15570,0.00,-11.335,0.0000,0.0150,15.8,677.62,2.9196,descent
69.6950,16.329,-5.090,0.001,1.15570,0.00,-11.335,0.0000,0.0150,15.8,677.62,2.9196,descent
69.7150,16.228,-5.090,0.001,1.15570,0.00,-11.335,0.0000,0.0150,15.8,677.62,2.9196,descent
69.7350,16.126,-5.090,0.001,1.15570,0.00,-11.335,0.0000,0.0150,15.8,677.62,2.9196,descent
69.7550,16.024,-5.090,0.001,1.15570,0.00,-11.335,0.0000,0.0150,15.8,677.62,2.9196,descent
69.7750,15.922,-5.090,0.001,1.15570,0.00,-11.335,0.0000,0.0150,15.8,677.62,2.9196,descent
69.7950,15.820,-5.090,0.001,1.15570,0.00,-11.335,0.0000,0.0150,15.8,677.62,2.9196,descent
69.8150,15.719,-5.090,0.001,1.15570,0.00,-11.335,0.0000,0.0150,15.8,677.62,2.9196,descent
69.8350,15.617,-5.090,0.001,1.15570,0.00,-11.335,0.0000,0.0150,15.8,677.62,2.9196,descent
69.8550,15.515,-5.090,0.001,1.15570,0.00,-11.335,0.0000,0.0150,15.8,677.62,2.9196,descent
69.8750,15.413,-5.090,0.001,1.15570,0.00,-11.335,0.0000,0.0150,15.8,677.62,2.9196,descent
69.8950,15.311,-5.090,0.001,1.15570,0.00,-11.335,0.0000,0.0150,15.8,677.62,2.9196,descent
69.9150,15.210,-5.090,0.001,1.15570,0.00,-11.335,0.0000,0.0150,15.8,677.62,2.9196,descent
69.9350,15.108,-5.090,0.001,1.15570,0.00,-11.335,0.0000,0.0150,15.8,677.62,2.9196,descent
69.9550,15.006,-5.090,0.001,1.15570,0.00,-11.335,0.0000,0.0150,15.8,677.62,2.9196,descent
69.9750,14.904,-5.090,0.001,1.15570,0.00,-11.335,0.0000,0.0150,15.8,677.62,2.9196,descent
69.9950,14.802,-5.090,0.001,1.15570,0.00,-11.335,0.0000,0.0150,15.8,677.62,2.9196,descent
70.0150,14.701,-5.090,0.001,1.15570,0.00,-11.335,0.0000,0.0150,15.8,677.62,2.9196,descent
70.0350,14.599,-5.090,0.001,1.15570,0.00,-11.335,0.0000,0.0150,15.8,677.62,2.9196,descent
70.0550,14.497,-5.090,0.001,1.15570,0.00,-11.335,0.0000,0.0150,15.8,677.62,2.9196,descent
70.0750,14.395,-5.090,0.001,1.15570,0.00,-11.335,0.0000,0.0150,15.8,677.62,2.9196,descent
70.0950,14.293,-5.090,0.001,1.15570,0.00,-11.335,0.0000,0.0150,15.8,677.62,2.9196,descent
70.1150,14.192,-5.090,0.001,1.15570,0.00,-11.335,0.0000,0.0150,15.8,677.62,2.9196,descent
70.1350,14.090,-5.090,0.001,1.15570,0.00,-11.335,0.0000,0.0150,15.8,677.62,2.9196,descent
70.1550,13.988,-5.090,0.001,1.15570,0.00,-11.335,0.0000,0.0150,15.8,677.62,2.9196,descent
70.1750,13.886,-5.090,0.001,1.15570,0.00,-11.335,0.0000,0.0150,15.8,677.62,2.9196,descent
70.1950,13.785,-5.090,0.001,1.15570,0.00,-11.335,0.0000,0.0150,15.8,677.62,2.9196,descent
70.2150,13.683,-5.090,0.001,1.15570,0.00,-11.335,0.0000,0.0150,15.8,677.62,2.9196,descent
70.2350,13.581,-5.090,0.001,1.15570,0.00,-11.335,0.0000,0.0150,15.8,677.62,2.9196,descent
70.2550,13.479,-5.090,0.001,1.15570,0.00,-11.335,0.0000,0.0150,15.8,677.62,2.9196,descent
70.2750,13.377,-5.090,0.001,1.15570,0.00,-11.335,0.0000,0.0150,15.8,677.62,2.9196,descent
70.2950,13.276,-5.090,0.001,1.15570,0.00,-11.335,0.0000,0.0150,15.8,677.62,2.9196,descent
70.3150,13.174,-5.090,0.001,1.15570,0.00,-11.335,0.0000,0.0150,15.8,677.62,2.9196,descent
70.3350,13.072,-5.090,0.001,1.15570,0.00,-11.335,0.0000,0.0150,15.8,677.62,2.9196,descent
70.3550,12.970,-5.089,0.001,1.15570,0.00,-11.335,0.0000,0.0150,15.8,677.62,2.9196,descent
70.3750,12.868,-5.089,0.001,1.15570,0.00,-11.335,0.0000,0.0150,15.8,677.62,2.9196,descent
70.3950,12.767,-5.089,0.001,1.15570,0.00,-11.335,0.0000,0.0150,15.8,677.62,2.9196,descent
70.4150,12.665,-5.089,0.001,1.15570,0.00,-11.335,0.0000,0.0150,15.8,677.62,2.9196,descent
70.4350,12.563,-5.089,0.001,1.15570,0.00,-11.335,0.0000,0.0150,15.8,677.62,2.9196,descent
70.4550,12.461,-5.089,0.001,1.15570,0.00,-11.335,0.0000,0.0150,15.8,677.62,2.9196,descent
70.4750,12.359,-5.089,0.001,1.15570,0.00,-11.335,0.0000,0.0150,15.8,677.62,2.9196,descent
70.4950,12.258,-5.089,0.001,1.15570,0.00,-11.335,0.0000,0.0150,15.8,677.62,2.9196,descent
70.5150,12.156,-5.089,0.001,1.15570,0.00,-11.335,0.0000,0.0150,15.8,677.62,2.9196,descent
70.5350,12.054,-5.089,0.001,1.15570,0.00,-11.335,0.0000,0.0150,15.8,677.62,2.9196,descent
70.5550,11.952,-5.089,0.001,1.15570,0.00,-11.335,0.0000,0.0150,15.8,677.62,2.9196,descent
70.5750,11.851,-5.089,0.001,1.15570,0.00,-11.335,0.0000,0.0150,15.8,677.62,2.9196,descent
70.5950,11.749,-5.089,0.001,1.15570,0.00,-11.335,0.0000,0.0150,15.8,677.62,2.9196,descent
70.6150,11.647,-5.089,0.001,1.15570,0.00,-11.335,0.0000,0.0150,15.8,677.62,2.9196,descent
70.6350,11.545,-5.089,0.001,1.15570,0.00,-11.335,0.0000,0.0150,15.8,677.62,2.9196,descent
70.6550,11.443,-5.089,0.001,1.15570,0.00,-11.335,0.0000,0.0150,15.8,677.62,2.9196,descent
70.6750,11.342,-5.089,0.001,1.15570,0.00,-11.335,0.0000,0.0150,15.8,677.62,2.9196,descent
70.6950,11.240,-5.089,0.001,1.15570,0.00,-11.335,0.0000,0.0150,15.8,677.62,2.9196,descent
70.7150,11.138,-5.089,0.001,1.15570,0.00,-11.335,0.0000,0.0150,15.8,677.62,2.9196,descent
70.7350,11.036,-5.089,0.001,1.15570,0.00,-11.335,0.0000,0.0150,15.8,677.62,2.9196,descent
70.7550,10.934,-5.089,0.001,1.15570,0.00,-11.335,0.0000,0.0150,15.8,677.62,2.9196,descent
70.7750,10.833,-5.089,0.001,1.15570,0.00,-11.335,0.0000,0.0150,15.8,677.62,2.9196,descent
70.7950,10.731,-5.089,0.001,1.15570,0.00,-11.335,0.0000,0.0150,15.8,677.62,2.9196,descent
70.8150,10.629,-5.089,0.001,1.15570,0.00,-11.335,0.0000,0.0150,15.8,677.62,2.9196,descent
70.8350,10.527,-5.089,0.001,1.15570,0.00,-11.335,0.0000,0.0150,15.8,677.62,2.9196,descent
70.8550,10.426,-5.089,0.001,1.15570,0.00,-11.335,0.0000,0.0150,15.8,677.62,2.9196,descent
70.8750,10.324,-5.089,0.001,1.15570,0.00,-11.335,0.0000,0.0150,15.8,677.62,2.9196,descent
70.8950,10.222,-5.089,0.001,1.15570,0.00,-11.335,0.0000,0.0150,15.8,677.62,2.9196,descent
70.9150,10.120,-5.089,0.001,1.15570,0.00,-11.335,0.0000,0.0150,15.8,677.62,2.9196,descent
70.9350,10.018,-5.089,0.001,1.15570,0.00,-11.335,0.0000,0.0150,15.8,677.62,2.9196,descent
70.9550,9.917,-5.089,0.001,1.15570,0.00,-11.335,0.0000,0.0150,15.8,677.62,2.9196,descent
70.9750,9.815,-5.089,0.001,1.15570,0.00,-11.335,0.0000,0.0150,15.8,677.62,2.9196,descent
70.9950,9.713,-5.089,0.001,1.15570,0.00,-11.335,0.0000,0.0150,15.8,677.62,2.9196,descent
71.0150,9.611,-5.089,0.001,1.15570,0.00,-11.335,0.0000,0.0150,15.8,677.62,2.9196,descent
71.0350,9.510,-5.089,0.001,1.15570,0.00,-11.335,0.0000,0.0150,15.8,677.62,2.9196,descent
71.0550,9.408,-5.089,0.001,1.15570,0.00,-11.335,0.0000,0.0150,15.8,677.62,2.9196,descent
71.0750,9.306,-5.089,0.001,1.15570,0.00,-11.335,0.0000,0.0150,15.8,677.62,2.9196,descent
71.0950,9.204,-5.089,0.001,1.15570,0.00,-11.335,0.0000,0.0150,15.8,677.62,2.9196,descent
71.1150,9.103,-5.089,0.001,1.15570,0.00,-11.335,0.0000,0.0150,15.8,677.62,2.9196,descent
71.1350,9.001,-5.089,0.001,1.15570,0.00,-11.335,0.0000,0.0150,15.8,677.62,2.9196,descent
71.1550,8.899,-5.088,0.001,1.15570,0.00,-11.335,0.0000,0.0150,15.8,677.62,2.9196,descent
71.1750,8.797,-5.088,0.001,1.15570,0.00,-11.335,0.0000,0.0150,15.8,677.62,2.9196,descent
71.1950,8.695,-5.088,0.001,1.15570,0.00,-11.335,0.0000,0.0150,15.8,677.62,2.9196,descent
71.2150,8.594,-5.088,0.001,1.15570,0.00,-11.335,0.0000,0.0150,15.8,677.62,2.9196,descent
71.2350,8.492,-5.088,0.001,1.15570,0.00,-11.335,0.0000,0.0150,15.8,677.62,2.9196,descent
71.2550,8.390,-5.088,0.001,1.15570,0.00,-11.335,0.0000,0.0150,15.8,677.62,2.9196,descent
71.2750,8.288,-5.088,0.001,1.15570,0.00,-11.335,0.0000,0.0150,15.8,677.62,2.9196,descent
71.2950,8.187,-5.088,0.001,1.15570,0.00,-11.335,0.0000,0.0150,15.8,677.62,2.9196,descent
71.3150,8.085,-5.088,0.001,1.15570,0.00,-11.335,0.0000,0.0150,15.8,677.62,2.9196,descent
71.3350,7.983,-5.088,0.001,1.15570,0.00,-11.335,0.0000,0.0150,15.8,677.62,2.9196,descent
71.3550,7.881,-5.088,0.001,1.15570,0.00,-11.335,0.0000,0.0150,15.8,677.62,2.9196,descent
71.3750,7.780,-5.088,0.001,1.15570,0.00,-11.335,0.0000,0.0150,15.8,677.62,2.9196,descent
71.3950,7.678,-5.088,0.001,1.15570,0.00,-11.335,0.0000,0.0150,15.8,677.62,2.9196,descent
71.4150,7.576,-5.088,0.001,1.15570,0.00,-11.335,0.0000,0.0150,15.8,677.62,2.9196,descent
71.4350,7.474,-5.088,0.001,1.15570,0.00,-11.335,0.0000,0.0150,15.8,677.62,2.9196,descent
71.4550,7.372,-5.088,0.001,1.15570,0.00,-11.335,0.0000,0.0150,15.8,677.62,2.9196,descent
71.4750,7.271,-5.088,0.001,1.15570,0.00,-11.335,0.0000,0.0150,15.8,677.62,2.9196,descent
71.4950,7.169,-5.088,0.001,1.15570,0.00,-11.335,0.0000,0.0150,15.8,677.62,2.9196,descent
71.5150,7.067,-5.088,0.001,1.15570,0.00,-11.335,0.0000,0.0150,15.8,677.62,2.9196,descent
71.5350,6.965,-5.088,0.001,1.15570,0.00,-11.335,0.0000,0.0150,15.8,677.62,2.9196,descent
71.5550,6.864,-5.088,0.001,1.15570,0.00,-11.335,0.0000,0.0150,15.8,677.62,2.9196,descent
71.5750,6.762,-5.088,0.001,1.15570,0.00,-11.335,0.0000,0.0150,15.8,677.62,2.9196,descent
71.5950,6.660,-5.088,0.001,1.15570,0.00,-11.335,0.0000,0.0150,15.8,677.62,2.9196,descent
71.6150,6.558,-5.088,0.001,1.15570,0.00,-11.335,0.0000,0.0150,15.8,677.62,2.9196,descent
71.6350,6.457,-5.088,0.001,1.15570,0.00,-11.335,0.0000,0.0150,15.8,677.62,2.9196,descent
71.6550,6.355,-5.088,0.001,1.15570,0.00,-11.335,0.0000,0.0150,15.8,677.62,2.9196,descent
71.6750,6.253,-5.088,0.001,1.15570,0.00,-11.335,0.0000,0.0150,15.8,677.62,2.9196,descent
71.6950,6.151,-5.088,0.001,1.15570,0.00,-11.335,0.0000,0.0150,15.8,677.62,2.9196,descent
71.7150,6.050,-5.088,0.001,1.15570,0.00,-11.335,0.0000,0.0150,15.8,677.62,2.9196,descent
71.7350,5.948,-5.088,0.001,1.15570,0.00,-11.335,0.0000,0.0150,15.8,677.62,2.9196,descent
71.7550,5.846,-5.088,0.001,1.15570,0.00,-11.335,0.0000,0.0150,15.8,677.62,2.9196,descent
71.7750,5.744,-5.088,0.001,1.15570,0.00,-11.335,0.0000,0.0150,15.8,677.62,2.9196,descent
71.7950,5.643,-5.088,0.001,1.15570,0.00,-11.335,0.0000,0.0150,15.8,677.62,2.9196,descent
71.8150,5.541,-5.088,0.001,1.15570,0.00,-11.335,0.0000,0.0150,15.8,677.62,2.9196,descent
71.8350,5.439,-5.088,0.001,1.15570,0.00,-11.335,0.0000,0.0150,15.8,677.62,2.9196,descent
71.8550,5.337,-5.088,0.001,1.15570,0.00,-11.335,0.0000,0.0150,15.8,677.62,2.9196,descent
71.8750,5.236,-5.088,0.001,1.15570,0.00,-11.335,0.0000,0.0150,15.8,677.62,2.9196,descent
71.8950,5.134,-5.088,0.001,1.15570,0.00,-11.335,0.0000,0.0150,15.8,677.62,2.9196,descent
71.9150,5.032,-5.088,0.001,1.15570,0.00,-11.335,0.0000,0.0150,15.8,677.62,2.9196,descent
71.9350,4.930,-5.088,0.001,1.15570,0.00,-11.335,0.0000,0.0150,15.8,677.62,2.9196,descent
71.9550,4.829,-5.087,0.001,1.15570,0.00,-11.335,0.0000,0.0150,15.8,677.62,2.9196,descent
71.9750,4.727,-5.087,0.001,1.15570,0.00,-11.335,0.0000,0.0150,15.8,677.62,2.9196,descent
71.9950,4.625,-5.087,0.001,1.15570,0.00,-11.335,0.0000,0.0150,15.8,677.62,2.9196,descent
72.0150,4.523,-5.087,0.001,1.15570,0.00,-11.335,0.0000,0.0150,15.8,677.62,2.9196,descent
72.0350,4.422,-5.087,0.001,1.15570,0.00,-11.335,0.0000,0.0150,15.8,677.62,2.9196,descent
72.0550,4.320,-5.087,0.001,1.15570,0.00,-11.335,0.0000,0.0150,15.8,677.62,2.9196,descent
72.0750,4.218,-5.087,0.001,1.15570,0.00,-11.335,0.0000,0.0150,15.8,677.62,2.9196,descent
72.0950,4.116,-5.087,0.001,1.15570,0.00,-11.335,0.0000,0.0150,15.8,677.62,2.9196,descent
72.1150,4.015,-5.087,0.001,1.15570,0.00,-11.335,0.0000,0.0150,15.8,677.62,2.9196,descent
72.1350,3.913,-5.087,0.001,1.15570,0.00,-11.335,0.0000,0.0150,15.8,677.62,2.9196,descent
72.1550,3.811,-5.087,0.001,1.15570,0.00,-11.335,0.0000,0.0150,15.8,677.62,2.9196,descent
72.1750,3.709,-5.087,0.001,1.15570,0.00,-11.335,0.0000,0.0150,15.8,677.62,2.9196,descent
72.1950,3.608,-5.087,0.001,1.15570,0.00,-11.335,0.0000,0.0150,15.8,677.62,2.9196,descent
72.2150,3.506,-5.087,0.001,1.15570,0.00,-11.335,0.0000,0.0149,15.8,677.62,2.9196,descent
72.2350,3.404,-5.087,0.001,1.15570,0.00,-11.335,0.0000,0.0149,15.8,677.62,2.9196,descent
72.2550,3.302,-5.087,0.001,1.15570,0.00,-11.335,0.0000,0.0149,15.8,677.62,2.9196,descent
72.2750,3.201,-5.087,0.001,1.15570,0.00,-11.335,0.0000,0.0149,15.8,677.62,2.9196,descent
72.2950,3.099,-5.087,0.001,1.15570,0.00,-11.335,0.0000,0.0149,15.8,677.62,2.9196,descent
72.3150,2.997,-5.087,0.001,1.15570,0.00,-11.335,0.0000,0.0149,15.8,677.62,2.9196,descent
72.3350,2.895,-5.087,0.001,1.15570,0.00,-11.335,0.0000,0.0149,15.8,677.62,2.9196,descent
72.3550,2.794,-5.087,0.001,1.15570,0.00,-11.335,0.0000,0.0149,15.8,677.62,2.9196,descent
72.3750,2.692,-5.087,0.001,1.15570,0.00,-11.335,0.0000,0.0149,15.8,677.62,2.9196,descent
72.3950,2.590,-5.087,0.001,1.15570,0.00,-11.335,0.0000,0.0149,15.8,677.62,2.9196,descent
72.4150,2.488,-5.087,0.001,1.15570,0.00,-11.335,0.0000,0.0149,15.8,677.62,2.9196,descent
72.4350,2.387,-5.087,0.001,1.15570,0.00,-11.335,0.0000,0.0149,15.8,677.62,2.9196,descent
72.4550,2.285,-5.087,0.001,1.15570,0.00,-11.335,0.0000,0.0149,15.8,677.62,2.9196,descent
72.4750,2.183,-5.087,0.001,1.15570,0.00,-11.335,0.0000,0.0149,15.8,677.62,2.9196,descent
72.4950,2.082,-5.087,0.001,1.15570,0.00,-11.335,0.0000,0.0149,15.8,677.62,2.9196,descent
72.5150,1.980,-5.087,0.001,1.15570,0.00,-11.335,0.0000,0.0149,15.8,677.62,2.9196,descent
72.5350,1.878,-5.087,0.001,1.15570,0.00,-11.335,0.0000,0.0149,15.8,677.62,2.9196,descent
72.5550,1.776,-5.087,0.001,1.15570,0.00,-11.335,0.0000,0.0149,15.8,677.62,2.9196,descent
72.5750,1.675,-5.087,0.001,1.15570,0.00,-11.335,0.0000,0.0149,15.8,677.62,2.9196,descent
72.5950,1.573,-5.087,0.001,1.15570,0.00,-11.335,0.0000,0.0149,15.8,677.62,2.9196,descent
72.6150,1.471,-5.087,0.001,1.15570,0.00,-11.335,0.0000,0.0149,15.8,677.62,2.9196,descent
72.6350,1.369,-5.087,0.001,1.15570,0.00,-11.335,0.0000,0.0149,15.8,677.62,2.9196,descent
72.6550,1.268,-5.087,0.001,1.15570,0.00,-11.335,0.0000,0.0149,15.8,677.62,2.9196,descent
72.6750,1.166,-5.087,0.001,1.15570,0.00,-11.335,0.0000,0.0149,15.8,677.62,2.9196,descent
72.6950,1.064,-5.087,0.001,1.15570,0.00,-11.335,0.0000,0.0149,15.8,677.62,2.9196,descent
72.7150,0.962,-5.087,0.001,1.15570,0.00,-11.335,0.0000,0.0149,15.8,677.62,2.9196,descent
72.7350,0.861,-5.087,0.001,1.15570,0.00,-11.335,0.0000,0.0149,15.8,677.62,2.9196,descent
72.7550,0.759,-5.086,0.001,1.15570,0.00,-11.335,0.0000,0.0149,15.8,677.62,2.9196,descent
72.7750,0.657,-5.086,0.001,1.15570,0.00,-11.335,0.0000,0.0149,15.8,677.62,2.9196,descent
72.7950,0.556,-5.086,0.001,1.15570,0.00,-11.335,0.0000,0.0149,15.8,677.62,2.9196,descent
72.8150,0.454,-5.086,0.001,1.15570,0.00,-11.335,0.0000,0.0149,15.8,677.62,2.9196,descent
72.8350,0.352,-5.086,0.001,1.15570,0.00,-11.335,0.0000,0.0149,15.8,677.62,2.9196,descent
72.8550,0.250,-5.086,0.001,1.15570,0.00,-11.335,0.0000,0.0149,15.8,677.62,2.9196,descent
72.8750,0.149,-5.086,0.001,1.15570,0.00,-11.335,0.0000,0.0149,15.8,677.62,2.9196,descent
72.8950,0.047,-5.086,0.001,1.15570,0.00,-11.335,0.0000,0.0149,15.8,677.62,2.9196,descent
72.9150,0.000,-5.086,0.001,1.15570,0.00,-11.335,0.0000,0.0149,15.8,677.62,2.9196,descent
